#
# There is insufficient memory for the Java Runtime Environment to continue.
# Native memory allocation (mmap) failed to map 742391808 bytes. Error detail: G1 virtual space
# Possible reasons:
#   The system is out of physical RAM or swap space
#   This process is running with CompressedOops enabled, and the Java Heap may be blocking the growth of the native heap
# Possible solutions:
#   Reduce memory load on the system
#   Increase physical memory or swap space
#   Check if swap backing store is full
#   Decrease Java heap size (-Xmx/-Xms)
#   Decrease number of Java threads
#   Decrease Java thread stack sizes (-Xss)
#   Set larger code cache with -XX:ReservedCodeCacheSize=
#   JVM is running with Zero Based Compressed Oops mode in which the Java heap is
#     placed in the first 32GB address space. The Java Heap base address is the
#     maximum limit for the native heap growth. Please use -XX:HeapBaseMinAddress
#     to set the Java Heap base and to place the Java Heap above 32GB virtual address.
# This output file may be truncated or incomplete.
#
#  Out of Memory Error (os_windows.cpp:3925), pid=11196, tid=18476
#
# JRE version: OpenJDK Runtime Environment (21.0.8) (build 21.0.8+-14018985-b1038.68)
# Java VM: OpenJDK 64-Bit Server VM (21.0.8+-14018985-b1038.68, mixed mode, tiered, compressed oops, compressed class ptrs, g1 gc, windows-amd64)
# No core dump will be written. Minidumps are not enabled by default on client versions of Windows
#

---------------  S U M M A R Y ------------

Command Line: -XX:+HeapDumpOnOutOfMemoryError --add-opens=java.base/java.util=ALL-UNNAMED --add-opens=java.base/java.lang=ALL-UNNAMED --add-opens=java.base/java.lang.invoke=ALL-UNNAMED --add-opens=java.prefs/java.util.prefs=ALL-UNNAMED --add-opens=java.base/java.nio.charset=ALL-UNNAMED --add-opens=java.base/java.net=ALL-UNNAMED --add-opens=java.base/java.util.concurrent.atomic=ALL-UNNAMED -Xmx6144m -Dfile.encoding=UTF-8 -Duser.country=US -Duser.language=en -Duser.variant -javaagent:C:\Users\zs computer\.gradle\wrapper\dists\gradle-8.6-bin\afr5mpiioh2wthjmwnkmdsd5w\gradle-8.6\lib\agents\gradle-instrumentation-agent-8.6.jar org.gradle.launcher.daemon.bootstrap.GradleDaemon 8.6

Host: Intel(R) Core(TM) i5-8350U CPU @ 1.70GHz, 8 cores, 7G,  Windows 11 , 64 bit Build 26100 (10.0.26100.6725)
Time: Tue Oct 21 18:22:13 2025 Pakistan Standard Time elapsed time: 29673.147640 seconds (0d 8h 14m 33s)

---------------  T H R E A D  ---------------

Current thread (0x0000028f6468e670):  VMThread "VM Thread"          [id=18476, stack(0x000000f949700000,0x000000f949800000) (1024K)]

Stack: [0x000000f949700000,0x000000f949800000]
Native frames: (J=compiled Java code, j=interpreted, Vv=VM code, C=native code)
V  [jvm.dll+0x6d68d9]
V  [jvm.dll+0x866693]
V  [jvm.dll+0x868c4e]
V  [jvm.dll+0x869333]
V  [jvm.dll+0x280566]
V  [jvm.dll+0x6d3195]
V  [jvm.dll+0x6c69ea]
V  [jvm.dll+0x3586db]
V  [jvm.dll+0x360336]
V  [jvm.dll+0x3b23f6]
V  [jvm.dll+0x3b26c8]
V  [jvm.dll+0x32ae6c]
V  [jvm.dll+0x32aef7]
V  [jvm.dll+0x370d3c]
V  [jvm.dll+0x36f4ee]
V  [jvm.dll+0x32a5c1]
V  [jvm.dll+0x36ebf0]
V  [jvm.dll+0x86f0b8]
V  [jvm.dll+0x870434]
V  [jvm.dll+0x870970]
V  [jvm.dll+0x870c03]
V  [jvm.dll+0x80eac8]
V  [jvm.dll+0x6d512d]
C  [ucrtbase.dll+0x37b0]
C  [KERNEL32.DLL+0x2e8d7]
C  [ntdll.dll+0x8c53c]

VM_Operation (0x000000f950cfed20): G1CollectForAllocation, mode: safepoint, requested by thread 0x0000028f0e1e8d80


---------------  P R O C E S S  ---------------

Threads class SMR info:
_java_thread_list=0x0000028f0a5e72a0, length=160, elements={
0x0000028f66b4e130, 0x0000028f7d3f7440, 0x0000028f7d402100, 0x0000028f7d402b60,
0x0000028f7d405d70, 0x0000028f7d42aee0, 0x0000028f7d42b940, 0x0000028f7d433fc0,
0x0000028f7d4049c0, 0x0000028f7d445160, 0x0000028f7d71e300, 0x0000028f7f52d4a0,
0x0000028f7f5da800, 0x0000028f7ecde910, 0x0000028f7f40d9c0, 0x0000028f7f40ed70,
0x0000028f7f40f400, 0x0000028f0b371ba0, 0x0000028f0b36fad0, 0x0000028f0b372230,
0x0000028f0b373c70, 0x0000028f0c5a18a0, 0x0000028f0c230820, 0x0000028f15e20e20,
0x0000028f17bafb00, 0x0000028f17bb0190, 0x0000028f17bacd10, 0x0000028f17bb0820,
0x0000028f17bb3ca0, 0x0000028f17bb5d70, 0x0000028f17bb84d0, 0x0000028f17bb6a90,
0x0000028f0adc9070, 0x0000028f14286880, 0x0000028f1a053e50, 0x0000028f1508b200,
0x0000028f0adc6fa0, 0x0000028f0adc6910, 0x0000028f17d92190, 0x0000028f17d91b00,
0x0000028f17d8ed10, 0x0000028f17d8fa30, 0x0000028f17d91470, 0x0000028f17d900c0,
0x0000028f17d90750, 0x0000028f14a0cf40, 0x0000028f14a0d5d0, 0x0000028f14a0dc60,
0x0000028f14a0e980, 0x0000028f14a0f010, 0x0000028f14a0f6a0, 0x0000028f154f8110,
0x0000028f0adc8350, 0x0000028f0adc89e0, 0x0000028f0adc9700, 0x0000028f1a053130,
0x0000028f1a0537c0, 0x0000028f1a1ec500, 0x0000028f1a1e9710, 0x0000028f15e78fa0,
0x0000028f15e7a350, 0x0000028f15e7b070, 0x0000028f1a052410, 0x0000028f15e7c420,
0x0000028f15e7b700, 0x0000028f15e79630, 0x0000028f15e7eb80, 0x0000028f2552d130,
0x0000028f2552bd80, 0x0000028f154f6040, 0x0000028f154f8e30, 0x0000028f154f66d0,
0x0000028f154f6d60, 0x0000028f154f7a80, 0x0000028f14a0fd30, 0x0000028f15e7cab0,
0x0000028f15e805c0, 0x0000028f15e7d140, 0x0000028f15e7d7d0, 0x0000028f15e812e0,
0x0000028f0f82fb60, 0x0000028f0f8301f0, 0x0000028f0f830880, 0x0000028f0f82ee40,
0x0000028f0f82e7b0, 0x0000028f1a1eaac0, 0x0000028f1a1eb7e0, 0x0000028f2552b6f0,
0x0000028f182623c0, 0x0000028f1745e200, 0x0000028f17ca73e0, 0x0000028f1a051060,
0x0000028f1a0516f0, 0x0000028f1a051d80, 0x0000028f17ca66c0, 0x0000028f17ca8100,
0x0000028f17ca7a70, 0x0000028f15e7de60, 0x0000028f2552de50, 0x0000028f18261010,
0x0000028f17460ff0, 0x0000028f1745e890, 0x0000028f1745ef20, 0x0000028f1745f5b0,
0x0000028f17460960, 0x0000028f1745fc40, 0x0000028f1821c490, 0x0000028f1821d1b0,
0x0000028f1821ebf0, 0x0000028f7e82a3d0, 0x0000028f0a618820, 0x0000028f182630e0,
0x0000028f0a61a260, 0x0000028f18261d30, 0x0000028f1821f280, 0x0000028f0d0136f0,
0x0000028f7e82b0f0, 0x0000028f251c4d50, 0x0000028f18260980, 0x0000028f150897c0,
0x0000028f150869d0, 0x0000028f1508b890, 0x0000028f1508d2d0, 0x0000028f0a618eb0,
0x0000028f0a61af80, 0x0000028f0a617b00, 0x0000028f18910620, 0x0000028f18910cb0,
0x0000028f18911340, 0x0000028f1890ff90, 0x0000028f1890e550, 0x0000028f1890ebe0,
0x0000028f1890f270, 0x0000028f7e82cb30, 0x0000028f0ed2f7f0, 0x0000028f251c6790,
0x0000028f0d015e50, 0x0000028f251c46c0, 0x0000028f0ed2d720, 0x0000028f0ed2d090,
0x0000028f16289720, 0x0000028f1628a440, 0x0000028f2552caa0, 0x0000028f2552c410,
0x0000028f2552d7c0, 0x0000028f16289db0, 0x0000028f1628aad0, 0x0000028f1628b160,
0x0000028f0d3d2650, 0x0000028f0d3d2ce0, 0x0000028f0d3d3370, 0x0000028f25d50030,
0x0000028f0f839010, 0x0000028f1a1e9080, 0x0000028f0f593510, 0x0000028f0ed2ddb0,
0x0000028f0e1e8d80, 0x0000028f0f06d720, 0x0000028f28f795a0, 0x0000028f28f7b0e0
}

Java Threads: ( => current thread )
  0x0000028f66b4e130 JavaThread "main"                              [_thread_blocked, id=10464, stack(0x000000f949000000,0x000000f949100000) (1024K)]
  0x0000028f7d3f7440 JavaThread "Common-Cleaner"             daemon [_thread_blocked, id=5432, stack(0x000000f949800000,0x000000f949900000) (1024K)]
  0x0000028f7d402100 JavaThread "Reference Handler"          daemon [_thread_blocked, id=5468, stack(0x000000f949900000,0x000000f949a00000) (1024K)]
  0x0000028f7d402b60 JavaThread "Finalizer"                  daemon [_thread_blocked, id=10504, stack(0x000000f949a00000,0x000000f949b00000) (1024K)]
  0x0000028f7d405d70 JavaThread "Signal Dispatcher"          daemon [_thread_blocked, id=18188, stack(0x000000f949b00000,0x000000f949c00000) (1024K)]
  0x0000028f7d42aee0 JavaThread "Attach Listener"            daemon [_thread_blocked, id=2924, stack(0x000000f949c00000,0x000000f949d00000) (1024K)]
  0x0000028f7d42b940 JavaThread "Service Thread"             daemon [_thread_blocked, id=4792, stack(0x000000f949d00000,0x000000f949e00000) (1024K)]
  0x0000028f7d433fc0 JavaThread "Monitor Deflation Thread"   daemon [_thread_blocked, id=692, stack(0x000000f949e00000,0x000000f949f00000) (1024K)]
  0x0000028f7d4049c0 JavaThread "C2 CompilerThread0"         daemon [_thread_blocked, id=1948, stack(0x000000f949f00000,0x000000f94a000000) (1024K)]
  0x0000028f7d445160 JavaThread "C1 CompilerThread0"         daemon [_thread_blocked, id=5368, stack(0x000000f94a000000,0x000000f94a100000) (1024K)]
  0x0000028f7d71e300 JavaThread "Notification Thread"        daemon [_thread_blocked, id=8712, stack(0x000000f94a100000,0x000000f94a200000) (1024K)]
  0x0000028f7f52d4a0 JavaThread "Daemon health stats"               [_thread_blocked, id=12680, stack(0x000000f94a800000,0x000000f94a900000) (1024K)]
  0x0000028f7f5da800 JavaThread "Incoming local TCP Connector on port 61356"        [_thread_in_native, id=16980, stack(0x000000f94a900000,0x000000f94aa00000) (1024K)]
  0x0000028f7ecde910 JavaThread "Daemon periodic checks"            [_thread_blocked, id=7408, stack(0x000000f94aa00000,0x000000f94ab00000) (1024K)]
  0x0000028f7f40d9c0 JavaThread "Cache worker for journal cache (C:\Users\zs computer\.gradle\caches\journal-1)"        [_thread_blocked, id=2200, stack(0x000000f94a300000,0x000000f94a400000) (1024K)]
  0x0000028f7f40ed70 JavaThread "File lock request listener"        [_thread_in_native, id=12536, stack(0x000000f94b600000,0x000000f94b700000) (1024K)]
  0x0000028f7f40f400 JavaThread "Cache worker for file hash cache (C:\Users\zs computer\.gradle\caches\8.6\fileHashes)"        [_thread_blocked, id=5160, stack(0x000000f94b700000,0x000000f94b800000) (1024K)]
  0x0000028f0b371ba0 JavaThread "Cache worker for file content cache (C:\Users\zs computer\.gradle\caches\8.6\fileContent)"        [_thread_blocked, id=14992, stack(0x000000f94bb00000,0x000000f94bc00000) (1024K)]
  0x0000028f0b36fad0 JavaThread "File watcher server"        daemon [_thread_blocked, id=18792, stack(0x000000f94b800000,0x000000f94b900000) (1024K)]
  0x0000028f0b372230 JavaThread "File watcher consumer"      daemon [_thread_blocked, id=10700, stack(0x000000f94bc00000,0x000000f94bd00000) (1024K)]
  0x0000028f0b373c70 JavaThread "Memory manager"                    [_thread_blocked, id=3424, stack(0x000000f94c300000,0x000000f94c400000) (1024K)]
  0x0000028f0c5a18a0 JavaThread "RMI Scheduler(0)"           daemon [_thread_blocked, id=15616, stack(0x000000f94bf00000,0x000000f94c000000) (1024K)]
  0x0000028f0c230820 JavaThread "RMI TCP Accept-0"           daemon [_thread_in_native, id=12916, stack(0x000000f951f00000,0x000000f952000000) (1024K)]
  0x0000028f15e20e20 JavaThread "Cache worker for Java compile cache (C:\Users\zs computer\.gradle\caches\8.6\javaCompile)"        [_thread_blocked, id=18448, stack(0x000000f94d600000,0x000000f94d700000) (1024K)]
  0x0000028f17bafb00 JavaThread "jar transforms"                    [_thread_blocked, id=18016, stack(0x000000f94bd00000,0x000000f94be00000) (1024K)]
  0x0000028f17bb0190 JavaThread "jar transforms Thread 2"           [_thread_blocked, id=18104, stack(0x000000f94be00000,0x000000f94bf00000) (1024K)]
  0x0000028f17bacd10 JavaThread "jar transforms Thread 3"           [_thread_blocked, id=18184, stack(0x000000f94c100000,0x000000f94c200000) (1024K)]
  0x0000028f17bb0820 JavaThread "jar transforms Thread 4"           [_thread_blocked, id=1300, stack(0x000000f94c700000,0x000000f94c800000) (1024K)]
  0x0000028f17bb3ca0 JavaThread "jar transforms Thread 5"           [_thread_blocked, id=10632, stack(0x000000f94c800000,0x000000f94c900000) (1024K)]
  0x0000028f17bb5d70 JavaThread "jar transforms Thread 6"           [_thread_blocked, id=4296, stack(0x000000f94c900000,0x000000f94ca00000) (1024K)]
  0x0000028f17bb84d0 JavaThread "jar transforms Thread 7"           [_thread_blocked, id=2080, stack(0x000000f94ca00000,0x000000f94cb00000) (1024K)]
  0x0000028f17bb6a90 JavaThread "jar transforms Thread 8"           [_thread_blocked, id=5820, stack(0x000000f94cb00000,0x000000f94cc00000) (1024K)]
  0x0000028f0adc9070 JavaThread "RMI GC Daemon"              daemon [_thread_blocked, id=16848, stack(0x000000f94d500000,0x000000f94d600000) (1024K)]
  0x0000028f14286880 JavaThread "RMI Reaper"                        [_thread_blocked, id=18392, stack(0x000000f94d700000,0x000000f94d800000) (1024K)]
  0x0000028f1a053e50 JavaThread "Daemon Thread 27"                  [_thread_blocked, id=1736, stack(0x000000f94a200000,0x000000f94a300000) (1024K)]
  0x0000028f1508b200 JavaThread "Daemon worker Thread 27"           [_thread_blocked, id=8616, stack(0x000000f94ad00000,0x000000f94ae00000) (1024K)]
  0x0000028f0adc6fa0 JavaThread "Handler for socket connection from /127.0.0.1:61356 to /127.0.0.1:60170"        [_thread_in_native, id=14500, stack(0x000000f948d00000,0x000000f948e00000) (1024K)]
  0x0000028f0adc6910 JavaThread "Cancel handler"                    [_thread_blocked, id=12908, stack(0x000000f948e00000,0x000000f948f00000) (1024K)]
  0x0000028f17d92190 JavaThread "Asynchronous log dispatcher for DefaultDaemonConnection: socket connection from /127.0.0.1:61356 to /127.0.0.1:60170"        [_thread_blocked, id=13432, stack(0x000000f94ab00000,0x000000f94ac00000) (1024K)]
  0x0000028f17d91b00 JavaThread "Daemon client event forwarder"        [_thread_blocked, id=10480, stack(0x000000f94ae00000,0x000000f94af00000) (1024K)]
  0x0000028f17d8ed10 JavaThread "Cache worker for file hash cache (D:\Terafort\All-Video-Downloader\.gradle\8.6\fileHashes)"        [_thread_blocked, id=15280, stack(0x000000f94af00000,0x000000f94b000000) (1024K)]
  0x0000028f17d8fa30 JavaThread "Cache worker for checksums cache (D:\Terafort\All-Video-Downloader\.gradle\8.6\checksums)"        [_thread_blocked, id=1684, stack(0x000000f94b000000,0x000000f94b100000) (1024K)]
  0x0000028f17d91470 JavaThread "Cache worker for cache directory md-supplier (C:\Users\zs computer\.gradle\caches\8.6\md-supplier)"        [_thread_blocked, id=184, stack(0x000000f94b100000,0x000000f94b200000) (1024K)]
  0x0000028f17d900c0 JavaThread "Cache worker for cache directory md-rule (C:\Users\zs computer\.gradle\caches\8.6\md-rule)"        [_thread_blocked, id=18708, stack(0x000000f94b900000,0x000000f94ba00000) (1024K)]
  0x0000028f17d90750 JavaThread "Cache worker for Build Output Cleanup Cache (D:\Terafort\All-Video-Downloader\.gradle\buildOutputCleanup)"        [_thread_blocked, id=18384, stack(0x000000f94c200000,0x000000f94c300000) (1024K)]
  0x0000028f14a0cf40 JavaThread "Unconstrained build operations"        [_thread_blocked, id=14968, stack(0x000000f94ba00000,0x000000f94bb00000) (1024K)]
  0x0000028f14a0d5d0 JavaThread "Unconstrained build operations Thread 2"        [_thread_blocked, id=12808, stack(0x000000f94c000000,0x000000f94c100000) (1024K)]
  0x0000028f14a0dc60 JavaThread "Unconstrained build operations Thread 3"        [_thread_blocked, id=8560, stack(0x000000f94c500000,0x000000f94c600000) (1024K)]
  0x0000028f14a0e980 JavaThread "Unconstrained build operations Thread 4"        [_thread_blocked, id=16648, stack(0x000000f94cc00000,0x000000f94cd00000) (1024K)]
  0x0000028f14a0f010 JavaThread "Unconstrained build operations Thread 5"        [_thread_blocked, id=3176, stack(0x000000f94cd00000,0x000000f94ce00000) (1024K)]
  0x0000028f14a0f6a0 JavaThread "Unconstrained build operations Thread 6"        [_thread_blocked, id=19200, stack(0x000000f94ce00000,0x000000f94cf00000) (1024K)]
  0x0000028f154f8110 JavaThread "Unconstrained build operations Thread 7"        [_thread_blocked, id=10264, stack(0x000000f94cf00000,0x000000f94d000000) (1024K)]
  0x0000028f0adc8350 JavaThread "Configuration cache report writer"        [_thread_blocked, id=10352, stack(0x000000f94d200000,0x000000f94d300000) (1024K)]
  0x0000028f0adc89e0 JavaThread "build event listener"              [_thread_blocked, id=18436, stack(0x000000f94d300000,0x000000f94d400000) (1024K)]
  0x0000028f0adc9700 JavaThread "build event listener"              [_thread_blocked, id=13668, stack(0x000000f94d400000,0x000000f94d500000) (1024K)]
  0x0000028f1a053130 JavaThread "Unconstrained build operations Thread 8"        [_thread_blocked, id=2360, stack(0x000000f94d000000,0x000000f94d100000) (1024K)]
  0x0000028f1a0537c0 JavaThread "Unconstrained build operations Thread 9"        [_thread_blocked, id=4276, stack(0x000000f94d100000,0x000000f94d200000) (1024K)]
  0x0000028f1a1ec500 JavaThread "Unconstrained build operations Thread 10"        [_thread_blocked, id=15320, stack(0x000000f94d800000,0x000000f94d900000) (1024K)]
  0x0000028f1a1e9710 JavaThread "Unconstrained build operations Thread 11"        [_thread_blocked, id=2260, stack(0x000000f94d900000,0x000000f94da00000) (1024K)]
  0x0000028f15e78fa0 JavaThread "Unconstrained build operations Thread 12"        [_thread_blocked, id=3852, stack(0x000000f94da00000,0x000000f94db00000) (1024K)]
  0x0000028f15e7a350 JavaThread "Unconstrained build operations Thread 13"        [_thread_blocked, id=4464, stack(0x000000f94db00000,0x000000f94dc00000) (1024K)]
  0x0000028f15e7b070 JavaThread "Unconstrained build operations Thread 14"        [_thread_blocked, id=11816, stack(0x000000f94dc00000,0x000000f94dd00000) (1024K)]
  0x0000028f1a052410 JavaThread "Unconstrained build operations Thread 15"        [_thread_blocked, id=10732, stack(0x000000f94dd00000,0x000000f94de00000) (1024K)]
  0x0000028f15e7c420 JavaThread "Unconstrained build operations Thread 16"        [_thread_blocked, id=11324, stack(0x000000f94de00000,0x000000f94df00000) (1024K)]
  0x0000028f15e7b700 JavaThread "Unconstrained build operations Thread 17"        [_thread_blocked, id=17820, stack(0x000000f94e000000,0x000000f94e100000) (1024K)]
  0x0000028f15e79630 JavaThread "Unconstrained build operations Thread 18"        [_thread_blocked, id=2396, stack(0x000000f94e100000,0x000000f94e200000) (1024K)]
  0x0000028f15e7eb80 JavaThread "Unconstrained build operations Thread 19"        [_thread_blocked, id=10128, stack(0x000000f94e200000,0x000000f94e300000) (1024K)]
  0x0000028f2552d130 JavaThread "Unconstrained build operations Thread 20"        [_thread_blocked, id=18932, stack(0x000000f94e300000,0x000000f94e400000) (1024K)]
  0x0000028f2552bd80 JavaThread "Unconstrained build operations Thread 21"        [_thread_blocked, id=11588, stack(0x000000f94e400000,0x000000f94e500000) (1024K)]
  0x0000028f154f6040 JavaThread "Unconstrained build operations Thread 22"        [_thread_blocked, id=15636, stack(0x000000f94e500000,0x000000f94e600000) (1024K)]
  0x0000028f154f8e30 JavaThread "Unconstrained build operations Thread 23"        [_thread_blocked, id=6728, stack(0x000000f94e600000,0x000000f94e700000) (1024K)]
  0x0000028f154f66d0 JavaThread "Unconstrained build operations Thread 24"        [_thread_blocked, id=8788, stack(0x000000f94e800000,0x000000f94e900000) (1024K)]
  0x0000028f154f6d60 JavaThread "Unconstrained build operations Thread 25"        [_thread_blocked, id=11180, stack(0x000000f94e900000,0x000000f94ea00000) (1024K)]
  0x0000028f154f7a80 JavaThread "Unconstrained build operations Thread 26"        [_thread_blocked, id=7124, stack(0x000000f94ea00000,0x000000f94eb00000) (1024K)]
  0x0000028f14a0fd30 JavaThread "Unconstrained build operations Thread 27"        [_thread_blocked, id=1416, stack(0x000000f94eb00000,0x000000f94ec00000) (1024K)]
  0x0000028f15e7cab0 JavaThread "Unconstrained build operations Thread 28"        [_thread_blocked, id=17192, stack(0x000000f94ec00000,0x000000f94ed00000) (1024K)]
  0x0000028f15e805c0 JavaThread "Unconstrained build operations Thread 29"        [_thread_blocked, id=10880, stack(0x000000f94ed00000,0x000000f94ee00000) (1024K)]
  0x0000028f15e7d140 JavaThread "Unconstrained build operations Thread 30"        [_thread_blocked, id=14708, stack(0x000000f94ee00000,0x000000f94ef00000) (1024K)]
  0x0000028f15e7d7d0 JavaThread "Unconstrained build operations Thread 31"        [_thread_blocked, id=7020, stack(0x000000f94ef00000,0x000000f94f000000) (1024K)]
  0x0000028f15e812e0 JavaThread "Unconstrained build operations Thread 32"        [_thread_blocked, id=15648, stack(0x000000f94f000000,0x000000f94f100000) (1024K)]
  0x0000028f0f82fb60 JavaThread "Unconstrained build operations Thread 33"        [_thread_blocked, id=12208, stack(0x000000f94f100000,0x000000f94f200000) (1024K)]
  0x0000028f0f8301f0 JavaThread "Unconstrained build operations Thread 34"        [_thread_blocked, id=1388, stack(0x000000f94f200000,0x000000f94f300000) (1024K)]
  0x0000028f0f830880 JavaThread "Unconstrained build operations Thread 35"        [_thread_blocked, id=16800, stack(0x000000f94f300000,0x000000f94f400000) (1024K)]
  0x0000028f0f82ee40 JavaThread "Unconstrained build operations Thread 36"        [_thread_blocked, id=7312, stack(0x000000f94f400000,0x000000f94f500000) (1024K)]
  0x0000028f0f82e7b0 JavaThread "Unconstrained build operations Thread 37"        [_thread_blocked, id=15444, stack(0x000000f94f500000,0x000000f94f600000) (1024K)]
  0x0000028f1a1eaac0 JavaThread "Unconstrained build operations Thread 38"        [_thread_blocked, id=2092, stack(0x000000f94fc00000,0x000000f94fd00000) (1024K)]
  0x0000028f1a1eb7e0 JavaThread "Unconstrained build operations Thread 39"        [_thread_blocked, id=3468, stack(0x000000f94fd00000,0x000000f94fe00000) (1024K)]
  0x0000028f2552b6f0 JavaThread "Unconstrained build operations Thread 40"        [_thread_blocked, id=1312, stack(0x000000f94fe00000,0x000000f94ff00000) (1024K)]
  0x0000028f182623c0 JavaThread "Unconstrained build operations Thread 41"        [_thread_blocked, id=3904, stack(0x000000f94ff00000,0x000000f950000000) (1024K)]
  0x0000028f1745e200 JavaThread "included builds"                   [_thread_blocked, id=18044, stack(0x000000f950100000,0x000000f950200000) (1024K)]
  0x0000028f17ca73e0 JavaThread "Execution worker"                  [_thread_blocked, id=11844, stack(0x000000f950300000,0x000000f950400000) (1024K)]
  0x0000028f1a051060 JavaThread "Execution worker Thread 2"         [_thread_blocked, id=5480, stack(0x000000f950400000,0x000000f950500000) (1024K)]
  0x0000028f1a0516f0 JavaThread "Execution worker Thread 3"         [_thread_blocked, id=17200, stack(0x000000f950500000,0x000000f950600000) (1024K)]
  0x0000028f1a051d80 JavaThread "Execution worker Thread 4"         [_thread_blocked, id=19024, stack(0x000000f950600000,0x000000f950700000) (1024K)]
  0x0000028f17ca66c0 JavaThread "Execution worker Thread 5"         [_thread_blocked, id=13272, stack(0x000000f950700000,0x000000f950800000) (1024K)]
  0x0000028f17ca8100 JavaThread "Execution worker Thread 6"         [_thread_blocked, id=14184, stack(0x000000f950800000,0x000000f950900000) (1024K)]
  0x0000028f17ca7a70 JavaThread "Execution worker Thread 7"         [_thread_blocked, id=18868, stack(0x000000f950900000,0x000000f950a00000) (1024K)]
  0x0000028f15e7de60 JavaThread "Cache worker for execution history cache (D:\Terafort\All-Video-Downloader\.gradle\8.6\executionHistory)"        [_thread_blocked, id=12184, stack(0x000000f950a00000,0x000000f950b00000) (1024K)]
  0x0000028f2552de50 JavaThread "WorkerExecutor Queue Thread 7"        [_thread_blocked, id=14684, stack(0x000000f951000000,0x000000f951100000) (1024K)]
  0x0000028f18261010 JavaThread "WorkerExecutor Queue Thread 8"        [_thread_blocked, id=4264, stack(0x000000f951100000,0x000000f951200000) (1024K)]
  0x0000028f17460ff0 JavaThread "Build operations"                  [_thread_blocked, id=9252, stack(0x000000f94f900000,0x000000f94fa00000) (1024K)]
  0x0000028f1745e890 JavaThread "Build operations Thread 2"         [_thread_blocked, id=11736, stack(0x000000f950e00000,0x000000f950f00000) (1024K)]
  0x0000028f1745ef20 JavaThread "Build operations Thread 3"         [_thread_blocked, id=11136, stack(0x000000f951700000,0x000000f951800000) (1024K)]
  0x0000028f1745f5b0 JavaThread "Build operations Thread 4"         [_thread_blocked, id=15000, stack(0x000000f951800000,0x000000f951900000) (1024K)]
  0x0000028f17460960 JavaThread "Build operations Thread 5"         [_thread_blocked, id=14544, stack(0x000000f951900000,0x000000f951a00000) (1024K)]
  0x0000028f1745fc40 JavaThread "Build operations Thread 6"         [_thread_blocked, id=15560, stack(0x000000f951a00000,0x000000f951b00000) (1024K)]
  0x0000028f1821c490 JavaThread "Build operations Thread 7"         [_thread_blocked, id=7032, stack(0x000000f951b00000,0x000000f951c00000) (1024K)]
  0x0000028f1821d1b0 JavaThread "WorkerExecutor Queue Thread 12"        [_thread_blocked, id=16340, stack(0x000000f94c600000,0x000000f94c700000) (1024K)]
  0x0000028f1821ebf0 JavaThread "Build operations Thread 8"         [_thread_blocked, id=16840, stack(0x000000f94f800000,0x000000f94f900000) (1024K)]
  0x0000028f7e82a3d0 JavaThread "Unconstrained build operations Thread 42"        [_thread_blocked, id=14480, stack(0x000000f948f00000,0x000000f949000000) (1024K)]
  0x0000028f0a618820 JavaThread "Unconstrained build operations Thread 43"        [_thread_blocked, id=16252, stack(0x000000f94f700000,0x000000f94f800000) (1024K)]
  0x0000028f182630e0 JavaThread "Unconstrained build operations Thread 44"        [_thread_blocked, id=9996, stack(0x000000f94fb00000,0x000000f94fc00000) (1024K)]
  0x0000028f0a61a260 JavaThread "Unconstrained build operations Thread 45"        [_thread_blocked, id=15324, stack(0x000000f951400000,0x000000f951500000) (1024K)]
  0x0000028f18261d30 JavaThread "Unconstrained build operations Thread 46"        [_thread_blocked, id=2816, stack(0x000000f951600000,0x000000f951700000) (1024K)]
  0x0000028f1821f280 JavaThread "Unconstrained build operations Thread 47"        [_thread_blocked, id=14792, stack(0x000000f952600000,0x000000f952700000) (1024K)]
  0x0000028f0d0136f0 JavaThread "Unconstrained build operations Thread 48"        [_thread_blocked, id=7912, stack(0x000000f952700000,0x000000f952800000) (1024K)]
  0x0000028f7e82b0f0 JavaThread "Unconstrained build operations Thread 49"        [_thread_blocked, id=1476, stack(0x000000f952800000,0x000000f952900000) (1024K)]
  0x0000028f251c4d50 JavaThread "Unconstrained build operations Thread 50"        [_thread_blocked, id=1952, stack(0x000000f952a00000,0x000000f952b00000) (1024K)]
  0x0000028f18260980 JavaThread "Unconstrained build operations Thread 51"        [_thread_blocked, id=14736, stack(0x000000f952b00000,0x000000f952c00000) (1024K)]
  0x0000028f150897c0 JavaThread "Unconstrained build operations Thread 52"        [_thread_blocked, id=18112, stack(0x000000f952c00000,0x000000f952d00000) (1024K)]
  0x0000028f150869d0 JavaThread "Unconstrained build operations Thread 53"        [_thread_blocked, id=18292, stack(0x000000f952d00000,0x000000f952e00000) (1024K)]
  0x0000028f1508b890 JavaThread "Unconstrained build operations Thread 54"        [_thread_blocked, id=3460, stack(0x000000f952e00000,0x000000f952f00000) (1024K)]
  0x0000028f1508d2d0 JavaThread "Unconstrained build operations Thread 55"        [_thread_blocked, id=6472, stack(0x000000f952f00000,0x000000f953000000) (1024K)]
  0x0000028f0a618eb0 JavaThread "Unconstrained build operations Thread 56"        [_thread_blocked, id=12136, stack(0x000000f953000000,0x000000f953100000) (1024K)]
  0x0000028f0a61af80 JavaThread "Unconstrained build operations Thread 57"        [_thread_blocked, id=7368, stack(0x000000f953100000,0x000000f953200000) (1024K)]
  0x0000028f0a617b00 JavaThread "Unconstrained build operations Thread 58"        [_thread_blocked, id=7356, stack(0x000000f953200000,0x000000f953300000) (1024K)]
  0x0000028f18910620 JavaThread "Unconstrained build operations Thread 59"        [_thread_blocked, id=15956, stack(0x000000f950000000,0x000000f950100000) (1024K)]
  0x0000028f18910cb0 JavaThread "Unconstrained build operations Thread 60"        [_thread_blocked, id=5096, stack(0x000000f953300000,0x000000f953400000) (1024K)]
  0x0000028f18911340 JavaThread "Unconstrained build operations Thread 61"        [_thread_blocked, id=16096, stack(0x000000f953400000,0x000000f953500000) (1024K)]
  0x0000028f1890ff90 JavaThread "Unconstrained build operations Thread 62"        [_thread_blocked, id=12292, stack(0x000000f953500000,0x000000f953600000) (1024K)]
  0x0000028f1890e550 JavaThread "Unconstrained build operations Thread 63"        [_thread_blocked, id=9892, stack(0x000000f953600000,0x000000f953700000) (1024K)]
  0x0000028f1890ebe0 JavaThread "Unconstrained build operations Thread 64"        [_thread_blocked, id=6284, stack(0x000000f953700000,0x000000f953800000) (1024K)]
  0x0000028f1890f270 JavaThread "Unconstrained build operations Thread 65"        [_thread_blocked, id=5660, stack(0x000000f953800000,0x000000f953900000) (1024K)]
  0x0000028f7e82cb30 JavaThread "WorkerExecutor Queue Thread 14"        [_thread_blocked, id=12804, stack(0x000000f953900000,0x000000f953a00000) (1024K)]
  0x0000028f0ed2f7f0 JavaThread "WorkerExecutor Queue Thread 15"        [_thread_blocked, id=18320, stack(0x000000f951300000,0x000000f951400000) (1024K)]
  0x0000028f251c6790 JavaThread "Unconstrained build operations Thread 66"        [_thread_blocked, id=11168, stack(0x000000f953a00000,0x000000f953b00000) (1024K)]
  0x0000028f0d015e50 JavaThread "WorkerExecutor Queue Thread 16"        [_thread_blocked, id=12844, stack(0x000000f94f600000,0x000000f94f700000) (1024K)]
  0x0000028f251c46c0 JavaThread "WorkerExecutor Queue Thread 17"        [_thread_blocked, id=14756, stack(0x000000f952300000,0x000000f952400000) (1024K)]
  0x0000028f0ed2d720 JavaThread "Unconstrained build operations Thread 67"        [_thread_blocked, id=8804, stack(0x000000f950b00000,0x000000f950c00000) (1024K)]
  0x0000028f0ed2d090 JavaThread "Unconstrained build operations Thread 68"        [_thread_blocked, id=17560, stack(0x000000f952200000,0x000000f952300000) (1024K)]
  0x0000028f16289720 JavaThread "Unconstrained build operations Thread 69"        [_thread_blocked, id=19368, stack(0x000000f952400000,0x000000f952500000) (1024K)]
  0x0000028f1628a440 JavaThread "Unconstrained build operations Thread 70"        [_thread_blocked, id=15232, stack(0x000000f952500000,0x000000f952600000) (1024K)]
  0x0000028f2552caa0 JavaThread "Unconstrained build operations Thread 71"        [_thread_blocked, id=7112, stack(0x000000f953b00000,0x000000f953c00000) (1024K)]
  0x0000028f2552c410 JavaThread "Unconstrained build operations Thread 72"        [_thread_blocked, id=9564, stack(0x000000f953c00000,0x000000f953d00000) (1024K)]
  0x0000028f2552d7c0 JavaThread "Unconstrained build operations Thread 73"        [_thread_blocked, id=16708, stack(0x000000f953d00000,0x000000f953e00000) (1024K)]
  0x0000028f16289db0 JavaThread "Unconstrained build operations Thread 74"        [_thread_blocked, id=12192, stack(0x000000f953e00000,0x000000f953f00000) (1024K)]
  0x0000028f1628aad0 JavaThread "Unconstrained build operations Thread 75"        [_thread_blocked, id=9112, stack(0x000000f953f00000,0x000000f954000000) (1024K)]
  0x0000028f1628b160 JavaThread "Unconstrained build operations Thread 76"        [_thread_blocked, id=5680, stack(0x000000f954000000,0x000000f954100000) (1024K)]
  0x0000028f0d3d2650 JavaThread "Unconstrained build operations Thread 77"        [_thread_blocked, id=2272, stack(0x000000f954100000,0x000000f954200000) (1024K)]
  0x0000028f0d3d2ce0 JavaThread "Unconstrained build operations Thread 78"        [_thread_blocked, id=18416, stack(0x000000f954200000,0x000000f954300000) (1024K)]
  0x0000028f0d3d3370 JavaThread "Unconstrained build operations Thread 79"        [_thread_blocked, id=18776, stack(0x000000f954300000,0x000000f954400000) (1024K)]
  0x0000028f25d50030 JavaThread "Unconstrained build operations Thread 80"        [_thread_blocked, id=11856, stack(0x000000f954400000,0x000000f954500000) (1024K)]
  0x0000028f0f839010 JavaThread "RMI TCP Connection(idle)"   daemon [_thread_blocked, id=9440, stack(0x000000f94e700000,0x000000f94e800000) (1024K)]
  0x0000028f1a1e9080 JavaThread "WorkerExecutor Queue Thread 19"        [_thread_blocked, id=9656, stack(0x000000f94df00000,0x000000f94e000000) (1024K)]
  0x0000028f0f593510 JavaThread "ForkJoinPool-3-worker-1"    daemon [_thread_blocked, id=10180, stack(0x000000f94c400000,0x000000f94c500000) (1024K)]
  0x0000028f0ed2ddb0 JavaThread "ForkJoinPool-3-worker-2"    daemon [_thread_blocked, id=10704, stack(0x000000f94fa00000,0x000000f94fb00000) (1024K)]
  0x0000028f0e1e8d80 JavaThread "ForkJoinPool-3-worker-3"    daemon [_thread_blocked, id=17788, stack(0x000000f950c00000,0x000000f950d00000) (1024K)]
  0x0000028f0f06d720 JavaThread "ForkJoinPool-3-worker-4"    daemon [_thread_blocked, id=6140, stack(0x000000f950d00000,0x000000f950e00000) (1024K)]
  0x0000028f28f795a0 JavaThread "C2 CompilerThread1"         daemon [_thread_blocked, id=13056, stack(0x000000f94ac00000,0x000000f94ad00000) (1024K)]
  0x0000028f28f7b0e0 JavaThread "C2 CompilerThread2"         daemon [_thread_blocked, id=18824, stack(0x000000f950f00000,0x000000f951000000) (1024K)]
Total: 160

Other Threads:
=>0x0000028f6468e670 VMThread "VM Thread"                           [id=18476, stack(0x000000f949700000,0x000000f949800000) (1024K)]
  0x0000028f7cc98810 WatcherThread "VM Periodic Task Thread"        [id=10388, stack(0x000000f949600000,0x000000f949700000) (1024K)]
  0x0000028f6468e2d0 WorkerThread "GC Thread#0"                     [id=14340, stack(0x000000f949100000,0x000000f949200000) (1024K)]
  0x0000028f6468ea10 WorkerThread "GC Thread#1"                     [id=12800, stack(0x000000f94a400000,0x000000f94a500000) (1024K)]
  0x0000028f6468d0b0 WorkerThread "GC Thread#2"                     [id=3388, stack(0x000000f94a500000,0x000000f94a600000) (1024K)]
  0x0000028f6468d450 WorkerThread "GC Thread#3"                     [id=5172, stack(0x000000f94a600000,0x000000f94a700000) (1024K)]
  0x0000028f7e3d6ec0 WorkerThread "GC Thread#4"                     [id=9652, stack(0x000000f94a700000,0x000000f94a800000) (1024K)]
  0x0000028f7e3da180 WorkerThread "GC Thread#5"                     [id=13568, stack(0x000000f94b200000,0x000000f94b300000) (1024K)]
  0x0000028f7e3d6b20 WorkerThread "GC Thread#6"                     [id=14912, stack(0x000000f94b300000,0x000000f94b400000) (1024K)]
  0x0000028f7e3d8bc0 WorkerThread "GC Thread#7"                     [id=9932, stack(0x000000f94b400000,0x000000f94b500000) (1024K)]
  0x0000028f6477cf80 ConcurrentGCThread "G1 Main Marker"            [id=3612, stack(0x000000f949200000,0x000000f949300000) (1024K)]
  0x0000028f6468df30 WorkerThread "G1 Conc#0"                       [id=18644, stack(0x000000f949300000,0x000000f949400000) (1024K)]
  0x0000028f7e3d8f60 WorkerThread "G1 Conc#1"                       [id=7404, stack(0x000000f94b500000,0x000000f94b600000) (1024K)]
  0x0000028f7cb66fb0 ConcurrentGCThread "G1 Refine#0"               [id=3220, stack(0x000000f949400000,0x000000f949500000) (1024K)]
  0x0000028f149a7050 ConcurrentGCThread "G1 Refine#1"               [id=13656, stack(0x000000f950200000,0x000000f950300000) (1024K)]
  0x0000028f7cb678d0 ConcurrentGCThread "G1 Service"                [id=14468, stack(0x000000f949500000,0x000000f949600000) (1024K)]
Total: 16

Threads with active compile tasks:
C2 CompilerThread0  29673271 267363       4       com.android.tools.r8.shaking.f4::a (23 bytes)
C2 CompilerThread1  29673271 267366       4       com.android.tools.r8.shaking.f4::a (961 bytes)
C2 CompilerThread2  29673271 267444       4       com.android.tools.r8.shaking.f4::a (153 bytes)
Total: 3

VM state: at safepoint (normal execution)

VM Mutex/Monitor currently owned by a thread:  ([mutex/lock_event])
[0x00007ff9c9e885b8] Threads_lock - owner thread: 0x0000028f6468e670
[0x00007ff9c9e886b8] Heap_lock - owner thread: 0x0000028f0e1e8d80

Heap address: 0x0000000680000000, size: 6144 MB, Compressed Oops mode: Zero based, Oop shift amount: 3

CDS archive(s) not mapped
Compressed class space mapped at: 0x0000000800000000-0x0000000840000000, reserved size: 1073741824
Narrow klass base: 0x0000000800000000, Narrow klass shift: 0, Narrow klass range: 0x40000000

GC Precious Log:
 CardTable entry size: 512
 Card Set container configuration: InlinePtr #cards 4 size 8 Array Of Cards #cards 32 size 80 Howl #buckets 8 coarsen threshold 7372 Howl Bitmap #cards 1024 size 144 coarsen threshold 921 Card regions per heap region 1 cards per card region 8192
 CPUs: 8 total, 8 available
 Memory: 8031M
 Large Page Support: Disabled
 NUMA Support: Disabled
 Compressed Oops: Enabled (Zero based)
 Heap Region Size: 4M
 Heap Min Capacity: 8M
 Heap Initial Capacity: 128M
 Heap Max Capacity: 6G
 Pre-touch: Disabled
 Parallel Workers: 8
 Concurrent Workers: 2
 Concurrent Refinement Workers: 8
 Periodic GC: Disabled

Heap:
 garbage-first heap   total 4485120K, used 1252876K [0x0000000680000000, 0x0000000800000000)
  region size 4096K, 7 young (28672K), 7 survivors (28672K)
 Metaspace       used 277327K, committed 280960K, reserved 1376256K
  class space    used 35111K, committed 36992K, reserved 1048576K

Heap Regions: E=young(eden), S=young(survivor), O=old, HS=humongous(starts), HC=humongous(continues), CS=collection set, F=free, TAMS=top-at-mark-start, PB=parsable bottom
|   0|0x0000000680000000, 0x0000000680400000, 0x0000000680400000|100%|HS|  |TAMS 0x0000000680400000| PB 0x0000000680000000| Complete 
|   1|0x0000000680400000, 0x00000006807f9eb8, 0x0000000680800000| 99%| O|  |TAMS 0x00000006807f9eb8| PB 0x0000000680400000| Untracked 
|   2|0x0000000680800000, 0x0000000680bfffd0, 0x0000000680c00000| 99%| O|  |TAMS 0x0000000680bfffd0| PB 0x0000000680800000| Untracked 
|   3|0x0000000680c00000, 0x0000000680ffffe8, 0x0000000681000000| 99%| O|  |TAMS 0x0000000680ffffe8| PB 0x0000000680c00000| Untracked 
|   4|0x0000000681000000, 0x0000000681400000, 0x0000000681400000|100%|HS|  |TAMS 0x0000000681400000| PB 0x0000000681000000| Complete 
|   5|0x0000000681400000, 0x00000006817fffd8, 0x0000000681800000| 99%| O|  |TAMS 0x00000006817fffd8| PB 0x0000000681400000| Untracked 
|   6|0x0000000681800000, 0x0000000681bfff88, 0x0000000681c00000| 99%| O|  |TAMS 0x0000000681bfff88| PB 0x0000000681800000| Untracked 
|   7|0x0000000681c00000, 0x0000000681ffffc0, 0x0000000682000000| 99%| O|  |TAMS 0x0000000681ffffc0| PB 0x0000000681c00000| Untracked 
|   8|0x0000000682000000, 0x0000000682400000, 0x0000000682400000|100%|HS|  |TAMS 0x0000000682400000| PB 0x0000000682000000| Complete 
|   9|0x0000000682400000, 0x0000000682800000, 0x0000000682800000|100%| O|  |TAMS 0x0000000682800000| PB 0x0000000682400000| Untracked 
|  10|0x0000000682800000, 0x0000000682bffff0, 0x0000000682c00000| 99%| O|  |TAMS 0x0000000682bffff0| PB 0x0000000682800000| Untracked 
|  11|0x0000000682c00000, 0x0000000682fffff0, 0x0000000683000000| 99%| O|  |TAMS 0x0000000682fffff0| PB 0x0000000682c00000| Untracked 
|  12|0x0000000683000000, 0x00000006833ffff0, 0x0000000683400000| 99%| O|  |TAMS 0x00000006833ffff0| PB 0x0000000683000000| Untracked 
|  13|0x0000000683400000, 0x00000006837fffa8, 0x0000000683800000| 99%| O|  |TAMS 0x00000006837fffa8| PB 0x0000000683400000| Untracked 
|  14|0x0000000683800000, 0x0000000683bffff0, 0x0000000683c00000| 99%| O|  |TAMS 0x0000000683bffff0| PB 0x0000000683800000| Untracked 
|  15|0x0000000683c00000, 0x0000000683fff428, 0x0000000684000000| 99%| O|  |TAMS 0x0000000683fff428| PB 0x0000000683c00000| Untracked 
|  16|0x0000000684000000, 0x00000006843f79b0, 0x0000000684400000| 99%| O|  |TAMS 0x00000006843f79b0| PB 0x0000000684000000| Untracked 
|  17|0x0000000684400000, 0x00000006847fffe8, 0x0000000684800000| 99%| O|  |TAMS 0x00000006847fffe8| PB 0x0000000684400000| Untracked 
|  18|0x0000000684800000, 0x0000000684bfff90, 0x0000000684c00000| 99%| O|  |TAMS 0x0000000684bfff90| PB 0x0000000684800000| Untracked 
|  19|0x0000000684c00000, 0x0000000684fffff8, 0x0000000685000000| 99%| O|  |TAMS 0x0000000684fffff8| PB 0x0000000684c00000| Untracked 
|  20|0x0000000685000000, 0x00000006853ffff8, 0x0000000685400000| 99%| O|  |TAMS 0x00000006853ffff8| PB 0x0000000685000000| Untracked 
|  21|0x0000000685400000, 0x00000006857fffd8, 0x0000000685800000| 99%| O|  |TAMS 0x00000006857fffd8| PB 0x0000000685400000| Untracked 
|  22|0x0000000685800000, 0x0000000685bfff78, 0x0000000685c00000| 99%| O|  |TAMS 0x0000000685bfff78| PB 0x0000000685800000| Untracked 
|  23|0x0000000685c00000, 0x0000000685ffffe8, 0x0000000686000000| 99%| O|  |TAMS 0x0000000685ffffe8| PB 0x0000000685c00000| Untracked 
|  24|0x0000000686000000, 0x00000006863ffff8, 0x0000000686400000| 99%| O|  |TAMS 0x00000006863ffff8| PB 0x0000000686000000| Untracked 
|  25|0x0000000686400000, 0x00000006867fffa0, 0x0000000686800000| 99%| O|  |TAMS 0x00000006867fffa0| PB 0x0000000686400000| Untracked 
|  26|0x0000000686800000, 0x0000000686bffff8, 0x0000000686c00000| 99%| O|  |TAMS 0x0000000686bffff8| PB 0x0000000686800000| Untracked 
|  27|0x0000000686c00000, 0x0000000686ffffd0, 0x0000000687000000| 99%| O|  |TAMS 0x0000000686ffffd0| PB 0x0000000686c00000| Untracked 
|  28|0x0000000687000000, 0x00000006873fffe0, 0x0000000687400000| 99%| O|  |TAMS 0x00000006873fffe0| PB 0x0000000687000000| Untracked 
|  29|0x0000000687400000, 0x00000006877ffff0, 0x0000000687800000| 99%| O|  |TAMS 0x00000006877ffff0| PB 0x0000000687400000| Untracked 
|  30|0x0000000687800000, 0x0000000687bffe00, 0x0000000687c00000| 99%| O|  |TAMS 0x0000000687bffe00| PB 0x0000000687800000| Untracked 
|  31|0x0000000687c00000, 0x0000000687ffb058, 0x0000000688000000| 99%| O|  |TAMS 0x0000000687ffb058| PB 0x0000000687c00000| Untracked 
|  32|0x0000000688000000, 0x0000000688400000, 0x0000000688400000|100%| O|  |TAMS 0x0000000688400000| PB 0x0000000688000000| Untracked 
|  33|0x0000000688400000, 0x00000006887ffec8, 0x0000000688800000| 99%| O|  |TAMS 0x00000006887ffec8| PB 0x0000000688400000| Untracked 
|  34|0x0000000688800000, 0x0000000688c00000, 0x0000000688c00000|100%| O|  |TAMS 0x0000000688c00000| PB 0x0000000688800000| Untracked 
|  35|0x0000000688c00000, 0x0000000688fffff0, 0x0000000689000000| 99%| O|  |TAMS 0x0000000688fffff0| PB 0x0000000688c00000| Untracked 
|  36|0x0000000689000000, 0x00000006893ffff8, 0x0000000689400000| 99%| O|  |TAMS 0x00000006893ffff8| PB 0x0000000689000000| Untracked 
|  37|0x0000000689400000, 0x00000006897ffda8, 0x0000000689800000| 99%| O|  |TAMS 0x00000006897ffda8| PB 0x0000000689400000| Untracked 
|  38|0x0000000689800000, 0x0000000689c00000, 0x0000000689c00000|100%| O|  |TAMS 0x0000000689c00000| PB 0x0000000689800000| Untracked 
|  39|0x0000000689c00000, 0x0000000689fffff0, 0x000000068a000000| 99%| O|  |TAMS 0x0000000689fffff0| PB 0x0000000689c00000| Untracked 
|  40|0x000000068a000000, 0x000000068a400000, 0x000000068a400000|100%| O|  |TAMS 0x000000068a400000| PB 0x000000068a000000| Untracked 
|  41|0x000000068a400000, 0x000000068a7fffe8, 0x000000068a800000| 99%| O|  |TAMS 0x000000068a7fffe8| PB 0x000000068a400000| Untracked 
|  42|0x000000068a800000, 0x000000068abffff0, 0x000000068ac00000| 99%| O|  |TAMS 0x000000068abffff0| PB 0x000000068a800000| Untracked 
|  43|0x000000068ac00000, 0x000000068afffff8, 0x000000068b000000| 99%| O|  |TAMS 0x000000068afffff8| PB 0x000000068ac00000| Untracked 
|  44|0x000000068b000000, 0x000000068b3ffff0, 0x000000068b400000| 99%| O|  |TAMS 0x000000068b3ffff0| PB 0x000000068b000000| Untracked 
|  45|0x000000068b400000, 0x000000068b800000, 0x000000068b800000|100%| O|  |TAMS 0x000000068b800000| PB 0x000000068b400000| Untracked 
|  46|0x000000068b800000, 0x000000068bbd8b00, 0x000000068bc00000| 96%| O|  |TAMS 0x000000068bbd8b00| PB 0x000000068b800000| Untracked 
|  47|0x000000068bc00000, 0x000000068bfbf5a0, 0x000000068c000000| 93%| O|  |TAMS 0x000000068bfbf5a0| PB 0x000000068bc00000| Untracked 
|  48|0x000000068c000000, 0x000000068c400000, 0x000000068c400000|100%| O|  |TAMS 0x000000068c400000| PB 0x000000068c000000| Untracked 
|  49|0x000000068c400000, 0x000000068c800000, 0x000000068c800000|100%|HS|  |TAMS 0x000000068c800000| PB 0x000000068c400000| Complete 
|  50|0x000000068c800000, 0x000000068cc00000, 0x000000068cc00000|100%|HC|  |TAMS 0x000000068cc00000| PB 0x000000068c800000| Complete 
|  51|0x000000068cc00000, 0x000000068d000000, 0x000000068d000000|100%| O|  |TAMS 0x000000068d000000| PB 0x000000068cc00000| Untracked 
|  52|0x000000068d000000, 0x000000068d400000, 0x000000068d400000|100%| O|  |TAMS 0x000000068d400000| PB 0x000000068d000000| Untracked 
|  53|0x000000068d400000, 0x000000068d7ffff0, 0x000000068d800000| 99%| O|  |TAMS 0x000000068d7ffff0| PB 0x000000068d400000| Untracked 
|  54|0x000000068d800000, 0x000000068dbffff0, 0x000000068dc00000| 99%| O|  |TAMS 0x000000068dbffff0| PB 0x000000068d800000| Untracked 
|  55|0x000000068dc00000, 0x000000068e000000, 0x000000068e000000|100%| O|  |TAMS 0x000000068dc00000| PB 0x000000068dc00000| Untracked 
|  56|0x000000068e000000, 0x000000068e400000, 0x000000068e400000|100%|HS|  |TAMS 0x000000068e400000| PB 0x000000068e000000| Complete 
|  57|0x000000068e400000, 0x000000068e800000, 0x000000068e800000|100%| O|  |TAMS 0x000000068e800000| PB 0x000000068e400000| Untracked 
|  58|0x000000068e800000, 0x000000068ec00000, 0x000000068ec00000|100%| O|  |TAMS 0x000000068ec00000| PB 0x000000068e800000| Untracked 
|  59|0x000000068ec00000, 0x000000068f000000, 0x000000068f000000|100%| O|  |TAMS 0x000000068f000000| PB 0x000000068ec00000| Untracked 
|  60|0x000000068f000000, 0x000000068f400000, 0x000000068f400000|100%| O|  |TAMS 0x000000068f400000| PB 0x000000068f000000| Untracked 
|  61|0x000000068f400000, 0x000000068f800000, 0x000000068f800000|100%| O|  |TAMS 0x000000068f800000| PB 0x000000068f400000| Untracked 
|  62|0x000000068f800000, 0x000000068fbffff8, 0x000000068fc00000| 99%| O|  |TAMS 0x000000068fbffff8| PB 0x000000068f800000| Untracked 
|  63|0x000000068fc00000, 0x0000000690000000, 0x0000000690000000|100%| O|  |TAMS 0x0000000690000000| PB 0x000000068fc00000| Untracked 
|  64|0x0000000690000000, 0x0000000690400000, 0x0000000690400000|100%| O|  |TAMS 0x0000000690400000| PB 0x0000000690000000| Untracked 
|  65|0x0000000690400000, 0x0000000690800000, 0x0000000690800000|100%| O|  |TAMS 0x0000000690800000| PB 0x0000000690400000| Untracked 
|  66|0x0000000690800000, 0x0000000690c00000, 0x0000000690c00000|100%| O|  |TAMS 0x0000000690c00000| PB 0x0000000690800000| Untracked 
|  67|0x0000000690c00000, 0x0000000691000000, 0x0000000691000000|100%|HS|  |TAMS 0x0000000691000000| PB 0x0000000690c00000| Complete 
|  68|0x0000000691000000, 0x0000000691400000, 0x0000000691400000|100%|HC|  |TAMS 0x0000000691400000| PB 0x0000000691000000| Complete 
|  69|0x0000000691400000, 0x0000000691800000, 0x0000000691800000|100%| O|  |TAMS 0x0000000691800000| PB 0x0000000691400000| Untracked 
|  70|0x0000000691800000, 0x0000000691c00000, 0x0000000691c00000|100%| O|  |TAMS 0x0000000691c00000| PB 0x0000000691800000| Untracked 
|  71|0x0000000691c00000, 0x0000000692000000, 0x0000000692000000|100%| O|  |TAMS 0x0000000692000000| PB 0x0000000691c00000| Untracked 
|  72|0x0000000692000000, 0x0000000692400000, 0x0000000692400000|100%| O|  |TAMS 0x0000000692400000| PB 0x0000000692000000| Untracked 
|  73|0x0000000692400000, 0x0000000692800000, 0x0000000692800000|100%|HS|  |TAMS 0x0000000692800000| PB 0x0000000692400000| Complete 
|  74|0x0000000692800000, 0x0000000692c00000, 0x0000000692c00000|100%| O|  |TAMS 0x0000000692c00000| PB 0x0000000692800000| Untracked 
|  75|0x0000000692c00000, 0x0000000693000000, 0x0000000693000000|100%| O|  |TAMS 0x0000000693000000| PB 0x0000000692c00000| Untracked 
|  76|0x0000000693000000, 0x0000000693400000, 0x0000000693400000|100%| O|  |TAMS 0x0000000693400000| PB 0x0000000693000000| Untracked 
|  77|0x0000000693400000, 0x0000000693800000, 0x0000000693800000|100%| O|  |TAMS 0x0000000693800000| PB 0x0000000693400000| Untracked 
|  78|0x0000000693800000, 0x0000000693c00000, 0x0000000693c00000|100%| O|  |TAMS 0x0000000693c00000| PB 0x0000000693800000| Untracked 
|  79|0x0000000693c00000, 0x0000000694000000, 0x0000000694000000|100%| O|  |TAMS 0x0000000694000000| PB 0x0000000693c00000| Untracked 
|  80|0x0000000694000000, 0x0000000694400000, 0x0000000694400000|100%| O|  |TAMS 0x0000000694400000| PB 0x0000000694000000| Untracked 
|  81|0x0000000694400000, 0x0000000694800000, 0x0000000694800000|100%| O|  |TAMS 0x0000000694800000| PB 0x0000000694400000| Untracked 
|  82|0x0000000694800000, 0x0000000694c00000, 0x0000000694c00000|100%| O|  |TAMS 0x0000000694c00000| PB 0x0000000694800000| Untracked 
|  83|0x0000000694c00000, 0x0000000695000000, 0x0000000695000000|100%| O|  |TAMS 0x0000000695000000| PB 0x0000000694c00000| Untracked 
|  84|0x0000000695000000, 0x0000000695400000, 0x0000000695400000|100%| O|  |TAMS 0x0000000695400000| PB 0x0000000695000000| Untracked 
|  85|0x0000000695400000, 0x0000000695800000, 0x0000000695800000|100%| O|  |TAMS 0x0000000695800000| PB 0x0000000695400000| Untracked 
|  86|0x0000000695800000, 0x0000000695c00000, 0x0000000695c00000|100%| O|  |TAMS 0x0000000695c00000| PB 0x0000000695800000| Untracked 
|  87|0x0000000695c00000, 0x0000000696000000, 0x0000000696000000|100%| O|  |TAMS 0x0000000696000000| PB 0x0000000695c00000| Untracked 
|  88|0x0000000696000000, 0x0000000696400000, 0x0000000696400000|100%| O|  |TAMS 0x0000000696400000| PB 0x0000000696000000| Untracked 
|  89|0x0000000696400000, 0x0000000696800000, 0x0000000696800000|100%| O|  |TAMS 0x0000000696800000| PB 0x0000000696400000| Untracked 
|  90|0x0000000696800000, 0x0000000696c00000, 0x0000000696c00000|100%| O|  |TAMS 0x0000000696c00000| PB 0x0000000696800000| Untracked 
|  91|0x0000000696c00000, 0x0000000697000000, 0x0000000697000000|100%| O|  |TAMS 0x0000000697000000| PB 0x0000000696c00000| Untracked 
|  92|0x0000000697000000, 0x0000000697400000, 0x0000000697400000|100%| O|  |TAMS 0x0000000697400000| PB 0x0000000697000000| Untracked 
|  93|0x0000000697400000, 0x0000000697800000, 0x0000000697800000|100%| O|  |TAMS 0x0000000697800000| PB 0x0000000697400000| Untracked 
|  94|0x0000000697800000, 0x0000000697c00000, 0x0000000697c00000|100%| O|  |TAMS 0x0000000697c00000| PB 0x0000000697800000| Untracked 
|  95|0x0000000697c00000, 0x0000000698000000, 0x0000000698000000|100%| O|  |TAMS 0x0000000698000000| PB 0x0000000697c00000| Untracked 
|  96|0x0000000698000000, 0x0000000698400000, 0x0000000698400000|100%| O|  |TAMS 0x0000000698400000| PB 0x0000000698000000| Untracked 
|  97|0x0000000698400000, 0x0000000698800000, 0x0000000698800000|100%| O|  |TAMS 0x0000000698800000| PB 0x0000000698400000| Untracked 
|  98|0x0000000698800000, 0x0000000698c00000, 0x0000000698c00000|100%| O|  |TAMS 0x0000000698c00000| PB 0x0000000698800000| Untracked 
|  99|0x0000000698c00000, 0x0000000699000000, 0x0000000699000000|100%| O|  |TAMS 0x0000000699000000| PB 0x0000000698c00000| Untracked 
| 100|0x0000000699000000, 0x0000000699400000, 0x0000000699400000|100%| O|  |TAMS 0x0000000699400000| PB 0x0000000699000000| Untracked 
| 101|0x0000000699400000, 0x0000000699800000, 0x0000000699800000|100%| O|  |TAMS 0x0000000699800000| PB 0x0000000699400000| Untracked 
| 102|0x0000000699800000, 0x0000000699c00000, 0x0000000699c00000|100%| O|  |TAMS 0x0000000699c00000| PB 0x0000000699800000| Untracked 
| 103|0x0000000699c00000, 0x000000069a000000, 0x000000069a000000|100%| O|  |TAMS 0x000000069a000000| PB 0x0000000699c00000| Untracked 
| 104|0x000000069a000000, 0x000000069a400000, 0x000000069a400000|100%| O|  |TAMS 0x000000069a400000| PB 0x000000069a000000| Untracked 
| 105|0x000000069a400000, 0x000000069a800000, 0x000000069a800000|100%| O|  |TAMS 0x000000069a800000| PB 0x000000069a400000| Untracked 
| 106|0x000000069a800000, 0x000000069ac00000, 0x000000069ac00000|100%| O|  |TAMS 0x000000069ac00000| PB 0x000000069a800000| Untracked 
| 107|0x000000069ac00000, 0x000000069b000000, 0x000000069b000000|100%| O|  |TAMS 0x000000069b000000| PB 0x000000069ac00000| Untracked 
| 108|0x000000069b000000, 0x000000069b400000, 0x000000069b400000|100%| O|  |TAMS 0x000000069b400000| PB 0x000000069b000000| Untracked 
| 109|0x000000069b400000, 0x000000069b800000, 0x000000069b800000|100%| O|  |TAMS 0x000000069b800000| PB 0x000000069b400000| Untracked 
| 110|0x000000069b800000, 0x000000069bc00000, 0x000000069bc00000|100%| O|  |TAMS 0x000000069bc00000| PB 0x000000069b800000| Untracked 
| 111|0x000000069bc00000, 0x000000069c000000, 0x000000069c000000|100%| O|  |TAMS 0x000000069c000000| PB 0x000000069bc00000| Untracked 
| 112|0x000000069c000000, 0x000000069c400000, 0x000000069c400000|100%| O|  |TAMS 0x000000069c400000| PB 0x000000069c000000| Untracked 
| 113|0x000000069c400000, 0x000000069c800000, 0x000000069c800000|100%| O|  |TAMS 0x000000069c800000| PB 0x000000069c400000| Untracked 
| 114|0x000000069c800000, 0x000000069cc00000, 0x000000069cc00000|100%| O|  |TAMS 0x000000069cc00000| PB 0x000000069c800000| Untracked 
| 115|0x000000069cc00000, 0x000000069d000000, 0x000000069d000000|100%| O|  |TAMS 0x000000069d000000| PB 0x000000069cc00000| Untracked 
| 116|0x000000069d000000, 0x000000069d400000, 0x000000069d400000|100%|HS|  |TAMS 0x000000069d400000| PB 0x000000069d000000| Complete 
| 117|0x000000069d400000, 0x000000069d800000, 0x000000069d800000|100%| O|  |TAMS 0x000000069d800000| PB 0x000000069d400000| Untracked 
| 118|0x000000069d800000, 0x000000069dc00000, 0x000000069dc00000|100%| O|  |TAMS 0x000000069dc00000| PB 0x000000069d800000| Untracked 
| 119|0x000000069dc00000, 0x000000069e000000, 0x000000069e000000|100%| O|  |TAMS 0x000000069e000000| PB 0x000000069dc00000| Untracked 
| 120|0x000000069e000000, 0x000000069e400000, 0x000000069e400000|100%| O|  |TAMS 0x000000069e400000| PB 0x000000069e000000| Untracked 
| 121|0x000000069e400000, 0x000000069e800000, 0x000000069e800000|100%| O|  |TAMS 0x000000069e800000| PB 0x000000069e400000| Untracked 
| 122|0x000000069e800000, 0x000000069ec00000, 0x000000069ec00000|100%| O|  |TAMS 0x000000069ec00000| PB 0x000000069e800000| Untracked 
| 123|0x000000069ec00000, 0x000000069f000000, 0x000000069f000000|100%| O|  |TAMS 0x000000069f000000| PB 0x000000069ec00000| Untracked 
| 124|0x000000069f000000, 0x000000069f400000, 0x000000069f400000|100%| O|  |TAMS 0x000000069f400000| PB 0x000000069f000000| Untracked 
| 125|0x000000069f400000, 0x000000069f800000, 0x000000069f800000|100%| O|  |TAMS 0x000000069f800000| PB 0x000000069f400000| Untracked 
| 126|0x000000069f800000, 0x000000069fc00000, 0x000000069fc00000|100%| O|  |TAMS 0x000000069fc00000| PB 0x000000069f800000| Untracked 
| 127|0x000000069fc00000, 0x00000006a0000000, 0x00000006a0000000|100%| O|  |TAMS 0x00000006a0000000| PB 0x000000069fc00000| Untracked 
| 128|0x00000006a0000000, 0x00000006a0400000, 0x00000006a0400000|100%| O|  |TAMS 0x00000006a0400000| PB 0x00000006a0000000| Untracked 
| 129|0x00000006a0400000, 0x00000006a0800000, 0x00000006a0800000|100%| O|  |TAMS 0x00000006a0800000| PB 0x00000006a0400000| Untracked 
| 130|0x00000006a0800000, 0x00000006a0c00000, 0x00000006a0c00000|100%| O|  |TAMS 0x00000006a0c00000| PB 0x00000006a0800000| Untracked 
| 131|0x00000006a0c00000, 0x00000006a1000000, 0x00000006a1000000|100%| O|  |TAMS 0x00000006a1000000| PB 0x00000006a0c00000| Untracked 
| 132|0x00000006a1000000, 0x00000006a1400000, 0x00000006a1400000|100%| O|  |TAMS 0x00000006a1400000| PB 0x00000006a1000000| Untracked 
| 133|0x00000006a1400000, 0x00000006a1800000, 0x00000006a1800000|100%| O|  |TAMS 0x00000006a1800000| PB 0x00000006a1400000| Untracked 
| 134|0x00000006a1800000, 0x00000006a1c00000, 0x00000006a1c00000|100%| O|  |TAMS 0x00000006a1c00000| PB 0x00000006a1800000| Untracked 
| 135|0x00000006a1c00000, 0x00000006a2000000, 0x00000006a2000000|100%| O|  |TAMS 0x00000006a2000000| PB 0x00000006a1c00000| Untracked 
| 136|0x00000006a2000000, 0x00000006a2400000, 0x00000006a2400000|100%| O|  |TAMS 0x00000006a2400000| PB 0x00000006a2000000| Untracked 
| 137|0x00000006a2400000, 0x00000006a2800000, 0x00000006a2800000|100%| O|  |TAMS 0x00000006a2800000| PB 0x00000006a2400000| Untracked 
| 138|0x00000006a2800000, 0x00000006a2c00000, 0x00000006a2c00000|100%| O|  |TAMS 0x00000006a2c00000| PB 0x00000006a2800000| Untracked 
| 139|0x00000006a2c00000, 0x00000006a3000000, 0x00000006a3000000|100%| O|  |TAMS 0x00000006a3000000| PB 0x00000006a2c00000| Untracked 
| 140|0x00000006a3000000, 0x00000006a3400000, 0x00000006a3400000|100%| O|  |TAMS 0x00000006a3400000| PB 0x00000006a3000000| Untracked 
| 141|0x00000006a3400000, 0x00000006a3800000, 0x00000006a3800000|100%| O|  |TAMS 0x00000006a3800000| PB 0x00000006a3400000| Untracked 
| 142|0x00000006a3800000, 0x00000006a3c00000, 0x00000006a3c00000|100%| O|  |TAMS 0x00000006a3c00000| PB 0x00000006a3800000| Untracked 
| 143|0x00000006a3c00000, 0x00000006a4000000, 0x00000006a4000000|100%| O|  |TAMS 0x00000006a4000000| PB 0x00000006a3c00000| Untracked 
| 144|0x00000006a4000000, 0x00000006a4400000, 0x00000006a4400000|100%| O|  |TAMS 0x00000006a4400000| PB 0x00000006a4000000| Untracked 
| 145|0x00000006a4400000, 0x00000006a4800000, 0x00000006a4800000|100%| O|  |TAMS 0x00000006a4800000| PB 0x00000006a4400000| Untracked 
| 146|0x00000006a4800000, 0x00000006a4c00000, 0x00000006a4c00000|100%| O|  |TAMS 0x00000006a4c00000| PB 0x00000006a4800000| Untracked 
| 147|0x00000006a4c00000, 0x00000006a5000000, 0x00000006a5000000|100%| O|  |TAMS 0x00000006a5000000| PB 0x00000006a4c00000| Untracked 
| 148|0x00000006a5000000, 0x00000006a5400000, 0x00000006a5400000|100%| O|  |TAMS 0x00000006a5400000| PB 0x00000006a5000000| Untracked 
| 149|0x00000006a5400000, 0x00000006a5800000, 0x00000006a5800000|100%| O|  |TAMS 0x00000006a5800000| PB 0x00000006a5400000| Untracked 
| 150|0x00000006a5800000, 0x00000006a5c00000, 0x00000006a5c00000|100%| O|  |TAMS 0x00000006a5c00000| PB 0x00000006a5800000| Untracked 
| 151|0x00000006a5c00000, 0x00000006a6000000, 0x00000006a6000000|100%| O|  |TAMS 0x00000006a6000000| PB 0x00000006a5c00000| Untracked 
| 152|0x00000006a6000000, 0x00000006a6400000, 0x00000006a6400000|100%| O|  |TAMS 0x00000006a6400000| PB 0x00000006a6000000| Untracked 
| 153|0x00000006a6400000, 0x00000006a6800000, 0x00000006a6800000|100%| O|  |TAMS 0x00000006a6800000| PB 0x00000006a6400000| Untracked 
| 154|0x00000006a6800000, 0x00000006a6c00000, 0x00000006a6c00000|100%| O|  |TAMS 0x00000006a6c00000| PB 0x00000006a6800000| Untracked 
| 155|0x00000006a6c00000, 0x00000006a7000000, 0x00000006a7000000|100%| O|  |TAMS 0x00000006a7000000| PB 0x00000006a6c00000| Untracked 
| 156|0x00000006a7000000, 0x00000006a7400000, 0x00000006a7400000|100%| O|  |TAMS 0x00000006a7400000| PB 0x00000006a7000000| Untracked 
| 157|0x00000006a7400000, 0x00000006a7800000, 0x00000006a7800000|100%| O|  |TAMS 0x00000006a7800000| PB 0x00000006a7400000| Untracked 
| 158|0x00000006a7800000, 0x00000006a7c00000, 0x00000006a7c00000|100%| O|  |TAMS 0x00000006a7c00000| PB 0x00000006a7800000| Untracked 
| 159|0x00000006a7c00000, 0x00000006a8000000, 0x00000006a8000000|100%|HS|  |TAMS 0x00000006a8000000| PB 0x00000006a7c00000| Complete 
| 160|0x00000006a8000000, 0x00000006a8400000, 0x00000006a8400000|100%| O|  |TAMS 0x00000006a8400000| PB 0x00000006a8000000| Untracked 
| 161|0x00000006a8400000, 0x00000006a8800000, 0x00000006a8800000|100%| O|  |TAMS 0x00000006a8800000| PB 0x00000006a8400000| Untracked 
| 162|0x00000006a8800000, 0x00000006a8c00000, 0x00000006a8c00000|100%| O|  |TAMS 0x00000006a8c00000| PB 0x00000006a8800000| Untracked 
| 163|0x00000006a8c00000, 0x00000006a9000000, 0x00000006a9000000|100%| O|  |TAMS 0x00000006a9000000| PB 0x00000006a8c00000| Untracked 
| 164|0x00000006a9000000, 0x00000006a9400000, 0x00000006a9400000|100%| O|  |TAMS 0x00000006a9400000| PB 0x00000006a9000000| Untracked 
| 165|0x00000006a9400000, 0x00000006a9800000, 0x00000006a9800000|100%| O|  |TAMS 0x00000006a9800000| PB 0x00000006a9400000| Untracked 
| 166|0x00000006a9800000, 0x00000006a9c00000, 0x00000006a9c00000|100%| O|  |TAMS 0x00000006a9c00000| PB 0x00000006a9800000| Untracked 
| 167|0x00000006a9c00000, 0x00000006aa000000, 0x00000006aa000000|100%| O|  |TAMS 0x00000006aa000000| PB 0x00000006a9c00000| Untracked 
| 168|0x00000006aa000000, 0x00000006aa400000, 0x00000006aa400000|100%| O|  |TAMS 0x00000006aa400000| PB 0x00000006aa000000| Untracked 
| 169|0x00000006aa400000, 0x00000006aa800000, 0x00000006aa800000|100%| O|  |TAMS 0x00000006aa800000| PB 0x00000006aa400000| Untracked 
| 170|0x00000006aa800000, 0x00000006aac00000, 0x00000006aac00000|100%| O|  |TAMS 0x00000006aac00000| PB 0x00000006aa800000| Untracked 
| 171|0x00000006aac00000, 0x00000006ab000000, 0x00000006ab000000|100%| O|  |TAMS 0x00000006ab000000| PB 0x00000006aac00000| Untracked 
| 172|0x00000006ab000000, 0x00000006ab400000, 0x00000006ab400000|100%| O|  |TAMS 0x00000006ab400000| PB 0x00000006ab000000| Untracked 
| 173|0x00000006ab400000, 0x00000006ab800000, 0x00000006ab800000|100%| O|  |TAMS 0x00000006ab800000| PB 0x00000006ab400000| Untracked 
| 174|0x00000006ab800000, 0x00000006abc00000, 0x00000006abc00000|100%| O|  |TAMS 0x00000006abc00000| PB 0x00000006ab800000| Untracked 
| 175|0x00000006abc00000, 0x00000006ac000000, 0x00000006ac000000|100%| O|  |TAMS 0x00000006ac000000| PB 0x00000006abc00000| Untracked 
| 176|0x00000006ac000000, 0x00000006ac400000, 0x00000006ac400000|100%| O|  |TAMS 0x00000006ac400000| PB 0x00000006ac000000| Untracked 
| 177|0x00000006ac400000, 0x00000006ac800000, 0x00000006ac800000|100%| O|  |TAMS 0x00000006ac800000| PB 0x00000006ac400000| Untracked 
| 178|0x00000006ac800000, 0x00000006acc00000, 0x00000006acc00000|100%| O|  |TAMS 0x00000006acc00000| PB 0x00000006ac800000| Untracked 
| 179|0x00000006acc00000, 0x00000006ad000000, 0x00000006ad000000|100%| O|  |TAMS 0x00000006ad000000| PB 0x00000006acc00000| Untracked 
| 180|0x00000006ad000000, 0x00000006ad400000, 0x00000006ad400000|100%| O|  |TAMS 0x00000006ad400000| PB 0x00000006ad000000| Untracked 
| 181|0x00000006ad400000, 0x00000006ad800000, 0x00000006ad800000|100%| O|  |TAMS 0x00000006ad800000| PB 0x00000006ad400000| Untracked 
| 182|0x00000006ad800000, 0x00000006adc00000, 0x00000006adc00000|100%| O|  |TAMS 0x00000006adc00000| PB 0x00000006ad800000| Untracked 
| 183|0x00000006adc00000, 0x00000006ae000000, 0x00000006ae000000|100%| O|  |TAMS 0x00000006ae000000| PB 0x00000006adc00000| Untracked 
| 184|0x00000006ae000000, 0x00000006ae400000, 0x00000006ae400000|100%| O|  |TAMS 0x00000006ae400000| PB 0x00000006ae000000| Untracked 
| 185|0x00000006ae400000, 0x00000006ae800000, 0x00000006ae800000|100%| O|  |TAMS 0x00000006ae800000| PB 0x00000006ae400000| Untracked 
| 186|0x00000006ae800000, 0x00000006aec00000, 0x00000006aec00000|100%| O|  |TAMS 0x00000006aec00000| PB 0x00000006ae800000| Untracked 
| 187|0x00000006aec00000, 0x00000006af000000, 0x00000006af000000|100%| O|  |TAMS 0x00000006af000000| PB 0x00000006aec00000| Untracked 
| 188|0x00000006af000000, 0x00000006af400000, 0x00000006af400000|100%| O|  |TAMS 0x00000006af400000| PB 0x00000006af000000| Untracked 
| 189|0x00000006af400000, 0x00000006af800000, 0x00000006af800000|100%| O|  |TAMS 0x00000006af800000| PB 0x00000006af400000| Untracked 
| 190|0x00000006af800000, 0x00000006afc00000, 0x00000006afc00000|100%| O|  |TAMS 0x00000006afc00000| PB 0x00000006af800000| Untracked 
| 191|0x00000006afc00000, 0x00000006b0000000, 0x00000006b0000000|100%| O|  |TAMS 0x00000006b0000000| PB 0x00000006afc00000| Untracked 
| 192|0x00000006b0000000, 0x00000006b0400000, 0x00000006b0400000|100%| O|  |TAMS 0x00000006b0400000| PB 0x00000006b0000000| Untracked 
| 193|0x00000006b0400000, 0x00000006b0800000, 0x00000006b0800000|100%| O|  |TAMS 0x00000006b0800000| PB 0x00000006b0400000| Untracked 
| 194|0x00000006b0800000, 0x00000006b0c00000, 0x00000006b0c00000|100%| O|  |TAMS 0x00000006b0c00000| PB 0x00000006b0800000| Untracked 
| 195|0x00000006b0c00000, 0x00000006b1000000, 0x00000006b1000000|100%| O|  |TAMS 0x00000006b1000000| PB 0x00000006b0c00000| Untracked 
| 196|0x00000006b1000000, 0x00000006b1400000, 0x00000006b1400000|100%| O|  |TAMS 0x00000006b1400000| PB 0x00000006b1000000| Untracked 
| 197|0x00000006b1400000, 0x00000006b1800000, 0x00000006b1800000|100%| O|  |TAMS 0x00000006b1800000| PB 0x00000006b1400000| Untracked 
| 198|0x00000006b1800000, 0x00000006b1c00000, 0x00000006b1c00000|100%| O|  |TAMS 0x00000006b1c00000| PB 0x00000006b1800000| Untracked 
| 199|0x00000006b1c00000, 0x00000006b2000000, 0x00000006b2000000|100%| O|  |TAMS 0x00000006b2000000| PB 0x00000006b1c00000| Untracked 
| 200|0x00000006b2000000, 0x00000006b2400000, 0x00000006b2400000|100%| O|  |TAMS 0x00000006b2400000| PB 0x00000006b2000000| Untracked 
| 201|0x00000006b2400000, 0x00000006b2800000, 0x00000006b2800000|100%| O|  |TAMS 0x00000006b2800000| PB 0x00000006b2400000| Untracked 
| 202|0x00000006b2800000, 0x00000006b2c00000, 0x00000006b2c00000|100%| O|  |TAMS 0x00000006b2c00000| PB 0x00000006b2800000| Untracked 
| 203|0x00000006b2c00000, 0x00000006b3000000, 0x00000006b3000000|100%| O|  |TAMS 0x00000006b3000000| PB 0x00000006b2c00000| Untracked 
| 204|0x00000006b3000000, 0x00000006b3400000, 0x00000006b3400000|100%| O|  |TAMS 0x00000006b3400000| PB 0x00000006b3000000| Untracked 
| 205|0x00000006b3400000, 0x00000006b3800000, 0x00000006b3800000|100%| O|  |TAMS 0x00000006b3800000| PB 0x00000006b3400000| Untracked 
| 206|0x00000006b3800000, 0x00000006b3c00000, 0x00000006b3c00000|100%| O|  |TAMS 0x00000006b3c00000| PB 0x00000006b3800000| Untracked 
| 207|0x00000006b3c00000, 0x00000006b4000000, 0x00000006b4000000|100%| O|  |TAMS 0x00000006b4000000| PB 0x00000006b3c00000| Untracked 
| 208|0x00000006b4000000, 0x00000006b4400000, 0x00000006b4400000|100%| O|  |TAMS 0x00000006b4400000| PB 0x00000006b4000000| Untracked 
| 209|0x00000006b4400000, 0x00000006b4800000, 0x00000006b4800000|100%| O|  |TAMS 0x00000006b4800000| PB 0x00000006b4400000| Untracked 
| 210|0x00000006b4800000, 0x00000006b4c00000, 0x00000006b4c00000|100%| O|  |TAMS 0x00000006b4c00000| PB 0x00000006b4800000| Untracked 
| 211|0x00000006b4c00000, 0x00000006b5000000, 0x00000006b5000000|100%| O|  |TAMS 0x00000006b5000000| PB 0x00000006b4c00000| Untracked 
| 212|0x00000006b5000000, 0x00000006b5400000, 0x00000006b5400000|100%| O|  |TAMS 0x00000006b5400000| PB 0x00000006b5000000| Untracked 
| 213|0x00000006b5400000, 0x00000006b5800000, 0x00000006b5800000|100%| O|  |TAMS 0x00000006b5800000| PB 0x00000006b5400000| Untracked 
| 214|0x00000006b5800000, 0x00000006b5c00000, 0x00000006b5c00000|100%| O|  |TAMS 0x00000006b5c00000| PB 0x00000006b5800000| Untracked 
| 215|0x00000006b5c00000, 0x00000006b6000000, 0x00000006b6000000|100%| O|  |TAMS 0x00000006b6000000| PB 0x00000006b5c00000| Untracked 
| 216|0x00000006b6000000, 0x00000006b6400000, 0x00000006b6400000|100%| O|  |TAMS 0x00000006b6400000| PB 0x00000006b6000000| Untracked 
| 217|0x00000006b6400000, 0x00000006b6800000, 0x00000006b6800000|100%| O|  |TAMS 0x00000006b6800000| PB 0x00000006b6400000| Untracked 
| 218|0x00000006b6800000, 0x00000006b6c00000, 0x00000006b6c00000|100%| O|  |TAMS 0x00000006b6c00000| PB 0x00000006b6800000| Untracked 
| 219|0x00000006b6c00000, 0x00000006b7000000, 0x00000006b7000000|100%| O|  |TAMS 0x00000006b7000000| PB 0x00000006b6c00000| Untracked 
| 220|0x00000006b7000000, 0x00000006b7400000, 0x00000006b7400000|100%| O|  |TAMS 0x00000006b7400000| PB 0x00000006b7000000| Untracked 
| 221|0x00000006b7400000, 0x00000006b7800000, 0x00000006b7800000|100%| O|  |TAMS 0x00000006b7800000| PB 0x00000006b7400000| Untracked 
| 222|0x00000006b7800000, 0x00000006b7c00000, 0x00000006b7c00000|100%| O|  |TAMS 0x00000006b7c00000| PB 0x00000006b7800000| Untracked 
| 223|0x00000006b7c00000, 0x00000006b8000000, 0x00000006b8000000|100%| O|  |TAMS 0x00000006b8000000| PB 0x00000006b7c00000| Untracked 
| 224|0x00000006b8000000, 0x00000006b8400000, 0x00000006b8400000|100%| O|  |TAMS 0x00000006b8400000| PB 0x00000006b8000000| Untracked 
| 225|0x00000006b8400000, 0x00000006b8800000, 0x00000006b8800000|100%| O|  |TAMS 0x00000006b8800000| PB 0x00000006b8400000| Untracked 
| 226|0x00000006b8800000, 0x00000006b8c00000, 0x00000006b8c00000|100%| O|  |TAMS 0x00000006b8c00000| PB 0x00000006b8800000| Untracked 
| 227|0x00000006b8c00000, 0x00000006b9000000, 0x00000006b9000000|100%| O|  |TAMS 0x00000006b9000000| PB 0x00000006b8c00000| Untracked 
| 228|0x00000006b9000000, 0x00000006b9400000, 0x00000006b9400000|100%| O|  |TAMS 0x00000006b9400000| PB 0x00000006b9000000| Untracked 
| 229|0x00000006b9400000, 0x00000006b9800000, 0x00000006b9800000|100%| O|  |TAMS 0x00000006b9800000| PB 0x00000006b9400000| Untracked 
| 230|0x00000006b9800000, 0x00000006b9c00000, 0x00000006b9c00000|100%| O|  |TAMS 0x00000006b9c00000| PB 0x00000006b9800000| Untracked 
| 231|0x00000006b9c00000, 0x00000006ba000000, 0x00000006ba000000|100%| O|  |TAMS 0x00000006ba000000| PB 0x00000006b9c00000| Untracked 
| 232|0x00000006ba000000, 0x00000006ba400000, 0x00000006ba400000|100%| O|  |TAMS 0x00000006ba400000| PB 0x00000006ba000000| Untracked 
| 233|0x00000006ba400000, 0x00000006ba800000, 0x00000006ba800000|100%| O|  |TAMS 0x00000006ba800000| PB 0x00000006ba400000| Untracked 
| 234|0x00000006ba800000, 0x00000006bac00000, 0x00000006bac00000|100%| O|  |TAMS 0x00000006bac00000| PB 0x00000006ba800000| Untracked 
| 235|0x00000006bac00000, 0x00000006bb000000, 0x00000006bb000000|100%| O|  |TAMS 0x00000006bb000000| PB 0x00000006bac00000| Untracked 
| 236|0x00000006bb000000, 0x00000006bb400000, 0x00000006bb400000|100%| O|  |TAMS 0x00000006bb400000| PB 0x00000006bb000000| Untracked 
| 237|0x00000006bb400000, 0x00000006bb800000, 0x00000006bb800000|100%| O|  |TAMS 0x00000006bb800000| PB 0x00000006bb400000| Untracked 
| 238|0x00000006bb800000, 0x00000006bbc00000, 0x00000006bbc00000|100%| O|  |TAMS 0x00000006bbc00000| PB 0x00000006bb800000| Untracked 
| 239|0x00000006bbc00000, 0x00000006bc000000, 0x00000006bc000000|100%| O|  |TAMS 0x00000006bc000000| PB 0x00000006bbc00000| Untracked 
| 240|0x00000006bc000000, 0x00000006bc400000, 0x00000006bc400000|100%| O|  |TAMS 0x00000006bc400000| PB 0x00000006bc000000| Untracked 
| 241|0x00000006bc400000, 0x00000006bc800000, 0x00000006bc800000|100%| O|  |TAMS 0x00000006bc800000| PB 0x00000006bc400000| Untracked 
| 242|0x00000006bc800000, 0x00000006bcc00000, 0x00000006bcc00000|100%| O|  |TAMS 0x00000006bcc00000| PB 0x00000006bc800000| Untracked 
| 243|0x00000006bcc00000, 0x00000006bd000000, 0x00000006bd000000|100%| O|  |TAMS 0x00000006bd000000| PB 0x00000006bcc00000| Untracked 
| 244|0x00000006bd000000, 0x00000006bd400000, 0x00000006bd400000|100%| O|  |TAMS 0x00000006bd400000| PB 0x00000006bd000000| Untracked 
| 245|0x00000006bd400000, 0x00000006bd800000, 0x00000006bd800000|100%| O|  |TAMS 0x00000006bd800000| PB 0x00000006bd400000| Untracked 
| 246|0x00000006bd800000, 0x00000006bdc00000, 0x00000006bdc00000|100%| O|  |TAMS 0x00000006bdc00000| PB 0x00000006bd800000| Untracked 
| 247|0x00000006bdc00000, 0x00000006be000000, 0x00000006be000000|100%| O|  |TAMS 0x00000006be000000| PB 0x00000006bdc00000| Untracked 
| 248|0x00000006be000000, 0x00000006be400000, 0x00000006be400000|100%| O|  |TAMS 0x00000006be400000| PB 0x00000006be000000| Untracked 
| 249|0x00000006be400000, 0x00000006be800000, 0x00000006be800000|100%| O|  |TAMS 0x00000006be800000| PB 0x00000006be400000| Untracked 
| 250|0x00000006be800000, 0x00000006bec00000, 0x00000006bec00000|100%| O|  |TAMS 0x00000006bec00000| PB 0x00000006be800000| Untracked 
| 251|0x00000006bec00000, 0x00000006bf000000, 0x00000006bf000000|100%| O|  |TAMS 0x00000006bf000000| PB 0x00000006bec00000| Untracked 
| 252|0x00000006bf000000, 0x00000006bf400000, 0x00000006bf400000|100%| O|  |TAMS 0x00000006bf400000| PB 0x00000006bf000000| Untracked 
| 253|0x00000006bf400000, 0x00000006bf800000, 0x00000006bf800000|100%| O|  |TAMS 0x00000006bf800000| PB 0x00000006bf400000| Untracked 
| 254|0x00000006bf800000, 0x00000006bfc00000, 0x00000006bfc00000|100%| O|  |TAMS 0x00000006bfc00000| PB 0x00000006bf800000| Untracked 
| 255|0x00000006bfc00000, 0x00000006c0000000, 0x00000006c0000000|100%| O|  |TAMS 0x00000006c0000000| PB 0x00000006bfc00000| Untracked 
| 256|0x00000006c0000000, 0x00000006c0400000, 0x00000006c0400000|100%| O|  |TAMS 0x00000006c0400000| PB 0x00000006c0000000| Untracked 
| 257|0x00000006c0400000, 0x00000006c0800000, 0x00000006c0800000|100%| O|  |TAMS 0x00000006c0800000| PB 0x00000006c0400000| Untracked 
| 258|0x00000006c0800000, 0x00000006c0c00000, 0x00000006c0c00000|100%| O|  |TAMS 0x00000006c0c00000| PB 0x00000006c0800000| Untracked 
| 259|0x00000006c0c00000, 0x00000006c1000000, 0x00000006c1000000|100%| O|  |TAMS 0x00000006c1000000| PB 0x00000006c0c00000| Untracked 
| 260|0x00000006c1000000, 0x00000006c1400000, 0x00000006c1400000|100%| O|  |TAMS 0x00000006c1400000| PB 0x00000006c1000000| Untracked 
| 261|0x00000006c1400000, 0x00000006c1800000, 0x00000006c1800000|100%| O|  |TAMS 0x00000006c1800000| PB 0x00000006c1400000| Untracked 
| 262|0x00000006c1800000, 0x00000006c1c00000, 0x00000006c1c00000|100%| O|  |TAMS 0x00000006c1c00000| PB 0x00000006c1800000| Untracked 
| 263|0x00000006c1c00000, 0x00000006c2000000, 0x00000006c2000000|100%| O|  |TAMS 0x00000006c2000000| PB 0x00000006c1c00000| Untracked 
| 264|0x00000006c2000000, 0x00000006c2400000, 0x00000006c2400000|100%| O|  |TAMS 0x00000006c2400000| PB 0x00000006c2000000| Untracked 
| 265|0x00000006c2400000, 0x00000006c2800000, 0x00000006c2800000|100%| O|  |TAMS 0x00000006c2800000| PB 0x00000006c2400000| Untracked 
| 266|0x00000006c2800000, 0x00000006c2c00000, 0x00000006c2c00000|100%| O|  |TAMS 0x00000006c2c00000| PB 0x00000006c2800000| Untracked 
| 267|0x00000006c2c00000, 0x00000006c3000000, 0x00000006c3000000|100%| O|  |TAMS 0x00000006c3000000| PB 0x00000006c2c00000| Untracked 
| 268|0x00000006c3000000, 0x00000006c3400000, 0x00000006c3400000|100%| O|  |TAMS 0x00000006c3400000| PB 0x00000006c3000000| Untracked 
| 269|0x00000006c3400000, 0x00000006c3800000, 0x00000006c3800000|100%| O|  |TAMS 0x00000006c3800000| PB 0x00000006c3400000| Untracked 
| 270|0x00000006c3800000, 0x00000006c3c00000, 0x00000006c3c00000|100%| O|  |TAMS 0x00000006c3c00000| PB 0x00000006c3800000| Untracked 
| 271|0x00000006c3c00000, 0x00000006c4000000, 0x00000006c4000000|100%| O|  |TAMS 0x00000006c4000000| PB 0x00000006c3c00000| Untracked 
| 272|0x00000006c4000000, 0x00000006c4400000, 0x00000006c4400000|100%| O|  |TAMS 0x00000006c4400000| PB 0x00000006c4000000| Untracked 
| 273|0x00000006c4400000, 0x00000006c4800000, 0x00000006c4800000|100%| O|  |TAMS 0x00000006c4800000| PB 0x00000006c4400000| Untracked 
| 274|0x00000006c4800000, 0x00000006c4c00000, 0x00000006c4c00000|100%| O|  |TAMS 0x00000006c4c00000| PB 0x00000006c4800000| Untracked 
| 275|0x00000006c4c00000, 0x00000006c5000000, 0x00000006c5000000|100%| O|  |TAMS 0x00000006c5000000| PB 0x00000006c4c00000| Untracked 
| 276|0x00000006c5000000, 0x00000006c5400000, 0x00000006c5400000|100%| O|  |TAMS 0x00000006c5400000| PB 0x00000006c5000000| Untracked 
| 277|0x00000006c5400000, 0x00000006c5800000, 0x00000006c5800000|100%| O|  |TAMS 0x00000006c5800000| PB 0x00000006c5400000| Untracked 
| 278|0x00000006c5800000, 0x00000006c5c00000, 0x00000006c5c00000|100%| O|  |TAMS 0x00000006c5c00000| PB 0x00000006c5800000| Untracked 
| 279|0x00000006c5c00000, 0x00000006c6000000, 0x00000006c6000000|100%| O|  |TAMS 0x00000006c6000000| PB 0x00000006c5c00000| Untracked 
| 280|0x00000006c6000000, 0x00000006c6400000, 0x00000006c6400000|100%|HS|  |TAMS 0x00000006c6400000| PB 0x00000006c6000000| Complete 
| 281|0x00000006c6400000, 0x00000006c6800000, 0x00000006c6800000|100%|HC|  |TAMS 0x00000006c6800000| PB 0x00000006c6400000| Complete 
| 282|0x00000006c6800000, 0x00000006c6c00000, 0x00000006c6c00000|100%| O|  |TAMS 0x00000006c6c00000| PB 0x00000006c6800000| Untracked 
| 283|0x00000006c6c00000, 0x00000006c7000000, 0x00000006c7000000|100%| O|  |TAMS 0x00000006c7000000| PB 0x00000006c6c00000| Untracked 
| 284|0x00000006c7000000, 0x00000006c7400000, 0x00000006c7400000|100%| O|  |TAMS 0x00000006c7400000| PB 0x00000006c7000000| Untracked 
| 285|0x00000006c7400000, 0x00000006c7800000, 0x00000006c7800000|100%| O|  |TAMS 0x00000006c7800000| PB 0x00000006c7400000| Untracked 
| 286|0x00000006c7800000, 0x00000006c7c00000, 0x00000006c7c00000|100%| O|  |TAMS 0x00000006c7c00000| PB 0x00000006c7800000| Untracked 
| 287|0x00000006c7c00000, 0x00000006c8000000, 0x00000006c8000000|100%| O|  |TAMS 0x00000006c8000000| PB 0x00000006c7c00000| Untracked 
| 288|0x00000006c8000000, 0x00000006c8400000, 0x00000006c8400000|100%| O|  |TAMS 0x00000006c8400000| PB 0x00000006c8000000| Untracked 
| 289|0x00000006c8400000, 0x00000006c8800000, 0x00000006c8800000|100%| O|  |TAMS 0x00000006c8800000| PB 0x00000006c8400000| Untracked 
| 290|0x00000006c8800000, 0x00000006c8c00000, 0x00000006c8c00000|100%| O|  |TAMS 0x00000006c8c00000| PB 0x00000006c8800000| Untracked 
| 291|0x00000006c8c00000, 0x00000006c9000000, 0x00000006c9000000|100%| O|  |TAMS 0x00000006c9000000| PB 0x00000006c8c00000| Untracked 
| 292|0x00000006c9000000, 0x00000006c9400000, 0x00000006c9400000|100%| O|  |TAMS 0x00000006c9000000| PB 0x00000006c9000000| Untracked 
| 293|0x00000006c9400000, 0x00000006c9800000, 0x00000006c9800000|100%| O|  |TAMS 0x00000006c9400000| PB 0x00000006c9400000| Untracked 
| 294|0x00000006c9800000, 0x00000006c9c00000, 0x00000006c9c00000|100%| O|  |TAMS 0x00000006c9800000| PB 0x00000006c9800000| Untracked 
| 295|0x00000006c9c00000, 0x00000006ca000000, 0x00000006ca000000|100%| O|  |TAMS 0x00000006c9c00000| PB 0x00000006c9c00000| Untracked 
| 296|0x00000006ca000000, 0x00000006ca400000, 0x00000006ca400000|100%| O|  |TAMS 0x00000006ca000000| PB 0x00000006ca000000| Untracked 
| 297|0x00000006ca400000, 0x00000006ca800000, 0x00000006ca800000|100%| O|  |TAMS 0x00000006ca400000| PB 0x00000006ca400000| Untracked 
| 298|0x00000006ca800000, 0x00000006cac00000, 0x00000006cac00000|100%| O|  |TAMS 0x00000006ca800000| PB 0x00000006ca800000| Untracked 
| 299|0x00000006cac00000, 0x00000006cac00000, 0x00000006cb000000|  0%| F|  |TAMS 0x00000006cac00000| PB 0x00000006cac00000| Untracked 
| 300|0x00000006cb000000, 0x00000006cb000000, 0x00000006cb400000|  0%| F|  |TAMS 0x00000006cb000000| PB 0x00000006cb000000| Untracked 
| 301|0x00000006cb400000, 0x00000006cb400000, 0x00000006cb800000|  0%| F|  |TAMS 0x00000006cb400000| PB 0x00000006cb400000| Untracked 
| 302|0x00000006cb800000, 0x00000006cb800000, 0x00000006cbc00000|  0%| F|  |TAMS 0x00000006cb800000| PB 0x00000006cb800000| Untracked 
| 303|0x00000006cbc00000, 0x00000006cbc00000, 0x00000006cc000000|  0%| F|  |TAMS 0x00000006cbc00000| PB 0x00000006cbc00000| Untracked 
| 304|0x00000006cc000000, 0x00000006cc000000, 0x00000006cc400000|  0%| F|  |TAMS 0x00000006cc000000| PB 0x00000006cc000000| Untracked 
| 305|0x00000006cc400000, 0x00000006cc400000, 0x00000006cc800000|  0%| F|  |TAMS 0x00000006cc400000| PB 0x00000006cc400000| Untracked 
| 306|0x00000006cc800000, 0x00000006cc800000, 0x00000006ccc00000|  0%| F|  |TAMS 0x00000006cc800000| PB 0x00000006cc800000| Untracked 
| 307|0x00000006ccc00000, 0x00000006ccc00000, 0x00000006cd000000|  0%| F|  |TAMS 0x00000006ccc00000| PB 0x00000006ccc00000| Untracked 
| 308|0x00000006cd000000, 0x00000006cd000000, 0x00000006cd400000|  0%| F|  |TAMS 0x00000006cd000000| PB 0x00000006cd000000| Untracked 
| 309|0x00000006cd400000, 0x00000006cd400000, 0x00000006cd800000|  0%| F|  |TAMS 0x00000006cd400000| PB 0x00000006cd400000| Untracked 
| 310|0x00000006cd800000, 0x00000006cd800000, 0x00000006cdc00000|  0%| F|  |TAMS 0x00000006cd800000| PB 0x00000006cd800000| Untracked 
| 311|0x00000006cdc00000, 0x00000006cdc00000, 0x00000006ce000000|  0%| F|  |TAMS 0x00000006cdc00000| PB 0x00000006cdc00000| Untracked 
| 312|0x00000006ce000000, 0x00000006ce000000, 0x00000006ce400000|  0%| F|  |TAMS 0x00000006ce000000| PB 0x00000006ce000000| Untracked 
| 313|0x00000006ce400000, 0x00000006ce400000, 0x00000006ce800000|  0%| F|  |TAMS 0x00000006ce400000| PB 0x00000006ce400000| Untracked 
| 314|0x00000006ce800000, 0x00000006ce800000, 0x00000006cec00000|  0%| F|  |TAMS 0x00000006ce800000| PB 0x00000006ce800000| Untracked 
| 315|0x00000006cec00000, 0x00000006cec00000, 0x00000006cf000000|  0%| F|  |TAMS 0x00000006cec00000| PB 0x00000006cec00000| Untracked 
| 316|0x00000006cf000000, 0x00000006cf000000, 0x00000006cf400000|  0%| F|  |TAMS 0x00000006cf000000| PB 0x00000006cf000000| Untracked 
| 317|0x00000006cf400000, 0x00000006cf400000, 0x00000006cf800000|  0%| F|  |TAMS 0x00000006cf400000| PB 0x00000006cf400000| Untracked 
| 318|0x00000006cf800000, 0x00000006cf800000, 0x00000006cfc00000|  0%| F|  |TAMS 0x00000006cf800000| PB 0x00000006cf800000| Untracked 
| 319|0x00000006cfc00000, 0x00000006cfc00000, 0x00000006d0000000|  0%| F|  |TAMS 0x00000006cfc00000| PB 0x00000006cfc00000| Untracked 
| 320|0x00000006d0000000, 0x00000006d0000000, 0x00000006d0400000|  0%| F|  |TAMS 0x00000006d0000000| PB 0x00000006d0000000| Untracked 
| 321|0x00000006d0400000, 0x00000006d0400000, 0x00000006d0800000|  0%| F|  |TAMS 0x00000006d0400000| PB 0x00000006d0400000| Untracked 
| 322|0x00000006d0800000, 0x00000006d0800000, 0x00000006d0c00000|  0%| F|  |TAMS 0x00000006d0800000| PB 0x00000006d0800000| Untracked 
| 323|0x00000006d0c00000, 0x00000006d0c00000, 0x00000006d1000000|  0%| F|  |TAMS 0x00000006d0c00000| PB 0x00000006d0c00000| Untracked 
| 324|0x00000006d1000000, 0x00000006d1000000, 0x00000006d1400000|  0%| F|  |TAMS 0x00000006d1000000| PB 0x00000006d1000000| Untracked 
| 325|0x00000006d1400000, 0x00000006d1400000, 0x00000006d1800000|  0%| F|  |TAMS 0x00000006d1400000| PB 0x00000006d1400000| Untracked 
| 326|0x00000006d1800000, 0x00000006d1800000, 0x00000006d1c00000|  0%| F|  |TAMS 0x00000006d1800000| PB 0x00000006d1800000| Untracked 
| 327|0x00000006d1c00000, 0x00000006d1c00000, 0x00000006d2000000|  0%| F|  |TAMS 0x00000006d1c00000| PB 0x00000006d1c00000| Untracked 
| 328|0x00000006d2000000, 0x00000006d2000000, 0x00000006d2400000|  0%| F|  |TAMS 0x00000006d2000000| PB 0x00000006d2000000| Untracked 
| 329|0x00000006d2400000, 0x00000006d2400000, 0x00000006d2800000|  0%| F|  |TAMS 0x00000006d2400000| PB 0x00000006d2400000| Untracked 
| 330|0x00000006d2800000, 0x00000006d2800000, 0x00000006d2c00000|  0%| F|  |TAMS 0x00000006d2800000| PB 0x00000006d2800000| Untracked 
| 331|0x00000006d2c00000, 0x00000006d2c00000, 0x00000006d3000000|  0%| F|  |TAMS 0x00000006d2c00000| PB 0x00000006d2c00000| Untracked 
| 332|0x00000006d3000000, 0x00000006d3000000, 0x00000006d3400000|  0%| F|  |TAMS 0x00000006d3000000| PB 0x00000006d3000000| Untracked 
| 333|0x00000006d3400000, 0x00000006d3400000, 0x00000006d3800000|  0%| F|  |TAMS 0x00000006d3400000| PB 0x00000006d3400000| Untracked 
| 334|0x00000006d3800000, 0x00000006d3800000, 0x00000006d3c00000|  0%| F|  |TAMS 0x00000006d3800000| PB 0x00000006d3800000| Untracked 
| 335|0x00000006d3c00000, 0x00000006d3c00000, 0x00000006d4000000|  0%| F|  |TAMS 0x00000006d3c00000| PB 0x00000006d3c00000| Untracked 
| 336|0x00000006d4000000, 0x00000006d4000000, 0x00000006d4400000|  0%| F|  |TAMS 0x00000006d4000000| PB 0x00000006d4000000| Untracked 
| 337|0x00000006d4400000, 0x00000006d4400000, 0x00000006d4800000|  0%| F|  |TAMS 0x00000006d4400000| PB 0x00000006d4400000| Untracked 
| 338|0x00000006d4800000, 0x00000006d4800000, 0x00000006d4c00000|  0%| F|  |TAMS 0x00000006d4800000| PB 0x00000006d4800000| Untracked 
| 339|0x00000006d4c00000, 0x00000006d4c00000, 0x00000006d5000000|  0%| F|  |TAMS 0x00000006d4c00000| PB 0x00000006d4c00000| Untracked 
| 340|0x00000006d5000000, 0x00000006d5000000, 0x00000006d5400000|  0%| F|  |TAMS 0x00000006d5000000| PB 0x00000006d5000000| Untracked 
| 341|0x00000006d5400000, 0x00000006d5400000, 0x00000006d5800000|  0%| F|  |TAMS 0x00000006d5400000| PB 0x00000006d5400000| Untracked 
| 342|0x00000006d5800000, 0x00000006d5800000, 0x00000006d5c00000|  0%| F|  |TAMS 0x00000006d5800000| PB 0x00000006d5800000| Untracked 
| 343|0x00000006d5c00000, 0x00000006d5c00000, 0x00000006d6000000|  0%| F|  |TAMS 0x00000006d5c00000| PB 0x00000006d5c00000| Untracked 
| 344|0x00000006d6000000, 0x00000006d6000000, 0x00000006d6400000|  0%| F|  |TAMS 0x00000006d6000000| PB 0x00000006d6000000| Untracked 
| 345|0x00000006d6400000, 0x00000006d6400000, 0x00000006d6800000|  0%| F|  |TAMS 0x00000006d6400000| PB 0x00000006d6400000| Untracked 
| 346|0x00000006d6800000, 0x00000006d6800000, 0x00000006d6c00000|  0%| F|  |TAMS 0x00000006d6800000| PB 0x00000006d6800000| Untracked 
| 347|0x00000006d6c00000, 0x00000006d6c00000, 0x00000006d7000000|  0%| F|  |TAMS 0x00000006d6c00000| PB 0x00000006d6c00000| Untracked 
| 348|0x00000006d7000000, 0x00000006d7000000, 0x00000006d7400000|  0%| F|  |TAMS 0x00000006d7000000| PB 0x00000006d7000000| Untracked 
| 349|0x00000006d7400000, 0x00000006d7400000, 0x00000006d7800000|  0%| F|  |TAMS 0x00000006d7400000| PB 0x00000006d7400000| Untracked 
| 350|0x00000006d7800000, 0x00000006d7800000, 0x00000006d7c00000|  0%| F|  |TAMS 0x00000006d7800000| PB 0x00000006d7800000| Untracked 
| 351|0x00000006d7c00000, 0x00000006d7c00000, 0x00000006d8000000|  0%| F|  |TAMS 0x00000006d7c00000| PB 0x00000006d7c00000| Untracked 
| 352|0x00000006d8000000, 0x00000006d8000000, 0x00000006d8400000|  0%| F|  |TAMS 0x00000006d8000000| PB 0x00000006d8000000| Untracked 
| 353|0x00000006d8400000, 0x00000006d8400000, 0x00000006d8800000|  0%| F|  |TAMS 0x00000006d8400000| PB 0x00000006d8400000| Untracked 
| 354|0x00000006d8800000, 0x00000006d8800000, 0x00000006d8c00000|  0%| F|  |TAMS 0x00000006d8800000| PB 0x00000006d8800000| Untracked 
| 355|0x00000006d8c00000, 0x00000006d8c00000, 0x00000006d9000000|  0%| F|  |TAMS 0x00000006d8c00000| PB 0x00000006d8c00000| Untracked 
| 356|0x00000006d9000000, 0x00000006d9000000, 0x00000006d9400000|  0%| F|  |TAMS 0x00000006d9000000| PB 0x00000006d9000000| Untracked 
| 357|0x00000006d9400000, 0x00000006d9400000, 0x00000006d9800000|  0%| F|  |TAMS 0x00000006d9400000| PB 0x00000006d9400000| Untracked 
| 358|0x00000006d9800000, 0x00000006d9800000, 0x00000006d9c00000|  0%| F|  |TAMS 0x00000006d9800000| PB 0x00000006d9800000| Untracked 
| 359|0x00000006d9c00000, 0x00000006d9c00000, 0x00000006da000000|  0%| F|  |TAMS 0x00000006d9c00000| PB 0x00000006d9c00000| Untracked 
| 360|0x00000006da000000, 0x00000006da000000, 0x00000006da400000|  0%| F|  |TAMS 0x00000006da000000| PB 0x00000006da000000| Untracked 
| 361|0x00000006da400000, 0x00000006da400000, 0x00000006da800000|  0%| F|  |TAMS 0x00000006da400000| PB 0x00000006da400000| Untracked 
| 362|0x00000006da800000, 0x00000006da800000, 0x00000006dac00000|  0%| F|  |TAMS 0x00000006da800000| PB 0x00000006da800000| Untracked 
| 363|0x00000006dac00000, 0x00000006dac00000, 0x00000006db000000|  0%| F|  |TAMS 0x00000006dac00000| PB 0x00000006dac00000| Untracked 
| 364|0x00000006db000000, 0x00000006db000000, 0x00000006db400000|  0%| F|  |TAMS 0x00000006db000000| PB 0x00000006db000000| Untracked 
| 365|0x00000006db400000, 0x00000006db400000, 0x00000006db800000|  0%| F|  |TAMS 0x00000006db400000| PB 0x00000006db400000| Untracked 
| 366|0x00000006db800000, 0x00000006db800000, 0x00000006dbc00000|  0%| F|  |TAMS 0x00000006db800000| PB 0x00000006db800000| Untracked 
| 367|0x00000006dbc00000, 0x00000006dbc00000, 0x00000006dc000000|  0%| F|  |TAMS 0x00000006dbc00000| PB 0x00000006dbc00000| Untracked 
| 368|0x00000006dc000000, 0x00000006dc000000, 0x00000006dc400000|  0%| F|  |TAMS 0x00000006dc000000| PB 0x00000006dc000000| Untracked 
| 369|0x00000006dc400000, 0x00000006dc400000, 0x00000006dc800000|  0%| F|  |TAMS 0x00000006dc400000| PB 0x00000006dc400000| Untracked 
| 370|0x00000006dc800000, 0x00000006dc800000, 0x00000006dcc00000|  0%| F|  |TAMS 0x00000006dc800000| PB 0x00000006dc800000| Untracked 
| 371|0x00000006dcc00000, 0x00000006dcc00000, 0x00000006dd000000|  0%| F|  |TAMS 0x00000006dcc00000| PB 0x00000006dcc00000| Untracked 
| 372|0x00000006dd000000, 0x00000006dd000000, 0x00000006dd400000|  0%| F|  |TAMS 0x00000006dd000000| PB 0x00000006dd000000| Untracked 
| 373|0x00000006dd400000, 0x00000006dd400000, 0x00000006dd800000|  0%| F|  |TAMS 0x00000006dd400000| PB 0x00000006dd400000| Untracked 
| 374|0x00000006dd800000, 0x00000006dd800000, 0x00000006ddc00000|  0%| F|  |TAMS 0x00000006dd800000| PB 0x00000006dd800000| Untracked 
| 375|0x00000006ddc00000, 0x00000006ddc00000, 0x00000006de000000|  0%| F|  |TAMS 0x00000006ddc00000| PB 0x00000006ddc00000| Untracked 
| 376|0x00000006de000000, 0x00000006de000000, 0x00000006de400000|  0%| F|  |TAMS 0x00000006de000000| PB 0x00000006de000000| Untracked 
| 377|0x00000006de400000, 0x00000006de400000, 0x00000006de800000|  0%| F|  |TAMS 0x00000006de400000| PB 0x00000006de400000| Untracked 
| 378|0x00000006de800000, 0x00000006de800000, 0x00000006dec00000|  0%| F|  |TAMS 0x00000006de800000| PB 0x00000006de800000| Untracked 
| 379|0x00000006dec00000, 0x00000006dec00000, 0x00000006df000000|  0%| F|  |TAMS 0x00000006dec00000| PB 0x00000006dec00000| Untracked 
| 380|0x00000006df000000, 0x00000006df000000, 0x00000006df400000|  0%| F|  |TAMS 0x00000006df000000| PB 0x00000006df000000| Untracked 
| 381|0x00000006df400000, 0x00000006df400000, 0x00000006df800000|  0%| F|  |TAMS 0x00000006df400000| PB 0x00000006df400000| Untracked 
| 382|0x00000006df800000, 0x00000006df800000, 0x00000006dfc00000|  0%| F|  |TAMS 0x00000006df800000| PB 0x00000006df800000| Untracked 
| 383|0x00000006dfc00000, 0x00000006dfc00000, 0x00000006e0000000|  0%| F|  |TAMS 0x00000006dfc00000| PB 0x00000006dfc00000| Untracked 
| 384|0x00000006e0000000, 0x00000006e0000000, 0x00000006e0400000|  0%| F|  |TAMS 0x00000006e0000000| PB 0x00000006e0000000| Untracked 
| 385|0x00000006e0400000, 0x00000006e0400000, 0x00000006e0800000|  0%| F|  |TAMS 0x00000006e0400000| PB 0x00000006e0400000| Untracked 
| 386|0x00000006e0800000, 0x00000006e0800000, 0x00000006e0c00000|  0%| F|  |TAMS 0x00000006e0800000| PB 0x00000006e0800000| Untracked 
| 387|0x00000006e0c00000, 0x00000006e0c00000, 0x00000006e1000000|  0%| F|  |TAMS 0x00000006e0c00000| PB 0x00000006e0c00000| Untracked 
| 388|0x00000006e1000000, 0x00000006e1000000, 0x00000006e1400000|  0%| F|  |TAMS 0x00000006e1000000| PB 0x00000006e1000000| Untracked 
| 389|0x00000006e1400000, 0x00000006e1400000, 0x00000006e1800000|  0%| F|  |TAMS 0x00000006e1400000| PB 0x00000006e1400000| Untracked 
| 390|0x00000006e1800000, 0x00000006e1800000, 0x00000006e1c00000|  0%| F|  |TAMS 0x00000006e1800000| PB 0x00000006e1800000| Untracked 
| 391|0x00000006e1c00000, 0x00000006e1c00000, 0x00000006e2000000|  0%| F|  |TAMS 0x00000006e1c00000| PB 0x00000006e1c00000| Untracked 
| 392|0x00000006e2000000, 0x00000006e2000000, 0x00000006e2400000|  0%| F|  |TAMS 0x00000006e2000000| PB 0x00000006e2000000| Untracked 
| 393|0x00000006e2400000, 0x00000006e2400000, 0x00000006e2800000|  0%| F|  |TAMS 0x00000006e2400000| PB 0x00000006e2400000| Untracked 
| 394|0x00000006e2800000, 0x00000006e2800000, 0x00000006e2c00000|  0%| F|  |TAMS 0x00000006e2800000| PB 0x00000006e2800000| Untracked 
| 395|0x00000006e2c00000, 0x00000006e2c00000, 0x00000006e3000000|  0%| F|  |TAMS 0x00000006e2c00000| PB 0x00000006e2c00000| Untracked 
| 396|0x00000006e3000000, 0x00000006e3000000, 0x00000006e3400000|  0%| F|  |TAMS 0x00000006e3000000| PB 0x00000006e3000000| Untracked 
| 397|0x00000006e3400000, 0x00000006e3400000, 0x00000006e3800000|  0%| F|  |TAMS 0x00000006e3400000| PB 0x00000006e3400000| Untracked 
| 398|0x00000006e3800000, 0x00000006e3800000, 0x00000006e3c00000|  0%| F|  |TAMS 0x00000006e3800000| PB 0x00000006e3800000| Untracked 
| 399|0x00000006e3c00000, 0x00000006e3c00000, 0x00000006e4000000|  0%| F|  |TAMS 0x00000006e3c00000| PB 0x00000006e3c00000| Untracked 
| 400|0x00000006e4000000, 0x00000006e4000000, 0x00000006e4400000|  0%| F|  |TAMS 0x00000006e4000000| PB 0x00000006e4000000| Untracked 
| 401|0x00000006e4400000, 0x00000006e4400000, 0x00000006e4800000|  0%| F|  |TAMS 0x00000006e4400000| PB 0x00000006e4400000| Untracked 
| 402|0x00000006e4800000, 0x00000006e4800000, 0x00000006e4c00000|  0%| F|  |TAMS 0x00000006e4800000| PB 0x00000006e4800000| Untracked 
| 403|0x00000006e4c00000, 0x00000006e4c00000, 0x00000006e5000000|  0%| F|  |TAMS 0x00000006e4c00000| PB 0x00000006e4c00000| Untracked 
| 404|0x00000006e5000000, 0x00000006e5000000, 0x00000006e5400000|  0%| F|  |TAMS 0x00000006e5000000| PB 0x00000006e5000000| Untracked 
| 405|0x00000006e5400000, 0x00000006e5400000, 0x00000006e5800000|  0%| F|  |TAMS 0x00000006e5400000| PB 0x00000006e5400000| Untracked 
| 406|0x00000006e5800000, 0x00000006e5800000, 0x00000006e5c00000|  0%| F|  |TAMS 0x00000006e5800000| PB 0x00000006e5800000| Untracked 
| 407|0x00000006e5c00000, 0x00000006e5c00000, 0x00000006e6000000|  0%| F|  |TAMS 0x00000006e5c00000| PB 0x00000006e5c00000| Untracked 
| 408|0x00000006e6000000, 0x00000006e6000000, 0x00000006e6400000|  0%| F|  |TAMS 0x00000006e6000000| PB 0x00000006e6000000| Untracked 
| 409|0x00000006e6400000, 0x00000006e6400000, 0x00000006e6800000|  0%| F|  |TAMS 0x00000006e6400000| PB 0x00000006e6400000| Untracked 
| 410|0x00000006e6800000, 0x00000006e6800000, 0x00000006e6c00000|  0%| F|  |TAMS 0x00000006e6800000| PB 0x00000006e6800000| Untracked 
| 411|0x00000006e6c00000, 0x00000006e6c00000, 0x00000006e7000000|  0%| F|  |TAMS 0x00000006e6c00000| PB 0x00000006e6c00000| Untracked 
| 412|0x00000006e7000000, 0x00000006e7000000, 0x00000006e7400000|  0%| F|  |TAMS 0x00000006e7000000| PB 0x00000006e7000000| Untracked 
| 413|0x00000006e7400000, 0x00000006e7400000, 0x00000006e7800000|  0%| F|  |TAMS 0x00000006e7400000| PB 0x00000006e7400000| Untracked 
| 414|0x00000006e7800000, 0x00000006e7800000, 0x00000006e7c00000|  0%| F|  |TAMS 0x00000006e7800000| PB 0x00000006e7800000| Untracked 
| 415|0x00000006e7c00000, 0x00000006e7c00000, 0x00000006e8000000|  0%| F|  |TAMS 0x00000006e7c00000| PB 0x00000006e7c00000| Untracked 
| 416|0x00000006e8000000, 0x00000006e8000000, 0x00000006e8400000|  0%| F|  |TAMS 0x00000006e8000000| PB 0x00000006e8000000| Untracked 
| 417|0x00000006e8400000, 0x00000006e8400000, 0x00000006e8800000|  0%| F|  |TAMS 0x00000006e8400000| PB 0x00000006e8400000| Untracked 
| 418|0x00000006e8800000, 0x00000006e8800000, 0x00000006e8c00000|  0%| F|  |TAMS 0x00000006e8800000| PB 0x00000006e8800000| Untracked 
| 419|0x00000006e8c00000, 0x00000006e8c00000, 0x00000006e9000000|  0%| F|  |TAMS 0x00000006e8c00000| PB 0x00000006e8c00000| Untracked 
| 420|0x00000006e9000000, 0x00000006e9000000, 0x00000006e9400000|  0%| F|  |TAMS 0x00000006e9000000| PB 0x00000006e9000000| Untracked 
| 421|0x00000006e9400000, 0x00000006e9400000, 0x00000006e9800000|  0%| F|  |TAMS 0x00000006e9400000| PB 0x00000006e9400000| Untracked 
| 422|0x00000006e9800000, 0x00000006e9800000, 0x00000006e9c00000|  0%| F|  |TAMS 0x00000006e9800000| PB 0x00000006e9800000| Untracked 
| 423|0x00000006e9c00000, 0x00000006e9c00000, 0x00000006ea000000|  0%| F|  |TAMS 0x00000006e9c00000| PB 0x00000006e9c00000| Untracked 
| 424|0x00000006ea000000, 0x00000006ea000000, 0x00000006ea400000|  0%| F|  |TAMS 0x00000006ea000000| PB 0x00000006ea000000| Untracked 
| 425|0x00000006ea400000, 0x00000006ea400000, 0x00000006ea800000|  0%| F|  |TAMS 0x00000006ea400000| PB 0x00000006ea400000| Untracked 
| 426|0x00000006ea800000, 0x00000006ea800000, 0x00000006eac00000|  0%| F|  |TAMS 0x00000006ea800000| PB 0x00000006ea800000| Untracked 
| 427|0x00000006eac00000, 0x00000006eac00000, 0x00000006eb000000|  0%| F|  |TAMS 0x00000006eac00000| PB 0x00000006eac00000| Untracked 
| 428|0x00000006eb000000, 0x00000006eb000000, 0x00000006eb400000|  0%| F|  |TAMS 0x00000006eb000000| PB 0x00000006eb000000| Untracked 
| 429|0x00000006eb400000, 0x00000006eb400000, 0x00000006eb800000|  0%| F|  |TAMS 0x00000006eb400000| PB 0x00000006eb400000| Untracked 
| 430|0x00000006eb800000, 0x00000006eb800000, 0x00000006ebc00000|  0%| F|  |TAMS 0x00000006eb800000| PB 0x00000006eb800000| Untracked 
| 431|0x00000006ebc00000, 0x00000006ebc00000, 0x00000006ec000000|  0%| F|  |TAMS 0x00000006ebc00000| PB 0x00000006ebc00000| Untracked 
| 432|0x00000006ec000000, 0x00000006ec000000, 0x00000006ec400000|  0%| F|  |TAMS 0x00000006ec000000| PB 0x00000006ec000000| Untracked 
| 433|0x00000006ec400000, 0x00000006ec400000, 0x00000006ec800000|  0%| F|  |TAMS 0x00000006ec400000| PB 0x00000006ec400000| Untracked 
| 434|0x00000006ec800000, 0x00000006ec800000, 0x00000006ecc00000|  0%| F|  |TAMS 0x00000006ec800000| PB 0x00000006ec800000| Untracked 
| 435|0x00000006ecc00000, 0x00000006ecc00000, 0x00000006ed000000|  0%| F|  |TAMS 0x00000006ecc00000| PB 0x00000006ecc00000| Untracked 
| 436|0x00000006ed000000, 0x00000006ed000000, 0x00000006ed400000|  0%| F|  |TAMS 0x00000006ed000000| PB 0x00000006ed000000| Untracked 
| 437|0x00000006ed400000, 0x00000006ed400000, 0x00000006ed800000|  0%| F|  |TAMS 0x00000006ed400000| PB 0x00000006ed400000| Untracked 
| 438|0x00000006ed800000, 0x00000006ed800000, 0x00000006edc00000|  0%| F|  |TAMS 0x00000006ed800000| PB 0x00000006ed800000| Untracked 
| 439|0x00000006edc00000, 0x00000006edc00000, 0x00000006ee000000|  0%| F|  |TAMS 0x00000006edc00000| PB 0x00000006edc00000| Untracked 
| 440|0x00000006ee000000, 0x00000006ee000000, 0x00000006ee400000|  0%| F|  |TAMS 0x00000006ee000000| PB 0x00000006ee000000| Untracked 
| 441|0x00000006ee400000, 0x00000006ee400000, 0x00000006ee800000|  0%| F|  |TAMS 0x00000006ee400000| PB 0x00000006ee400000| Untracked 
| 442|0x00000006ee800000, 0x00000006ee800000, 0x00000006eec00000|  0%| F|  |TAMS 0x00000006ee800000| PB 0x00000006ee800000| Untracked 
| 443|0x00000006eec00000, 0x00000006eec00000, 0x00000006ef000000|  0%| F|  |TAMS 0x00000006eec00000| PB 0x00000006eec00000| Untracked 
| 444|0x00000006ef000000, 0x00000006ef000000, 0x00000006ef400000|  0%| F|  |TAMS 0x00000006ef000000| PB 0x00000006ef000000| Untracked 
| 445|0x00000006ef400000, 0x00000006ef400000, 0x00000006ef800000|  0%| F|  |TAMS 0x00000006ef400000| PB 0x00000006ef400000| Untracked 
| 446|0x00000006ef800000, 0x00000006ef800000, 0x00000006efc00000|  0%| F|  |TAMS 0x00000006ef800000| PB 0x00000006ef800000| Untracked 
| 447|0x00000006efc00000, 0x00000006efc00000, 0x00000006f0000000|  0%| F|  |TAMS 0x00000006efc00000| PB 0x00000006efc00000| Untracked 
| 448|0x00000006f0000000, 0x00000006f0000000, 0x00000006f0400000|  0%| F|  |TAMS 0x00000006f0000000| PB 0x00000006f0000000| Untracked 
| 449|0x00000006f0400000, 0x00000006f0400000, 0x00000006f0800000|  0%| F|  |TAMS 0x00000006f0400000| PB 0x00000006f0400000| Untracked 
| 450|0x00000006f0800000, 0x00000006f0800000, 0x00000006f0c00000|  0%| F|  |TAMS 0x00000006f0800000| PB 0x00000006f0800000| Untracked 
| 451|0x00000006f0c00000, 0x00000006f0c00000, 0x00000006f1000000|  0%| F|  |TAMS 0x00000006f0c00000| PB 0x00000006f0c00000| Untracked 
| 452|0x00000006f1000000, 0x00000006f1000000, 0x00000006f1400000|  0%| F|  |TAMS 0x00000006f1000000| PB 0x00000006f1000000| Untracked 
| 453|0x00000006f1400000, 0x00000006f1400000, 0x00000006f1800000|  0%| F|  |TAMS 0x00000006f1400000| PB 0x00000006f1400000| Untracked 
| 454|0x00000006f1800000, 0x00000006f1800000, 0x00000006f1c00000|  0%| F|  |TAMS 0x00000006f1800000| PB 0x00000006f1800000| Untracked 
| 455|0x00000006f1c00000, 0x00000006f1c00000, 0x00000006f2000000|  0%| F|  |TAMS 0x00000006f1c00000| PB 0x00000006f1c00000| Untracked 
| 456|0x00000006f2000000, 0x00000006f2000000, 0x00000006f2400000|  0%| F|  |TAMS 0x00000006f2000000| PB 0x00000006f2000000| Untracked 
| 457|0x00000006f2400000, 0x00000006f2400000, 0x00000006f2800000|  0%| F|  |TAMS 0x00000006f2400000| PB 0x00000006f2400000| Untracked 
| 458|0x00000006f2800000, 0x00000006f2800000, 0x00000006f2c00000|  0%| F|  |TAMS 0x00000006f2800000| PB 0x00000006f2800000| Untracked 
| 459|0x00000006f2c00000, 0x00000006f2c00000, 0x00000006f3000000|  0%| F|  |TAMS 0x00000006f2c00000| PB 0x00000006f2c00000| Untracked 
| 460|0x00000006f3000000, 0x00000006f3000000, 0x00000006f3400000|  0%| F|  |TAMS 0x00000006f3000000| PB 0x00000006f3000000| Untracked 
| 461|0x00000006f3400000, 0x00000006f3400000, 0x00000006f3800000|  0%| F|  |TAMS 0x00000006f3400000| PB 0x00000006f3400000| Untracked 
| 462|0x00000006f3800000, 0x00000006f3800000, 0x00000006f3c00000|  0%| F|  |TAMS 0x00000006f3800000| PB 0x00000006f3800000| Untracked 
| 463|0x00000006f3c00000, 0x00000006f3c00000, 0x00000006f4000000|  0%| F|  |TAMS 0x00000006f3c00000| PB 0x00000006f3c00000| Untracked 
| 464|0x00000006f4000000, 0x00000006f4000000, 0x00000006f4400000|  0%| F|  |TAMS 0x00000006f4000000| PB 0x00000006f4000000| Untracked 
| 465|0x00000006f4400000, 0x00000006f4400000, 0x00000006f4800000|  0%| F|  |TAMS 0x00000006f4400000| PB 0x00000006f4400000| Untracked 
| 466|0x00000006f4800000, 0x00000006f4800000, 0x00000006f4c00000|  0%| F|  |TAMS 0x00000006f4800000| PB 0x00000006f4800000| Untracked 
| 467|0x00000006f4c00000, 0x00000006f4c00000, 0x00000006f5000000|  0%| F|  |TAMS 0x00000006f4c00000| PB 0x00000006f4c00000| Untracked 
| 468|0x00000006f5000000, 0x00000006f5000000, 0x00000006f5400000|  0%| F|  |TAMS 0x00000006f5000000| PB 0x00000006f5000000| Untracked 
| 469|0x00000006f5400000, 0x00000006f5400000, 0x00000006f5800000|  0%| F|  |TAMS 0x00000006f5400000| PB 0x00000006f5400000| Untracked 
| 470|0x00000006f5800000, 0x00000006f5800000, 0x00000006f5c00000|  0%| F|  |TAMS 0x00000006f5800000| PB 0x00000006f5800000| Untracked 
| 471|0x00000006f5c00000, 0x00000006f5c00000, 0x00000006f6000000|  0%| F|  |TAMS 0x00000006f5c00000| PB 0x00000006f5c00000| Untracked 
| 472|0x00000006f6000000, 0x00000006f6000000, 0x00000006f6400000|  0%| F|  |TAMS 0x00000006f6000000| PB 0x00000006f6000000| Untracked 
| 473|0x00000006f6400000, 0x00000006f6400000, 0x00000006f6800000|  0%| F|  |TAMS 0x00000006f6400000| PB 0x00000006f6400000| Untracked 
| 474|0x00000006f6800000, 0x00000006f6800000, 0x00000006f6c00000|  0%| F|  |TAMS 0x00000006f6800000| PB 0x00000006f6800000| Untracked 
| 475|0x00000006f6c00000, 0x00000006f6c00000, 0x00000006f7000000|  0%| F|  |TAMS 0x00000006f6c00000| PB 0x00000006f6c00000| Untracked 
| 476|0x00000006f7000000, 0x00000006f7000000, 0x00000006f7400000|  0%| F|  |TAMS 0x00000006f7000000| PB 0x00000006f7000000| Untracked 
| 477|0x00000006f7400000, 0x00000006f7400000, 0x00000006f7800000|  0%| F|  |TAMS 0x00000006f7400000| PB 0x00000006f7400000| Untracked 
| 478|0x00000006f7800000, 0x00000006f7800000, 0x00000006f7c00000|  0%| F|  |TAMS 0x00000006f7800000| PB 0x00000006f7800000| Untracked 
| 479|0x00000006f7c00000, 0x00000006f7c00000, 0x00000006f8000000|  0%| F|  |TAMS 0x00000006f7c00000| PB 0x00000006f7c00000| Untracked 
| 480|0x00000006f8000000, 0x00000006f8000000, 0x00000006f8400000|  0%| F|  |TAMS 0x00000006f8000000| PB 0x00000006f8000000| Untracked 
| 481|0x00000006f8400000, 0x00000006f8400000, 0x00000006f8800000|  0%| F|  |TAMS 0x00000006f8400000| PB 0x00000006f8400000| Untracked 
| 482|0x00000006f8800000, 0x00000006f8800000, 0x00000006f8c00000|  0%| F|  |TAMS 0x00000006f8800000| PB 0x00000006f8800000| Untracked 
| 483|0x00000006f8c00000, 0x00000006f8c00000, 0x00000006f9000000|  0%| F|  |TAMS 0x00000006f8c00000| PB 0x00000006f8c00000| Untracked 
| 484|0x00000006f9000000, 0x00000006f9000000, 0x00000006f9400000|  0%| F|  |TAMS 0x00000006f9000000| PB 0x00000006f9000000| Untracked 
| 485|0x00000006f9400000, 0x00000006f9400000, 0x00000006f9800000|  0%| F|  |TAMS 0x00000006f9400000| PB 0x00000006f9400000| Untracked 
| 486|0x00000006f9800000, 0x00000006f9800000, 0x00000006f9c00000|  0%| F|  |TAMS 0x00000006f9800000| PB 0x00000006f9800000| Untracked 
| 487|0x00000006f9c00000, 0x00000006f9c00000, 0x00000006fa000000|  0%| F|  |TAMS 0x00000006f9c00000| PB 0x00000006f9c00000| Untracked 
| 488|0x00000006fa000000, 0x00000006fa000000, 0x00000006fa400000|  0%| F|  |TAMS 0x00000006fa000000| PB 0x00000006fa000000| Untracked 
| 489|0x00000006fa400000, 0x00000006fa400000, 0x00000006fa800000|  0%| F|  |TAMS 0x00000006fa400000| PB 0x00000006fa400000| Untracked 
| 490|0x00000006fa800000, 0x00000006fa800000, 0x00000006fac00000|  0%| F|  |TAMS 0x00000006fa800000| PB 0x00000006fa800000| Untracked 
| 491|0x00000006fac00000, 0x00000006fac00000, 0x00000006fb000000|  0%| F|  |TAMS 0x00000006fac00000| PB 0x00000006fac00000| Untracked 
| 492|0x00000006fb000000, 0x00000006fb000000, 0x00000006fb400000|  0%| F|  |TAMS 0x00000006fb000000| PB 0x00000006fb000000| Untracked 
| 493|0x00000006fb400000, 0x00000006fb400000, 0x00000006fb800000|  0%| F|  |TAMS 0x00000006fb400000| PB 0x00000006fb400000| Untracked 
| 494|0x00000006fb800000, 0x00000006fb800000, 0x00000006fbc00000|  0%| F|  |TAMS 0x00000006fb800000| PB 0x00000006fb800000| Untracked 
| 495|0x00000006fbc00000, 0x00000006fbc00000, 0x00000006fc000000|  0%| F|  |TAMS 0x00000006fbc00000| PB 0x00000006fbc00000| Untracked 
| 496|0x00000006fc000000, 0x00000006fc000000, 0x00000006fc400000|  0%| F|  |TAMS 0x00000006fc000000| PB 0x00000006fc000000| Untracked 
| 497|0x00000006fc400000, 0x00000006fc400000, 0x00000006fc800000|  0%| F|  |TAMS 0x00000006fc400000| PB 0x00000006fc400000| Untracked 
| 498|0x00000006fc800000, 0x00000006fc800000, 0x00000006fcc00000|  0%| F|  |TAMS 0x00000006fc800000| PB 0x00000006fc800000| Untracked 
| 499|0x00000006fcc00000, 0x00000006fcc00000, 0x00000006fd000000|  0%| F|  |TAMS 0x00000006fcc00000| PB 0x00000006fcc00000| Untracked 
| 500|0x00000006fd000000, 0x00000006fd000000, 0x00000006fd400000|  0%| F|  |TAMS 0x00000006fd000000| PB 0x00000006fd000000| Untracked 
| 501|0x00000006fd400000, 0x00000006fd400000, 0x00000006fd800000|  0%| F|  |TAMS 0x00000006fd400000| PB 0x00000006fd400000| Untracked 
| 502|0x00000006fd800000, 0x00000006fd800000, 0x00000006fdc00000|  0%| F|  |TAMS 0x00000006fd800000| PB 0x00000006fd800000| Untracked 
| 503|0x00000006fdc00000, 0x00000006fdc00000, 0x00000006fe000000|  0%| F|  |TAMS 0x00000006fdc00000| PB 0x00000006fdc00000| Untracked 
| 504|0x00000006fe000000, 0x00000006fe000000, 0x00000006fe400000|  0%| F|  |TAMS 0x00000006fe000000| PB 0x00000006fe000000| Untracked 
| 505|0x00000006fe400000, 0x00000006fe400000, 0x00000006fe800000|  0%| F|  |TAMS 0x00000006fe400000| PB 0x00000006fe400000| Untracked 
| 506|0x00000006fe800000, 0x00000006fe800000, 0x00000006fec00000|  0%| F|  |TAMS 0x00000006fe800000| PB 0x00000006fe800000| Untracked 
| 507|0x00000006fec00000, 0x00000006fec00000, 0x00000006ff000000|  0%| F|  |TAMS 0x00000006fec00000| PB 0x00000006fec00000| Untracked 
| 508|0x00000006ff000000, 0x00000006ff000000, 0x00000006ff400000|  0%| F|  |TAMS 0x00000006ff000000| PB 0x00000006ff000000| Untracked 
| 509|0x00000006ff400000, 0x00000006ff400000, 0x00000006ff800000|  0%| F|  |TAMS 0x00000006ff400000| PB 0x00000006ff400000| Untracked 
| 510|0x00000006ff800000, 0x00000006ff800000, 0x00000006ffc00000|  0%| F|  |TAMS 0x00000006ff800000| PB 0x00000006ff800000| Untracked 
| 511|0x00000006ffc00000, 0x00000006ffc00000, 0x0000000700000000|  0%| F|  |TAMS 0x00000006ffc00000| PB 0x00000006ffc00000| Untracked 
| 512|0x0000000700000000, 0x0000000700000000, 0x0000000700400000|  0%| F|  |TAMS 0x0000000700000000| PB 0x0000000700000000| Untracked 
| 513|0x0000000700400000, 0x0000000700400000, 0x0000000700800000|  0%| F|  |TAMS 0x0000000700400000| PB 0x0000000700400000| Untracked 
| 514|0x0000000700800000, 0x0000000700800000, 0x0000000700c00000|  0%| F|  |TAMS 0x0000000700800000| PB 0x0000000700800000| Untracked 
| 515|0x0000000700c00000, 0x0000000700c00000, 0x0000000701000000|  0%| F|  |TAMS 0x0000000700c00000| PB 0x0000000700c00000| Untracked 
| 516|0x0000000701000000, 0x0000000701000000, 0x0000000701400000|  0%| F|  |TAMS 0x0000000701000000| PB 0x0000000701000000| Untracked 
| 517|0x0000000701400000, 0x0000000701400000, 0x0000000701800000|  0%| F|  |TAMS 0x0000000701400000| PB 0x0000000701400000| Untracked 
| 518|0x0000000701800000, 0x0000000701800000, 0x0000000701c00000|  0%| F|  |TAMS 0x0000000701800000| PB 0x0000000701800000| Untracked 
| 519|0x0000000701c00000, 0x0000000701c00000, 0x0000000702000000|  0%| F|  |TAMS 0x0000000701c00000| PB 0x0000000701c00000| Untracked 
| 520|0x0000000702000000, 0x0000000702000000, 0x0000000702400000|  0%| F|  |TAMS 0x0000000702000000| PB 0x0000000702000000| Untracked 
| 521|0x0000000702400000, 0x0000000702400000, 0x0000000702800000|  0%| F|  |TAMS 0x0000000702400000| PB 0x0000000702400000| Untracked 
| 522|0x0000000702800000, 0x0000000702800000, 0x0000000702c00000|  0%| F|  |TAMS 0x0000000702800000| PB 0x0000000702800000| Untracked 
| 523|0x0000000702c00000, 0x0000000702c00000, 0x0000000703000000|  0%| F|  |TAMS 0x0000000702c00000| PB 0x0000000702c00000| Untracked 
| 524|0x0000000703000000, 0x0000000703000000, 0x0000000703400000|  0%| F|  |TAMS 0x0000000703000000| PB 0x0000000703000000| Untracked 
| 525|0x0000000703400000, 0x0000000703400000, 0x0000000703800000|  0%| F|  |TAMS 0x0000000703400000| PB 0x0000000703400000| Untracked 
| 526|0x0000000703800000, 0x0000000703800000, 0x0000000703c00000|  0%| F|  |TAMS 0x0000000703800000| PB 0x0000000703800000| Untracked 
| 527|0x0000000703c00000, 0x0000000703c00000, 0x0000000704000000|  0%| F|  |TAMS 0x0000000703c00000| PB 0x0000000703c00000| Untracked 
| 528|0x0000000704000000, 0x0000000704000000, 0x0000000704400000|  0%| F|  |TAMS 0x0000000704000000| PB 0x0000000704000000| Untracked 
| 529|0x0000000704400000, 0x0000000704400000, 0x0000000704800000|  0%| F|  |TAMS 0x0000000704400000| PB 0x0000000704400000| Untracked 
| 530|0x0000000704800000, 0x0000000704800000, 0x0000000704c00000|  0%| F|  |TAMS 0x0000000704800000| PB 0x0000000704800000| Untracked 
| 531|0x0000000704c00000, 0x0000000704c00000, 0x0000000705000000|  0%| F|  |TAMS 0x0000000704c00000| PB 0x0000000704c00000| Untracked 
| 532|0x0000000705000000, 0x0000000705000000, 0x0000000705400000|  0%| F|  |TAMS 0x0000000705000000| PB 0x0000000705000000| Untracked 
| 533|0x0000000705400000, 0x0000000705400000, 0x0000000705800000|  0%| F|  |TAMS 0x0000000705400000| PB 0x0000000705400000| Untracked 
| 534|0x0000000705800000, 0x0000000705800000, 0x0000000705c00000|  0%| F|  |TAMS 0x0000000705800000| PB 0x0000000705800000| Untracked 
| 535|0x0000000705c00000, 0x0000000705c00000, 0x0000000706000000|  0%| F|  |TAMS 0x0000000705c00000| PB 0x0000000705c00000| Untracked 
| 536|0x0000000706000000, 0x0000000706000000, 0x0000000706400000|  0%| F|  |TAMS 0x0000000706000000| PB 0x0000000706000000| Untracked 
| 537|0x0000000706400000, 0x0000000706400000, 0x0000000706800000|  0%| F|  |TAMS 0x0000000706400000| PB 0x0000000706400000| Untracked 
| 538|0x0000000706800000, 0x0000000706800000, 0x0000000706c00000|  0%| F|  |TAMS 0x0000000706800000| PB 0x0000000706800000| Untracked 
| 539|0x0000000706c00000, 0x0000000706c00000, 0x0000000707000000|  0%| F|  |TAMS 0x0000000706c00000| PB 0x0000000706c00000| Untracked 
| 540|0x0000000707000000, 0x0000000707000000, 0x0000000707400000|  0%| F|  |TAMS 0x0000000707000000| PB 0x0000000707000000| Untracked 
| 541|0x0000000707400000, 0x0000000707400000, 0x0000000707800000|  0%| F|  |TAMS 0x0000000707400000| PB 0x0000000707400000| Untracked 
| 542|0x0000000707800000, 0x0000000707800000, 0x0000000707c00000|  0%| F|  |TAMS 0x0000000707800000| PB 0x0000000707800000| Untracked 
| 543|0x0000000707c00000, 0x0000000707c00000, 0x0000000708000000|  0%| F|  |TAMS 0x0000000707c00000| PB 0x0000000707c00000| Untracked 
| 544|0x0000000708000000, 0x0000000708000000, 0x0000000708400000|  0%| F|  |TAMS 0x0000000708000000| PB 0x0000000708000000| Untracked 
| 545|0x0000000708400000, 0x0000000708400000, 0x0000000708800000|  0%| F|  |TAMS 0x0000000708400000| PB 0x0000000708400000| Untracked 
| 546|0x0000000708800000, 0x0000000708800000, 0x0000000708c00000|  0%| F|  |TAMS 0x0000000708800000| PB 0x0000000708800000| Untracked 
| 547|0x0000000708c00000, 0x0000000708c00000, 0x0000000709000000|  0%| F|  |TAMS 0x0000000708c00000| PB 0x0000000708c00000| Untracked 
| 548|0x0000000709000000, 0x0000000709000000, 0x0000000709400000|  0%| F|  |TAMS 0x0000000709000000| PB 0x0000000709000000| Untracked 
| 549|0x0000000709400000, 0x0000000709400000, 0x0000000709800000|  0%| F|  |TAMS 0x0000000709400000| PB 0x0000000709400000| Untracked 
| 550|0x0000000709800000, 0x0000000709800000, 0x0000000709c00000|  0%| F|  |TAMS 0x0000000709800000| PB 0x0000000709800000| Untracked 
| 551|0x0000000709c00000, 0x0000000709c00000, 0x000000070a000000|  0%| F|  |TAMS 0x0000000709c00000| PB 0x0000000709c00000| Untracked 
| 552|0x000000070a000000, 0x000000070a000000, 0x000000070a400000|  0%| F|  |TAMS 0x000000070a000000| PB 0x000000070a000000| Untracked 
| 553|0x000000070a400000, 0x000000070a400000, 0x000000070a800000|  0%| F|  |TAMS 0x000000070a400000| PB 0x000000070a400000| Untracked 
| 554|0x000000070a800000, 0x000000070a800000, 0x000000070ac00000|  0%| F|  |TAMS 0x000000070a800000| PB 0x000000070a800000| Untracked 
| 555|0x000000070ac00000, 0x000000070ac00000, 0x000000070b000000|  0%| F|  |TAMS 0x000000070ac00000| PB 0x000000070ac00000| Untracked 
| 556|0x000000070b000000, 0x000000070b000000, 0x000000070b400000|  0%| F|  |TAMS 0x000000070b000000| PB 0x000000070b000000| Untracked 
| 557|0x000000070b400000, 0x000000070b400000, 0x000000070b800000|  0%| F|  |TAMS 0x000000070b400000| PB 0x000000070b400000| Untracked 
| 558|0x000000070b800000, 0x000000070b800000, 0x000000070bc00000|  0%| F|  |TAMS 0x000000070b800000| PB 0x000000070b800000| Untracked 
| 559|0x000000070bc00000, 0x000000070bc00000, 0x000000070c000000|  0%| F|  |TAMS 0x000000070bc00000| PB 0x000000070bc00000| Untracked 
| 560|0x000000070c000000, 0x000000070c000000, 0x000000070c400000|  0%| F|  |TAMS 0x000000070c000000| PB 0x000000070c000000| Untracked 
| 561|0x000000070c400000, 0x000000070c400000, 0x000000070c800000|  0%| F|  |TAMS 0x000000070c400000| PB 0x000000070c400000| Untracked 
| 562|0x000000070c800000, 0x000000070c800000, 0x000000070cc00000|  0%| F|  |TAMS 0x000000070c800000| PB 0x000000070c800000| Untracked 
| 563|0x000000070cc00000, 0x000000070cc00000, 0x000000070d000000|  0%| F|  |TAMS 0x000000070cc00000| PB 0x000000070cc00000| Untracked 
| 564|0x000000070d000000, 0x000000070d000000, 0x000000070d400000|  0%| F|  |TAMS 0x000000070d000000| PB 0x000000070d000000| Untracked 
| 565|0x000000070d400000, 0x000000070d400000, 0x000000070d800000|  0%| F|  |TAMS 0x000000070d400000| PB 0x000000070d400000| Untracked 
| 566|0x000000070d800000, 0x000000070d800000, 0x000000070dc00000|  0%| F|  |TAMS 0x000000070d800000| PB 0x000000070d800000| Untracked 
| 567|0x000000070dc00000, 0x000000070dc00000, 0x000000070e000000|  0%| F|  |TAMS 0x000000070dc00000| PB 0x000000070dc00000| Untracked 
| 568|0x000000070e000000, 0x000000070e000000, 0x000000070e400000|  0%| F|  |TAMS 0x000000070e000000| PB 0x000000070e000000| Untracked 
| 569|0x000000070e400000, 0x000000070e400000, 0x000000070e800000|  0%| F|  |TAMS 0x000000070e400000| PB 0x000000070e400000| Untracked 
| 570|0x000000070e800000, 0x000000070e800000, 0x000000070ec00000|  0%| F|  |TAMS 0x000000070e800000| PB 0x000000070e800000| Untracked 
| 571|0x000000070ec00000, 0x000000070ec00000, 0x000000070f000000|  0%| F|  |TAMS 0x000000070ec00000| PB 0x000000070ec00000| Untracked 
| 572|0x000000070f000000, 0x000000070f000000, 0x000000070f400000|  0%| F|  |TAMS 0x000000070f000000| PB 0x000000070f000000| Untracked 
| 573|0x000000070f400000, 0x000000070f400000, 0x000000070f800000|  0%| F|  |TAMS 0x000000070f400000| PB 0x000000070f400000| Untracked 
| 574|0x000000070f800000, 0x000000070f800000, 0x000000070fc00000|  0%| F|  |TAMS 0x000000070f800000| PB 0x000000070f800000| Untracked 
| 575|0x000000070fc00000, 0x000000070fc00000, 0x0000000710000000|  0%| F|  |TAMS 0x000000070fc00000| PB 0x000000070fc00000| Untracked 
| 576|0x0000000710000000, 0x0000000710000000, 0x0000000710400000|  0%| F|  |TAMS 0x0000000710000000| PB 0x0000000710000000| Untracked 
| 577|0x0000000710400000, 0x0000000710400000, 0x0000000710800000|  0%| F|  |TAMS 0x0000000710400000| PB 0x0000000710400000| Untracked 
| 578|0x0000000710800000, 0x0000000710800000, 0x0000000710c00000|  0%| F|  |TAMS 0x0000000710800000| PB 0x0000000710800000| Untracked 
| 579|0x0000000710c00000, 0x0000000710c00000, 0x0000000711000000|  0%| F|  |TAMS 0x0000000710c00000| PB 0x0000000710c00000| Untracked 
| 580|0x0000000711000000, 0x0000000711000000, 0x0000000711400000|  0%| F|  |TAMS 0x0000000711000000| PB 0x0000000711000000| Untracked 
| 581|0x0000000711400000, 0x0000000711400000, 0x0000000711800000|  0%| F|  |TAMS 0x0000000711400000| PB 0x0000000711400000| Untracked 
| 582|0x0000000711800000, 0x0000000711800000, 0x0000000711c00000|  0%| F|  |TAMS 0x0000000711800000| PB 0x0000000711800000| Untracked 
| 583|0x0000000711c00000, 0x0000000711c00000, 0x0000000712000000|  0%| F|  |TAMS 0x0000000711c00000| PB 0x0000000711c00000| Untracked 
| 584|0x0000000712000000, 0x0000000712000000, 0x0000000712400000|  0%| F|  |TAMS 0x0000000712000000| PB 0x0000000712000000| Untracked 
| 585|0x0000000712400000, 0x0000000712400000, 0x0000000712800000|  0%| F|  |TAMS 0x0000000712400000| PB 0x0000000712400000| Untracked 
| 586|0x0000000712800000, 0x0000000712800000, 0x0000000712c00000|  0%| F|  |TAMS 0x0000000712800000| PB 0x0000000712800000| Untracked 
| 587|0x0000000712c00000, 0x0000000712c00000, 0x0000000713000000|  0%| F|  |TAMS 0x0000000712c00000| PB 0x0000000712c00000| Untracked 
| 588|0x0000000713000000, 0x0000000713000000, 0x0000000713400000|  0%| F|  |TAMS 0x0000000713000000| PB 0x0000000713000000| Untracked 
| 589|0x0000000713400000, 0x0000000713400000, 0x0000000713800000|  0%| F|  |TAMS 0x0000000713400000| PB 0x0000000713400000| Untracked 
| 590|0x0000000713800000, 0x0000000713800000, 0x0000000713c00000|  0%| F|  |TAMS 0x0000000713800000| PB 0x0000000713800000| Untracked 
| 591|0x0000000713c00000, 0x0000000713c00000, 0x0000000714000000|  0%| F|  |TAMS 0x0000000713c00000| PB 0x0000000713c00000| Untracked 
| 592|0x0000000714000000, 0x0000000714000000, 0x0000000714400000|  0%| F|  |TAMS 0x0000000714000000| PB 0x0000000714000000| Untracked 
| 593|0x0000000714400000, 0x0000000714400000, 0x0000000714800000|  0%| F|  |TAMS 0x0000000714400000| PB 0x0000000714400000| Untracked 
| 594|0x0000000714800000, 0x0000000714800000, 0x0000000714c00000|  0%| F|  |TAMS 0x0000000714800000| PB 0x0000000714800000| Untracked 
| 595|0x0000000714c00000, 0x0000000714c00000, 0x0000000715000000|  0%| F|  |TAMS 0x0000000714c00000| PB 0x0000000714c00000| Untracked 
| 596|0x0000000715000000, 0x0000000715000000, 0x0000000715400000|  0%| F|  |TAMS 0x0000000715000000| PB 0x0000000715000000| Untracked 
| 597|0x0000000715400000, 0x0000000715400000, 0x0000000715800000|  0%| F|  |TAMS 0x0000000715400000| PB 0x0000000715400000| Untracked 
| 598|0x0000000715800000, 0x0000000715800000, 0x0000000715c00000|  0%| F|  |TAMS 0x0000000715800000| PB 0x0000000715800000| Untracked 
| 599|0x0000000715c00000, 0x0000000715c00000, 0x0000000716000000|  0%| F|  |TAMS 0x0000000715c00000| PB 0x0000000715c00000| Untracked 
| 600|0x0000000716000000, 0x0000000716000000, 0x0000000716400000|  0%| F|  |TAMS 0x0000000716000000| PB 0x0000000716000000| Untracked 
| 601|0x0000000716400000, 0x0000000716400000, 0x0000000716800000|  0%| F|  |TAMS 0x0000000716400000| PB 0x0000000716400000| Untracked 
| 602|0x0000000716800000, 0x0000000716800000, 0x0000000716c00000|  0%| F|  |TAMS 0x0000000716800000| PB 0x0000000716800000| Untracked 
| 603|0x0000000716c00000, 0x0000000716c00000, 0x0000000717000000|  0%| F|  |TAMS 0x0000000716c00000| PB 0x0000000716c00000| Untracked 
| 604|0x0000000717000000, 0x0000000717000000, 0x0000000717400000|  0%| F|  |TAMS 0x0000000717000000| PB 0x0000000717000000| Untracked 
| 605|0x0000000717400000, 0x0000000717400000, 0x0000000717800000|  0%| F|  |TAMS 0x0000000717400000| PB 0x0000000717400000| Untracked 
| 606|0x0000000717800000, 0x0000000717800000, 0x0000000717c00000|  0%| F|  |TAMS 0x0000000717800000| PB 0x0000000717800000| Untracked 
| 607|0x0000000717c00000, 0x0000000717c00000, 0x0000000718000000|  0%| F|  |TAMS 0x0000000717c00000| PB 0x0000000717c00000| Untracked 
| 608|0x0000000718000000, 0x0000000718000000, 0x0000000718400000|  0%| F|  |TAMS 0x0000000718000000| PB 0x0000000718000000| Untracked 
| 609|0x0000000718400000, 0x0000000718400000, 0x0000000718800000|  0%| F|  |TAMS 0x0000000718400000| PB 0x0000000718400000| Untracked 
| 610|0x0000000718800000, 0x0000000718800000, 0x0000000718c00000|  0%| F|  |TAMS 0x0000000718800000| PB 0x0000000718800000| Untracked 
| 611|0x0000000718c00000, 0x0000000718c00000, 0x0000000719000000|  0%| F|  |TAMS 0x0000000718c00000| PB 0x0000000718c00000| Untracked 
| 612|0x0000000719000000, 0x0000000719000000, 0x0000000719400000|  0%| F|  |TAMS 0x0000000719000000| PB 0x0000000719000000| Untracked 
| 613|0x0000000719400000, 0x0000000719400000, 0x0000000719800000|  0%| F|  |TAMS 0x0000000719400000| PB 0x0000000719400000| Untracked 
| 614|0x0000000719800000, 0x0000000719800000, 0x0000000719c00000|  0%| F|  |TAMS 0x0000000719800000| PB 0x0000000719800000| Untracked 
| 615|0x0000000719c00000, 0x0000000719c00000, 0x000000071a000000|  0%| F|  |TAMS 0x0000000719c00000| PB 0x0000000719c00000| Untracked 
| 616|0x000000071a000000, 0x000000071a000000, 0x000000071a400000|  0%| F|  |TAMS 0x000000071a000000| PB 0x000000071a000000| Untracked 
| 617|0x000000071a400000, 0x000000071a400000, 0x000000071a800000|  0%| F|  |TAMS 0x000000071a400000| PB 0x000000071a400000| Untracked 
| 618|0x000000071a800000, 0x000000071a800000, 0x000000071ac00000|  0%| F|  |TAMS 0x000000071a800000| PB 0x000000071a800000| Untracked 
| 619|0x000000071ac00000, 0x000000071ac00000, 0x000000071b000000|  0%| F|  |TAMS 0x000000071ac00000| PB 0x000000071ac00000| Untracked 
| 620|0x000000071b000000, 0x000000071b000000, 0x000000071b400000|  0%| F|  |TAMS 0x000000071b000000| PB 0x000000071b000000| Untracked 
| 621|0x000000071b400000, 0x000000071b400000, 0x000000071b800000|  0%| F|  |TAMS 0x000000071b400000| PB 0x000000071b400000| Untracked 
| 622|0x000000071b800000, 0x000000071b800000, 0x000000071bc00000|  0%| F|  |TAMS 0x000000071b800000| PB 0x000000071b800000| Untracked 
| 623|0x000000071bc00000, 0x000000071bc00000, 0x000000071c000000|  0%| F|  |TAMS 0x000000071bc00000| PB 0x000000071bc00000| Untracked 
| 624|0x000000071c000000, 0x000000071c000000, 0x000000071c400000|  0%| F|  |TAMS 0x000000071c000000| PB 0x000000071c000000| Untracked 
| 625|0x000000071c400000, 0x000000071c400000, 0x000000071c800000|  0%| F|  |TAMS 0x000000071c400000| PB 0x000000071c400000| Untracked 
| 626|0x000000071c800000, 0x000000071c800000, 0x000000071cc00000|  0%| F|  |TAMS 0x000000071c800000| PB 0x000000071c800000| Untracked 
| 627|0x000000071cc00000, 0x000000071cc00000, 0x000000071d000000|  0%| F|  |TAMS 0x000000071cc00000| PB 0x000000071cc00000| Untracked 
| 628|0x000000071d000000, 0x000000071d000000, 0x000000071d400000|  0%| F|  |TAMS 0x000000071d000000| PB 0x000000071d000000| Untracked 
| 629|0x000000071d400000, 0x000000071d400000, 0x000000071d800000|  0%| F|  |TAMS 0x000000071d400000| PB 0x000000071d400000| Untracked 
| 630|0x000000071d800000, 0x000000071d800000, 0x000000071dc00000|  0%| F|  |TAMS 0x000000071d800000| PB 0x000000071d800000| Untracked 
| 631|0x000000071dc00000, 0x000000071dc00000, 0x000000071e000000|  0%| F|  |TAMS 0x000000071dc00000| PB 0x000000071dc00000| Untracked 
| 632|0x000000071e000000, 0x000000071e000000, 0x000000071e400000|  0%| F|  |TAMS 0x000000071e000000| PB 0x000000071e000000| Untracked 
| 633|0x000000071e400000, 0x000000071e400000, 0x000000071e800000|  0%| F|  |TAMS 0x000000071e400000| PB 0x000000071e400000| Untracked 
| 634|0x000000071e800000, 0x000000071e800000, 0x000000071ec00000|  0%| F|  |TAMS 0x000000071e800000| PB 0x000000071e800000| Untracked 
| 635|0x000000071ec00000, 0x000000071ec00000, 0x000000071f000000|  0%| F|  |TAMS 0x000000071ec00000| PB 0x000000071ec00000| Untracked 
| 636|0x000000071f000000, 0x000000071f000000, 0x000000071f400000|  0%| F|  |TAMS 0x000000071f000000| PB 0x000000071f000000| Untracked 
| 637|0x000000071f400000, 0x000000071f400000, 0x000000071f800000|  0%| F|  |TAMS 0x000000071f400000| PB 0x000000071f400000| Untracked 
| 638|0x000000071f800000, 0x000000071f800000, 0x000000071fc00000|  0%| F|  |TAMS 0x000000071f800000| PB 0x000000071f800000| Untracked 
| 639|0x000000071fc00000, 0x000000071fc00000, 0x0000000720000000|  0%| F|  |TAMS 0x000000071fc00000| PB 0x000000071fc00000| Untracked 
| 640|0x0000000720000000, 0x0000000720000000, 0x0000000720400000|  0%| F|  |TAMS 0x0000000720000000| PB 0x0000000720000000| Untracked 
| 641|0x0000000720400000, 0x0000000720400000, 0x0000000720800000|  0%| F|  |TAMS 0x0000000720400000| PB 0x0000000720400000| Untracked 
| 642|0x0000000720800000, 0x0000000720800000, 0x0000000720c00000|  0%| F|  |TAMS 0x0000000720800000| PB 0x0000000720800000| Untracked 
| 643|0x0000000720c00000, 0x0000000720c00000, 0x0000000721000000|  0%| F|  |TAMS 0x0000000720c00000| PB 0x0000000720c00000| Untracked 
| 644|0x0000000721000000, 0x0000000721000000, 0x0000000721400000|  0%| F|  |TAMS 0x0000000721000000| PB 0x0000000721000000| Untracked 
| 645|0x0000000721400000, 0x0000000721400000, 0x0000000721800000|  0%| F|  |TAMS 0x0000000721400000| PB 0x0000000721400000| Untracked 
| 646|0x0000000721800000, 0x0000000721800000, 0x0000000721c00000|  0%| F|  |TAMS 0x0000000721800000| PB 0x0000000721800000| Untracked 
| 647|0x0000000721c00000, 0x0000000721c00000, 0x0000000722000000|  0%| F|  |TAMS 0x0000000721c00000| PB 0x0000000721c00000| Untracked 
| 648|0x0000000722000000, 0x0000000722000000, 0x0000000722400000|  0%| F|  |TAMS 0x0000000722000000| PB 0x0000000722000000| Untracked 
| 649|0x0000000722400000, 0x0000000722400000, 0x0000000722800000|  0%| F|  |TAMS 0x0000000722400000| PB 0x0000000722400000| Untracked 
| 650|0x0000000722800000, 0x0000000722800000, 0x0000000722c00000|  0%| F|  |TAMS 0x0000000722800000| PB 0x0000000722800000| Untracked 
| 651|0x0000000722c00000, 0x0000000722c00000, 0x0000000723000000|  0%| F|  |TAMS 0x0000000722c00000| PB 0x0000000722c00000| Untracked 
| 652|0x0000000723000000, 0x0000000723000000, 0x0000000723400000|  0%| F|  |TAMS 0x0000000723000000| PB 0x0000000723000000| Untracked 
| 653|0x0000000723400000, 0x0000000723400000, 0x0000000723800000|  0%| F|  |TAMS 0x0000000723400000| PB 0x0000000723400000| Untracked 
| 654|0x0000000723800000, 0x0000000723800000, 0x0000000723c00000|  0%| F|  |TAMS 0x0000000723800000| PB 0x0000000723800000| Untracked 
| 655|0x0000000723c00000, 0x0000000723c00000, 0x0000000724000000|  0%| F|  |TAMS 0x0000000723c00000| PB 0x0000000723c00000| Untracked 
| 656|0x0000000724000000, 0x0000000724000000, 0x0000000724400000|  0%| F|  |TAMS 0x0000000724000000| PB 0x0000000724000000| Untracked 
| 657|0x0000000724400000, 0x0000000724400000, 0x0000000724800000|  0%| F|  |TAMS 0x0000000724400000| PB 0x0000000724400000| Untracked 
| 658|0x0000000724800000, 0x0000000724800000, 0x0000000724c00000|  0%| F|  |TAMS 0x0000000724800000| PB 0x0000000724800000| Untracked 
| 659|0x0000000724c00000, 0x0000000724c00000, 0x0000000725000000|  0%| F|  |TAMS 0x0000000724c00000| PB 0x0000000724c00000| Untracked 
| 660|0x0000000725000000, 0x0000000725000000, 0x0000000725400000|  0%| F|  |TAMS 0x0000000725000000| PB 0x0000000725000000| Untracked 
| 661|0x0000000725400000, 0x0000000725400000, 0x0000000725800000|  0%| F|  |TAMS 0x0000000725400000| PB 0x0000000725400000| Untracked 
| 662|0x0000000725800000, 0x0000000725800000, 0x0000000725c00000|  0%| F|  |TAMS 0x0000000725800000| PB 0x0000000725800000| Untracked 
| 663|0x0000000725c00000, 0x0000000725c00000, 0x0000000726000000|  0%| F|  |TAMS 0x0000000725c00000| PB 0x0000000725c00000| Untracked 
| 664|0x0000000726000000, 0x0000000726000000, 0x0000000726400000|  0%| F|  |TAMS 0x0000000726000000| PB 0x0000000726000000| Untracked 
| 665|0x0000000726400000, 0x0000000726400000, 0x0000000726800000|  0%| F|  |TAMS 0x0000000726400000| PB 0x0000000726400000| Untracked 
| 666|0x0000000726800000, 0x0000000726800000, 0x0000000726c00000|  0%| F|  |TAMS 0x0000000726800000| PB 0x0000000726800000| Untracked 
| 667|0x0000000726c00000, 0x0000000726c00000, 0x0000000727000000|  0%| F|  |TAMS 0x0000000726c00000| PB 0x0000000726c00000| Untracked 
| 668|0x0000000727000000, 0x0000000727000000, 0x0000000727400000|  0%| F|  |TAMS 0x0000000727000000| PB 0x0000000727000000| Untracked 
| 669|0x0000000727400000, 0x0000000727400000, 0x0000000727800000|  0%| F|  |TAMS 0x0000000727400000| PB 0x0000000727400000| Untracked 
| 670|0x0000000727800000, 0x0000000727800000, 0x0000000727c00000|  0%| F|  |TAMS 0x0000000727800000| PB 0x0000000727800000| Untracked 
| 671|0x0000000727c00000, 0x0000000727c00000, 0x0000000728000000|  0%| F|  |TAMS 0x0000000727c00000| PB 0x0000000727c00000| Untracked 
| 672|0x0000000728000000, 0x0000000728000000, 0x0000000728400000|  0%| F|  |TAMS 0x0000000728000000| PB 0x0000000728000000| Untracked 
| 673|0x0000000728400000, 0x0000000728400000, 0x0000000728800000|  0%| F|  |TAMS 0x0000000728400000| PB 0x0000000728400000| Untracked 
| 674|0x0000000728800000, 0x0000000728800000, 0x0000000728c00000|  0%| F|  |TAMS 0x0000000728800000| PB 0x0000000728800000| Untracked 
| 675|0x0000000728c00000, 0x0000000728c00000, 0x0000000729000000|  0%| F|  |TAMS 0x0000000728c00000| PB 0x0000000728c00000| Untracked 
| 676|0x0000000729000000, 0x0000000729000000, 0x0000000729400000|  0%| F|  |TAMS 0x0000000729000000| PB 0x0000000729000000| Untracked 
| 677|0x0000000729400000, 0x0000000729400000, 0x0000000729800000|  0%| F|  |TAMS 0x0000000729400000| PB 0x0000000729400000| Untracked 
| 678|0x0000000729800000, 0x0000000729800000, 0x0000000729c00000|  0%| F|  |TAMS 0x0000000729800000| PB 0x0000000729800000| Untracked 
| 679|0x0000000729c00000, 0x0000000729c00000, 0x000000072a000000|  0%| F|  |TAMS 0x0000000729c00000| PB 0x0000000729c00000| Untracked 
| 680|0x000000072a000000, 0x000000072a000000, 0x000000072a400000|  0%| F|  |TAMS 0x000000072a000000| PB 0x000000072a000000| Untracked 
| 681|0x000000072a400000, 0x000000072a400000, 0x000000072a800000|  0%| F|  |TAMS 0x000000072a400000| PB 0x000000072a400000| Untracked 
| 682|0x000000072a800000, 0x000000072a800000, 0x000000072ac00000|  0%| F|  |TAMS 0x000000072a800000| PB 0x000000072a800000| Untracked 
| 683|0x000000072ac00000, 0x000000072ac00000, 0x000000072b000000|  0%| F|  |TAMS 0x000000072ac00000| PB 0x000000072ac00000| Untracked 
| 684|0x000000072b000000, 0x000000072b000000, 0x000000072b400000|  0%| F|  |TAMS 0x000000072b000000| PB 0x000000072b000000| Untracked 
| 685|0x000000072b400000, 0x000000072b400000, 0x000000072b800000|  0%| F|  |TAMS 0x000000072b400000| PB 0x000000072b400000| Untracked 
| 686|0x000000072b800000, 0x000000072b800000, 0x000000072bc00000|  0%| F|  |TAMS 0x000000072b800000| PB 0x000000072b800000| Untracked 
| 687|0x000000072bc00000, 0x000000072bc00000, 0x000000072c000000|  0%| F|  |TAMS 0x000000072bc00000| PB 0x000000072bc00000| Untracked 
| 688|0x000000072c000000, 0x000000072c000000, 0x000000072c400000|  0%| F|  |TAMS 0x000000072c000000| PB 0x000000072c000000| Untracked 
| 689|0x000000072c400000, 0x000000072c400000, 0x000000072c800000|  0%| F|  |TAMS 0x000000072c400000| PB 0x000000072c400000| Untracked 
| 690|0x000000072c800000, 0x000000072c800000, 0x000000072cc00000|  0%| F|  |TAMS 0x000000072c800000| PB 0x000000072c800000| Untracked 
| 691|0x000000072cc00000, 0x000000072cc00000, 0x000000072d000000|  0%| F|  |TAMS 0x000000072cc00000| PB 0x000000072cc00000| Untracked 
| 692|0x000000072d000000, 0x000000072d000000, 0x000000072d400000|  0%| F|  |TAMS 0x000000072d000000| PB 0x000000072d000000| Untracked 
| 693|0x000000072d400000, 0x000000072d400000, 0x000000072d800000|  0%| F|  |TAMS 0x000000072d400000| PB 0x000000072d400000| Untracked 
| 694|0x000000072d800000, 0x000000072d800000, 0x000000072dc00000|  0%| F|  |TAMS 0x000000072d800000| PB 0x000000072d800000| Untracked 
| 695|0x000000072dc00000, 0x000000072dc00000, 0x000000072e000000|  0%| F|  |TAMS 0x000000072dc00000| PB 0x000000072dc00000| Untracked 
| 696|0x000000072e000000, 0x000000072e000000, 0x000000072e400000|  0%| F|  |TAMS 0x000000072e000000| PB 0x000000072e000000| Untracked 
| 697|0x000000072e400000, 0x000000072e400000, 0x000000072e800000|  0%| F|  |TAMS 0x000000072e400000| PB 0x000000072e400000| Untracked 
| 698|0x000000072e800000, 0x000000072e800000, 0x000000072ec00000|  0%| F|  |TAMS 0x000000072e800000| PB 0x000000072e800000| Untracked 
| 699|0x000000072ec00000, 0x000000072ec00000, 0x000000072f000000|  0%| F|  |TAMS 0x000000072ec00000| PB 0x000000072ec00000| Untracked 
| 700|0x000000072f000000, 0x000000072f000000, 0x000000072f400000|  0%| F|  |TAMS 0x000000072f000000| PB 0x000000072f000000| Untracked 
| 701|0x000000072f400000, 0x000000072f400000, 0x000000072f800000|  0%| F|  |TAMS 0x000000072f400000| PB 0x000000072f400000| Untracked 
| 702|0x000000072f800000, 0x000000072f800000, 0x000000072fc00000|  0%| F|  |TAMS 0x000000072f800000| PB 0x000000072f800000| Untracked 
| 703|0x000000072fc00000, 0x000000072fc00000, 0x0000000730000000|  0%| F|  |TAMS 0x000000072fc00000| PB 0x000000072fc00000| Untracked 
| 704|0x0000000730000000, 0x0000000730000000, 0x0000000730400000|  0%| F|  |TAMS 0x0000000730000000| PB 0x0000000730000000| Untracked 
| 705|0x0000000730400000, 0x0000000730400000, 0x0000000730800000|  0%| F|  |TAMS 0x0000000730400000| PB 0x0000000730400000| Untracked 
| 706|0x0000000730800000, 0x0000000730800000, 0x0000000730c00000|  0%| F|  |TAMS 0x0000000730800000| PB 0x0000000730800000| Untracked 
| 707|0x0000000730c00000, 0x0000000730c00000, 0x0000000731000000|  0%| F|  |TAMS 0x0000000730c00000| PB 0x0000000730c00000| Untracked 
| 708|0x0000000731000000, 0x0000000731000000, 0x0000000731400000|  0%| F|  |TAMS 0x0000000731000000| PB 0x0000000731000000| Untracked 
| 709|0x0000000731400000, 0x0000000731400000, 0x0000000731800000|  0%| F|  |TAMS 0x0000000731400000| PB 0x0000000731400000| Untracked 
| 710|0x0000000731800000, 0x0000000731800000, 0x0000000731c00000|  0%| F|  |TAMS 0x0000000731800000| PB 0x0000000731800000| Untracked 
| 711|0x0000000731c00000, 0x0000000731c00000, 0x0000000732000000|  0%| F|  |TAMS 0x0000000731c00000| PB 0x0000000731c00000| Untracked 
| 712|0x0000000732000000, 0x0000000732000000, 0x0000000732400000|  0%| F|  |TAMS 0x0000000732000000| PB 0x0000000732000000| Untracked 
| 713|0x0000000732400000, 0x0000000732400000, 0x0000000732800000|  0%| F|  |TAMS 0x0000000732400000| PB 0x0000000732400000| Untracked 
| 714|0x0000000732800000, 0x0000000732800000, 0x0000000732c00000|  0%| F|  |TAMS 0x0000000732800000| PB 0x0000000732800000| Untracked 
| 715|0x0000000732c00000, 0x0000000732c00000, 0x0000000733000000|  0%| F|  |TAMS 0x0000000732c00000| PB 0x0000000732c00000| Untracked 
| 716|0x0000000733000000, 0x0000000733000000, 0x0000000733400000|  0%| F|  |TAMS 0x0000000733000000| PB 0x0000000733000000| Untracked 
| 717|0x0000000733400000, 0x0000000733400000, 0x0000000733800000|  0%| F|  |TAMS 0x0000000733400000| PB 0x0000000733400000| Untracked 
| 718|0x0000000733800000, 0x0000000733800000, 0x0000000733c00000|  0%| F|  |TAMS 0x0000000733800000| PB 0x0000000733800000| Untracked 
| 719|0x0000000733c00000, 0x0000000733c00000, 0x0000000734000000|  0%| F|  |TAMS 0x0000000733c00000| PB 0x0000000733c00000| Untracked 
| 720|0x0000000734000000, 0x0000000734000000, 0x0000000734400000|  0%| F|  |TAMS 0x0000000734000000| PB 0x0000000734000000| Untracked 
| 721|0x0000000734400000, 0x0000000734400000, 0x0000000734800000|  0%| F|  |TAMS 0x0000000734400000| PB 0x0000000734400000| Untracked 
| 722|0x0000000734800000, 0x0000000734800000, 0x0000000734c00000|  0%| F|  |TAMS 0x0000000734800000| PB 0x0000000734800000| Untracked 
| 723|0x0000000734c00000, 0x0000000734c00000, 0x0000000735000000|  0%| F|  |TAMS 0x0000000734c00000| PB 0x0000000734c00000| Untracked 
| 724|0x0000000735000000, 0x0000000735000000, 0x0000000735400000|  0%| F|  |TAMS 0x0000000735000000| PB 0x0000000735000000| Untracked 
| 725|0x0000000735400000, 0x0000000735400000, 0x0000000735800000|  0%| F|  |TAMS 0x0000000735400000| PB 0x0000000735400000| Untracked 
| 726|0x0000000735800000, 0x0000000735800000, 0x0000000735c00000|  0%| F|  |TAMS 0x0000000735800000| PB 0x0000000735800000| Untracked 
| 727|0x0000000735c00000, 0x0000000735c00000, 0x0000000736000000|  0%| F|  |TAMS 0x0000000735c00000| PB 0x0000000735c00000| Untracked 
| 728|0x0000000736000000, 0x0000000736000000, 0x0000000736400000|  0%| F|  |TAMS 0x0000000736000000| PB 0x0000000736000000| Untracked 
| 729|0x0000000736400000, 0x0000000736400000, 0x0000000736800000|  0%| F|  |TAMS 0x0000000736400000| PB 0x0000000736400000| Untracked 
| 730|0x0000000736800000, 0x0000000736800000, 0x0000000736c00000|  0%| F|  |TAMS 0x0000000736800000| PB 0x0000000736800000| Untracked 
| 731|0x0000000736c00000, 0x0000000736c00000, 0x0000000737000000|  0%| F|  |TAMS 0x0000000736c00000| PB 0x0000000736c00000| Untracked 
| 732|0x0000000737000000, 0x0000000737000000, 0x0000000737400000|  0%| F|  |TAMS 0x0000000737000000| PB 0x0000000737000000| Untracked 
| 733|0x0000000737400000, 0x0000000737400000, 0x0000000737800000|  0%| F|  |TAMS 0x0000000737400000| PB 0x0000000737400000| Untracked 
| 734|0x0000000737800000, 0x0000000737800000, 0x0000000737c00000|  0%| F|  |TAMS 0x0000000737800000| PB 0x0000000737800000| Untracked 
| 735|0x0000000737c00000, 0x0000000737c00000, 0x0000000738000000|  0%| F|  |TAMS 0x0000000737c00000| PB 0x0000000737c00000| Untracked 
| 736|0x0000000738000000, 0x0000000738000000, 0x0000000738400000|  0%| F|  |TAMS 0x0000000738000000| PB 0x0000000738000000| Untracked 
| 737|0x0000000738400000, 0x0000000738400000, 0x0000000738800000|  0%| F|  |TAMS 0x0000000738400000| PB 0x0000000738400000| Untracked 
| 738|0x0000000738800000, 0x0000000738800000, 0x0000000738c00000|  0%| F|  |TAMS 0x0000000738800000| PB 0x0000000738800000| Untracked 
| 739|0x0000000738c00000, 0x0000000738c00000, 0x0000000739000000|  0%| F|  |TAMS 0x0000000738c00000| PB 0x0000000738c00000| Untracked 
| 740|0x0000000739000000, 0x0000000739000000, 0x0000000739400000|  0%| F|  |TAMS 0x0000000739000000| PB 0x0000000739000000| Untracked 
| 741|0x0000000739400000, 0x0000000739400000, 0x0000000739800000|  0%| F|  |TAMS 0x0000000739400000| PB 0x0000000739400000| Untracked 
| 742|0x0000000739800000, 0x0000000739800000, 0x0000000739c00000|  0%| F|  |TAMS 0x0000000739800000| PB 0x0000000739800000| Untracked 
| 743|0x0000000739c00000, 0x0000000739c00000, 0x000000073a000000|  0%| F|  |TAMS 0x0000000739c00000| PB 0x0000000739c00000| Untracked 
| 744|0x000000073a000000, 0x000000073a000000, 0x000000073a400000|  0%| F|  |TAMS 0x000000073a000000| PB 0x000000073a000000| Untracked 
| 745|0x000000073a400000, 0x000000073a400000, 0x000000073a800000|  0%| F|  |TAMS 0x000000073a400000| PB 0x000000073a400000| Untracked 
| 746|0x000000073a800000, 0x000000073a800000, 0x000000073ac00000|  0%| F|  |TAMS 0x000000073a800000| PB 0x000000073a800000| Untracked 
| 747|0x000000073ac00000, 0x000000073ac00000, 0x000000073b000000|  0%| F|  |TAMS 0x000000073ac00000| PB 0x000000073ac00000| Untracked 
| 748|0x000000073b000000, 0x000000073b000000, 0x000000073b400000|  0%| F|  |TAMS 0x000000073b000000| PB 0x000000073b000000| Untracked 
| 749|0x000000073b400000, 0x000000073b400000, 0x000000073b800000|  0%| F|  |TAMS 0x000000073b400000| PB 0x000000073b400000| Untracked 
| 750|0x000000073b800000, 0x000000073b800000, 0x000000073bc00000|  0%| F|  |TAMS 0x000000073b800000| PB 0x000000073b800000| Untracked 
| 751|0x000000073bc00000, 0x000000073bc00000, 0x000000073c000000|  0%| F|  |TAMS 0x000000073bc00000| PB 0x000000073bc00000| Untracked 
| 752|0x000000073c000000, 0x000000073c000000, 0x000000073c400000|  0%| F|  |TAMS 0x000000073c000000| PB 0x000000073c000000| Untracked 
| 753|0x000000073c400000, 0x000000073c400000, 0x000000073c800000|  0%| F|  |TAMS 0x000000073c400000| PB 0x000000073c400000| Untracked 
| 754|0x000000073c800000, 0x000000073c800000, 0x000000073cc00000|  0%| F|  |TAMS 0x000000073c800000| PB 0x000000073c800000| Untracked 
| 755|0x000000073cc00000, 0x000000073cc00000, 0x000000073d000000|  0%| F|  |TAMS 0x000000073cc00000| PB 0x000000073cc00000| Untracked 
| 756|0x000000073d000000, 0x000000073d000000, 0x000000073d400000|  0%| F|  |TAMS 0x000000073d000000| PB 0x000000073d000000| Untracked 
| 757|0x000000073d400000, 0x000000073d400000, 0x000000073d800000|  0%| F|  |TAMS 0x000000073d400000| PB 0x000000073d400000| Untracked 
| 758|0x000000073d800000, 0x000000073d800000, 0x000000073dc00000|  0%| F|  |TAMS 0x000000073d800000| PB 0x000000073d800000| Untracked 
| 759|0x000000073dc00000, 0x000000073dc00000, 0x000000073e000000|  0%| F|  |TAMS 0x000000073dc00000| PB 0x000000073dc00000| Untracked 
| 760|0x000000073e000000, 0x000000073e000000, 0x000000073e400000|  0%| F|  |TAMS 0x000000073e000000| PB 0x000000073e000000| Untracked 
| 761|0x000000073e400000, 0x000000073e400000, 0x000000073e800000|  0%| F|  |TAMS 0x000000073e400000| PB 0x000000073e400000| Untracked 
| 762|0x000000073e800000, 0x000000073e800000, 0x000000073ec00000|  0%| F|  |TAMS 0x000000073e800000| PB 0x000000073e800000| Untracked 
| 763|0x000000073ec00000, 0x000000073ec00000, 0x000000073f000000|  0%| F|  |TAMS 0x000000073ec00000| PB 0x000000073ec00000| Untracked 
| 764|0x000000073f000000, 0x000000073f000000, 0x000000073f400000|  0%| F|  |TAMS 0x000000073f000000| PB 0x000000073f000000| Untracked 
| 765|0x000000073f400000, 0x000000073f400000, 0x000000073f800000|  0%| F|  |TAMS 0x000000073f400000| PB 0x000000073f400000| Untracked 
| 766|0x000000073f800000, 0x000000073f800000, 0x000000073fc00000|  0%| F|  |TAMS 0x000000073f800000| PB 0x000000073f800000| Untracked 
| 767|0x000000073fc00000, 0x000000073fc00000, 0x0000000740000000|  0%| F|  |TAMS 0x000000073fc00000| PB 0x000000073fc00000| Untracked 
| 768|0x0000000740000000, 0x0000000740000000, 0x0000000740400000|  0%| F|  |TAMS 0x0000000740000000| PB 0x0000000740000000| Untracked 
| 769|0x0000000740400000, 0x0000000740400000, 0x0000000740800000|  0%| F|  |TAMS 0x0000000740400000| PB 0x0000000740400000| Untracked 
| 770|0x0000000740800000, 0x0000000740800000, 0x0000000740c00000|  0%| F|  |TAMS 0x0000000740800000| PB 0x0000000740800000| Untracked 
| 771|0x0000000740c00000, 0x0000000740c00000, 0x0000000741000000|  0%| F|  |TAMS 0x0000000740c00000| PB 0x0000000740c00000| Untracked 
| 772|0x0000000741000000, 0x0000000741000000, 0x0000000741400000|  0%| F|  |TAMS 0x0000000741000000| PB 0x0000000741000000| Untracked 
| 773|0x0000000741400000, 0x0000000741400000, 0x0000000741800000|  0%| F|  |TAMS 0x0000000741400000| PB 0x0000000741400000| Untracked 
| 774|0x0000000741800000, 0x0000000741800000, 0x0000000741c00000|  0%| F|  |TAMS 0x0000000741800000| PB 0x0000000741800000| Untracked 
| 775|0x0000000741c00000, 0x0000000741c00000, 0x0000000742000000|  0%| F|  |TAMS 0x0000000741c00000| PB 0x0000000741c00000| Untracked 
| 776|0x0000000742000000, 0x0000000742000000, 0x0000000742400000|  0%| F|  |TAMS 0x0000000742000000| PB 0x0000000742000000| Untracked 
| 777|0x0000000742400000, 0x0000000742400000, 0x0000000742800000|  0%| F|  |TAMS 0x0000000742400000| PB 0x0000000742400000| Untracked 
| 778|0x0000000742800000, 0x0000000742800000, 0x0000000742c00000|  0%| F|  |TAMS 0x0000000742800000| PB 0x0000000742800000| Untracked 
| 779|0x0000000742c00000, 0x0000000742c00000, 0x0000000743000000|  0%| F|  |TAMS 0x0000000742c00000| PB 0x0000000742c00000| Untracked 
| 780|0x0000000743000000, 0x0000000743000000, 0x0000000743400000|  0%| F|  |TAMS 0x0000000743000000| PB 0x0000000743000000| Untracked 
| 781|0x0000000743400000, 0x0000000743400000, 0x0000000743800000|  0%| F|  |TAMS 0x0000000743400000| PB 0x0000000743400000| Untracked 
| 782|0x0000000743800000, 0x0000000743800000, 0x0000000743c00000|  0%| F|  |TAMS 0x0000000743800000| PB 0x0000000743800000| Untracked 
| 783|0x0000000743c00000, 0x0000000743c00000, 0x0000000744000000|  0%| F|  |TAMS 0x0000000743c00000| PB 0x0000000743c00000| Untracked 
| 784|0x0000000744000000, 0x0000000744000000, 0x0000000744400000|  0%| F|  |TAMS 0x0000000744000000| PB 0x0000000744000000| Untracked 
| 785|0x0000000744400000, 0x0000000744400000, 0x0000000744800000|  0%| F|  |TAMS 0x0000000744400000| PB 0x0000000744400000| Untracked 
| 786|0x0000000744800000, 0x0000000744800000, 0x0000000744c00000|  0%| F|  |TAMS 0x0000000744800000| PB 0x0000000744800000| Untracked 
| 787|0x0000000744c00000, 0x0000000744c00000, 0x0000000745000000|  0%| F|  |TAMS 0x0000000744c00000| PB 0x0000000744c00000| Untracked 
| 788|0x0000000745000000, 0x0000000745000000, 0x0000000745400000|  0%| F|  |TAMS 0x0000000745000000| PB 0x0000000745000000| Untracked 
| 789|0x0000000745400000, 0x0000000745400000, 0x0000000745800000|  0%| F|  |TAMS 0x0000000745400000| PB 0x0000000745400000| Untracked 
| 790|0x0000000745800000, 0x0000000745800000, 0x0000000745c00000|  0%| F|  |TAMS 0x0000000745800000| PB 0x0000000745800000| Untracked 
| 791|0x0000000745c00000, 0x0000000745c00000, 0x0000000746000000|  0%| F|  |TAMS 0x0000000745c00000| PB 0x0000000745c00000| Untracked 
| 792|0x0000000746000000, 0x0000000746000000, 0x0000000746400000|  0%| F|  |TAMS 0x0000000746000000| PB 0x0000000746000000| Untracked 
| 793|0x0000000746400000, 0x0000000746400000, 0x0000000746800000|  0%| F|  |TAMS 0x0000000746400000| PB 0x0000000746400000| Untracked 
| 794|0x0000000746800000, 0x0000000746800000, 0x0000000746c00000|  0%| F|  |TAMS 0x0000000746800000| PB 0x0000000746800000| Untracked 
| 795|0x0000000746c00000, 0x0000000746c00000, 0x0000000747000000|  0%| F|  |TAMS 0x0000000746c00000| PB 0x0000000746c00000| Untracked 
| 796|0x0000000747000000, 0x0000000747000000, 0x0000000747400000|  0%| F|  |TAMS 0x0000000747000000| PB 0x0000000747000000| Untracked 
| 797|0x0000000747400000, 0x0000000747400000, 0x0000000747800000|  0%| F|  |TAMS 0x0000000747400000| PB 0x0000000747400000| Untracked 
| 798|0x0000000747800000, 0x0000000747800000, 0x0000000747c00000|  0%| F|  |TAMS 0x0000000747800000| PB 0x0000000747800000| Untracked 
| 799|0x0000000747c00000, 0x0000000747c00000, 0x0000000748000000|  0%| F|  |TAMS 0x0000000747c00000| PB 0x0000000747c00000| Untracked 
| 800|0x0000000748000000, 0x0000000748000000, 0x0000000748400000|  0%| F|  |TAMS 0x0000000748000000| PB 0x0000000748000000| Untracked 
| 801|0x0000000748400000, 0x0000000748400000, 0x0000000748800000|  0%| F|  |TAMS 0x0000000748400000| PB 0x0000000748400000| Untracked 
| 802|0x0000000748800000, 0x0000000748800000, 0x0000000748c00000|  0%| F|  |TAMS 0x0000000748800000| PB 0x0000000748800000| Untracked 
| 803|0x0000000748c00000, 0x0000000748c00000, 0x0000000749000000|  0%| F|  |TAMS 0x0000000748c00000| PB 0x0000000748c00000| Untracked 
| 804|0x0000000749000000, 0x0000000749000000, 0x0000000749400000|  0%| F|  |TAMS 0x0000000749000000| PB 0x0000000749000000| Untracked 
| 805|0x0000000749400000, 0x0000000749400000, 0x0000000749800000|  0%| F|  |TAMS 0x0000000749400000| PB 0x0000000749400000| Untracked 
| 806|0x0000000749800000, 0x0000000749800000, 0x0000000749c00000|  0%| F|  |TAMS 0x0000000749800000| PB 0x0000000749800000| Untracked 
| 807|0x0000000749c00000, 0x0000000749c00000, 0x000000074a000000|  0%| F|  |TAMS 0x0000000749c00000| PB 0x0000000749c00000| Untracked 
| 808|0x000000074a000000, 0x000000074a000000, 0x000000074a400000|  0%| F|  |TAMS 0x000000074a000000| PB 0x000000074a000000| Untracked 
| 809|0x000000074a400000, 0x000000074a400000, 0x000000074a800000|  0%| F|  |TAMS 0x000000074a400000| PB 0x000000074a400000| Untracked 
| 810|0x000000074a800000, 0x000000074a800000, 0x000000074ac00000|  0%| F|  |TAMS 0x000000074a800000| PB 0x000000074a800000| Untracked 
| 811|0x000000074ac00000, 0x000000074ac00000, 0x000000074b000000|  0%| F|  |TAMS 0x000000074ac00000| PB 0x000000074ac00000| Untracked 
| 812|0x000000074b000000, 0x000000074b000000, 0x000000074b400000|  0%| F|  |TAMS 0x000000074b000000| PB 0x000000074b000000| Untracked 
| 813|0x000000074b400000, 0x000000074b400000, 0x000000074b800000|  0%| F|  |TAMS 0x000000074b400000| PB 0x000000074b400000| Untracked 
| 814|0x000000074b800000, 0x000000074b800000, 0x000000074bc00000|  0%| F|  |TAMS 0x000000074b800000| PB 0x000000074b800000| Untracked 
| 815|0x000000074bc00000, 0x000000074bc00000, 0x000000074c000000|  0%| F|  |TAMS 0x000000074bc00000| PB 0x000000074bc00000| Untracked 
| 816|0x000000074c000000, 0x000000074c000000, 0x000000074c400000|  0%| F|  |TAMS 0x000000074c000000| PB 0x000000074c000000| Untracked 
| 817|0x000000074c400000, 0x000000074c400000, 0x000000074c800000|  0%| F|  |TAMS 0x000000074c400000| PB 0x000000074c400000| Untracked 
| 818|0x000000074c800000, 0x000000074c800000, 0x000000074cc00000|  0%| F|  |TAMS 0x000000074c800000| PB 0x000000074c800000| Untracked 
| 819|0x000000074cc00000, 0x000000074cc00000, 0x000000074d000000|  0%| F|  |TAMS 0x000000074cc00000| PB 0x000000074cc00000| Untracked 
| 820|0x000000074d000000, 0x000000074d000000, 0x000000074d400000|  0%| F|  |TAMS 0x000000074d000000| PB 0x000000074d000000| Untracked 
| 821|0x000000074d400000, 0x000000074d400000, 0x000000074d800000|  0%| F|  |TAMS 0x000000074d400000| PB 0x000000074d400000| Untracked 
| 822|0x000000074d800000, 0x000000074d800000, 0x000000074dc00000|  0%| F|  |TAMS 0x000000074d800000| PB 0x000000074d800000| Untracked 
| 823|0x000000074dc00000, 0x000000074dc00000, 0x000000074e000000|  0%| F|  |TAMS 0x000000074dc00000| PB 0x000000074dc00000| Untracked 
| 824|0x000000074e000000, 0x000000074e000000, 0x000000074e400000|  0%| F|  |TAMS 0x000000074e000000| PB 0x000000074e000000| Untracked 
| 825|0x000000074e400000, 0x000000074e400000, 0x000000074e800000|  0%| F|  |TAMS 0x000000074e400000| PB 0x000000074e400000| Untracked 
| 826|0x000000074e800000, 0x000000074e800000, 0x000000074ec00000|  0%| F|  |TAMS 0x000000074e800000| PB 0x000000074e800000| Untracked 
| 827|0x000000074ec00000, 0x000000074ec00000, 0x000000074f000000|  0%| F|  |TAMS 0x000000074ec00000| PB 0x000000074ec00000| Untracked 
| 828|0x000000074f000000, 0x000000074f000000, 0x000000074f400000|  0%| F|  |TAMS 0x000000074f000000| PB 0x000000074f000000| Untracked 
| 829|0x000000074f400000, 0x000000074f400000, 0x000000074f800000|  0%| F|  |TAMS 0x000000074f400000| PB 0x000000074f400000| Untracked 
| 830|0x000000074f800000, 0x000000074f800000, 0x000000074fc00000|  0%| F|  |TAMS 0x000000074f800000| PB 0x000000074f800000| Untracked 
| 831|0x000000074fc00000, 0x000000074fc00000, 0x0000000750000000|  0%| F|  |TAMS 0x000000074fc00000| PB 0x000000074fc00000| Untracked 
| 832|0x0000000750000000, 0x0000000750000000, 0x0000000750400000|  0%| F|  |TAMS 0x0000000750000000| PB 0x0000000750000000| Untracked 
| 833|0x0000000750400000, 0x0000000750400000, 0x0000000750800000|  0%| F|  |TAMS 0x0000000750400000| PB 0x0000000750400000| Untracked 
| 834|0x0000000750800000, 0x0000000750800000, 0x0000000750c00000|  0%| F|  |TAMS 0x0000000750800000| PB 0x0000000750800000| Untracked 
| 835|0x0000000750c00000, 0x0000000750c00000, 0x0000000751000000|  0%| F|  |TAMS 0x0000000750c00000| PB 0x0000000750c00000| Untracked 
| 836|0x0000000751000000, 0x0000000751000000, 0x0000000751400000|  0%| F|  |TAMS 0x0000000751000000| PB 0x0000000751000000| Untracked 
| 837|0x0000000751400000, 0x0000000751400000, 0x0000000751800000|  0%| F|  |TAMS 0x0000000751400000| PB 0x0000000751400000| Untracked 
| 838|0x0000000751800000, 0x0000000751800000, 0x0000000751c00000|  0%| F|  |TAMS 0x0000000751800000| PB 0x0000000751800000| Untracked 
| 839|0x0000000751c00000, 0x0000000751c00000, 0x0000000752000000|  0%| F|  |TAMS 0x0000000751c00000| PB 0x0000000751c00000| Untracked 
| 840|0x0000000752000000, 0x0000000752000000, 0x0000000752400000|  0%| F|  |TAMS 0x0000000752000000| PB 0x0000000752000000| Untracked 
| 841|0x0000000752400000, 0x0000000752400000, 0x0000000752800000|  0%| F|  |TAMS 0x0000000752400000| PB 0x0000000752400000| Untracked 
| 842|0x0000000752800000, 0x0000000752800000, 0x0000000752c00000|  0%| F|  |TAMS 0x0000000752800000| PB 0x0000000752800000| Untracked 
| 843|0x0000000752c00000, 0x0000000752c00000, 0x0000000753000000|  0%| F|  |TAMS 0x0000000752c00000| PB 0x0000000752c00000| Untracked 
| 844|0x0000000753000000, 0x0000000753000000, 0x0000000753400000|  0%| F|  |TAMS 0x0000000753000000| PB 0x0000000753000000| Untracked 
| 845|0x0000000753400000, 0x0000000753400000, 0x0000000753800000|  0%| F|  |TAMS 0x0000000753400000| PB 0x0000000753400000| Untracked 
| 846|0x0000000753800000, 0x0000000753800000, 0x0000000753c00000|  0%| F|  |TAMS 0x0000000753800000| PB 0x0000000753800000| Untracked 
| 847|0x0000000753c00000, 0x0000000753c00000, 0x0000000754000000|  0%| F|  |TAMS 0x0000000753c00000| PB 0x0000000753c00000| Untracked 
| 848|0x0000000754000000, 0x0000000754000000, 0x0000000754400000|  0%| F|  |TAMS 0x0000000754000000| PB 0x0000000754000000| Untracked 
| 849|0x0000000754400000, 0x0000000754400000, 0x0000000754800000|  0%| F|  |TAMS 0x0000000754400000| PB 0x0000000754400000| Untracked 
| 850|0x0000000754800000, 0x0000000754800000, 0x0000000754c00000|  0%| F|  |TAMS 0x0000000754800000| PB 0x0000000754800000| Untracked 
| 851|0x0000000754c00000, 0x0000000754c00000, 0x0000000755000000|  0%| F|  |TAMS 0x0000000754c00000| PB 0x0000000754c00000| Untracked 
| 852|0x0000000755000000, 0x0000000755000000, 0x0000000755400000|  0%| F|  |TAMS 0x0000000755000000| PB 0x0000000755000000| Untracked 
| 853|0x0000000755400000, 0x0000000755400000, 0x0000000755800000|  0%| F|  |TAMS 0x0000000755400000| PB 0x0000000755400000| Untracked 
| 854|0x0000000755800000, 0x0000000755800000, 0x0000000755c00000|  0%| F|  |TAMS 0x0000000755800000| PB 0x0000000755800000| Untracked 
| 855|0x0000000755c00000, 0x0000000755c00000, 0x0000000756000000|  0%| F|  |TAMS 0x0000000755c00000| PB 0x0000000755c00000| Untracked 
| 856|0x0000000756000000, 0x0000000756000000, 0x0000000756400000|  0%| F|  |TAMS 0x0000000756000000| PB 0x0000000756000000| Untracked 
| 857|0x0000000756400000, 0x0000000756400000, 0x0000000756800000|  0%| F|  |TAMS 0x0000000756400000| PB 0x0000000756400000| Untracked 
| 858|0x0000000756800000, 0x0000000756800000, 0x0000000756c00000|  0%| F|  |TAMS 0x0000000756800000| PB 0x0000000756800000| Untracked 
| 859|0x0000000756c00000, 0x0000000756c00000, 0x0000000757000000|  0%| F|  |TAMS 0x0000000756c00000| PB 0x0000000756c00000| Untracked 
| 860|0x0000000757000000, 0x0000000757000000, 0x0000000757400000|  0%| F|  |TAMS 0x0000000757000000| PB 0x0000000757000000| Untracked 
| 861|0x0000000757400000, 0x0000000757400000, 0x0000000757800000|  0%| F|  |TAMS 0x0000000757400000| PB 0x0000000757400000| Untracked 
| 862|0x0000000757800000, 0x0000000757800000, 0x0000000757c00000|  0%| F|  |TAMS 0x0000000757800000| PB 0x0000000757800000| Untracked 
| 863|0x0000000757c00000, 0x0000000757c00000, 0x0000000758000000|  0%| F|  |TAMS 0x0000000757c00000| PB 0x0000000757c00000| Untracked 
| 864|0x0000000758000000, 0x0000000758000000, 0x0000000758400000|  0%| F|  |TAMS 0x0000000758000000| PB 0x0000000758000000| Untracked 
| 865|0x0000000758400000, 0x0000000758400000, 0x0000000758800000|  0%| F|  |TAMS 0x0000000758400000| PB 0x0000000758400000| Untracked 
| 866|0x0000000758800000, 0x0000000758800000, 0x0000000758c00000|  0%| F|  |TAMS 0x0000000758800000| PB 0x0000000758800000| Untracked 
| 867|0x0000000758c00000, 0x0000000758c00000, 0x0000000759000000|  0%| F|  |TAMS 0x0000000758c00000| PB 0x0000000758c00000| Untracked 
| 868|0x0000000759000000, 0x0000000759000000, 0x0000000759400000|  0%| F|  |TAMS 0x0000000759000000| PB 0x0000000759000000| Untracked 
| 869|0x0000000759400000, 0x0000000759400000, 0x0000000759800000|  0%| F|  |TAMS 0x0000000759400000| PB 0x0000000759400000| Untracked 
| 870|0x0000000759800000, 0x0000000759800000, 0x0000000759c00000|  0%| F|  |TAMS 0x0000000759800000| PB 0x0000000759800000| Untracked 
| 871|0x0000000759c00000, 0x0000000759c00000, 0x000000075a000000|  0%| F|  |TAMS 0x0000000759c00000| PB 0x0000000759c00000| Untracked 
| 872|0x000000075a000000, 0x000000075a000000, 0x000000075a400000|  0%| F|  |TAMS 0x000000075a000000| PB 0x000000075a000000| Untracked 
| 873|0x000000075a400000, 0x000000075a400000, 0x000000075a800000|  0%| F|  |TAMS 0x000000075a400000| PB 0x000000075a400000| Untracked 
| 874|0x000000075a800000, 0x000000075a800000, 0x000000075ac00000|  0%| F|  |TAMS 0x000000075a800000| PB 0x000000075a800000| Untracked 
| 875|0x000000075ac00000, 0x000000075ac00000, 0x000000075b000000|  0%| F|  |TAMS 0x000000075ac00000| PB 0x000000075ac00000| Untracked 
| 876|0x000000075b000000, 0x000000075b000000, 0x000000075b400000|  0%| F|  |TAMS 0x000000075b000000| PB 0x000000075b000000| Untracked 
| 877|0x000000075b400000, 0x000000075b400000, 0x000000075b800000|  0%| F|  |TAMS 0x000000075b400000| PB 0x000000075b400000| Untracked 
| 878|0x000000075b800000, 0x000000075b800000, 0x000000075bc00000|  0%| F|  |TAMS 0x000000075b800000| PB 0x000000075b800000| Untracked 
| 879|0x000000075bc00000, 0x000000075bc00000, 0x000000075c000000|  0%| F|  |TAMS 0x000000075bc00000| PB 0x000000075bc00000| Untracked 
| 880|0x000000075c000000, 0x000000075c000000, 0x000000075c400000|  0%| F|  |TAMS 0x000000075c000000| PB 0x000000075c000000| Untracked 
| 881|0x000000075c400000, 0x000000075c400000, 0x000000075c800000|  0%| F|  |TAMS 0x000000075c400000| PB 0x000000075c400000| Untracked 
| 882|0x000000075c800000, 0x000000075c800000, 0x000000075cc00000|  0%| F|  |TAMS 0x000000075c800000| PB 0x000000075c800000| Untracked 
| 883|0x000000075cc00000, 0x000000075cc00000, 0x000000075d000000|  0%| F|  |TAMS 0x000000075cc00000| PB 0x000000075cc00000| Untracked 
| 884|0x000000075d000000, 0x000000075d000000, 0x000000075d400000|  0%| F|  |TAMS 0x000000075d000000| PB 0x000000075d000000| Untracked 
| 885|0x000000075d400000, 0x000000075d400000, 0x000000075d800000|  0%| F|  |TAMS 0x000000075d400000| PB 0x000000075d400000| Untracked 
| 886|0x000000075d800000, 0x000000075d800000, 0x000000075dc00000|  0%| F|  |TAMS 0x000000075d800000| PB 0x000000075d800000| Untracked 
| 887|0x000000075dc00000, 0x000000075dc00000, 0x000000075e000000|  0%| F|  |TAMS 0x000000075dc00000| PB 0x000000075dc00000| Untracked 
| 888|0x000000075e000000, 0x000000075e000000, 0x000000075e400000|  0%| F|  |TAMS 0x000000075e000000| PB 0x000000075e000000| Untracked 
| 889|0x000000075e400000, 0x000000075e400000, 0x000000075e800000|  0%| F|  |TAMS 0x000000075e400000| PB 0x000000075e400000| Untracked 
| 890|0x000000075e800000, 0x000000075e800000, 0x000000075ec00000|  0%| F|  |TAMS 0x000000075e800000| PB 0x000000075e800000| Untracked 
| 891|0x000000075ec00000, 0x000000075ec00000, 0x000000075f000000|  0%| F|  |TAMS 0x000000075ec00000| PB 0x000000075ec00000| Untracked 
| 892|0x000000075f000000, 0x000000075f000000, 0x000000075f400000|  0%| F|  |TAMS 0x000000075f000000| PB 0x000000075f000000| Untracked 
| 893|0x000000075f400000, 0x000000075f400000, 0x000000075f800000|  0%| F|  |TAMS 0x000000075f400000| PB 0x000000075f400000| Untracked 
| 894|0x000000075f800000, 0x000000075f800000, 0x000000075fc00000|  0%| F|  |TAMS 0x000000075f800000| PB 0x000000075f800000| Untracked 
| 895|0x000000075fc00000, 0x000000075fc00000, 0x0000000760000000|  0%| F|  |TAMS 0x000000075fc00000| PB 0x000000075fc00000| Untracked 
| 896|0x0000000760000000, 0x0000000760000000, 0x0000000760400000|  0%| F|  |TAMS 0x0000000760000000| PB 0x0000000760000000| Untracked 
| 897|0x0000000760400000, 0x0000000760400000, 0x0000000760800000|  0%| F|  |TAMS 0x0000000760400000| PB 0x0000000760400000| Untracked 
| 898|0x0000000760800000, 0x0000000760800000, 0x0000000760c00000|  0%| F|  |TAMS 0x0000000760800000| PB 0x0000000760800000| Untracked 
| 899|0x0000000760c00000, 0x0000000760c00000, 0x0000000761000000|  0%| F|  |TAMS 0x0000000760c00000| PB 0x0000000760c00000| Untracked 
| 900|0x0000000761000000, 0x0000000761000000, 0x0000000761400000|  0%| F|  |TAMS 0x0000000761000000| PB 0x0000000761000000| Untracked 
| 901|0x0000000761400000, 0x0000000761400000, 0x0000000761800000|  0%| F|  |TAMS 0x0000000761400000| PB 0x0000000761400000| Untracked 
| 902|0x0000000761800000, 0x0000000761800000, 0x0000000761c00000|  0%| F|  |TAMS 0x0000000761800000| PB 0x0000000761800000| Untracked 
| 903|0x0000000761c00000, 0x0000000761c00000, 0x0000000762000000|  0%| F|  |TAMS 0x0000000761c00000| PB 0x0000000761c00000| Untracked 
| 904|0x0000000762000000, 0x0000000762000000, 0x0000000762400000|  0%| F|  |TAMS 0x0000000762000000| PB 0x0000000762000000| Untracked 
| 905|0x0000000762400000, 0x0000000762400000, 0x0000000762800000|  0%| F|  |TAMS 0x0000000762400000| PB 0x0000000762400000| Untracked 
| 906|0x0000000762800000, 0x0000000762800000, 0x0000000762c00000|  0%| F|  |TAMS 0x0000000762800000| PB 0x0000000762800000| Untracked 
| 907|0x0000000762c00000, 0x0000000762c00000, 0x0000000763000000|  0%| F|  |TAMS 0x0000000762c00000| PB 0x0000000762c00000| Untracked 
| 908|0x0000000763000000, 0x0000000763000000, 0x0000000763400000|  0%| F|  |TAMS 0x0000000763000000| PB 0x0000000763000000| Untracked 
| 909|0x0000000763400000, 0x0000000763400000, 0x0000000763800000|  0%| F|  |TAMS 0x0000000763400000| PB 0x0000000763400000| Untracked 
| 910|0x0000000763800000, 0x0000000763800000, 0x0000000763c00000|  0%| F|  |TAMS 0x0000000763800000| PB 0x0000000763800000| Untracked 
| 911|0x0000000763c00000, 0x0000000763c00000, 0x0000000764000000|  0%| F|  |TAMS 0x0000000763c00000| PB 0x0000000763c00000| Untracked 
| 912|0x0000000764000000, 0x0000000764000000, 0x0000000764400000|  0%| F|  |TAMS 0x0000000764000000| PB 0x0000000764000000| Untracked 
| 913|0x0000000764400000, 0x0000000764400000, 0x0000000764800000|  0%| F|  |TAMS 0x0000000764400000| PB 0x0000000764400000| Untracked 
| 914|0x0000000764800000, 0x0000000764800000, 0x0000000764c00000|  0%| F|  |TAMS 0x0000000764800000| PB 0x0000000764800000| Untracked 
| 915|0x0000000764c00000, 0x0000000764c00000, 0x0000000765000000|  0%| F|  |TAMS 0x0000000764c00000| PB 0x0000000764c00000| Untracked 
| 916|0x0000000765000000, 0x0000000765000000, 0x0000000765400000|  0%| F|  |TAMS 0x0000000765000000| PB 0x0000000765000000| Untracked 
| 917|0x0000000765400000, 0x0000000765400000, 0x0000000765800000|  0%| F|  |TAMS 0x0000000765400000| PB 0x0000000765400000| Untracked 
| 918|0x0000000765800000, 0x0000000765800000, 0x0000000765c00000|  0%| F|  |TAMS 0x0000000765800000| PB 0x0000000765800000| Untracked 
| 919|0x0000000765c00000, 0x0000000765c00000, 0x0000000766000000|  0%| F|  |TAMS 0x0000000765c00000| PB 0x0000000765c00000| Untracked 
| 920|0x0000000766000000, 0x0000000766000000, 0x0000000766400000|  0%| F|  |TAMS 0x0000000766000000| PB 0x0000000766000000| Untracked 
| 921|0x0000000766400000, 0x0000000766400000, 0x0000000766800000|  0%| F|  |TAMS 0x0000000766400000| PB 0x0000000766400000| Untracked 
| 922|0x0000000766800000, 0x0000000766800000, 0x0000000766c00000|  0%| F|  |TAMS 0x0000000766800000| PB 0x0000000766800000| Untracked 
| 923|0x0000000766c00000, 0x0000000766c00000, 0x0000000767000000|  0%| F|  |TAMS 0x0000000766c00000| PB 0x0000000766c00000| Untracked 
| 924|0x0000000767000000, 0x0000000767000000, 0x0000000767400000|  0%| F|  |TAMS 0x0000000767000000| PB 0x0000000767000000| Untracked 
| 925|0x0000000767400000, 0x0000000767400000, 0x0000000767800000|  0%| F|  |TAMS 0x0000000767400000| PB 0x0000000767400000| Untracked 
| 926|0x0000000767800000, 0x0000000767800000, 0x0000000767c00000|  0%| F|  |TAMS 0x0000000767800000| PB 0x0000000767800000| Untracked 
| 927|0x0000000767c00000, 0x0000000767c00000, 0x0000000768000000|  0%| F|  |TAMS 0x0000000767c00000| PB 0x0000000767c00000| Untracked 
| 928|0x0000000768000000, 0x0000000768000000, 0x0000000768400000|  0%| F|  |TAMS 0x0000000768000000| PB 0x0000000768000000| Untracked 
| 929|0x0000000768400000, 0x0000000768400000, 0x0000000768800000|  0%| F|  |TAMS 0x0000000768400000| PB 0x0000000768400000| Untracked 
| 930|0x0000000768800000, 0x0000000768800000, 0x0000000768c00000|  0%| F|  |TAMS 0x0000000768800000| PB 0x0000000768800000| Untracked 
| 931|0x0000000768c00000, 0x0000000768c00000, 0x0000000769000000|  0%| F|  |TAMS 0x0000000768c00000| PB 0x0000000768c00000| Untracked 
| 932|0x0000000769000000, 0x0000000769000000, 0x0000000769400000|  0%| F|  |TAMS 0x0000000769000000| PB 0x0000000769000000| Untracked 
| 933|0x0000000769400000, 0x0000000769400000, 0x0000000769800000|  0%| F|  |TAMS 0x0000000769400000| PB 0x0000000769400000| Untracked 
| 934|0x0000000769800000, 0x0000000769800000, 0x0000000769c00000|  0%| F|  |TAMS 0x0000000769800000| PB 0x0000000769800000| Untracked 
| 935|0x0000000769c00000, 0x0000000769c00000, 0x000000076a000000|  0%| F|  |TAMS 0x0000000769c00000| PB 0x0000000769c00000| Untracked 
| 936|0x000000076a000000, 0x000000076a000000, 0x000000076a400000|  0%| F|  |TAMS 0x000000076a000000| PB 0x000000076a000000| Untracked 
| 937|0x000000076a400000, 0x000000076a400000, 0x000000076a800000|  0%| F|  |TAMS 0x000000076a400000| PB 0x000000076a400000| Untracked 
| 938|0x000000076a800000, 0x000000076a800000, 0x000000076ac00000|  0%| F|  |TAMS 0x000000076a800000| PB 0x000000076a800000| Untracked 
| 939|0x000000076ac00000, 0x000000076ac00000, 0x000000076b000000|  0%| F|  |TAMS 0x000000076ac00000| PB 0x000000076ac00000| Untracked 
| 940|0x000000076b000000, 0x000000076b000000, 0x000000076b400000|  0%| F|  |TAMS 0x000000076b000000| PB 0x000000076b000000| Untracked 
| 941|0x000000076b400000, 0x000000076b400000, 0x000000076b800000|  0%| F|  |TAMS 0x000000076b400000| PB 0x000000076b400000| Untracked 
| 942|0x000000076b800000, 0x000000076b800000, 0x000000076bc00000|  0%| F|  |TAMS 0x000000076b800000| PB 0x000000076b800000| Untracked 
| 943|0x000000076bc00000, 0x000000076bc00000, 0x000000076c000000|  0%| F|  |TAMS 0x000000076bc00000| PB 0x000000076bc00000| Untracked 
| 944|0x000000076c000000, 0x000000076c000000, 0x000000076c400000|  0%| F|  |TAMS 0x000000076c000000| PB 0x000000076c000000| Untracked 
| 945|0x000000076c400000, 0x000000076c400000, 0x000000076c800000|  0%| F|  |TAMS 0x000000076c400000| PB 0x000000076c400000| Untracked 
| 946|0x000000076c800000, 0x000000076c800000, 0x000000076cc00000|  0%| F|  |TAMS 0x000000076c800000| PB 0x000000076c800000| Untracked 
| 947|0x000000076cc00000, 0x000000076cc00000, 0x000000076d000000|  0%| F|  |TAMS 0x000000076cc00000| PB 0x000000076cc00000| Untracked 
| 948|0x000000076d000000, 0x000000076d000000, 0x000000076d400000|  0%| F|  |TAMS 0x000000076d000000| PB 0x000000076d000000| Untracked 
| 949|0x000000076d400000, 0x000000076d400000, 0x000000076d800000|  0%| F|  |TAMS 0x000000076d400000| PB 0x000000076d400000| Untracked 
| 950|0x000000076d800000, 0x000000076d800000, 0x000000076dc00000|  0%| F|  |TAMS 0x000000076d800000| PB 0x000000076d800000| Untracked 
| 951|0x000000076dc00000, 0x000000076dc00000, 0x000000076e000000|  0%| F|  |TAMS 0x000000076dc00000| PB 0x000000076dc00000| Untracked 
| 952|0x000000076e000000, 0x000000076e000000, 0x000000076e400000|  0%| F|  |TAMS 0x000000076e000000| PB 0x000000076e000000| Untracked 
| 953|0x000000076e400000, 0x000000076e400000, 0x000000076e800000|  0%| F|  |TAMS 0x000000076e400000| PB 0x000000076e400000| Untracked 
| 954|0x000000076e800000, 0x000000076e800000, 0x000000076ec00000|  0%| F|  |TAMS 0x000000076e800000| PB 0x000000076e800000| Untracked 
| 955|0x000000076ec00000, 0x000000076ec00000, 0x000000076f000000|  0%| F|  |TAMS 0x000000076ec00000| PB 0x000000076ec00000| Untracked 
| 956|0x000000076f000000, 0x000000076f000000, 0x000000076f400000|  0%| F|  |TAMS 0x000000076f000000| PB 0x000000076f000000| Untracked 
| 957|0x000000076f400000, 0x000000076f400000, 0x000000076f800000|  0%| F|  |TAMS 0x000000076f400000| PB 0x000000076f400000| Untracked 
| 958|0x000000076f800000, 0x000000076f800000, 0x000000076fc00000|  0%| F|  |TAMS 0x000000076f800000| PB 0x000000076f800000| Untracked 
| 959|0x000000076fc00000, 0x000000076fc00000, 0x0000000770000000|  0%| F|  |TAMS 0x000000076fc00000| PB 0x000000076fc00000| Untracked 
| 960|0x0000000770000000, 0x0000000770000000, 0x0000000770400000|  0%| F|  |TAMS 0x0000000770000000| PB 0x0000000770000000| Untracked 
| 961|0x0000000770400000, 0x0000000770400000, 0x0000000770800000|  0%| F|  |TAMS 0x0000000770400000| PB 0x0000000770400000| Untracked 
| 962|0x0000000770800000, 0x0000000770800000, 0x0000000770c00000|  0%| F|  |TAMS 0x0000000770800000| PB 0x0000000770800000| Untracked 
| 963|0x0000000770c00000, 0x0000000770c00000, 0x0000000771000000|  0%| F|  |TAMS 0x0000000770c00000| PB 0x0000000770c00000| Untracked 
| 964|0x0000000771000000, 0x0000000771000000, 0x0000000771400000|  0%| F|  |TAMS 0x0000000771000000| PB 0x0000000771000000| Untracked 
| 965|0x0000000771400000, 0x0000000771400000, 0x0000000771800000|  0%| F|  |TAMS 0x0000000771400000| PB 0x0000000771400000| Untracked 
| 966|0x0000000771800000, 0x0000000771800000, 0x0000000771c00000|  0%| F|  |TAMS 0x0000000771800000| PB 0x0000000771800000| Untracked 
| 967|0x0000000771c00000, 0x0000000771c00000, 0x0000000772000000|  0%| F|  |TAMS 0x0000000771c00000| PB 0x0000000771c00000| Untracked 
| 968|0x0000000772000000, 0x0000000772000000, 0x0000000772400000|  0%| F|  |TAMS 0x0000000772000000| PB 0x0000000772000000| Untracked 
| 969|0x0000000772400000, 0x0000000772400000, 0x0000000772800000|  0%| F|  |TAMS 0x0000000772400000| PB 0x0000000772400000| Untracked 
| 970|0x0000000772800000, 0x0000000772800000, 0x0000000772c00000|  0%| F|  |TAMS 0x0000000772800000| PB 0x0000000772800000| Untracked 
| 971|0x0000000772c00000, 0x0000000772c00000, 0x0000000773000000|  0%| F|  |TAMS 0x0000000772c00000| PB 0x0000000772c00000| Untracked 
| 972|0x0000000773000000, 0x0000000773000000, 0x0000000773400000|  0%| F|  |TAMS 0x0000000773000000| PB 0x0000000773000000| Untracked 
| 973|0x0000000773400000, 0x0000000773400000, 0x0000000773800000|  0%| F|  |TAMS 0x0000000773400000| PB 0x0000000773400000| Untracked 
| 974|0x0000000773800000, 0x0000000773800000, 0x0000000773c00000|  0%| F|  |TAMS 0x0000000773800000| PB 0x0000000773800000| Untracked 
| 975|0x0000000773c00000, 0x0000000773c00000, 0x0000000774000000|  0%| F|  |TAMS 0x0000000773c00000| PB 0x0000000773c00000| Untracked 
| 976|0x0000000774000000, 0x0000000774000000, 0x0000000774400000|  0%| F|  |TAMS 0x0000000774000000| PB 0x0000000774000000| Untracked 
| 977|0x0000000774400000, 0x0000000774400000, 0x0000000774800000|  0%| F|  |TAMS 0x0000000774400000| PB 0x0000000774400000| Untracked 
| 978|0x0000000774800000, 0x0000000774800000, 0x0000000774c00000|  0%| F|  |TAMS 0x0000000774800000| PB 0x0000000774800000| Untracked 
| 979|0x0000000774c00000, 0x0000000774c00000, 0x0000000775000000|  0%| F|  |TAMS 0x0000000774c00000| PB 0x0000000774c00000| Untracked 
| 980|0x0000000775000000, 0x0000000775000000, 0x0000000775400000|  0%| F|  |TAMS 0x0000000775000000| PB 0x0000000775000000| Untracked 
| 981|0x0000000775400000, 0x0000000775400000, 0x0000000775800000|  0%| F|  |TAMS 0x0000000775400000| PB 0x0000000775400000| Untracked 
| 982|0x0000000775800000, 0x0000000775800000, 0x0000000775c00000|  0%| F|  |TAMS 0x0000000775800000| PB 0x0000000775800000| Untracked 
| 983|0x0000000775c00000, 0x0000000775c00000, 0x0000000776000000|  0%| F|  |TAMS 0x0000000775c00000| PB 0x0000000775c00000| Untracked 
| 984|0x0000000776000000, 0x0000000776000000, 0x0000000776400000|  0%| F|  |TAMS 0x0000000776000000| PB 0x0000000776000000| Untracked 
| 985|0x0000000776400000, 0x0000000776400000, 0x0000000776800000|  0%| F|  |TAMS 0x0000000776400000| PB 0x0000000776400000| Untracked 
| 986|0x0000000776800000, 0x0000000776800000, 0x0000000776c00000|  0%| F|  |TAMS 0x0000000776800000| PB 0x0000000776800000| Untracked 
| 987|0x0000000776c00000, 0x0000000776c00000, 0x0000000777000000|  0%| F|  |TAMS 0x0000000776c00000| PB 0x0000000776c00000| Untracked 
| 988|0x0000000777000000, 0x0000000777000000, 0x0000000777400000|  0%| F|  |TAMS 0x0000000777000000| PB 0x0000000777000000| Untracked 
| 989|0x0000000777400000, 0x0000000777400000, 0x0000000777800000|  0%| F|  |TAMS 0x0000000777400000| PB 0x0000000777400000| Untracked 
| 990|0x0000000777800000, 0x0000000777800000, 0x0000000777c00000|  0%| F|  |TAMS 0x0000000777800000| PB 0x0000000777800000| Untracked 
| 991|0x0000000777c00000, 0x0000000777c00000, 0x0000000778000000|  0%| F|  |TAMS 0x0000000777c00000| PB 0x0000000777c00000| Untracked 
| 992|0x0000000778000000, 0x0000000778000000, 0x0000000778400000|  0%| F|  |TAMS 0x0000000778000000| PB 0x0000000778000000| Untracked 
| 993|0x0000000778400000, 0x0000000778400000, 0x0000000778800000|  0%| F|  |TAMS 0x0000000778400000| PB 0x0000000778400000| Untracked 
| 994|0x0000000778800000, 0x0000000778800000, 0x0000000778c00000|  0%| F|  |TAMS 0x0000000778800000| PB 0x0000000778800000| Untracked 
| 995|0x0000000778c00000, 0x0000000778c00000, 0x0000000779000000|  0%| F|  |TAMS 0x0000000778c00000| PB 0x0000000778c00000| Untracked 
| 996|0x0000000779000000, 0x0000000779000000, 0x0000000779400000|  0%| F|  |TAMS 0x0000000779000000| PB 0x0000000779000000| Untracked 
| 997|0x0000000779400000, 0x0000000779400000, 0x0000000779800000|  0%| F|  |TAMS 0x0000000779400000| PB 0x0000000779400000| Untracked 
| 998|0x0000000779800000, 0x0000000779800000, 0x0000000779c00000|  0%| F|  |TAMS 0x0000000779800000| PB 0x0000000779800000| Untracked 
| 999|0x0000000779c00000, 0x0000000779c00000, 0x000000077a000000|  0%| F|  |TAMS 0x0000000779c00000| PB 0x0000000779c00000| Untracked 
|1000|0x000000077a000000, 0x000000077a000000, 0x000000077a400000|  0%| F|  |TAMS 0x000000077a000000| PB 0x000000077a000000| Untracked 
|1001|0x000000077a400000, 0x000000077a400000, 0x000000077a800000|  0%| F|  |TAMS 0x000000077a400000| PB 0x000000077a400000| Untracked 
|1002|0x000000077a800000, 0x000000077a800000, 0x000000077ac00000|  0%| F|  |TAMS 0x000000077a800000| PB 0x000000077a800000| Untracked 
|1003|0x000000077ac00000, 0x000000077ac00000, 0x000000077b000000|  0%| F|  |TAMS 0x000000077ac00000| PB 0x000000077ac00000| Untracked 
|1004|0x000000077b000000, 0x000000077b000000, 0x000000077b400000|  0%| F|  |TAMS 0x000000077b000000| PB 0x000000077b000000| Untracked 
|1005|0x000000077b400000, 0x000000077b400000, 0x000000077b800000|  0%| F|  |TAMS 0x000000077b400000| PB 0x000000077b400000| Untracked 
|1006|0x000000077b800000, 0x000000077b800000, 0x000000077bc00000|  0%| F|  |TAMS 0x000000077b800000| PB 0x000000077b800000| Untracked 
|1007|0x000000077bc00000, 0x000000077bc00000, 0x000000077c000000|  0%| F|  |TAMS 0x000000077bc00000| PB 0x000000077bc00000| Untracked 
|1008|0x000000077c000000, 0x000000077c000000, 0x000000077c400000|  0%| F|  |TAMS 0x000000077c000000| PB 0x000000077c000000| Untracked 
|1009|0x000000077c400000, 0x000000077c400000, 0x000000077c800000|  0%| F|  |TAMS 0x000000077c400000| PB 0x000000077c400000| Untracked 
|1010|0x000000077c800000, 0x000000077c800000, 0x000000077cc00000|  0%| F|  |TAMS 0x000000077c800000| PB 0x000000077c800000| Untracked 
|1011|0x000000077cc00000, 0x000000077cc00000, 0x000000077d000000|  0%| F|  |TAMS 0x000000077cc00000| PB 0x000000077cc00000| Untracked 
|1012|0x000000077d000000, 0x000000077d000000, 0x000000077d400000|  0%| F|  |TAMS 0x000000077d000000| PB 0x000000077d000000| Untracked 
|1013|0x000000077d400000, 0x000000077d400000, 0x000000077d800000|  0%| F|  |TAMS 0x000000077d400000| PB 0x000000077d400000| Untracked 
|1014|0x000000077d800000, 0x000000077d800000, 0x000000077dc00000|  0%| F|  |TAMS 0x000000077d800000| PB 0x000000077d800000| Untracked 
|1015|0x000000077dc00000, 0x000000077dc00000, 0x000000077e000000|  0%| F|  |TAMS 0x000000077dc00000| PB 0x000000077dc00000| Untracked 
|1016|0x000000077e000000, 0x000000077e000000, 0x000000077e400000|  0%| F|  |TAMS 0x000000077e000000| PB 0x000000077e000000| Untracked 
|1017|0x000000077e400000, 0x000000077e400000, 0x000000077e800000|  0%| F|  |TAMS 0x000000077e400000| PB 0x000000077e400000| Untracked 
|1018|0x000000077e800000, 0x000000077e800000, 0x000000077ec00000|  0%| F|  |TAMS 0x000000077e800000| PB 0x000000077e800000| Untracked 
|1019|0x000000077ec00000, 0x000000077ec00000, 0x000000077f000000|  0%| F|  |TAMS 0x000000077ec00000| PB 0x000000077ec00000| Untracked 
|1020|0x000000077f000000, 0x000000077f000000, 0x000000077f400000|  0%| F|  |TAMS 0x000000077f000000| PB 0x000000077f000000| Untracked 
|1021|0x000000077f400000, 0x000000077f400000, 0x000000077f800000|  0%| F|  |TAMS 0x000000077f400000| PB 0x000000077f400000| Untracked 
|1022|0x000000077f800000, 0x000000077f800000, 0x000000077fc00000|  0%| F|  |TAMS 0x000000077f800000| PB 0x000000077f800000| Untracked 
|1023|0x000000077fc00000, 0x000000077fc00000, 0x0000000780000000|  0%| F|  |TAMS 0x000000077fc00000| PB 0x000000077fc00000| Untracked 
|1024|0x0000000780000000, 0x0000000780000000, 0x0000000780400000|  0%| F|  |TAMS 0x0000000780000000| PB 0x0000000780000000| Untracked 
|1025|0x0000000780400000, 0x0000000780400000, 0x0000000780800000|  0%| F|  |TAMS 0x0000000780400000| PB 0x0000000780400000| Untracked 
|1026|0x0000000780800000, 0x0000000780800000, 0x0000000780c00000|  0%| F|  |TAMS 0x0000000780800000| PB 0x0000000780800000| Untracked 
|1027|0x0000000780c00000, 0x0000000780c00000, 0x0000000781000000|  0%| F|  |TAMS 0x0000000780c00000| PB 0x0000000780c00000| Untracked 
|1028|0x0000000781000000, 0x0000000781000000, 0x0000000781400000|  0%| F|  |TAMS 0x0000000781000000| PB 0x0000000781000000| Untracked 
|1029|0x0000000781400000, 0x0000000781400000, 0x0000000781800000|  0%| F|  |TAMS 0x0000000781400000| PB 0x0000000781400000| Untracked 
|1030|0x0000000781800000, 0x0000000781800000, 0x0000000781c00000|  0%| F|  |TAMS 0x0000000781800000| PB 0x0000000781800000| Untracked 
|1031|0x0000000781c00000, 0x0000000781c00000, 0x0000000782000000|  0%| F|  |TAMS 0x0000000781c00000| PB 0x0000000781c00000| Untracked 
|1032|0x0000000782000000, 0x0000000782000000, 0x0000000782400000|  0%| F|  |TAMS 0x0000000782000000| PB 0x0000000782000000| Untracked 
|1033|0x0000000782400000, 0x0000000782400000, 0x0000000782800000|  0%| F|  |TAMS 0x0000000782400000| PB 0x0000000782400000| Untracked 
|1034|0x0000000782800000, 0x0000000782c00000, 0x0000000782c00000|100%| S|CS|TAMS 0x0000000782800000| PB 0x0000000782800000| Complete 
|1035|0x0000000782c00000, 0x0000000783000000, 0x0000000783000000|100%| S|CS|TAMS 0x0000000782c00000| PB 0x0000000782c00000| Complete 
|1036|0x0000000783000000, 0x0000000783400000, 0x0000000783400000|100%| S|CS|TAMS 0x0000000783000000| PB 0x0000000783000000| Complete 
|1037|0x0000000783400000, 0x0000000783800000, 0x0000000783800000|100%| S|CS|TAMS 0x0000000783400000| PB 0x0000000783400000| Complete 
|1038|0x0000000783800000, 0x0000000783c00000, 0x0000000783c00000|100%| S|CS|TAMS 0x0000000783800000| PB 0x0000000783800000| Complete 
|1039|0x0000000783c00000, 0x0000000784000000, 0x0000000784000000|100%| S|CS|TAMS 0x0000000783c00000| PB 0x0000000783c00000| Complete 
|1040|0x0000000784000000, 0x0000000784000000, 0x0000000784400000|  0%| F|  |TAMS 0x0000000784000000| PB 0x0000000784000000| Untracked 
|1041|0x0000000784400000, 0x0000000784400000, 0x0000000784800000|  0%| F|  |TAMS 0x0000000784400000| PB 0x0000000784400000| Untracked 
|1042|0x0000000784800000, 0x0000000784800000, 0x0000000784c00000|  0%| F|  |TAMS 0x0000000784800000| PB 0x0000000784800000| Untracked 
|1043|0x0000000784c00000, 0x0000000784c00000, 0x0000000785000000|  0%| F|  |TAMS 0x0000000784c00000| PB 0x0000000784c00000| Untracked 
|1044|0x0000000785000000, 0x0000000785000000, 0x0000000785400000|  0%| F|  |TAMS 0x0000000785000000| PB 0x0000000785000000| Untracked 
|1045|0x0000000785400000, 0x0000000785400000, 0x0000000785800000|  0%| F|  |TAMS 0x0000000785400000| PB 0x0000000785400000| Untracked 
|1046|0x0000000785800000, 0x0000000785800000, 0x0000000785c00000|  0%| F|  |TAMS 0x0000000785800000| PB 0x0000000785800000| Untracked 
|1047|0x0000000785c00000, 0x0000000786000000, 0x0000000786000000|100%| S|CS|TAMS 0x0000000785c00000| PB 0x0000000785c00000| Complete 
|1048|0x0000000786000000, 0x0000000786000000, 0x0000000786400000|  0%| F|  |TAMS 0x0000000786000000| PB 0x0000000786000000| Untracked 
|1049|0x0000000786400000, 0x0000000786400000, 0x0000000786800000|  0%| F|  |TAMS 0x0000000786400000| PB 0x0000000786400000| Untracked 
|1050|0x0000000786800000, 0x0000000786800000, 0x0000000786c00000|  0%| F|  |TAMS 0x0000000786800000| PB 0x0000000786800000| Untracked 
|1051|0x0000000786c00000, 0x0000000786c00000, 0x0000000787000000|  0%| F|  |TAMS 0x0000000786c00000| PB 0x0000000786c00000| Untracked 
|1052|0x0000000787000000, 0x0000000787000000, 0x0000000787400000|  0%| F|  |TAMS 0x0000000787000000| PB 0x0000000787000000| Untracked 
|1053|0x0000000787400000, 0x0000000787400000, 0x0000000787800000|  0%| F|  |TAMS 0x0000000787400000| PB 0x0000000787400000| Untracked 
|1054|0x0000000787800000, 0x0000000787800000, 0x0000000787c00000|  0%| F|  |TAMS 0x0000000787800000| PB 0x0000000787800000| Untracked 
|1055|0x0000000787c00000, 0x0000000787c00000, 0x0000000788000000|  0%| F|  |TAMS 0x0000000787c00000| PB 0x0000000787c00000| Untracked 
|1056|0x0000000788000000, 0x0000000788000000, 0x0000000788400000|  0%| F|  |TAMS 0x0000000788000000| PB 0x0000000788000000| Untracked 
|1057|0x0000000788400000, 0x0000000788400000, 0x0000000788800000|  0%| F|  |TAMS 0x0000000788400000| PB 0x0000000788400000| Untracked 
|1058|0x0000000788800000, 0x0000000788800000, 0x0000000788c00000|  0%| F|  |TAMS 0x0000000788800000| PB 0x0000000788800000| Untracked 
|1059|0x0000000788c00000, 0x0000000788c00000, 0x0000000789000000|  0%| F|  |TAMS 0x0000000788c00000| PB 0x0000000788c00000| Untracked 
|1060|0x0000000789000000, 0x0000000789000000, 0x0000000789400000|  0%| F|  |TAMS 0x0000000789000000| PB 0x0000000789000000| Untracked 
|1061|0x0000000789400000, 0x0000000789400000, 0x0000000789800000|  0%| F|  |TAMS 0x0000000789400000| PB 0x0000000789400000| Untracked 
|1062|0x0000000789800000, 0x0000000789800000, 0x0000000789c00000|  0%| F|  |TAMS 0x0000000789800000| PB 0x0000000789800000| Untracked 
|1063|0x0000000789c00000, 0x0000000789c00000, 0x000000078a000000|  0%| F|  |TAMS 0x0000000789c00000| PB 0x0000000789c00000| Untracked 
|1064|0x000000078a000000, 0x000000078a000000, 0x000000078a400000|  0%| F|  |TAMS 0x000000078a000000| PB 0x000000078a000000| Untracked 
|1065|0x000000078a400000, 0x000000078a400000, 0x000000078a800000|  0%| F|  |TAMS 0x000000078a400000| PB 0x000000078a400000| Untracked 
|1066|0x000000078a800000, 0x000000078a800000, 0x000000078ac00000|  0%| F|  |TAMS 0x000000078a800000| PB 0x000000078a800000| Untracked 
|1067|0x000000078ac00000, 0x000000078ac00000, 0x000000078b000000|  0%| F|  |TAMS 0x000000078ac00000| PB 0x000000078ac00000| Untracked 
|1068|0x000000078b000000, 0x000000078b000000, 0x000000078b400000|  0%| F|  |TAMS 0x000000078b000000| PB 0x000000078b000000| Untracked 
|1069|0x000000078b400000, 0x000000078b400000, 0x000000078b800000|  0%| F|  |TAMS 0x000000078b400000| PB 0x000000078b400000| Untracked 
|1070|0x000000078b800000, 0x000000078b800000, 0x000000078bc00000|  0%| F|  |TAMS 0x000000078b800000| PB 0x000000078b800000| Untracked 
|1071|0x000000078bc00000, 0x000000078bc00000, 0x000000078c000000|  0%| F|  |TAMS 0x000000078bc00000| PB 0x000000078bc00000| Untracked 
|1072|0x000000078c000000, 0x000000078c000000, 0x000000078c400000|  0%| F|  |TAMS 0x000000078c000000| PB 0x000000078c000000| Untracked 
|1073|0x000000078c400000, 0x000000078c400000, 0x000000078c800000|  0%| F|  |TAMS 0x000000078c400000| PB 0x000000078c400000| Untracked 
|1074|0x000000078c800000, 0x000000078c800000, 0x000000078cc00000|  0%| F|  |TAMS 0x000000078c800000| PB 0x000000078c800000| Untracked 
|1075|0x000000078cc00000, 0x000000078cc00000, 0x000000078d000000|  0%| F|  |TAMS 0x000000078cc00000| PB 0x000000078cc00000| Untracked 
|1076|0x000000078d000000, 0x000000078d000000, 0x000000078d400000|  0%| F|  |TAMS 0x000000078d000000| PB 0x000000078d000000| Untracked 
|1077|0x000000078d400000, 0x000000078d400000, 0x000000078d800000|  0%| F|  |TAMS 0x000000078d400000| PB 0x000000078d400000| Untracked 
|1078|0x000000078d800000, 0x000000078d800000, 0x000000078dc00000|  0%| F|  |TAMS 0x000000078d800000| PB 0x000000078d800000| Untracked 
|1079|0x000000078dc00000, 0x000000078dc00000, 0x000000078e000000|  0%| F|  |TAMS 0x000000078dc00000| PB 0x000000078dc00000| Untracked 
|1080|0x000000078e000000, 0x000000078e000000, 0x000000078e400000|  0%| F|  |TAMS 0x000000078e000000| PB 0x000000078e000000| Untracked 
|1081|0x000000078e400000, 0x000000078e400000, 0x000000078e800000|  0%| F|  |TAMS 0x000000078e400000| PB 0x000000078e400000| Untracked 
|1082|0x000000078e800000, 0x000000078e800000, 0x000000078ec00000|  0%| F|  |TAMS 0x000000078e800000| PB 0x000000078e800000| Untracked 
|1083|0x000000078ec00000, 0x000000078ec00000, 0x000000078f000000|  0%| F|  |TAMS 0x000000078ec00000| PB 0x000000078ec00000| Untracked 
|1084|0x000000078f000000, 0x000000078f000000, 0x000000078f400000|  0%| F|  |TAMS 0x000000078f000000| PB 0x000000078f000000| Untracked 
|1085|0x000000078f400000, 0x000000078f400000, 0x000000078f800000|  0%| F|  |TAMS 0x000000078f400000| PB 0x000000078f400000| Untracked 
|1086|0x000000078f800000, 0x000000078f800000, 0x000000078fc00000|  0%| F|  |TAMS 0x000000078f800000| PB 0x000000078f800000| Untracked 
|1087|0x000000078fc00000, 0x000000078fc00000, 0x0000000790000000|  0%| F|  |TAMS 0x000000078fc00000| PB 0x000000078fc00000| Untracked 
|1088|0x0000000790000000, 0x0000000790000000, 0x0000000790400000|  0%| F|  |TAMS 0x0000000790000000| PB 0x0000000790000000| Untracked 
|1089|0x0000000790400000, 0x0000000790400000, 0x0000000790800000|  0%| F|  |TAMS 0x0000000790400000| PB 0x0000000790400000| Untracked 
|1090|0x0000000790800000, 0x0000000790800000, 0x0000000790c00000|  0%| F|  |TAMS 0x0000000790800000| PB 0x0000000790800000| Untracked 
|1091|0x0000000790c00000, 0x0000000790c00000, 0x0000000791000000|  0%| F|  |TAMS 0x0000000790c00000| PB 0x0000000790c00000| Untracked 
|1092|0x0000000791000000, 0x0000000791000000, 0x0000000791400000|  0%| F|  |TAMS 0x0000000791000000| PB 0x0000000791000000| Untracked 
|1093|0x0000000791400000, 0x0000000791400000, 0x0000000791800000|  0%| F|  |TAMS 0x0000000791400000| PB 0x0000000791400000| Untracked 
|1094|0x0000000791800000, 0x0000000791800000, 0x0000000791c00000|  0%| F|  |TAMS 0x0000000791800000| PB 0x0000000791800000| Untracked 

Card table byte_map: [0x0000028f79bd0000,0x0000028f7a7d0000] _byte_map_base: 0x0000028f767d0000

Marking Bits: (CMBitMap*) 0x0000028f66bd6820
 Bits: [0x0000028f00000000, 0x0000028f06000000)

Polling page: 0x0000028f648e0000

Metaspace:

Usage:
  Non-class:    236.54 MB used.
      Class:     34.29 MB used.
       Both:    270.83 MB used.

Virtual space:
  Non-class space:      320.00 MB reserved,     238.25 MB ( 74%) committed,  5 nodes.
      Class space:        1.00 GB reserved,      36.12 MB (  4%) committed,  1 nodes.
             Both:        1.31 GB reserved,     274.38 MB ( 20%) committed. 

Chunk freelists:
   Non-Class:  33.41 MB
       Class:  11.85 MB
        Both:  45.25 MB

MaxMetaspaceSize: unlimited
CompressedClassSpaceSize: 1.00 GB
Initial GC threshold: 21.00 MB
Current GC threshold: 488.69 MB
CDS: off
 - commit_granule_bytes: 65536.
 - commit_granule_words: 8192.
 - virtual_space_node_default_size: 8388608.
 - enlarge_chunks_in_place: 1.
 - use_allocation_guard: 0.


Internal statistics:

num_allocs_failed_limit: 9.
num_arena_births: 11820.
num_arena_deaths: 4270.
num_vsnodes_births: 6.
num_vsnodes_deaths: 0.
num_space_committed: 8751.
num_space_uncommitted: 781.
num_chunks_returned_to_freelist: 20916.
num_chunks_taken_from_freelist: 43159.
num_chunk_merges: 6145.
num_chunk_splits: 25220.
num_chunks_enlarged: 18077.
num_inconsistent_stats: 0.

CodeHeap 'non-profiled nmethods': size=120000Kb used=60557Kb max_used=65334Kb free=59443Kb
 bounds [0x0000028f71770000, 0x0000028f75840000, 0x0000028f78ca0000]
CodeHeap 'profiled nmethods': size=120000Kb used=38671Kb max_used=62778Kb free=81328Kb
 bounds [0x0000028f69ca0000, 0x0000028f6da10000, 0x0000028f711d0000]
CodeHeap 'non-nmethods': size=5760Kb used=3193Kb max_used=3421Kb free=2567Kb
 bounds [0x0000028f711d0000, 0x0000028f71550000, 0x0000028f71770000]
CodeCache: size=245760Kb, used=102421Kb, max_used=131533Kb, free=143338Kb
 total_blobs=28585, nmethods=27369, adapters=1117, full_count=0
Compilation: enabled, stopped_count=0, restarted_count=0

Compilation events (20 events):
Event: 29672.976 Thread 0x0000028f7d445160 267451       2       com.android.tools.r8.graph.j::b (32 bytes)
Event: 29672.977 Thread 0x0000028f7d445160 nmethod 267451 0x0000028f6d715010 code [0x0000028f6d7151e0, 0x0000028f6d715428]
Event: 29672.977 Thread 0x0000028f7d445160 267453       3       com.android.tools.r8.internal.Ka0::<init> (25 bytes)
Event: 29672.977 Thread 0x0000028f7d445160 nmethod 267453 0x0000028f6cf33c90 code [0x0000028f6cf33e60, 0x0000028f6cf341d8]
Event: 29672.977 Thread 0x0000028f7d445160 267452       2       com.android.tools.r8.graph.j::d (27 bytes)
Event: 29672.978 Thread 0x0000028f7d445160 nmethod 267452 0x0000028f6d286e10 code [0x0000028f6d286fe0, 0x0000028f6d287238]
Event: 29672.980 Thread 0x0000028f7d445160 267454       2       com.android.tools.r8.graph.j::f (33 bytes)
Event: 29672.981 Thread 0x0000028f7d445160 nmethod 267454 0x0000028f6d295310 code [0x0000028f6d2954e0, 0x0000028f6d2956b8]
Event: 29672.987 Thread 0x0000028f7d4049c0 nmethod 267435 0x0000028f745e6a10 code [0x0000028f745e6c20, 0x0000028f745e72f8]
Event: 29672.987 Thread 0x0000028f7d4049c0 267291       4       com.android.tools.r8.shaking.I3$b::b (14 bytes)
Event: 29672.988 Thread 0x0000028f7d4049c0 nmethod 267291 0x0000028f728dff90 code [0x0000028f728e0120, 0x0000028f728e01c0]
Event: 29672.988 Thread 0x0000028f7d4049c0 267303       4       com.android.tools.r8.shaking.f4::a (52 bytes)
Event: 29672.988 Thread 0x0000028f7d445160 267455       2       com.android.tools.r8.shaking.e4::a (274 bytes)
Event: 29672.991 Thread 0x0000028f7d445160 nmethod 267455 0x0000028f6a7a9d90 code [0x0000028f6a7aa080, 0x0000028f6a7aac50]
Event: 29672.993 Thread 0x0000028f7d4049c0 nmethod 267303 0x0000028f728dfb10 code [0x0000028f728dfca0, 0x0000028f728dfde8]
Event: 29672.993 Thread 0x0000028f7d4049c0 267304       4       com.android.tools.r8.shaking.f4$$Lambda/0x00000008015a5bf0::test (20 bytes)
Event: 29672.994 Thread 0x0000028f7d445160 267456       3       com.android.tools.r8.shaking.f4::a (107 bytes)
Event: 29672.996 Thread 0x0000028f7d445160 nmethod 267456 0x0000028f6a68b890 code [0x0000028f6a68bb40, 0x0000028f6a68c878]
Event: 29672.999 Thread 0x0000028f7d4049c0 nmethod 267304 0x0000028f729af810 code [0x0000028f729af9a0, 0x0000028f729afb58]
Event: 29672.999 Thread 0x0000028f7d4049c0 267363       4       com.android.tools.r8.shaking.f4::a (23 bytes)

GC Heap History (20 events):
Event: 29662.606 GC heap after
{Heap after GC invocations=774 (full 2):
 garbage-first heap   total 3682304K, used 851468K [0x0000000680000000, 0x0000000800000000)
  region size 4096K, 7 young (28672K), 7 survivors (28672K)
 Metaspace       used 275762K, committed 279424K, reserved 1376256K
  class space    used 34913K, committed 36800K, reserved 1048576K
}
Event: 29665.174 GC heap before
{Heap before GC invocations=775 (full 2):
 garbage-first heap   total 2801664K, used 949772K [0x0000000680000000, 0x0000000800000000)
  region size 4096K, 34 young (139264K), 7 survivors (28672K)
 Metaspace       used 276344K, committed 280000K, reserved 1376256K
  class space    used 34987K, committed 36864K, reserved 1048576K
}
Event: 29665.250 GC heap after
{Heap after GC invocations=776 (full 2):
 garbage-first heap   total 2801664K, used 867601K [0x0000000680000000, 0x0000000800000000)
  region size 4096K, 5 young (20480K), 5 survivors (20480K)
 Metaspace       used 276344K, committed 280000K, reserved 1376256K
  class space    used 34987K, committed 36864K, reserved 1048576K
}
Event: 29665.643 GC heap before
{Heap before GC invocations=776 (full 2):
 garbage-first heap   total 2801664K, used 1133841K [0x0000000680000000, 0x0000000800000000)
  region size 4096K, 71 young (290816K), 5 survivors (20480K)
 Metaspace       used 276352K, committed 280000K, reserved 1376256K
  class space    used 34987K, committed 36864K, reserved 1048576K
}
Event: 29665.813 GC heap after
{Heap after GC invocations=777 (full 2):
 garbage-first heap   total 3276800K, used 928063K [0x0000000680000000, 0x0000000800000000)
  region size 4096K, 9 young (36864K), 9 survivors (36864K)
 Metaspace       used 276352K, committed 280000K, reserved 1376256K
  class space    used 34987K, committed 36864K, reserved 1048576K
}
Event: 29665.958 GC heap before
{Heap before GC invocations=777 (full 2):
 garbage-first heap   total 3276800K, used 1079615K [0x0000000680000000, 0x0000000800000000)
  region size 4096K, 46 young (188416K), 9 survivors (36864K)
 Metaspace       used 276353K, committed 280000K, reserved 1376256K
  class space    used 34987K, committed 36864K, reserved 1048576K
}
Event: 29666.118 GC heap after
{Heap after GC invocations=778 (full 2):
 garbage-first heap   total 3276800K, used 957964K [0x0000000680000000, 0x0000000800000000)
  region size 4096K, 6 young (24576K), 6 survivors (24576K)
 Metaspace       used 276353K, committed 280000K, reserved 1376256K
  class space    used 34987K, committed 36864K, reserved 1048576K
}
Event: 29666.280 GC heap before
{Heap before GC invocations=778 (full 2):
 garbage-first heap   total 3276800K, used 1150476K [0x0000000680000000, 0x0000000800000000)
  region size 4096K, 53 young (217088K), 6 survivors (24576K)
 Metaspace       used 276353K, committed 280000K, reserved 1376256K
  class space    used 34987K, committed 36864K, reserved 1048576K
}
Event: 29666.425 GC heap after
{Heap after GC invocations=779 (full 2):
 garbage-first heap   total 3276800K, used 1000069K [0x0000000680000000, 0x0000000800000000)
  region size 4096K, 7 young (28672K), 7 survivors (28672K)
 Metaspace       used 276353K, committed 280000K, reserved 1376256K
  class space    used 34987K, committed 36864K, reserved 1048576K
}
Event: 29666.583 GC heap before
{Heap before GC invocations=779 (full 2):
 garbage-first heap   total 3276800K, used 1172101K [0x0000000680000000, 0x0000000800000000)
  region size 4096K, 48 young (196608K), 7 survivors (28672K)
 Metaspace       used 276353K, committed 280000K, reserved 1376256K
  class space    used 34987K, committed 36864K, reserved 1048576K
}
Event: 29666.778 GC heap after
{Heap after GC invocations=780 (full 2):
 garbage-first heap   total 3276800K, used 1041964K [0x0000000680000000, 0x0000000800000000)
  region size 4096K, 6 young (24576K), 6 survivors (24576K)
 Metaspace       used 276353K, committed 280000K, reserved 1376256K
  class space    used 34987K, committed 36864K, reserved 1048576K
}
Event: 29666.927 GC heap before
{Heap before GC invocations=780 (full 2):
 garbage-first heap   total 3276800K, used 1201708K [0x0000000680000000, 0x0000000800000000)
  region size 4096K, 45 young (184320K), 6 survivors (24576K)
 Metaspace       used 276353K, committed 280000K, reserved 1376256K
  class space    used 34987K, committed 36864K, reserved 1048576K
}
Event: 29667.099 GC heap after
{Heap after GC invocations=781 (full 2):
 garbage-first heap   total 4485120K, used 1072384K [0x0000000680000000, 0x0000000800000000)
  region size 4096K, 6 young (24576K), 6 survivors (24576K)
 Metaspace       used 276353K, committed 280000K, reserved 1376256K
  class space    used 34987K, committed 36864K, reserved 1048576K
}
Event: 29667.380 GC heap before
{Heap before GC invocations=781 (full 2):
 garbage-first heap   total 4485120K, used 1277184K [0x0000000680000000, 0x0000000800000000)
  region size 4096K, 54 young (221184K), 6 survivors (24576K)
 Metaspace       used 276353K, committed 280000K, reserved 1376256K
  class space    used 34987K, committed 36864K, reserved 1048576K
}
Event: 29667.735 GC heap after
{Heap after GC invocations=782 (full 2):
 garbage-first heap   total 4485120K, used 1117708K [0x0000000680000000, 0x0000000800000000)
  region size 4096K, 7 young (28672K), 7 survivors (28672K)
 Metaspace       used 276353K, committed 280000K, reserved 1376256K
  class space    used 34987K, committed 36864K, reserved 1048576K
}
Event: 29668.217 GC heap before
{Heap before GC invocations=782 (full 2):
 garbage-first heap   total 4485120K, used 1310220K [0x0000000680000000, 0x0000000800000000)
  region size 4096K, 54 young (221184K), 7 survivors (28672K)
 Metaspace       used 276365K, committed 280000K, reserved 1376256K
  class space    used 34988K, committed 36864K, reserved 1048576K
}
Event: 29668.507 GC heap after
{Heap after GC invocations=783 (full 2):
 garbage-first heap   total 4485120K, used 1163708K [0x0000000680000000, 0x0000000800000000)
  region size 4096K, 7 young (28672K), 7 survivors (28672K)
 Metaspace       used 276365K, committed 280000K, reserved 1376256K
  class space    used 34988K, committed 36864K, reserved 1048576K
}
Event: 29670.065 GC heap before
{Heap before GC invocations=783 (full 2):
 garbage-first heap   total 4485120K, used 1360316K [0x0000000680000000, 0x0000000800000000)
  region size 4096K, 54 young (221184K), 7 survivors (28672K)
 Metaspace       used 276366K, committed 280000K, reserved 1376256K
  class space    used 34988K, committed 36864K, reserved 1048576K
}
Event: 29670.232 GC heap after
{Heap after GC invocations=784 (full 2):
 garbage-first heap   total 4485120K, used 1220108K [0x0000000680000000, 0x0000000800000000)
  region size 4096K, 7 young (28672K), 7 survivors (28672K)
 Metaspace       used 276366K, committed 280000K, reserved 1376256K
  class space    used 34988K, committed 36864K, reserved 1048576K
}
Event: 29673.015 GC heap before
{Heap before GC invocations=784 (full 2):
 garbage-first heap   total 4485120K, used 1412620K [0x0000000680000000, 0x0000000800000000)
  region size 4096K, 54 young (221184K), 7 survivors (28672K)
 Metaspace       used 277327K, committed 280960K, reserved 1376256K
  class space    used 35111K, committed 36992K, reserved 1048576K
}

Dll operation events (3 events):
Event: 0.012 Loaded shared library C:\Program Files\Android\Android Studio\jbr\bin\java.dll
Event: 0.017 Loaded shared library C:\Program Files\Android\Android Studio\jbr\bin\zip.dll
Event: 0.526 Loaded shared library C:\Program Files\Android\Android Studio\jbr\bin\verify.dll

Deoptimization events (20 events):
Event: 29672.914 Thread 0x0000028f0ed2ddb0 Uncommon trap: trap_request=0xffffff45 fr.pc=0x0000028f73caed84 relative=0x00000000000001a4
Event: 29672.914 Thread 0x0000028f0ed2ddb0 Uncommon trap: reason=unstable_if action=reinterpret pc=0x0000028f73caed84 method=com.android.tools.r8.shaking.f4.a(Ljava/util/List;Lcom/android/tools/r8/graph/m0;Lcom/android/tools/r8/graph/s0;Lcom/android/tools/r8/graph/n0;)Lcom/android/tools/r8/shaking
Event: 29672.914 Thread 0x0000028f0ed2ddb0 DEOPT PACKING pc=0x0000028f73caed84 sp=0x000000f94fafe910
Event: 29672.914 Thread 0x0000028f0ed2ddb0 DEOPT UNPACKING pc=0x0000028f712246a2 sp=0x000000f94fafe880 mode 2
Event: 29672.958 Thread 0x0000028f251c46c0 Uncommon trap: trap_request=0xffffffde fr.pc=0x0000028f749146b0 relative=0x0000000000000a30
Event: 29672.958 Thread 0x0000028f251c46c0 Uncommon trap: reason=class_check action=maybe_recompile pc=0x0000028f749146b0 method=com.android.tools.r8.shaking.f4.a(Lcom/android/tools/r8/graph/G0;Ljava/util/Collection;Ljava/util/Set;Lcom/android/tools/r8/shaking/U2;Lcom/android/tools/r8/graph/C2;Lco
Event: 29672.958 Thread 0x0000028f251c46c0 DEOPT PACKING pc=0x0000028f749146b0 sp=0x000000f9523fd4b0
Event: 29672.958 Thread 0x0000028f251c46c0 DEOPT UNPACKING pc=0x0000028f712246a2 sp=0x000000f9523fd468 mode 2
Event: 29672.958 Thread 0x0000028f251c46c0 Uncommon trap: trap_request=0xffffffde fr.pc=0x0000028f749146b0 relative=0x0000000000000a30
Event: 29672.958 Thread 0x0000028f251c46c0 Uncommon trap: reason=class_check action=maybe_recompile pc=0x0000028f749146b0 method=com.android.tools.r8.shaking.f4.a(Lcom/android/tools/r8/graph/G0;Ljava/util/Collection;Ljava/util/Set;Lcom/android/tools/r8/shaking/U2;Lcom/android/tools/r8/graph/C2;Lco
Event: 29672.958 Thread 0x0000028f251c46c0 DEOPT PACKING pc=0x0000028f749146b0 sp=0x000000f9523fd4b0
Event: 29672.958 Thread 0x0000028f251c46c0 DEOPT UNPACKING pc=0x0000028f712246a2 sp=0x000000f9523fd468 mode 2
Event: 29672.958 Thread 0x0000028f251c46c0 Uncommon trap: trap_request=0xffffffde fr.pc=0x0000028f749146b0 relative=0x0000000000000a30
Event: 29672.958 Thread 0x0000028f251c46c0 Uncommon trap: reason=class_check action=maybe_recompile pc=0x0000028f749146b0 method=com.android.tools.r8.shaking.f4.a(Lcom/android/tools/r8/graph/G0;Ljava/util/Collection;Ljava/util/Set;Lcom/android/tools/r8/shaking/U2;Lcom/android/tools/r8/graph/C2;Lco
Event: 29672.958 Thread 0x0000028f251c46c0 DEOPT PACKING pc=0x0000028f749146b0 sp=0x000000f9523fd4b0
Event: 29672.958 Thread 0x0000028f251c46c0 DEOPT UNPACKING pc=0x0000028f712246a2 sp=0x000000f9523fd468 mode 2
Event: 29672.958 Thread 0x0000028f251c46c0 Uncommon trap: trap_request=0xffffffde fr.pc=0x0000028f749146b0 relative=0x0000000000000a30
Event: 29672.958 Thread 0x0000028f251c46c0 Uncommon trap: reason=class_check action=maybe_recompile pc=0x0000028f749146b0 method=com.android.tools.r8.shaking.f4.a(Lcom/android/tools/r8/graph/G0;Ljava/util/Collection;Ljava/util/Set;Lcom/android/tools/r8/shaking/U2;Lcom/android/tools/r8/graph/C2;Lco
Event: 29672.958 Thread 0x0000028f251c46c0 DEOPT PACKING pc=0x0000028f749146b0 sp=0x000000f9523fd4b0
Event: 29672.958 Thread 0x0000028f251c46c0 DEOPT UNPACKING pc=0x0000028f712246a2 sp=0x000000f9523fd468 mode 2

Classes loaded (20 events):
Event: 28932.417 Loading class jdk/internal/jrtfs/JrtFileSystemProvider$JrtFsLoader
Event: 28932.419 Loading class jdk/internal/jrtfs/JrtFileSystemProvider$JrtFsLoader done
Event: 28932.435 Loading class java/io/IOError
Event: 28932.437 Loading class java/io/IOError done
Event: 28932.524 Loading class java/util/regex/Pattern$Bound
Event: 28932.527 Loading class java/util/regex/Pattern$Bound done
Event: 29071.530 Loading class java/util/zip/ZipFile$EntrySpliterator
Event: 29071.540 Loading class java/util/Spliterators$AbstractSpliterator
Event: 29071.544 Loading class java/util/Spliterators$AbstractSpliterator done
Event: 29071.544 Loading class java/util/zip/ZipFile$EntrySpliterator done
Event: 29578.719 Loading class jdk/internal/math/FloatToDecimal
Event: 29578.760 Loading class jdk/internal/math/FloatToDecimal done
Event: 29624.829 Loading class sun/nio/cs/US_ASCII$Decoder
Event: 29624.837 Loading class sun/nio/cs/US_ASCII$Decoder done
Event: 29631.728 Loading class sun/nio/cs/US_ASCII$Encoder
Event: 29631.740 Loading class sun/nio/cs/US_ASCII$Encoder done
Event: 29631.792 Loading class java/util/TreeMap$AscendingSubMap
Event: 29631.796 Loading class java/util/TreeMap$AscendingSubMap done
Event: 29631.797 Loading class java/util/TreeMap$NavigableSubMap$SubMapKeyIterator
Event: 29631.799 Loading class java/util/TreeMap$NavigableSubMap$SubMapKeyIterator done

Classes unloaded (20 events):
Event: 29232.379 Thread 0x0000028f6468e670 Unloading class 0x0000000802444728 'dagger/spi/internal/shaded/androidx/room/compiler/processing/XProcessingEnvConfig'
Event: 29232.379 Thread 0x0000028f6468e670 Unloading class 0x00000008024444e8 'dagger/spi/internal/shaded/androidx/room/compiler/processing/XProcessingEnvConfig$Builder'
Event: 29232.379 Thread 0x0000028f6468e670 Unloading class 0x00000008024442b0 'dagger/hilt/processor/internal/HiltProcessingEnvConfigs'
Event: 29232.379 Thread 0x0000028f6468e670 Unloading class 0x0000000802444000 'dagger/hilt/processor/internal/uninstallmodules/UninstallModulesProcessingStep'
Event: 29232.379 Thread 0x0000028f6468e670 Unloading class 0x0000000802443b80 'dagger/hilt/processor/internal/BaseProcessingStep'
Event: 29232.379 Thread 0x0000028f6468e670 Unloading class 0x0000000802443950 'dagger/spi/internal/shaded/androidx/room/compiler/processing/XProcessingStep'
Event: 29232.379 Thread 0x0000028f6468e670 Unloading class 0x0000000802443630 'dagger/hilt/processor/internal/uninstallmodules/UninstallModulesProcessor'
Event: 29232.379 Thread 0x0000028f6468e670 Unloading class 0x0000000802443310 'dagger/hilt/processor/internal/JavacBaseProcessingStepProcessor'
Event: 29232.379 Thread 0x0000028f6468e670 Unloading class 0x0000000802443000 'dagger/spi/internal/shaded/androidx/room/compiler/processing/javac/JavacBasicAnnotationProcessor'
Event: 29232.379 Thread 0x0000028f6468e670 Unloading class 0x0000000802442c38 'dagger/spi/internal/shaded/androidx/room/compiler/processing/XBasicAnnotationProcessor'
Event: 29232.379 Thread 0x0000028f6468e670 Unloading class 0x0000000802442990 'javax/xml/bind/JAXBException'
Event: 29232.379 Thread 0x0000028f6468e670 Unloading class 0x0000000802442738 'android/databinding/tool/writer/AnnotationJavaFileWriter'
Event: 29232.379 Thread 0x0000028f6468e670 Unloading class 0x00000008024424e8 'android/databinding/tool/writer/JavaFileWriter'
Event: 29232.379 Thread 0x0000028f6468e670 Unloading class 0x00000008024422b8 'android/databinding/annotationprocessor/ProcessDataBinding$Callback'
Event: 29232.379 Thread 0x0000028f6468e670 Unloading class 0x0000000802442000 'android/databinding/annotationprocessor/ProcessDataBinding'
Event: 29612.948 Thread 0x0000028f6468e670 Unloading class 0x0000000802182258 'javax/xml/bind/JAXBException'
Event: 29612.949 Thread 0x0000028f6468e670 Unloading class 0x0000000802182000 'android/databinding/tool/writer/AnnotationJavaFileWriter'
Event: 29612.949 Thread 0x0000028f6468e670 Unloading class 0x0000000802181ce8 'android/databinding/tool/writer/JavaFileWriter'
Event: 29612.949 Thread 0x0000028f6468e670 Unloading class 0x0000000802181ab8 'android/databinding/annotationprocessor/ProcessDataBinding$Callback'
Event: 29612.949 Thread 0x0000028f6468e670 Unloading class 0x0000000802181800 'android/databinding/annotationprocessor/ProcessDataBinding'

Classes redefined (0 events):
No events

Internal exceptions (20 events):
Event: 29657.535 Thread 0x0000028f251c46c0 Exception <a 'sun/nio/fs/WindowsException'{0x000000074b6039b0}> (0x000000074b6039b0) 
thrown [s\src\hotspot\share\prims\jni.cpp, line 537]
Event: 29657.535 Thread 0x0000028f251c46c0 Exception <a 'sun/nio/fs/WindowsException'{0x000000074b603a88}> (0x000000074b603a88) 
thrown [s\src\hotspot\share\prims\jni.cpp, line 537]
Event: 29657.535 Thread 0x0000028f251c46c0 Exception <a 'sun/nio/fs/WindowsException'{0x000000074b603b60}> (0x000000074b603b60) 
thrown [s\src\hotspot\share\prims\jni.cpp, line 537]
Event: 29657.535 Thread 0x0000028f251c46c0 Exception <a 'sun/nio/fs/WindowsException'{0x000000074b603c48}> (0x000000074b603c48) 
thrown [s\src\hotspot\share\prims\jni.cpp, line 537]
Event: 29657.535 Thread 0x0000028f251c46c0 Exception <a 'sun/nio/fs/WindowsException'{0x000000074b603d30}> (0x000000074b603d30) 
thrown [s\src\hotspot\share\prims\jni.cpp, line 537]
Event: 29657.536 Thread 0x0000028f251c46c0 Exception <a 'sun/nio/fs/WindowsException'{0x000000074b603ea8}> (0x000000074b603ea8) 
thrown [s\src\hotspot\share\prims\jni.cpp, line 537]
Event: 29658.107 Thread 0x0000028f1745e200 Exception <a 'sun/nio/fs/WindowsException'{0x0000000740fb3d78}> (0x0000000740fb3d78) 
thrown [s\src\hotspot\share\prims\jni.cpp, line 537]
Event: 29658.162 Thread 0x0000028f1745e200 Exception <a 'sun/nio/fs/WindowsException'{0x000000073f1130f0}> (0x000000073f1130f0) 
thrown [s\src\hotspot\share\prims\jni.cpp, line 537]
Event: 29658.163 Thread 0x0000028f1a051060 Exception <a 'sun/nio/fs/WindowsException'{0x000000073f3b1380}> (0x000000073f3b1380) 
thrown [s\src\hotspot\share\prims\jni.cpp, line 537]
Event: 29661.576 Thread 0x0000028f1a1e9da0 Exception <a 'sun/nio/fs/WindowsException'{0x0000000756609560}> (0x0000000756609560) 
thrown [s\src\hotspot\share\prims\jni.cpp, line 537]
Event: 29661.618 Thread 0x0000028f1745e200 Exception <a 'sun/nio/fs/WindowsException'{0x00000007567fc868}> (0x00000007567fc868) 
thrown [s\src\hotspot\share\prims\jni.cpp, line 537]
Event: 29663.105 Thread 0x0000028f251c46c0 Exception <a 'sun/nio/fs/WindowsException'{0x000000076fbff468}> (0x000000076fbff468) 
thrown [s\src\hotspot\share\prims\jni.cpp, line 537]
Event: 29670.965 Thread 0x0000028f251c46c0 Exception <a 'java/lang/IncompatibleClassChangeError'{0x000000078dc0de28}: Found class java.lang.Object, but interface was expected> (0x000000078dc0de28) 
thrown [s\src\hotspot\share\interpreter\linkResolver.cpp, line 851]
Event: 29671.071 Thread 0x0000028f251c46c0 Implicit null exception at 0x0000028f7356552b to 0x0000028f735659a0
Event: 29671.159 Thread 0x0000028f251c46c0 Implicit null exception at 0x0000028f7259ba67 to 0x0000028f7259c6a4
Event: 29671.182 Thread 0x0000028f251c46c0 Exception <a 'java/lang/NoSuchMethodError'{0x000000078dd6b948}: 'void java.lang.invoke.DirectMethodHandle$Holder.invokeStatic(java.lang.Object, java.lang.Object, java.lang.Object, java.lang.Object, java.lang.Object, java.lang.Object, java.lang.Object, java.lang.Object, java.lang.Object)'> (0x000000078dd6b948) 
thrown [s\src\hotspot\share\interpreter\linkResolver.cpp, line 784]
Event: 29671.185 Thread 0x0000028f251c46c0 Exception <a 'java/lang/IncompatibleClassChangeError'{0x000000078dd7b8d0}: Found class java.lang.Object, but interface was expected> (0x000000078dd7b8d0) 
thrown [s\src\hotspot\share\interpreter\linkResolver.cpp, line 851]
Event: 29671.469 Thread 0x0000028f251c46c0 Implicit null exception at 0x0000028f74594fda to 0x0000028f74597690
Event: 29671.541 Thread 0x0000028f251c46c0 Implicit null exception at 0x0000028f749171e2 to 0x0000028f7491a360
Event: 29672.643 Thread 0x0000028f251c46c0 Implicit null exception at 0x0000028f743a6ac0 to 0x0000028f743a774a

ZGC Phase Switch (0 events):
No events

VM Operations (20 events):
Event: 29667.735 Executing VM operation: G1CollectForAllocation (G1 Evacuation Pause) done
Event: 29667.995 Executing VM operation: HandshakeAllThreads (Deoptimize)
Event: 29667.995 Executing VM operation: HandshakeAllThreads (Deoptimize) done
Event: 29668.217 Executing VM operation: G1CollectForAllocation (G1 Evacuation Pause)
Event: 29668.507 Executing VM operation: G1CollectForAllocation (G1 Evacuation Pause) done
Event: 29670.065 Executing VM operation: G1CollectForAllocation (G1 Evacuation Pause)
Event: 29670.232 Executing VM operation: G1CollectForAllocation (G1 Evacuation Pause) done
Event: 29670.519 Executing VM operation: HandshakeAllThreads (Deoptimize)
Event: 29670.519 Executing VM operation: HandshakeAllThreads (Deoptimize) done
Event: 29670.896 Executing VM operation: HandshakeAllThreads (Deoptimize)
Event: 29670.896 Executing VM operation: HandshakeAllThreads (Deoptimize) done
Event: 29670.910 Executing VM operation: HandshakeAllThreads (Deoptimize)
Event: 29670.911 Executing VM operation: HandshakeAllThreads (Deoptimize) done
Event: 29670.981 Executing VM operation: HandshakeAllThreads (Deoptimize)
Event: 29670.981 Executing VM operation: HandshakeAllThreads (Deoptimize) done
Event: 29671.133 Executing VM operation: HandshakeAllThreads (Deoptimize)
Event: 29671.134 Executing VM operation: HandshakeAllThreads (Deoptimize) done
Event: 29672.135 Executing VM operation: Cleanup
Event: 29672.135 Executing VM operation: Cleanup done
Event: 29673.015 Executing VM operation: G1CollectForAllocation (G1 Evacuation Pause)

Memory protections (0 events):
No events

Nmethod flushes (20 events):
Event: 29664.375 Thread 0x0000028f6468e670 flushing  nmethod 0x0000028f6a6f4290
Event: 29664.375 Thread 0x0000028f6468e670 flushing  nmethod 0x0000028f6c873610
Event: 29664.375 Thread 0x0000028f6468e670 flushing  nmethod 0x0000028f6c87d910
Event: 29664.375 Thread 0x0000028f6468e670 flushing  nmethod 0x0000028f6c87eb90
Event: 29664.375 Thread 0x0000028f6468e670 flushing  nmethod 0x0000028f6c87f210
Event: 29664.375 Thread 0x0000028f6468e670 flushing  nmethod 0x0000028f6c87f710
Event: 29664.375 Thread 0x0000028f6468e670 flushing  nmethod 0x0000028f6c87fc10
Event: 29664.375 Thread 0x0000028f6468e670 flushing  nmethod 0x0000028f6c880290
Event: 29664.375 Thread 0x0000028f6468e670 flushing  nmethod 0x0000028f6cc1ad90
Event: 29664.375 Thread 0x0000028f6468e670 flushing  nmethod 0x0000028f6cc1bb10
Event: 29664.375 Thread 0x0000028f6468e670 flushing  nmethod 0x0000028f6cc55e90
Event: 29664.375 Thread 0x0000028f6468e670 flushing  nmethod 0x0000028f6cf46d10
Event: 29664.375 Thread 0x0000028f6468e670 flushing  nmethod 0x0000028f6cf49e10
Event: 29664.375 Thread 0x0000028f6468e670 flushing osr nmethod 0x0000028f6d283d10
Event: 29664.375 Thread 0x0000028f6468e670 flushing  nmethod 0x0000028f6d294490
Event: 29664.375 Thread 0x0000028f6468e670 flushing  nmethod 0x0000028f6d6f1990
Event: 29664.375 Thread 0x0000028f6468e670 flushing  nmethod 0x0000028f6a85af90
Event: 29664.375 Thread 0x0000028f6468e670 flushing  nmethod 0x0000028f6cbd4890
Event: 29664.375 Thread 0x0000028f6468e670 flushing  nmethod 0x0000028f6cdd8a10
Event: 29664.375 Thread 0x0000028f6468e670 flushing  nmethod 0x0000028f6cdd8d90

Events (20 events):
Event: 29664.445 Thread 0x0000028f7d445160 Thread added: 0x0000028f0e64bee0
Event: 29664.445 Thread 0x0000028f7d445160 Thread added: 0x0000028f0e64aa70
Event: 29664.704 Thread 0x0000028f0e64aa70 Thread exited: 0x0000028f0e64aa70
Event: 29664.730 Thread 0x0000028f7d445160 Thread added: 0x0000028f142db150
Event: 29665.133 Thread 0x0000028f142db150 Thread exited: 0x0000028f142db150
Event: 29665.142 Thread 0x0000028f251c46c0 Thread added: 0x0000028f0f593510
Event: 29665.142 Thread 0x0000028f251c46c0 Thread added: 0x0000028f0ed2ddb0
Event: 29665.143 Thread 0x0000028f251c46c0 Thread added: 0x0000028f0e1e8d80
Event: 29665.143 Thread 0x0000028f0f593510 Thread added: 0x0000028f0f06d720
Event: 29665.144 Thread 0x0000028f7d4049c0 Thread added: 0x0000028f0e64aa70
Event: 29665.923 Thread 0x0000028f0e64aa70 Thread exited: 0x0000028f0e64aa70
Event: 29665.930 Thread 0x0000028f0e64bee0 Thread exited: 0x0000028f0e64bee0
Event: 29670.446 Thread 0x0000028f7d4049c0 Thread added: 0x0000028f0e6bb900
Event: 29670.639 Thread 0x0000028f0e6bb900 Thread exited: 0x0000028f0e6bb900
Event: 29670.748 Thread 0x0000028f7d445160 Thread added: 0x0000028f28f795a0
Event: 29670.754 Thread 0x0000028f7d445160 Thread added: 0x0000028f28f7a340
Event: 29672.540 Thread 0x0000028f28f7a340 Thread exited: 0x0000028f28f7a340
Event: 29672.548 Thread 0x0000028f28f795a0 Thread exited: 0x0000028f28f795a0
Event: 29672.653 Thread 0x0000028f7d4049c0 Thread added: 0x0000028f28f795a0
Event: 29672.653 Thread 0x0000028f7d4049c0 Thread added: 0x0000028f28f7b0e0


Dynamic libraries:
0x00007ff6987b0000 - 0x00007ff6987ba000 	C:\Program Files\Android\Android Studio\jbr\bin\java.exe
0x00007ffa3f640000 - 0x00007ffa3f8a8000 	C:\WINDOWS\SYSTEM32\ntdll.dll
0x00007ffa3d850000 - 0x00007ffa3d919000 	C:\WINDOWS\System32\KERNEL32.DLL
0x00007ffa3c7d0000 - 0x00007ffa3cbc2000 	C:\WINDOWS\System32\KERNELBASE.dll
0x00007ffa3cf50000 - 0x00007ffa3d09b000 	C:\WINDOWS\System32\ucrtbase.dll
0x00007ffa33a60000 - 0x00007ffa33a78000 	C:\Program Files\Android\Android Studio\jbr\bin\jli.dll
0x00007ffa275f0000 - 0x00007ffa2760b000 	C:\Program Files\Android\Android Studio\jbr\bin\VCRUNTIME140.dll
0x00007ffa3e5e0000 - 0x00007ffa3e7a5000 	C:\WINDOWS\System32\USER32.dll
0x00007ffa3d1d0000 - 0x00007ffa3d1f7000 	C:\WINDOWS\System32\win32u.dll
0x00007ffa21270000 - 0x00007ffa21503000 	C:\WINDOWS\WinSxS\amd64_microsoft.windows.common-controls_6595b64144ccf1df_6.0.26100.6899_none_3e0efeeae32e88c1\COMCTL32.dll
0x00007ffa3e520000 - 0x00007ffa3e54b000 	C:\WINDOWS\System32\GDI32.dll
0x00007ffa3ec80000 - 0x00007ffa3ed29000 	C:\WINDOWS\System32\msvcrt.dll
0x00007ffa3d0a0000 - 0x00007ffa3d1cd000 	C:\WINDOWS\System32\gdi32full.dll
0x00007ffa3cc90000 - 0x00007ffa3cd33000 	C:\WINDOWS\System32\msvcp_win.dll
0x00007ffa3eb50000 - 0x00007ffa3eb7f000 	C:\WINDOWS\System32\IMM32.DLL
0x00007ffa275e0000 - 0x00007ffa275ec000 	C:\Program Files\Android\Android Studio\jbr\bin\vcruntime140_1.dll
0x00007ffa26d30000 - 0x00007ffa26dbd000 	C:\Program Files\Android\Android Studio\jbr\bin\msvcp140.dll
0x00007ff9c92d0000 - 0x00007ff9c9f66000 	C:\Program Files\Android\Android Studio\jbr\bin\server\jvm.dll
0x00007ffa3d410000 - 0x00007ffa3d4c4000 	C:\WINDOWS\System32\ADVAPI32.dll
0x00007ffa3dd20000 - 0x00007ffa3ddc6000 	C:\WINDOWS\System32\sechost.dll
0x00007ffa3e890000 - 0x00007ffa3e9a8000 	C:\WINDOWS\System32\RPCRT4.dll
0x00007ffa3f480000 - 0x00007ffa3f4f4000 	C:\WINDOWS\System32\WS2_32.dll
0x00007ffa3c650000 - 0x00007ffa3c6ae000 	C:\WINDOWS\SYSTEM32\POWRPROF.dll
0x00007ffa27140000 - 0x00007ffa27175000 	C:\WINDOWS\SYSTEM32\WINMM.dll
0x00007ffa2e1d0000 - 0x00007ffa2e1db000 	C:\WINDOWS\SYSTEM32\VERSION.dll
0x00007ffa3c630000 - 0x00007ffa3c644000 	C:\WINDOWS\SYSTEM32\UMPDC.dll
0x00007ffa3b5a0000 - 0x00007ffa3b5bb000 	C:\WINDOWS\SYSTEM32\kernel.appcore.dll
0x00007ffa275d0000 - 0x00007ffa275da000 	C:\Program Files\Android\Android Studio\jbr\bin\jimage.dll
0x00007ffa3a130000 - 0x00007ffa3a372000 	C:\WINDOWS\SYSTEM32\DBGHELP.DLL
0x00007ffa3d920000 - 0x00007ffa3dc9b000 	C:\WINDOWS\System32\combase.dll
0x00007ffa3e7b0000 - 0x00007ffa3e887000 	C:\WINDOWS\System32\OLEAUT32.dll
0x00007ffa35bc0000 - 0x00007ffa35bfc000 	C:\WINDOWS\SYSTEM32\dbgcore.DLL
0x00007ffa3d200000 - 0x00007ffa3d298000 	C:\WINDOWS\System32\bcryptPrimitives.dll
0x00007ffa33ad0000 - 0x00007ffa33ade000 	C:\Program Files\Android\Android Studio\jbr\bin\instrument.dll
0x00007ffa275b0000 - 0x00007ffa275d0000 	C:\Program Files\Android\Android Studio\jbr\bin\java.dll
0x00007ffa27590000 - 0x00007ffa275a8000 	C:\Program Files\Android\Android Studio\jbr\bin\zip.dll
0x00007ffa3ed30000 - 0x00007ffa3f47d000 	C:\WINDOWS\System32\SHELL32.dll
0x00007ffa3d2a0000 - 0x00007ffa3d40b000 	C:\WINDOWS\System32\wintypes.dll
0x00007ffa3a460000 - 0x00007ffa3acbd000 	C:\WINDOWS\SYSTEM32\windows.storage.dll
0x00007ffa3d4e0000 - 0x00007ffa3d5d2000 	C:\WINDOWS\System32\SHCORE.dll
0x00007ffa3e550000 - 0x00007ffa3e5b2000 	C:\WINDOWS\System32\shlwapi.dll
0x00007ffa3c6f0000 - 0x00007ffa3c719000 	C:\WINDOWS\SYSTEM32\profapi.dll
0x00007ffa27580000 - 0x00007ffa27590000 	C:\Program Files\Android\Android Studio\jbr\bin\net.dll
0x00007ffa2ff10000 - 0x00007ffa3002f000 	C:\WINDOWS\SYSTEM32\WINHTTP.dll
0x00007ffa3bb10000 - 0x00007ffa3bb7b000 	C:\WINDOWS\system32\mswsock.dll
0x00007ffa20e50000 - 0x00007ffa20e66000 	C:\Program Files\Android\Android Studio\jbr\bin\nio.dll
0x00007ffa09080000 - 0x00007ffa09090000 	C:\Program Files\Android\Android Studio\jbr\bin\verify.dll
0x00007ffa33900000 - 0x00007ffa33927000 	C:\Users\zs computer\.gradle\native\c067742578af261105cb4f569cf0c3c89f3d7b1fecec35dd04571415982c5e48\windows-amd64\native-platform.dll
0x00007ffa05680000 - 0x00007ffa057c4000 	C:\Users\zs computer\.gradle\native\38dada09dfb8b06ba9b0570ebf7e218e3eb74d4ef43ca46872605cf95ebc2f47\windows-amd64\native-platform-file-events.dll
0x00007ffa0a6b0000 - 0x00007ffa0a6b9000 	C:\Program Files\Android\Android Studio\jbr\bin\management.dll
0x00007ffa0a600000 - 0x00007ffa0a60b000 	C:\Program Files\Android\Android Studio\jbr\bin\management_ext.dll
0x00007ffa3e510000 - 0x00007ffa3e518000 	C:\WINDOWS\System32\PSAPI.DLL
0x00007ffa3bdc0000 - 0x00007ffa3bddb000 	C:\WINDOWS\SYSTEM32\CRYPTSP.dll
0x00007ffa3b500000 - 0x00007ffa3b53b000 	C:\WINDOWS\system32\rsaenh.dll
0x00007ffa3bbb0000 - 0x00007ffa3bbdb000 	C:\WINDOWS\SYSTEM32\USERENV.dll
0x00007ffa3c6c0000 - 0x00007ffa3c6e6000 	C:\WINDOWS\SYSTEM32\bcrypt.dll
0x00007ffa3bde0000 - 0x00007ffa3bdec000 	C:\WINDOWS\SYSTEM32\CRYPTBASE.dll
0x00007ffa3afc0000 - 0x00007ffa3aff4000 	C:\WINDOWS\SYSTEM32\IPHLPAPI.DLL
0x00007ffa3eb10000 - 0x00007ffa3eb1a000 	C:\WINDOWS\System32\NSI.dll
0x00007ffa0ae30000 - 0x00007ffa0ae39000 	C:\Program Files\Android\Android Studio\jbr\bin\extnet.dll
0x00007ffa0bcb0000 - 0x00007ffa0bcb8000 	C:\WINDOWS\system32\wshunix.dll
0x00007ffa0f730000 - 0x00007ffa0f748000 	C:\WINDOWS\system32\napinsp.dll
0x00007ffa3b050000 - 0x00007ffa3b176000 	C:\WINDOWS\SYSTEM32\DNSAPI.dll
0x00007ffa0f710000 - 0x00007ffa0f722000 	C:\WINDOWS\System32\winrnr.dll
0x00007ff9d8410000 - 0x00007ff9d8438000 	C:\WINDOWS\system32\nlansp_c.dll
0x00007ffa30f80000 - 0x00007ffa30f96000 	C:\WINDOWS\system32\wshbth.dll
0x00007ffa2fe30000 - 0x00007ffa2fe3b000 	C:\Windows\System32\rasadhlp.dll
0x00007ffa2e250000 - 0x00007ffa2e2d6000 	C:\WINDOWS\System32\fwpuclnt.dll
0x00007ffa322a0000 - 0x00007ffa322a7000 	C:\Program Files\Android\Android Studio\jbr\bin\rmi.dll
0x00007ffa3b6c0000 - 0x00007ffa3b6f6000 	C:\WINDOWS\SYSTEM32\ntmarta.dll

JVMTI agents:
C:\Users\zs computer\.gradle\wrapper\dists\gradle-8.6-bin\afr5mpiioh2wthjmwnkmdsd5w\gradle-8.6\lib\agents\gradle-instrumentation-agent-8.6.jar path:C:\Program Files\Android\Android Studio\jbr\bin\instrument.dll, loaded, initialized, instrumentlib options:none

dbghelp: loaded successfully - version: 4.0.5 - missing functions: none
symbol engine: initialized successfully - sym options: 0x614 - pdb path: .;C:\Program Files\Android\Android Studio\jbr\bin;C:\WINDOWS\SYSTEM32;C:\WINDOWS\WinSxS\amd64_microsoft.windows.common-controls_6595b64144ccf1df_6.0.26100.6899_none_3e0efeeae32e88c1;C:\Program Files\Android\Android Studio\jbr\bin\server;C:\Users\zs computer\.gradle\native\c067742578af261105cb4f569cf0c3c89f3d7b1fecec35dd04571415982c5e48\windows-amd64;C:\Users\zs computer\.gradle\native\38dada09dfb8b06ba9b0570ebf7e218e3eb74d4ef43ca46872605cf95ebc2f47\windows-amd64

VM Arguments:
jvm_args: -XX:+HeapDumpOnOutOfMemoryError --add-opens=java.base/java.util=ALL-UNNAMED --add-opens=java.base/java.lang=ALL-UNNAMED --add-opens=java.base/java.lang.invoke=ALL-UNNAMED --add-opens=java.prefs/java.util.prefs=ALL-UNNAMED --add-opens=java.base/java.nio.charset=ALL-UNNAMED --add-opens=java.base/java.net=ALL-UNNAMED --add-opens=java.base/java.util.concurrent.atomic=ALL-UNNAMED -Xmx6144m -Dfile.encoding=UTF-8 -Duser.country=US -Duser.language=en -Duser.variant -javaagent:C:\Users\zs computer\.gradle\wrapper\dists\gradle-8.6-bin\afr5mpiioh2wthjmwnkmdsd5w\gradle-8.6\lib\agents\gradle-instrumentation-agent-8.6.jar 
java_command: org.gradle.launcher.daemon.bootstrap.GradleDaemon 8.6
java_class_path (initial): C:\Users\zs computer\.gradle\wrapper\dists\gradle-8.6-bin\afr5mpiioh2wthjmwnkmdsd5w\gradle-8.6\lib\gradle-launcher-8.6.jar
Launcher Type: SUN_STANDARD

[Global flags]
     intx CICompilerCount                          = 4                                         {product} {ergonomic}
     uint ConcGCThreads                            = 2                                         {product} {ergonomic}
     uint G1ConcRefinementThreads                  = 8                                         {product} {ergonomic}
   size_t G1HeapRegionSize                         = 4194304                                   {product} {ergonomic}
    uintx GCDrainStackTargetSize                   = 64                                        {product} {ergonomic}
     bool HeapDumpOnOutOfMemoryError               = true                                   {manageable} {command line}
   size_t InitialHeapSize                          = 134217728                                 {product} {ergonomic}
   size_t MarkStackSize                            = 4194304                                   {product} {ergonomic}
   size_t MaxHeapSize                              = 6442450944                                {product} {command line}
   size_t MaxNewSize                               = 3862953984                                {product} {ergonomic}
   size_t MinHeapDeltaBytes                        = 4194304                                   {product} {ergonomic}
   size_t MinHeapSize                              = 8388608                                   {product} {ergonomic}
    uintx NonNMethodCodeHeapSize                   = 5839372                                {pd product} {ergonomic}
    uintx NonProfiledCodeHeapSize                  = 122909434                              {pd product} {ergonomic}
    uintx ProfiledCodeHeapSize                     = 122909434                              {pd product} {ergonomic}
    uintx ReservedCodeCacheSize                    = 251658240                              {pd product} {ergonomic}
     bool SegmentedCodeCache                       = true                                      {product} {ergonomic}
   size_t SoftMaxHeapSize                          = 6442450944                             {manageable} {ergonomic}
     bool UseCompressedOops                        = true                           {product lp64_product} {ergonomic}
     bool UseG1GC                                  = true                                      {product} {ergonomic}
     bool UseLargePagesIndividualAllocation        = false                                  {pd product} {ergonomic}

Logging:
Log output configuration:
 #0: stdout all=warning uptime,level,tags foldmultilines=false
 #1: stderr all=off uptime,level,tags foldmultilines=false

Environment Variables:
PATH=C:\Program Files\Common Files\Oracle\Java\javapath;C:\WINDOWS\system32;C:\WINDOWS;C:\WINDOWS\System32\Wbem;C:\WINDOWS\System32\WindowsPowerShell\v1.0\;C:\WINDOWS\System32\OpenSSH\;C:\Program Files\Git\cmd;C:\Users\zs computer\AppData\Local\Microsoft\WindowsApps;;C:\Program Files\JetBrains\IntelliJ IDEA Community Edition 2025.1.3\bin;
USERNAME=zs computer
OS=Windows_NT
PROCESSOR_IDENTIFIER=Intel64 Family 6 Model 142 Stepping 10, GenuineIntel
TMP=C:\Users\ZSCOMP~1\AppData\Local\Temp
TEMP=C:\Users\ZSCOMP~1\AppData\Local\Temp




Periodic native trim disabled

JNI global refs:
JNI global refs: 31, weak refs: 30

JNI global refs memory usage: 835, weak refs: 1913

Process memory usage:
Resident Set Size: 2559588K (31% of 8223956K total physical memory with 982408K free physical memory)

OOME stack traces (most recent first):
Classloader memory used:
Loader org.gradle.internal.classloader.VisitableURLClassLoader$InstrumentingVisitableURLClassLoader: 96806K
Loader java.net.URLClassLoader                                                         : 52241K
Loader org.gradle.internal.classloader.VisitableURLClassLoader                         : 48769K
Loader bootstrap                                                                       : 42971K
Loader org.gradle.initialization.MixInLegacyTypesClassLoader                           : 19564K
Loader jdk.internal.loader.ClassLoaders$AppClassLoader                                 : 11957K
Loader jdk.internal.reflect.DelegatingClassLoader                                      : 2461K
Loader jdk.internal.loader.ClassLoaders$PlatformClassLoader                            : 1257K
Loader org.gradle.groovy.scripts.internal.DefaultScriptCompilationHandler$ScriptClassLoader: 960K
Loader org.codehaus.groovy.runtime.callsite.CallSiteClassLoader                        : 276K
Loader org.gradle.internal.classloader.VisitableURLClassLoader                         : 59112B
Loader sun.reflect.misc.MethodUtil                                                     : 3000B

Classes loaded by more than one classloader:
Class kotlin.collections.AbstractCollection                                           : loaded 6 times (x 117B)
Class kotlin.collections.CollectionsKt__MutableCollectionsKt                          : loaded 6 times (x 71B)
Class kotlin.jvm.KotlinReflectionNotSupportedError                                    : loaded 6 times (x 82B)
Class kotlin.reflect.KCallable                                                        : loaded 6 times (x 70B)
Class kotlin.text.StringsKt__StringsJVMKt                                             : loaded 6 times (x 71B)
Class kotlin.collections.CollectionsKt__MutableCollectionsJVMKt                       : loaded 6 times (x 71B)
Class kotlin.enums.EnumEntries                                                        : loaded 6 times (x 70B)
Class kotlin.enums.EnumEntriesKt                                                      : loaded 6 times (x 71B)
Class kotlin.text.StringsKt__IndentKt                                                 : loaded 6 times (x 71B)
Class kotlin.text.StringsKt___StringsKt                                               : loaded 6 times (x 71B)
Class kotlin.jvm.internal.FunctionBase                                                : loaded 6 times (x 70B)
Class kotlin.jvm.internal.DefaultConstructorMarker                                    : loaded 6 times (x 71B)
Class kotlin.collections.SetsKt                                                       : loaded 6 times (x 71B)
Class kotlin.enums.EnumEntriesList                                                    : loaded 6 times (x 223B)
Class kotlin.reflect.KAnnotatedElement                                                : loaded 6 times (x 70B)
Class kotlin.jvm.internal.Intrinsics                                                  : loaded 6 times (x 71B)
Class kotlin.sequences.SequencesKt___SequencesKt                                      : loaded 6 times (x 71B)
Class kotlin.collections.CollectionsKt__IteratorsJVMKt                                : loaded 6 times (x 71B)
Class kotlin.text.StringsKt__StringsKt                                                : loaded 6 times (x 71B)
Class kotlin.NotImplementedError                                                      : loaded 6 times (x 82B)
Class kotlin.collections.MapsKt__MapWithDefaultKt                                     : loaded 6 times (x 71B)
Class kotlin.jvm.internal.FunctionReference                                           : loaded 6 times (x 122B)
Class kotlin.reflect.KFunction                                                        : loaded 6 times (x 70B)
Class kotlin.jvm.internal.CallableReference                                           : loaded 6 times (x 106B)
Class kotlin.collections.CollectionsKt                                                : loaded 6 times (x 71B)
Class kotlin.collections.MapsKt                                                       : loaded 6 times (x 71B)
Class kotlin.collections.CollectionsKt__IterablesKt                                   : loaded 6 times (x 71B)
Class kotlin.collections.AbstractList$Companion                                       : loaded 6 times (x 71B)
Class kotlin.collections.EmptyIterator                                                : loaded 6 times (x 89B)
Class kotlin.text.StringsKt__RegexExtensionsKt                                        : loaded 6 times (x 71B)
Class kotlin.SynchronizedLazyImpl                                                     : loaded 6 times (x 76B)
Class kotlin.sequences.SequencesKt__SequencesJVMKt                                    : loaded 6 times (x 71B)
Class kotlin.collections.MapsKt___MapsKt                                              : loaded 6 times (x 71B)
Class kotlin.collections.ArraysKt___ArraysKt                                          : loaded 6 times (x 71B)
Class kotlin.text.StringsKt__StringNumberConversionsJVMKt                             : loaded 6 times (x 71B)
Class kotlin.collections.AbstractList                                                 : loaded 6 times (x 197B)
Class kotlin.KotlinNullPointerException                                               : loaded 6 times (x 83B)
Class kotlin.sequences.Sequence                                                       : loaded 6 times (x 70B)
Class kotlin.text.StringsKt___StringsJvmKt                                            : loaded 6 times (x 71B)
Class kotlin.internal.ProgressionUtilKt                                               : loaded 6 times (x 71B)
Class kotlin.reflect.KDeclarationContainer                                            : loaded 6 times (x 70B)
Class kotlin.collections.MapsKt__MapsKt                                               : loaded 6 times (x 71B)
Class kotlin.jvm.internal.Lambda                                                      : loaded 6 times (x 75B)
Class kotlin.text.StringsKt__StringNumberConversionsKt                                : loaded 6 times (x 71B)
Class kotlin.LazyKt__LazyJVMKt                                                        : loaded 6 times (x 71B)
Class kotlin.collections.CollectionsKt___CollectionsKt                                : loaded 6 times (x 71B)
Class kotlin.sequences.SequencesKt__SequenceBuilderKt                                 : loaded 6 times (x 71B)
Class kotlin.ranges.RangesKt___RangesKt                                               : loaded 6 times (x 71B)
Class kotlin.text.StringsKt__StringBuilderJVMKt                                       : loaded 6 times (x 71B)
Class kotlin.text.StringsKt                                                           : loaded 6 times (x 71B)
Class kotlin.collections.EmptySet                                                     : loaded 6 times (x 122B)
Class kotlin.Function                                                                 : loaded 6 times (x 70B)
Class kotlin.collections.SetsKt__SetsJVMKt                                            : loaded 6 times (x 71B)
Class kotlin.UninitializedPropertyAccessException                                     : loaded 6 times (x 82B)
Class kotlin.collections.ArraysKt                                                     : loaded 6 times (x 71B)
Class kotlin.LazyKt__LazyKt                                                           : loaded 6 times (x 71B)
Class kotlin.collections.ArraysKt__ArraysKt                                           : loaded 6 times (x 71B)
Class kotlin._Assertions                                                              : loaded 6 times (x 71B)
Class kotlin.UNINITIALIZED_VALUE                                                      : loaded 6 times (x 71B)
Class kotlin.jvm.internal.markers.KMappedMarker                                       : loaded 6 times (x 70B)
Class kotlin.sequences.SequencesKt__SequencesKt                                       : loaded 6 times (x 71B)
Class kotlin.comparisons.ComparisonsKt__ComparisonsKt                                 : loaded 6 times (x 71B)
Class kotlin.collections.MapsKt___MapsJvmKt                                           : loaded 6 times (x 71B)
Class kotlin.collections.SetsKt___SetsKt                                              : loaded 6 times (x 71B)
Class kotlin.ranges.RangesKt__RangesKt                                                : loaded 6 times (x 71B)
Class kotlin.collections.SetsKt__SetsKt                                               : loaded 6 times (x 71B)
Class kotlin.LazyKt                                                                   : loaded 6 times (x 71B)
Class kotlin.collections.CollectionsKt__IteratorsKt                                   : loaded 6 times (x 71B)
Class kotlin.collections.CollectionsKt__ReversedViewsKt                               : loaded 6 times (x 71B)
Class kotlin.comparisons.ComparisonsKt                                                : loaded 6 times (x 71B)
Class kotlin.comparisons.ComparisonsKt___ComparisonsKt                                : loaded 6 times (x 71B)
Class kotlin.jvm.functions.Function2                                                  : loaded 6 times (x 70B)
Class kotlin.collections.EmptyList                                                    : loaded 6 times (x 174B)
Class kotlin.collections.MapsKt__MapsJVMKt                                            : loaded 6 times (x 71B)
Class kotlin.collections.ArraysKt__ArraysJVMKt                                        : loaded 6 times (x 71B)
Class kotlin.jvm.functions.Function1                                                  : loaded 6 times (x 70B)
Class kotlin.jvm.internal.CallableReference$NoReceiver                                : loaded 6 times (x 71B)
Class kotlin.text.StringsKt__StringBuilderKt                                          : loaded 6 times (x 71B)
Class kotlin.collections.CollectionsKt___CollectionsJvmKt                             : loaded 6 times (x 71B)
Class kotlin.jvm.functions.Function0                                                  : loaded 6 times (x 70B)
Class kotlin.sequences.SequencesKt                                                    : loaded 6 times (x 71B)
Class kotlin.collections.ArraysUtilJVM                                                : loaded 6 times (x 71B)
Class kotlin.Unit                                                                     : loaded 6 times (x 71B)
Class kotlin.sequences.SequencesKt___SequencesJvmKt                                   : loaded 6 times (x 71B)
Class kotlin.comparisons.ComparisonsKt___ComparisonsJvmKt                             : loaded 6 times (x 71B)
Class kotlin.Pair                                                                     : loaded 6 times (x 72B)
Class kotlin.text.StringsKt__AppendableKt                                             : loaded 6 times (x 71B)
Class kotlin.collections.CollectionsKt__CollectionsJVMKt                              : loaded 6 times (x 71B)
Class kotlin.TuplesKt                                                                 : loaded 6 times (x 71B)
Class kotlin.collections.CollectionsKt__CollectionsKt                                 : loaded 6 times (x 71B)
Class kotlin.ranges.RangesKt                                                          : loaded 6 times (x 71B)
Class kotlin.Lazy                                                                     : loaded 6 times (x 70B)
Class kotlin.text.StringsKt__RegexExtensionsJVMKt                                     : loaded 6 times (x 71B)
Class kotlin.collections.ArraysKt___ArraysJvmKt                                       : loaded 6 times (x 71B)
Class kotlin.NoWhenBranchMatchedException                                             : loaded 6 times (x 82B)
Class com.google.common.collect.SingletonImmutableBiMap                               : loaded 5 times (x 143B)
Class com.google.common.collect.IndexedImmutableSet                                   : loaded 5 times (x 152B)
Class com.google.common.collect.ImmutableMap$1                                        : loaded 5 times (x 81B)
Class com.google.common.collect.AbstractMapEntry                                      : loaded 5 times (x 81B)
Class com.google.common.collect.Maps$BiMapConverter                                   : loaded 5 times (x 90B)
Class com.google.common.collect.BiMap                                                 : loaded 5 times (x 70B)
Class com.google.common.collect.TransformedIterator                                   : loaded 5 times (x 80B)
Class com.google.common.collect.ImmutableMapEntrySet$RegularEntrySet                  : loaded 5 times (x 152B)
Class com.google.common.collect.ImmutableEnumMap                                      : loaded 5 times (x 126B)
Class com.google.common.collect.ImmutableCollection                                   : loaded 5 times (x 125B)
Class com.google.common.collect.ListMultimap                                          : loaded 5 times (x 70B)
Class com.google.common.collect.MapDifference                                         : loaded 5 times (x 70B)
Class com.google.common.collect.ImmutableMultisetGwtSerializationDependencies         : loaded 5 times (x 125B)
Class com.google.common.collect.AbstractIterator$1                                    : loaded 5 times (x 71B)
Class com.google.common.collect.Lists                                                 : loaded 5 times (x 71B)
Class com.google.common.primitives.Ints                                               : loaded 5 times (x 71B)
Class kotlin.collections.IndexedValue                                                 : loaded 5 times (x 72B)
Class com.google.common.collect.ImmutableList$1                                       : loaded 5 times (x 97B)
Class com.google.common.collect.ImmutableSet                                          : loaded 5 times (x 145B)
Class com.google.common.collect.ImmutableEnumSet                                      : loaded 5 times (x 146B)
Class com.google.common.collect.AbstractIterator                                      : loaded 5 times (x 82B)
Class com.google.common.collect.RegularImmutableMap$Values                            : loaded 5 times (x 207B)
Class com.google.common.collect.Sets                                                  : loaded 5 times (x 71B)
Class com.google.common.collect.Sets$FilteredSet                                      : loaded 5 times (x 137B)
Class kotlin.text.CharsKt__CharJVMKt                                                  : loaded 5 times (x 71B)
Class com.google.common.collect.Iterators$5                                           : loaded 5 times (x 82B)
Class com.google.common.base.Joiner$2                                                 : loaded 5 times (x 79B)
Class com.google.common.base.Predicate                                                : loaded 5 times (x 70B)
Class com.google.common.collect.Iterators$4                                           : loaded 5 times (x 82B)
Class com.google.common.collect.ImmutableSet$CachingAsList                            : loaded 5 times (x 148B)
Class kotlin.collections.IndexingIterable                                             : loaded 5 times (x 79B)
Class com.google.common.collect.ImmutableMap                                          : loaded 5 times (x 120B)
Class com.google.common.collect.ImmutableBiMap                                        : loaded 5 times (x 143B)
Class [Lkotlin.reflect.KCallable;                                                     : loaded 5 times (x 69B)
Class com.google.common.collect.Sets$1                                                : loaded 5 times (x 139B)
Class com.google.common.collect.PeekingIterator                                       : loaded 5 times (x 70B)
Class com.google.common.collect.Multiset                                              : loaded 5 times (x 70B)
Class [Lcom.google.common.collect.ImmutableMapEntry;                                  : loaded 5 times (x 69B)
Class com.google.common.base.Converter                                                : loaded 5 times (x 90B)
Class com.google.common.collect.ObjectArrays                                          : loaded 5 times (x 71B)
Class com.google.common.base.Joiner$1                                                 : loaded 5 times (x 80B)
Class com.google.common.collect.AbstractIndexedListIterator                           : loaded 5 times (x 96B)
Class com.google.common.collect.Iterators$9                                           : loaded 5 times (x 81B)
Class kotlin.annotation.Target                                                        : loaded 5 times (x 70B)
Class [Lcom.google.common.collect.AbstractMapEntry;                                   : loaded 5 times (x 69B)
Class com.google.common.collect.ImmutableEntry                                        : loaded 5 times (x 82B)
Class com.google.common.collect.ImmutableAsList                                       : loaded 5 times (x 209B)
Class com.google.common.collect.Sets$SetView                                          : loaded 5 times (x 138B)
Class kotlin.text.CharsKt__CharKt                                                     : loaded 5 times (x 71B)
Class com.google.common.collect.RegularImmutableMap                                   : loaded 5 times (x 121B)
Class com.google.common.collect.ImmutableMap$MapViewOfValuesAsSingletonSets           : loaded 5 times (x 126B)
Class com.google.common.collect.ImmutableMapEntrySet                                  : loaded 5 times (x 152B)
Class com.google.common.collect.ImmutableMultimap$Builder                             : loaded 5 times (x 83B)
Class com.google.common.collect.Maps$KeySet                                           : loaded 5 times (x 137B)
Class com.google.common.base.Preconditions                                            : loaded 5 times (x 71B)
Class com.google.common.collect.ImmutableMap$IteratorBasedImmutableMap                : loaded 5 times (x 126B)
Class com.google.common.collect.Hashing                                               : loaded 5 times (x 71B)
Class com.google.common.collect.Maps$ViewCachingAbstractMap                           : loaded 5 times (x 125B)
Class com.google.common.collect.UnmodifiableIterator                                  : loaded 5 times (x 80B)
Class kotlin.Metadata                                                                 : loaded 5 times (x 70B)
Class com.google.common.base.PatternCompiler                                          : loaded 5 times (x 70B)
Class com.google.common.collect.Platform                                              : loaded 5 times (x 71B)
Class com.google.common.collect.ImmutableList                                         : loaded 5 times (x 206B)
Class com.google.common.collect.ImmutableMultiset                                     : loaded 5 times (x 163B)
Class com.google.common.collect.Lists$StringAsImmutableList                           : loaded 5 times (x 207B)
Class com.google.common.collect.Iterators$1                                           : loaded 5 times (x 81B)
Class com.google.common.collect.RegularImmutableBiMap                                 : loaded 5 times (x 149B)
Class com.google.common.collect.AbstractIterator$State                                : loaded 5 times (x 79B)
Class com.google.common.collect.ImmutableMultimap$2                                   : loaded 5 times (x 81B)
Class com.google.common.collect.Maps$EntryTransformer                                 : loaded 5 times (x 70B)
Class kotlin.annotation.Retention                                                     : loaded 5 times (x 70B)
Class com.google.common.collect.Maps$8                                                : loaded 5 times (x 82B)
Class kotlin.text.CharsKt                                                             : loaded 5 times (x 71B)
Class com.google.common.collect.ImmutableMultimap$EntryCollection                     : loaded 5 times (x 128B)
Class com.google.common.collect.CollectPreconditions                                  : loaded 5 times (x 71B)
Class com.google.common.collect.Collections2$FilteredCollection                       : loaded 5 times (x 119B)
Class com.google.common.collect.Maps$AbstractFilteredMap                              : loaded 5 times (x 127B)
Class com.google.common.collect.Iterators                                             : loaded 5 times (x 71B)
Class com.google.common.collect.ImmutableList$ReverseImmutableList                    : loaded 5 times (x 209B)
Class com.google.common.collect.Sets$2                                                : loaded 5 times (x 139B)
Class com.google.common.collect.ForwardingObject                                      : loaded 5 times (x 72B)
Class com.google.common.collect.ImmutableMultimap$1                                   : loaded 5 times (x 82B)
Class com.google.common.collect.ImmutableList$SubList                                 : loaded 5 times (x 209B)
Class kotlin.collections.IndexingIterator                                             : loaded 5 times (x 79B)
Class com.google.common.collect.SortedMapDifference                                   : loaded 5 times (x 70B)
Class com.google.common.collect.ImmutableMap$Builder                                  : loaded 5 times (x 82B)
Class com.google.common.base.CommonPattern                                            : loaded 5 times (x 74B)
Class com.google.common.collect.UnmodifiableListIterator                              : loaded 5 times (x 95B)
Class com.google.common.base.Platform                                                 : loaded 5 times (x 71B)
Class [Lcom.google.common.collect.ImmutableEntry;                                     : loaded 5 times (x 69B)
Class [Lcom.google.common.collect.AbstractIterator$State;                             : loaded 5 times (x 69B)
Class com.google.common.collect.RegularImmutableMap$BucketOverflowException           : loaded 5 times (x 82B)
Class com.google.common.collect.ImmutableListMultimap                                 : loaded 5 times (x 176B)
Class com.google.common.collect.Sets$ImprovedAbstractSet                              : loaded 5 times (x 135B)
Class com.google.common.base.JdkPattern                                               : loaded 5 times (x 75B)
Class com.google.common.collect.ImmutableList$Builder                                 : loaded 5 times (x 77B)
Class com.google.common.collect.Sets$4                                                : loaded 5 times (x 139B)
Class com.google.common.collect.ImmutableMapEntry                                     : loaded 5 times (x 85B)
Class com.google.common.collect.RegularImmutableMap$KeySet                            : loaded 5 times (x 152B)
Class com.google.common.collect.Iterators$ArrayItr                                    : loaded 5 times (x 97B)
Class kotlin.collections.EmptyMap                                                     : loaded 5 times (x 109B)
Class [Lkotlin.reflect.KAnnotatedElement;                                             : loaded 5 times (x 69B)
Class com.google.common.collect.RegularImmutableAsList                                : loaded 5 times (x 217B)
Class com.google.common.collect.BaseImmutableMultimap                                 : loaded 5 times (x 123B)
Class com.google.common.collect.ImmutableCollection$Builder                           : loaded 5 times (x 76B)
Class com.google.common.collect.Iterators$MergingIterator                             : loaded 5 times (x 81B)
Class com.google.common.collect.Maps                                                  : loaded 5 times (x 71B)
Class com.google.common.collect.Sets$3                                                : loaded 5 times (x 139B)
Class com.google.common.collect.ImmutableMultimap                                     : loaded 5 times (x 147B)
Class com.google.common.collect.ImmutableMapEntry$NonTerminalImmutableMapEntry        : loaded 5 times (x 85B)
Class com.google.common.base.Equivalence                                              : loaded 5 times (x 82B)
Class com.google.common.base.Platform$JdkPatternCompiler                              : loaded 5 times (x 75B)
Class com.google.common.base.Joiner                                                   : loaded 5 times (x 79B)
Class com.google.common.collect.AbstractMultimap                                      : loaded 5 times (x 123B)
Class com.google.common.collect.SingletonImmutableList                                : loaded 5 times (x 207B)
Class com.google.common.base.Function                                                 : loaded 5 times (x 70B)
Class com.google.common.collect.NullnessCasts                                         : loaded 5 times (x 71B)
Class com.google.common.collect.Multimap                                              : loaded 5 times (x 70B)
Class com.google.common.collect.ImmutableMultimap$Keys                                : loaded 5 times (x 166B)
Class com.google.common.collect.ImmutableMultimap$Values                              : loaded 5 times (x 126B)
Class com.google.common.primitives.IntsMethodsForWeb                                  : loaded 5 times (x 71B)
Class com.google.common.collect.EmptyImmutableListMultimap                            : loaded 5 times (x 176B)
Class com.google.common.collect.RegularImmutableList                                  : loaded 5 times (x 213B)
Class [Lkotlin.reflect.KClass;                                                        : loaded 4 times (x 69B)
Class kotlin.reflect.KProperty                                                        : loaded 4 times (x 70B)
Class kotlin.jvm.internal.Reflection                                                  : loaded 4 times (x 71B)
Class [Lkotlin.LazyThreadSafetyMode;                                                  : loaded 4 times (x 69B)
Class com.google.common.base.ExtraObjectsMethodsForWeb                                : loaded 4 times (x 71B)
Class com.google.common.collect.ImmutableMapKeySet                                    : loaded 4 times (x 152B)
Class [Lkotlin.reflect.KClassifier;                                                   : loaded 4 times (x 69B)
Class com.squareup.javapoet.MethodSpec                                                : loaded 4 times (x 72B)
Class com.google.common.cache.CacheBuilder                                            : loaded 4 times (x 72B)
Class com.google.common.cache.CacheLoader$InvalidCacheLoadException                   : loaded 4 times (x 82B)
Class com.squareup.javapoet.TypeSpec$Builder                                          : loaded 4 times (x 72B)
Class com.google.common.collect.ImmutableSet$RegularSetBuilderImpl                    : loaded 4 times (x 77B)
Class [Lcom.google.common.cache.CacheBuilder$OneWeigher;                              : loaded 4 times (x 69B)
Class com.google.common.cache.LoadingCache                                            : loaded 4 times (x 70B)
Class com.google.common.collect.FluentIterable                                        : loaded 4 times (x 81B)
Class com.squareup.javapoet.Util                                                      : loaded 4 times (x 71B)
Class com.squareup.javapoet.CodeBlock$Builder                                         : loaded 4 times (x 72B)
Class com.google.common.base.CharMatcher$None                                         : loaded 4 times (x 112B)
Class com.google.common.collect.Maps$EntryFunction$2                                  : loaded 4 times (x 91B)
Class com.google.common.collect.Maps$FilteredEntryMap$EntrySet$1                      : loaded 4 times (x 82B)
Class com.google.common.collect.ReverseNaturalOrdering                                : loaded 4 times (x 114B)
Class com.google.common.base.MoreObjects                                              : loaded 4 times (x 71B)
Class kotlin.sequences.TransformingSequence                                           : loaded 4 times (x 75B)
Class com.google.common.base.Present                                                  : loaded 4 times (x 81B)
Class com.google.common.collect.NullsLastOrdering                                     : loaded 4 times (x 115B)
Class com.google.common.collect.Iterables$5                                           : loaded 4 times (x 81B)
Class com.google.common.base.Splitter$1$1                                             : loaded 4 times (x 86B)
Class com.google.common.collect.AbstractMapBasedMultimap$WrappedCollection$WrappedIterator: loaded 4 times (x 84B)
Class [Lcom.google.common.cache.Weigher;                                              : loaded 4 times (x 69B)
Class com.google.common.collect.AbstractMapBasedMultimap$AsMap$AsMapIterator          : loaded 4 times (x 83B)
Class com.google.common.collect.Maps$EntryFunction$1                                  : loaded 4 times (x 91B)
Class com.google.common.cache.RemovalListener                                         : loaded 4 times (x 70B)
Class com.google.common.base.Suppliers$NonSerializableMemoizingSupplier               : loaded 4 times (x 79B)
Class com.google.common.cache.LocalCache$EntryFactory                                 : loaded 4 times (x 83B)
Class kotlin.io.FilesKt                                                               : loaded 4 times (x 71B)
Class kotlin.io.FileTreeWalk$FileTreeWalkIterator$TopDownDirectoryState               : loaded 4 times (x 74B)
Class com.google.common.collect.Maps$IteratorBasedAbstractMap$1                       : loaded 4 times (x 138B)
Class com.google.common.base.NullnessCasts                                            : loaded 4 times (x 71B)
Class kotlin.jvm.internal.PropertyReference                                           : loaded 4 times (x 115B)
Class com.google.common.collect.AbstractMapBasedMultimap$RandomAccessWrappedList      : loaded 4 times (x 205B)
Class com.google.common.cache.Cache                                                   : loaded 4 times (x 70B)
Class com.squareup.javapoet.ParameterSpec$Builder                                     : loaded 4 times (x 72B)
Class com.google.common.cache.CacheLoader$FunctionToCacheLoader                       : loaded 4 times (x 75B)
Class com.google.common.cache.LocalCache$Strength                                     : loaded 4 times (x 81B)
Class [Lkotlin.reflect.KDeclarationContainer;                                         : loaded 4 times (x 69B)
Class kotlin.io.FileAlreadyExistsException                                            : loaded 4 times (x 82B)
Class com.google.common.base.Suppliers$MemoizingSupplier                              : loaded 4 times (x 79B)
Class kotlin.reflect.KMutableProperty                                                 : loaded 4 times (x 70B)
Class com.google.common.cache.LocalCache$ValueReference                               : loaded 4 times (x 70B)
Class [Lcom.squareup.javapoet.TypeName;                                               : loaded 4 times (x 69B)
Class com.google.common.base.CharMatcher$Is                                           : loaded 4 times (x 111B)
Class com.google.common.base.CharMatcher$Negated                                      : loaded 4 times (x 113B)
Class com.google.common.base.Suppliers$SupplierOfInstance                             : loaded 4 times (x 79B)
Class com.squareup.javapoet.AnnotationSpec$Builder                                    : loaded 4 times (x 72B)
Class com.google.common.cache.Weigher                                                 : loaded 4 times (x 70B)
Class com.google.common.collect.ArrayListMultimap                                     : loaded 4 times (x 172B)
Class com.google.common.collect.Ordering                                              : loaded 4 times (x 114B)
Class kotlin.reflect.KProperty0                                                       : loaded 4 times (x 70B)
Class com.google.common.cache.LocalCache$ComputingValueReference                      : loaded 4 times (x 97B)
Class com.google.common.base.Equivalence$Equals                                       : loaded 4 times (x 82B)
Class com.google.common.collect.Maps$FilteredEntryMap                                 : loaded 4 times (x 128B)
Class com.google.common.collect.SingletonImmutableSet                                 : loaded 4 times (x 146B)
Class android.databinding.tool.CompilerArguments$Companion                            : loaded 4 times (x 71B)
Class com.squareup.javapoet.ParameterizedTypeName                                     : loaded 4 times (x 81B)
Class com.google.common.collect.ByFunctionOrdering                                    : loaded 4 times (x 115B)
Class com.google.common.math.MathPreconditions                                        : loaded 4 times (x 71B)
Class com.google.common.base.CharMatcher                                              : loaded 4 times (x 111B)
Class kotlin.text.Regex$Companion                                                     : loaded 4 times (x 71B)
Class [Lcom.squareup.javapoet.TypeSpec$Kind;                                          : loaded 4 times (x 69B)
Class kotlin.io.FileTreeWalk$WalkState                                                : loaded 4 times (x 73B)
Class com.google.common.collect.ImmutableSetMultimap                                  : loaded 4 times (x 180B)
Class com.google.common.cache.LocalCache$Segment                                      : loaded 4 times (x 154B)
Class com.google.common.collect.AbstractMapBasedMultimap$AsMap$AsMapEntries           : loaded 4 times (x 138B)
Class com.google.common.collect.ArrayListMultimapGwtSerializationDependencies         : loaded 4 times (x 172B)
Class kotlin.reflect.KProperty$Getter                                                 : loaded 4 times (x 70B)
Class com.google.common.cache.CacheLoader                                             : loaded 4 times (x 74B)
Class com.google.common.collect.SortedIterable                                        : loaded 4 times (x 70B)
Class com.google.common.cache.LocalCache$EntryFactory$1                               : loaded 4 times (x 83B)
Class com.google.common.cache.CacheBuilder$NullListener                               : loaded 4 times (x 82B)
Class kotlin.jvm.functions.Function3                                                  : loaded 4 times (x 70B)
Class com.google.common.base.CharMatcher$NegatedFastMatcher                           : loaded 4 times (x 113B)
Class com.google.common.cache.CacheBuilder$2                                          : loaded 4 times (x 79B)
Class com.google.common.cache.LocalCache                                              : loaded 4 times (x 187B)
Class com.google.common.collect.AbstractListMultimap                                  : loaded 4 times (x 172B)
Class [Lcom.google.common.cache.RemovalListener;                                      : loaded 4 times (x 69B)
Class com.google.common.collect.Maps$IteratorBasedAbstractMap                         : loaded 4 times (x 125B)
Class com.google.common.base.CharMatcher$1                                            : loaded 4 times (x 113B)
Class com.google.common.base.CharMatcher$NamedFastMatcher                             : loaded 4 times (x 112B)
Class kotlin.io.FileTreeWalk$FileTreeWalkIterator                                     : loaded 4 times (x 83B)
Class com.google.common.base.Splitter$SplittingIterator                               : loaded 4 times (x 84B)
Class com.google.common.collect.ImmutableSortedSet$Builder                            : loaded 4 times (x 86B)
Class com.squareup.javapoet.MethodSpec$Builder                                        : loaded 4 times (x 72B)
Class com.google.common.cache.CacheBuilder$1                                          : loaded 4 times (x 85B)
Class [Lcom.google.common.cache.LocalCache$Strength;                                  : loaded 4 times (x 69B)
Class [Lcom.google.common.cache.LocalCache$Segment;                                   : loaded 4 times (x 69B)
Class com.google.common.collect.ImmutableSet$JdkBackedSetBuilderImpl                  : loaded 4 times (x 76B)
Class com.google.common.cache.LocalCache$LocalManualCache$1                           : loaded 4 times (x 75B)
Class com.google.common.cache.LocalCache$EntryFactory$2                               : loaded 4 times (x 83B)
Class com.google.common.collect.FluentIterable$3                                      : loaded 4 times (x 81B)
Class com.squareup.javapoet.LineWrapper$FlushType                                     : loaded 4 times (x 79B)
Class com.google.common.collect.CollectSpliterators$1WithCharacteristics              : loaded 4 times (x 90B)
Class com.squareup.javapoet.FieldSpec                                                 : loaded 4 times (x 72B)
Class com.google.common.base.CharMatcher$FastMatcher                                  : loaded 4 times (x 111B)
Class com.google.common.collect.ImmutableSortedAsList                                 : loaded 4 times (x 221B)
Class com.google.common.base.Ticker                                                   : loaded 4 times (x 72B)
Class com.google.common.base.CharMatcher$ForPredicate                                 : loaded 4 times (x 112B)
Class com.google.common.base.Absent                                                   : loaded 4 times (x 80B)
Class kotlin.jvm.internal.PropertyReference1Impl                                      : loaded 4 times (x 127B)
Class com.google.common.cache.LocalCache$1                                            : loaded 4 times (x 89B)
Class com.squareup.javapoet.JavaFile$1                                                : loaded 4 times (x 79B)
Class com.google.common.collect.AbstractMapBasedMultimap$WrappedCollection            : loaded 4 times (x 124B)
Class com.google.common.collect.Iterators$6                                           : loaded 4 times (x 81B)
Class com.google.common.cache.LocalCache$EntryFactory$3                               : loaded 4 times (x 83B)
Class com.google.common.base.Ticker$1                                                 : loaded 4 times (x 72B)
Class com.google.common.collect.Multimaps                                             : loaded 4 times (x 71B)
Class com.google.common.collect.NullsFirstOrdering                                    : loaded 4 times (x 115B)
Class com.google.common.collect.FluentIterable$2                                      : loaded 4 times (x 81B)
Class com.google.common.cache.LocalCache$EntryFactory$4                               : loaded 4 times (x 83B)
Class com.google.common.util.concurrent.ExecutionError                                : loaded 4 times (x 82B)
Class kotlin.io.FileTreeWalk$DirectoryState                                           : loaded 4 times (x 73B)
Class com.google.common.base.CharMatcher$InRange                                      : loaded 4 times (x 111B)
Class com.google.common.base.Supplier                                                 : loaded 4 times (x 70B)
Class com.google.common.collect.ForwardingSet                                         : loaded 4 times (x 151B)
Class kotlin.reflect.KTypeParameter                                                   : loaded 4 times (x 70B)
Class com.google.common.collect.SetMultimap                                           : loaded 4 times (x 70B)
Class com.google.common.base.CharMatcher$AnyOf                                        : loaded 4 times (x 112B)
Class com.google.common.collect.ImmutableSet$Builder                                  : loaded 4 times (x 85B)
Class kotlin.reflect.KProperty1                                                       : loaded 4 times (x 70B)
Class kotlin.reflect.KClass                                                           : loaded 4 times (x 70B)
Class kotlin.io.FilesKt__UtilsKt                                                      : loaded 4 times (x 71B)
Class com.google.common.base.Ascii                                                    : loaded 4 times (x 71B)
Class com.google.common.base.CharMatcher$Or                                           : loaded 4 times (x 112B)
Class com.squareup.javapoet.JavaFile$Builder                                          : loaded 4 times (x 72B)
Class com.google.common.collect.FluentIterable$1                                      : loaded 4 times (x 81B)
Class com.google.common.cache.ReferenceEntry                                          : loaded 4 times (x 70B)
Class com.google.common.cache.LocalCache$EntryFactory$5                               : loaded 4 times (x 83B)
Class com.google.common.base.Splitter                                                 : loaded 4 times (x 72B)
Class com.google.common.collect.ReverseOrdering                                       : loaded 4 times (x 115B)
Class com.squareup.javapoet.AnnotationSpec                                            : loaded 4 times (x 72B)
Class com.squareup.javapoet.CodeBlock                                                 : loaded 4 times (x 72B)
Class com.squareup.javapoet.TypeName                                                  : loaded 4 times (x 81B)
Class com.google.common.cache.CacheStats                                              : loaded 4 times (x 71B)
Class [Lcom.google.common.collect.Maps$EntryFunction;                                 : loaded 4 times (x 69B)
Class com.google.common.collect.ComparatorOrdering                                    : loaded 4 times (x 115B)
Class com.google.common.base.Objects                                                  : loaded 4 times (x 71B)
Class kotlin.reflect.KType                                                            : loaded 4 times (x 70B)
Class kotlin.io.FilesKt__FileTreeWalkKt                                               : loaded 4 times (x 71B)
Class com.squareup.javapoet.JavaFile                                                  : loaded 4 times (x 72B)
Class com.google.common.base.CharMatcher$BitSetMatcher                                : loaded 4 times (x 112B)
Class kotlin.sequences.FilteringSequence$iterator$1                                   : loaded 4 times (x 79B)
Class kotlin.sequences.FilteringSequence                                              : loaded 4 times (x 75B)
Class kotlin.sequences.ConstrainedOnceSequence                                        : loaded 4 times (x 75B)
Class com.google.common.collect.AllEqualOrdering                                      : loaded 4 times (x 114B)
Class com.google.common.collect.AbstractMapBasedMultimap$KeySet$1                     : loaded 4 times (x 82B)
Class com.squareup.javapoet.TypeSpec                                                  : loaded 4 times (x 72B)
Class com.google.common.cache.LocalCache$EntryFactory$6                               : loaded 4 times (x 83B)
Class com.google.common.collect.HashMultimap                                          : loaded 4 times (x 174B)
Class com.google.common.collect.Iterators$EmptyModifiableIterator                     : loaded 4 times (x 86B)
Class com.google.common.cache.LocalCache$Strength$3                                   : loaded 4 times (x 81B)
Class com.google.common.base.AbstractIterator                                         : loaded 4 times (x 80B)
Class com.google.common.base.CharMatcher$And                                          : loaded 4 times (x 112B)
Class kotlin.reflect.KProperty$Accessor                                               : loaded 4 times (x 70B)
Class kotlin.jvm.internal.CollectionToArray                                           : loaded 4 times (x 71B)
Class com.google.common.base.Splitter$1                                               : loaded 4 times (x 77B)
Class kotlin.sequences.TransformingSequence$iterator$1                                : loaded 4 times (x 79B)
Class com.google.common.collect.ImmutableBiMap$Builder                                : loaded 4 times (x 82B)
Class com.google.common.collect.HashMultimapGwtSerializationDependencies              : loaded 4 times (x 174B)
Class com.google.common.math.IntMath$1                                                : loaded 4 times (x 71B)
Class com.google.common.cache.CacheLoader$UnsupportedLoadingOperationException        : loaded 4 times (x 82B)
Class com.google.common.collect.ImmutableMapValues                                    : loaded 4 times (x 126B)
Class [Lkotlin.reflect.KProperty;                                                     : loaded 4 times (x 69B)
Class com.squareup.javapoet.FieldSpec$Builder                                         : loaded 4 times (x 72B)
Class kotlin.io.FileTreeWalk$FileTreeWalkIterator$WhenMappings                        : loaded 4 times (x 71B)
Class com.google.common.collect.Maps$FilteredEntryMap$EntrySet                        : loaded 4 times (x 152B)
Class [Lcom.google.common.cache.CacheBuilder$NullListener;                            : loaded 4 times (x 69B)
Class com.squareup.javapoet.ParameterSpec                                             : loaded 4 times (x 72B)
Class android.databinding.tool.CompilerArguments                                      : loaded 4 times (x 72B)
Class kotlin.jvm.internal.ReflectionFactory                                           : loaded 4 times (x 91B)
Class com.google.common.graph.SuccessorsFunction                                      : loaded 4 times (x 70B)
Class [Lcom.squareup.javapoet.LineWrapper$FlushType;                                  : loaded 4 times (x 69B)
Class com.google.common.base.FunctionalEquivalence                                    : loaded 4 times (x 83B)
Class com.google.common.collect.AbstractMapBasedMultimap                              : loaded 4 times (x 139B)
Class com.google.common.cache.LocalCache$2                                            : loaded 4 times (x 142B)
Class com.google.common.collect.ExplicitOrdering                                      : loaded 4 times (x 115B)
Class com.google.common.cache.LocalCache$EntryFactory$7                               : loaded 4 times (x 83B)
Class com.google.common.collect.NaturalOrdering                                       : loaded 4 times (x 115B)
Class com.google.common.base.CharMatcher$IsEither                                     : loaded 4 times (x 111B)
Class [Lcom.google.common.base.Function;                                              : loaded 4 times (x 69B)
Class com.google.common.collect.ImmutableSet$EmptySetBuilderImpl                      : loaded 4 times (x 76B)
Class com.google.common.collect.AbstractSetMultimap                                   : loaded 4 times (x 174B)
Class [Lkotlin.io.FileWalkDirection;                                                  : loaded 4 times (x 69B)
Class kotlin.text.Regex                                                               : loaded 4 times (x 72B)
Class com.google.common.cache.CacheLoader$SupplierToCacheLoader                       : loaded 4 times (x 75B)
Class [Lcom.google.common.collect.Iterators$EmptyModifiableIterator;                  : loaded 4 times (x 69B)
Class com.google.common.collect.SortedSetMultimap                                     : loaded 4 times (x 70B)
Class com.google.common.cache.LocalCache$EntryFactory$8                               : loaded 4 times (x 83B)
Class kotlin.collections.MapWithDefault                                               : loaded 4 times (x 70B)
Class com.google.common.base.Predicates$CompositionPredicate                          : loaded 4 times (x 88B)
Class com.google.common.collect.UsingToStringOrdering                                 : loaded 4 times (x 114B)
Class com.google.common.util.concurrent.UncheckedExecutionException                   : loaded 4 times (x 82B)
Class kotlin.collections.AbstractIterator                                             : loaded 4 times (x 83B)
Class com.google.common.collect.Maps$EntrySet                                         : loaded 4 times (x 136B)
Class kotlin.io.FileWalkDirection                                                     : loaded 4 times (x 79B)
Class kotlin.io.FilesKt__FileReadWriteKt                                              : loaded 4 times (x 71B)
Class kotlin.reflect.KMutableProperty0                                                : loaded 4 times (x 70B)
Class kotlin.reflect.KClassifier                                                      : loaded 4 times (x 70B)
Class com.google.common.collect.ImmutableSet$SetBuilderImpl                           : loaded 4 times (x 76B)
Class [Lcom.google.common.cache.LocalCache$EntryFactory;                              : loaded 4 times (x 69B)
Class kotlin.io.FileTreeWalk                                                          : loaded 4 times (x 75B)
Class com.google.common.cache.CacheLoader$1                                           : loaded 4 times (x 75B)
Class com.google.common.collect.AbstractMapBasedMultimap$WrappedList                  : loaded 4 times (x 205B)
Class com.google.common.cache.LocalCache$Strength$2                                   : loaded 4 times (x 81B)
Class com.google.common.base.Optional                                                 : loaded 4 times (x 80B)
Class com.google.common.collect.CompoundOrdering                                      : loaded 4 times (x 115B)
Class com.google.common.collect.ImmutableSortedSet                                    : loaded 4 times (x 300B)
Class com.squareup.javapoet.TypeSpec$Kind                                             : loaded 4 times (x 79B)
Class kotlin.io.FilesKt__FilePathComponentsKt                                         : loaded 4 times (x 71B)
Class com.squareup.javapoet.ArrayTypeName                                             : loaded 4 times (x 81B)
Class kotlin.reflect.KMutableProperty1                                                : loaded 4 times (x 70B)
Class com.squareup.javapoet.LineWrapper                                               : loaded 4 times (x 72B)
Class com.google.common.cache.LocalCache$LocalManualCache                             : loaded 4 times (x 99B)
Class com.google.common.cache.AbstractCache$StatsCounter                              : loaded 4 times (x 70B)
Class com.google.common.collect.CollectSpliterators                                   : loaded 4 times (x 71B)
Class com.google.common.collect.AbstractMapBasedMultimap$AsMap                        : loaded 4 times (x 128B)
Class kotlin.reflect.KMutableProperty2                                                : loaded 4 times (x 70B)
Class javax.xml.bind.JAXBException                                                    : loaded 4 times (x 85B)
Class com.google.common.base.CharMatcher$IsNot                                        : loaded 4 times (x 111B)
Class kotlin.LazyThreadSafetyMode                                                     : loaded 4 times (x 79B)
Class com.google.common.collect.RegularImmutableSortedSet                             : loaded 4 times (x 300B)
Class com.google.common.collect.AbstractMapBasedMultimap$KeySet                       : loaded 4 times (x 137B)
Class com.google.common.collect.Sets$3$1                                              : loaded 4 times (x 82B)
Class com.google.common.cache.LocalCache$LoadingValueReference                        : loaded 4 times (x 97B)
Class kotlin.io.NoSuchFileException                                                   : loaded 4 times (x 82B)
Class com.google.common.cache.LocalCache$LocalLoadingCache                            : loaded 4 times (x 134B)
Class com.google.common.math.IntMath                                                  : loaded 4 times (x 71B)
Class android.databinding.tool.writer.JavaFileWriter                                  : loaded 4 times (x 74B)
Class kotlin.LazyKt__LazyJVMKt$WhenMappings                                           : loaded 4 times (x 71B)
Class kotlin.io.TerminateException                                                    : loaded 4 times (x 82B)
Class com.google.common.base.Equivalence$Identity                                     : loaded 4 times (x 82B)
Class com.google.common.base.PairwiseEquivalence                                      : loaded 4 times (x 83B)
Class com.squareup.javapoet.LineWrapper$1                                             : loaded 4 times (x 71B)
Class kotlin.UnsafeLazyImpl                                                           : loaded 4 times (x 76B)
Class com.google.common.collect.RegularImmutableSet                                   : loaded 4 times (x 149B)
Class com.squareup.javapoet.TypeVariableName                                          : loaded 4 times (x 81B)
Class com.google.common.base.Predicates                                               : loaded 4 times (x 71B)
Class kotlin.jvm.internal.PropertyReference1                                          : loaded 4 times (x 127B)
Class com.squareup.javapoet.CodeWriter                                                : loaded 4 times (x 72B)
Class com.google.common.base.Splitter$Strategy                                        : loaded 4 times (x 70B)
Class com.google.common.collect.LexicographicalOrdering                               : loaded 4 times (x 115B)
Class com.google.common.collect.AbstractMapBasedMultimap$WrappedSet                   : loaded 4 times (x 142B)
Class com.google.common.collect.ForwardingCollection                                  : loaded 4 times (x 130B)
Class kotlin.io.FileSystemException                                                   : loaded 4 times (x 82B)
Class kotlin.reflect.KProperty2                                                       : loaded 4 times (x 70B)
Class com.google.common.cache.LocalCache$Strength$1                                   : loaded 4 times (x 81B)
Class com.google.common.collect.Iterables                                             : loaded 4 times (x 71B)
Class com.squareup.javapoet.ClassName                                                 : loaded 4 times (x 84B)
Class com.google.common.cache.CacheBuilder$OneWeigher                                 : loaded 4 times (x 82B)
Class com.google.common.collect.Maps$EntryFunction                                    : loaded 4 times (x 91B)
Class com.google.common.collect.IndexedImmutableSet$1                                 : loaded 4 times (x 213B)
Class com.google.common.base.Suppliers                                                : loaded 4 times (x 71B)
Class kotlin.io.CloseableKt                                                           : loaded 4 times (x 71B)
Class com.google.common.graph.Traverser$2                                             : loaded 3 times (x 74B)
Class org.apache.commons.io.output.AbstractByteArrayOutputStream                      : loaded 3 times (x 102B)
Class kotlin.jvm.internal.markers.KMutableListIterator                                : loaded 3 times (x 70B)
Class kotlin.reflect.jvm.internal.KDeclarationContainerImpl$Companion                 : loaded 3 times (x 71B)
Class com.google.common.collect.ImmutableBiMapFauxverideShim                          : loaded 3 times (x 120B)
Class com.google.common.collect.Maps$3                                                : loaded 3 times (x 82B)
Class com.google.common.graph.Traverser$4                                             : loaded 3 times (x 80B)
Class [Lcom.google.common.collect.LinkedHashMultimap$ValueEntry;                      : loaded 3 times (x 69B)
Class com.google.common.collect.Collections2                                          : loaded 3 times (x 71B)
Class kotlin.jvm.internal.PropertyReference0                                          : loaded 3 times (x 127B)
Class com.google.common.collect.HashBasedTable$Factory                                : loaded 3 times (x 79B)
Class com.google.common.base.CaseFormat$3                                             : loaded 3 times (x 83B)
Class kotlin.reflect.full.IllegalCallableAccessException                              : loaded 3 times (x 82B)
Class com.google.common.graph.Traverser$1                                             : loaded 3 times (x 74B)
Class kotlin.jvm.functions.Function20                                                 : loaded 3 times (x 70B)
Class kotlin.ranges.IntRange                                                          : loaded 3 times (x 93B)
Class com.google.common.collect.Iterators$10                                          : loaded 3 times (x 81B)
Class kotlin.reflect.jvm.internal.impl.descriptors.runtime.structure.ReflectClassUtilKt: loaded 3 times (x 71B)
Class kotlin.jvm.functions.Function21                                                 : loaded 3 times (x 70B)
Class kotlin.reflect.jvm.internal.impl.name.ClassId                                   : loaded 3 times (x 72B)
Class com.google.common.base.CaseFormat$2                                             : loaded 3 times (x 83B)
Class kotlin.jvm.internal.markers.KMutableMap                                         : loaded 3 times (x 70B)
Class com.google.common.collect.MultimapBuilder$ListMultimapBuilder                   : loaded 3 times (x 75B)
Class kotlin.jvm.internal.PropertyReference2                                          : loaded 3 times (x 127B)
Class android.databinding.annotationprocessor.ProcessDataBinding$Callback             : loaded 3 times (x 70B)
Class kotlin.jvm.internal.MutablePropertyReference                                    : loaded 3 times (x 119B)
Class org.apache.commons.io.file.PathFilter                                           : loaded 3 times (x 70B)
Class kotlin.reflect.jvm.internal.CachesKt$CACHE_FOR_GENERIC_CLASSIFIERS$1            : loaded 3 times (x 78B)
Class [Lkotlin.reflect.jvm.internal.impl.builtins.jvm.JavaToKotlinClassMap$PlatformMutabilityMapping;: loaded 3 times (x 69B)
Class kotlin.reflect.jvm.internal.KClassImpl$Data$constructors$2                      : loaded 3 times (x 79B)
Class kotlin.collections.AbstractList$IteratorImpl                                    : loaded 3 times (x 82B)
Class com.google.common.collect.LinkedHashMultimap$ValueEntry                         : loaded 3 times (x 89B)
Class com.google.common.collect.AbstractMultimap$EntrySet                             : loaded 3 times (x 138B)
Class com.google.common.collect.Streams                                               : loaded 3 times (x 71B)
Class kotlin.reflect.jvm.internal.impl.builtins.PrimitiveType                         : loaded 3 times (x 79B)
Class kotlin.reflect.full.IllegalPropertyDelegateAccessException                      : loaded 3 times (x 82B)
Class com.google.common.collect.Multimaps$Entries                                     : loaded 3 times (x 118B)
Class kotlin.jvm.internal.SpreadBuilder                                               : loaded 3 times (x 76B)
Class [Lcom.squareup.kotlinpoet.KModifier$Target;                                     : loaded 3 times (x 69B)
Class org.apache.commons.io.FilenameUtils                                             : loaded 3 times (x 71B)
Class com.squareup.kotlinpoet.TypeName$cachedString$2                                 : loaded 3 times (x 79B)
Class com.squareup.kotlinpoet.OriginatingElementsHolder                               : loaded 3 times (x 70B)
Class kotlin.jvm.internal.MutablePropertyReference1Impl                               : loaded 3 times (x 137B)
Class kotlin.ranges.IntProgression                                                    : loaded 3 times (x 81B)
Class kotlin.coroutines.jvm.internal.RestrictedSuspendLambda                          : loaded 3 times (x 91B)
Class com.google.common.collect.StandardTable                                         : loaded 3 times (x 124B)
Class kotlin.reflect.jvm.internal.CachesKt$K_PACKAGE_CACHE$1                          : loaded 3 times (x 78B)
Class ijJvmDebugger1_djf6rsexpgjf27xfgume1erb3$_run_closure1$_closure2                : loaded 3 times (x 140B)
Class kotlin.reflect.jvm.internal.impl.builtins.jvm.JavaToKotlinClassMap$PlatformMutabilityMapping: loaded 3 times (x 72B)
Class [Lkotlin.Pair;                                                                  : loaded 3 times (x 69B)
Class kotlin.reflect.jvm.internal.impl.builtins.PrimitiveType$arrayTypeFqName$2       : loaded 3 times (x 79B)
Class com.google.common.primitives.Ints$IntConverter                                  : loaded 3 times (x 90B)
Class kotlin.io.FilePathComponents                                                    : loaded 3 times (x 72B)
Class com.google.common.base.CaseFormat$4                                             : loaded 3 times (x 83B)
Class com.squareup.kotlinpoet.UtilKt                                                  : loaded 3 times (x 71B)
Class kotlin.jvm.internal.markers.KMutableList                                        : loaded 3 times (x 70B)
Class com.squareup.kotlinpoet.AnnotationSpec$Builder                                  : loaded 3 times (x 79B)
Class kotlin.annotation.AnnotationRetention                                           : loaded 3 times (x 79B)
Class kotlin.jvm.functions.Function22                                                 : loaded 3 times (x 70B)
Class com.google.common.collect.Maps$AsMapView                                        : loaded 3 times (x 127B)
Class kotlin.sequences.SequencesKt__SequenceBuilderKt$sequence$$inlined$Sequence$1    : loaded 3 times (x 75B)
Class com.google.common.base.CaseFormat$1                                             : loaded 3 times (x 83B)
Class kotlin.reflect.jvm.internal.CachesKt$CACHE_FOR_NULLABLE_BASE_CLASSIFIERS$1      : loaded 3 times (x 78B)
Class com.google.common.collect.Maps$9                                                : loaded 3 times (x 76B)
Class com.google.common.base.CaseFormat$StringConverter                               : loaded 3 times (x 90B)
Class kotlin.coroutines.jvm.internal.RestrictedContinuationImpl                       : loaded 3 times (x 87B)
Class com.google.common.collect.LinkedHashMultimapGwtSerializationDependencies        : loaded 3 times (x 174B)
Class kotlin.sequences.SequenceScope                                                  : loaded 3 times (x 73B)
Class android.databinding.tool.writer.AnnotationJavaFileWriter                        : loaded 3 times (x 75B)
Class kotlin.collections.ArrayAsCollection                                            : loaded 3 times (x 105B)
Class ijJvmDebugger1_djf6rsexpgjf27xfgume1erb3$_run_closure1                          : loaded 3 times (x 139B)
Class kotlin.reflect.jvm.internal.KClassImpl$Data$allMembers$2                        : loaded 3 times (x 79B)
Class com.google.common.collect.RegularImmutableBiMap$Inverse                         : loaded 3 times (x 143B)
Class com.google.common.base.Functions$ConstantFunction                               : loaded 3 times (x 84B)
Class com.squareup.kotlinpoet.FileSpec$Companion                                      : loaded 3 times (x 71B)
Class kotlin.coroutines.Continuation                                                  : loaded 3 times (x 70B)
Class [Lkotlin.reflect.jvm.internal.impl.resolve.jvm.JvmPrimitiveType;                : loaded 3 times (x 69B)
Class [Lcom.squareup.kotlinpoet.Import;                                               : loaded 3 times (x 69B)
Class kotlin.jvm.internal.ClassBasedDeclarationContainer                              : loaded 3 times (x 70B)
Class org.apache.commons.io.FileUtils                                                 : loaded 3 times (x 71B)
Class kotlin.reflect.jvm.internal.KCallableImpl                                       : loaded 3 times (x 105B)
Class kotlin.coroutines.jvm.internal.BaseContinuationImpl                             : loaded 3 times (x 87B)
Class com.google.common.collect.AbstractMultiset                                      : loaded 3 times (x 159B)
Class kotlin.reflect.jvm.internal.KMutableProperty1Impl$_setter$1                     : loaded 3 times (x 79B)
Class kotlin.Result$Companion                                                         : loaded 3 times (x 71B)
Class com.squareup.kotlinpoet.AnnotationSpec$Companion                                : loaded 3 times (x 71B)
Class kotlin.reflect.jvm.internal.ReflectProperties$Val$1                             : loaded 3 times (x 71B)
Class kotlin.reflect.jvm.internal.impl.name.SpecialNames                              : loaded 3 times (x 71B)
Class kotlin.text.DelimitedRangesSequence                                             : loaded 3 times (x 75B)
Class com.google.common.base.CaseFormat$5                                             : loaded 3 times (x 83B)
Class com.google.common.collect.LinkedHashMultimap$ValueSetLink                       : loaded 3 times (x 70B)
Class com.squareup.kotlinpoet.TypeSpec$Kind                                           : loaded 3 times (x 79B)
Class com.squareup.kotlinpoet.PropertySpec$Builder                                    : loaded 3 times (x 104B)
Class kotlin.jvm.internal.markers.KMutableIterable                                    : loaded 3 times (x 70B)
Class org.apache.commons.io.output.StringBuilderWriter                                : loaded 3 times (x 100B)
Class [Lorg.apache.commons.io.StandardLineSeparator;                                  : loaded 3 times (x 69B)
Class com.google.common.collect.AbstractMapBasedMultimap$2                            : loaded 3 times (x 85B)
Class android.databinding.annotationprocessor.ProcessDataBinding                      : loaded 3 times (x 87B)
Class com.google.common.collect.Multimaps$CustomListMultimap                          : loaded 3 times (x 174B)
Class com.google.common.collect.MultimapBuilder$SortedSetMultimapBuilder              : loaded 3 times (x 77B)
Class kotlin.reflect.jvm.internal.KClassImpl$Data$descriptor$2                        : loaded 3 times (x 79B)
Class com.squareup.kotlinpoet.TaggableKt                                              : loaded 3 times (x 71B)
Class kotlin.reflect.jvm.internal.KDeclarationContainerImpl                           : loaded 3 times (x 84B)
Class ijKotlinCoroutineJvmDebugInit1_3784zohmsulu2pawvpoyy6r2v                        : loaded 3 times (x 179B)
Class com.squareup.kotlinpoet.TypeSpec$Companion                                      : loaded 3 times (x 71B)
Class [Lkotlin.DeprecationLevel;                                                      : loaded 3 times (x 69B)
Class kotlin.reflect.jvm.internal.CachesKt$K_CLASS_CACHE$1                            : loaded 3 times (x 78B)
Class kotlin.reflect.jvm.internal.impl.name.FqNameUnsafe$1                            : loaded 3 times (x 74B)
Class com.google.common.base.Verify                                                   : loaded 3 times (x 71B)
Class kotlin.reflect.jvm.internal.KClassImpl                                          : loaded 3 times (x 115B)
Class com.squareup.kotlinpoet.FunSpec                                                 : loaded 3 times (x 89B)
Class kotlin.coroutines.intrinsics.IntrinsicsKt__IntrinsicsKt                         : loaded 3 times (x 71B)
Class ijJvmDebugger1_djf6rsexpgjf27xfgume1erb3                                        : loaded 3 times (x 179B)
Class kotlin.collections.AbstractMutableList                                          : loaded 3 times (x 206B)
Class com.google.common.base.Strings                                                  : loaded 3 times (x 71B)
Class com.google.common.collect.MultimapBuilder$ArrayListSupplier                     : loaded 3 times (x 77B)
Class kotlin.text.RegexKt                                                             : loaded 3 times (x 71B)
Class com.squareup.kotlinpoet.AnnotationSpec                                          : loaded 3 times (x 77B)
Class com.google.common.collect.MultimapBuilder$SetMultimapBuilder                    : loaded 3 times (x 75B)
Class kotlin.jvm.internal.markers.KMutableIterator                                    : loaded 3 times (x 70B)
Class com.google.common.base.Functions                                                : loaded 3 times (x 71B)
Class kotlin.reflect.jvm.internal.KCallableImpl$_typeParameters$1                     : loaded 3 times (x 79B)
Class com.squareup.kotlinpoet.PropertySpec$Companion                                  : loaded 3 times (x 71B)
Class [Ldagger.hilt.processor.internal.optionvalues.GradleProjectType;                : loaded 3 times (x 69B)
Class kotlin.reflect.jvm.internal.ReflectProperties                                   : loaded 3 times (x 71B)
Class kotlin.SafePublicationLazyImpl                                                  : loaded 3 times (x 76B)
Class com.squareup.javapoet.LineWrapper$RecordingAppendable                           : loaded 3 times (x 77B)
Class com.squareup.kotlinpoet.TypeName                                                : loaded 3 times (x 86B)
Class kotlin.reflect.jvm.internal.KProperty1Impl                                      : loaded 3 times (x 128B)
Class com.squareup.kotlinpoet.ClassName                                               : loaded 3 times (x 89B)
Class com.squareup.kotlinpoet.WildcardTypeName                                        : loaded 3 times (x 86B)
Class kotlin.reflect.jvm.internal.KClassImpl$Data$objectInstance$2                    : loaded 3 times (x 79B)
Class kotlin.reflect.jvm.internal.KClassImpl$Data$supertypes$2                        : loaded 3 times (x 79B)
Class kotlin.reflect.jvm.internal.KProperty1Impl$_getter$1                            : loaded 3 times (x 79B)
Class com.google.common.collect.AbstractMapBasedMultiset                              : loaded 3 times (x 163B)
Class kotlin.reflect.jvm.internal.KDeclarationContainerImpl$Data                      : loaded 3 times (x 72B)
Class com.google.common.cache.CacheBuilder$3                                          : loaded 3 times (x 72B)
Class com.squareup.javapoet.TypeName$1                                                : loaded 3 times (x 109B)
Class com.google.common.collect.MultimapBuilder                                       : loaded 3 times (x 73B)
Class kotlin.reflect.jvm.internal.impl.builtins.PrimitiveType$Companion               : loaded 3 times (x 71B)
Class kotlin.jvm.functions.Function4                                                  : loaded 3 times (x 70B)
Class kotlin.reflect.jvm.internal.KClassImpl$Data$typeParameters$2                    : loaded 3 times (x 79B)
Class kotlin.reflect.jvm.internal.KClassImpl$Data                                     : loaded 3 times (x 72B)
Class kotlin.comparisons.NaturalOrderComparator                                       : loaded 3 times (x 88B)
Class com.google.common.collect.Count                                                 : loaded 3 times (x 71B)
Class com.google.common.base.Enums$StringConverter                                    : loaded 3 times (x 90B)
Class ijKotlinCoroutineJvmDebugInit1_3784zohmsulu2pawvpoyy6r2v$_run_closure1          : loaded 3 times (x 139B)
Class com.squareup.javapoet.TypeName$2                                                : loaded 3 times (x 71B)
Class com.squareup.kotlinpoet.TypeName$Companion                                      : loaded 3 times (x 71B)
Class [Lcom.google.common.base.CaseFormat;                                            : loaded 3 times (x 69B)
Class com.google.common.collect.HashBasedTable                                        : loaded 3 times (x 124B)
Class com.squareup.kotlinpoet.FunSpec$Builder                                         : loaded 3 times (x 103B)
Class [Lcom.google.common.graph.Traverser$InsertionOrder;                             : loaded 3 times (x 69B)
Class kotlin.jvm.functions.Function5                                                  : loaded 3 times (x 70B)
Class org.apache.commons.io.StandardLineSeparator                                     : loaded 3 times (x 79B)
Class kotlin.reflect.jvm.internal.KProperty1Impl$delegateSource$1                     : loaded 3 times (x 79B)
Class kotlin.reflect.jvm.internal.KClassImpl$Data$declaredStaticMembers$2             : loaded 3 times (x 79B)
Class kotlin.jvm.functions.Function6                                                  : loaded 3 times (x 70B)
Class kotlin.reflect.jvm.internal.KPropertyImpl$_descriptor$1                         : loaded 3 times (x 79B)
Class com.google.common.collect.Sets$1$1                                              : loaded 3 times (x 82B)
Class com.google.common.collect.LinkedHashMultimap$ValueSet                           : loaded 3 times (x 142B)
Class kotlin.reflect.jvm.internal.KTypeParameterOwnerImpl                             : loaded 3 times (x 70B)
Class [Lkotlin.coroutines.intrinsics.CoroutineSingletons;                             : loaded 3 times (x 69B)
Class kotlin.reflect.jvm.internal.KDeclarationContainerImpl$Data$moduleData$2         : loaded 3 times (x 79B)
Class com.google.common.collect.Maps$AsMapView$1EntrySetImpl                          : loaded 3 times (x 138B)
Class [Lkotlin.reflect.jvm.internal.impl.name.FqName;                                 : loaded 3 times (x 69B)
Class kotlin.reflect.jvm.internal.KPackageImpl                                        : loaded 3 times (x 85B)
Class com.google.common.base.Equivalence$Wrapper                                      : loaded 3 times (x 72B)
Class kotlin.jvm.functions.Function7                                                  : loaded 3 times (x 70B)
Class [Lkotlin.annotation.AnnotationTarget;                                           : loaded 3 times (x 69B)
Class kotlin.reflect.jvm.internal.impl.name.StandardClassIds                          : loaded 3 times (x 71B)
Class kotlin.reflect.jvm.internal.KPropertyImpl$_javaField$1                          : loaded 3 times (x 79B)
Class kotlin.reflect.jvm.internal.KClassImpl$data$1                                   : loaded 3 times (x 79B)
Class kotlin.reflect.jvm.internal.impl.name.Name                                      : loaded 3 times (x 75B)
Class kotlin.reflect.jvm.internal.KPropertyImpl$Companion                             : loaded 3 times (x 71B)
Class com.google.common.collect.LinkedHashMultimap$ValueSet$1                         : loaded 3 times (x 82B)
Class dagger.hilt.processor.internal.root.ir.InvalidRootsException                    : loaded 3 times (x 82B)
Class kotlin.collections.builders.MapBuilder$Companion                                : loaded 3 times (x 71B)
Class com.google.common.collect.Maps$12                                               : loaded 3 times (x 82B)
Class com.squareup.kotlinpoet.KModifier$Target                                        : loaded 3 times (x 79B)
Class [Lkotlin.annotation.AnnotationRetention;                                        : loaded 3 times (x 69B)
Class kotlin.jvm.functions.Function8                                                  : loaded 3 times (x 70B)
Class kotlin.reflect.jvm.internal.impl.name.FqNameUnsafe                              : loaded 3 times (x 72B)
Class com.squareup.kotlinpoet.TypeSpec$Builder                                        : loaded 3 times (x 103B)
Class com.google.common.collect.MultimapBuilder$MultimapBuilderWithKeys$1             : loaded 3 times (x 76B)
Class com.google.common.base.Enums                                                    : loaded 3 times (x 71B)
Class org.apache.commons.io.IOUtils                                                   : loaded 3 times (x 71B)
Class com.google.common.base.VerifyException                                          : loaded 3 times (x 82B)
Class kotlin.reflect.jvm.internal.ComputableClassValue                                : loaded 3 times (x 80B)
Class kotlin.reflect.jvm.internal.KClassImpl$Data$declaredNonStaticMembers$2          : loaded 3 times (x 79B)
Class kotlin.reflect.jvm.internal.impl.resolve.jvm.JvmPrimitiveType                   : loaded 3 times (x 79B)
Class com.google.common.collect.Maps$13                                               : loaded 3 times (x 85B)
Class org.apache.commons.io.output.UnsynchronizedByteArrayOutputStream                : loaded 3 times (x 102B)
Class kotlin.annotation.MustBeDocumented                                              : loaded 3 times (x 70B)
Class kotlin.ranges.ClosedRange                                                       : loaded 3 times (x 70B)
Class kotlin.io.LinesSequence                                                         : loaded 3 times (x 75B)
Class [Lkotlin.reflect.jvm.internal.impl.name.ClassId;                                : loaded 3 times (x 69B)
Class kotlin.jvm.functions.Function10                                                 : loaded 3 times (x 70B)
Class kotlin.collections.builders.ListBuilder$Companion                               : loaded 3 times (x 71B)
Class kotlin.collections.builders.ListBuilder                                         : loaded 3 times (x 207B)
Class kotlin.jvm.JvmClassMappingKt                                                    : loaded 3 times (x 71B)
Class com.google.common.collect.ImmutableMapEntry$NonTerminalImmutableBiMapEntry      : loaded 3 times (x 85B)
Class kotlin.reflect.jvm.internal.KPropertyImpl                                       : loaded 3 times (x 115B)
Class kotlin.jvm.functions.Function9                                                  : loaded 3 times (x 70B)
Class kotlin.annotation.AnnotationTarget                                              : loaded 3 times (x 79B)
Class kotlin.reflect.jvm.internal.impl.name.FqName                                    : loaded 3 times (x 72B)
Class kotlin.reflect.jvm.internal.KClassImpl$Data$allNonStaticMembers$2               : loaded 3 times (x 79B)
Class com.google.common.graph.PredecessorsFunction                                    : loaded 3 times (x 70B)
Class kotlin.reflect.jvm.internal.EmptyContainerForLocal                              : loaded 3 times (x 84B)
Class com.squareup.kotlinpoet.TypeNames                                               : loaded 3 times (x 71B)
Class com.google.common.collect.MultimapBuilder$MultimapBuilderWithKeys$2             : loaded 3 times (x 76B)
Class kotlin.jvm.internal.markers.KMutableCollection                                  : loaded 3 times (x 70B)
Class kotlin.coroutines.intrinsics.IntrinsicsKt                                       : loaded 3 times (x 71B)
Class com.google.common.base.CaseFormat                                               : loaded 3 times (x 83B)
Class kotlin.jvm.functions.Function11                                                 : loaded 3 times (x 70B)
Class kotlin.reflect.jvm.internal.KClassImpl$Data$sealedSubclasses$2                  : loaded 3 times (x 79B)
Class com.squareup.kotlinpoet.WildcardTypeName$Companion                              : loaded 3 times (x 71B)
Class kotlin.reflect.jvm.internal.ReflectProperties$LazySoftVal                       : loaded 3 times (x 78B)
Class kotlin.reflect.jvm.internal.KClassImpl$Data$annotations$2                       : loaded 3 times (x 79B)
Class kotlin.reflect.jvm.internal.impl.builtins.StandardNames                         : loaded 3 times (x 71B)
Class [Lkotlin.reflect.jvm.internal.impl.builtins.PrimitiveType;                      : loaded 3 times (x 69B)
Class kotlin.ranges.IntRange$Companion                                                : loaded 3 times (x 71B)
Class kotlin.reflect.jvm.internal.impl.name.FqNamesUtilKt                             : loaded 3 times (x 71B)
Class kotlin.reflect.jvm.internal.impl.name.StandardClassIdsKt                        : loaded 3 times (x 71B)
Class com.squareup.kotlinpoet.ClassName$Companion                                     : loaded 3 times (x 71B)
Class org.apache.commons.io.function.IOFunction                                       : loaded 3 times (x 70B)
Class com.google.common.graph.Traverser                                               : loaded 3 times (x 73B)
Class com.google.common.collect.ImmutableMap$IteratorBasedImmutableMap$1EntrySetImpl  : loaded 3 times (x 154B)
Class com.google.common.collect.LinkedHashMultimap                                    : loaded 3 times (x 175B)
Class com.google.common.collect.Maps$TransformedEntriesMap                            : loaded 3 times (x 127B)
Class com.google.common.collect.MultimapBuilder$MultimapBuilderWithKeys$3             : loaded 3 times (x 76B)
Class kotlin.coroutines.intrinsics.CoroutineSingletons                                : loaded 3 times (x 79B)
Class com.google.common.graph.BaseGraph                                               : loaded 3 times (x 70B)
Class kotlin.jvm.functions.Function12                                                 : loaded 3 times (x 70B)
Class org.apache.commons.io.filefilter.IOFileFilter                                   : loaded 3 times (x 70B)
Class kotlin.reflect.jvm.internal.KClassImpl$Data$nestedClasses$2                     : loaded 3 times (x 79B)
Class org.apache.commons.io.output.ByteArrayOutputStream                              : loaded 3 times (x 102B)
Class com.squareup.kotlinpoet.TagMap                                                  : loaded 3 times (x 79B)
Class com.google.common.collect.AbstractMultimap$Entries                              : loaded 3 times (x 120B)
Class com.google.common.collect.MultimapBuilder$MultimapBuilderWithKeys$4             : loaded 3 times (x 76B)
Class com.google.common.graph.Traverser$InsertionOrder$2                              : loaded 3 times (x 80B)
Class kotlin.sequences.SequenceBuilderIterator                                        : loaded 3 times (x 85B)
Class com.google.common.graph.Network                                                 : loaded 3 times (x 70B)
Class com.google.common.graph.Traverser$InsertionOrder$1                              : loaded 3 times (x 80B)
Class kotlin.jvm.functions.Function13                                                 : loaded 3 times (x 70B)
Class kotlin.text.Charsets                                                            : loaded 3 times (x 71B)
Class kotlin.collections.builders.ListBuilder$Itr                                     : loaded 3 times (x 94B)
Class kotlin.ranges.OpenEndRange                                                      : loaded 3 times (x 70B)
Class kotlin.reflect.jvm.internal.KClassifierImpl                                     : loaded 3 times (x 70B)
Class com.google.common.collect.MultimapBuilder$MultimapBuilderWithKeys$5             : loaded 3 times (x 78B)
Class com.google.common.graph.Traverser$InsertionOrder                                : loaded 3 times (x 80B)
Class kotlin.ranges.IntProgression$Companion                                          : loaded 3 times (x 71B)
Class [Lcom.google.common.collect.LinkedHashMultimap$ValueSetLink;                    : loaded 3 times (x 69B)
Class kotlin.jvm.functions.Function14                                                 : loaded 3 times (x 70B)
Class com.squareup.kotlinpoet.CodeBlock                                               : loaded 3 times (x 72B)
Class com.squareup.kotlinpoet.PropertySpec                                            : loaded 3 times (x 89B)
Class kotlin.Result                                                                   : loaded 3 times (x 72B)
Class com.google.common.collect.MultimapBuilder$MultimapBuilderWithKeys$6             : loaded 3 times (x 76B)
Class org.apache.commons.io.output.NullOutputStream                                   : loaded 3 times (x 85B)
Class com.google.common.collect.FluentIterable$3$1                                    : loaded 3 times (x 98B)
Class kotlin.jvm.functions.Function15                                                 : loaded 3 times (x 70B)
Class com.squareup.kotlinpoet.Taggable                                                : loaded 3 times (x 70B)
Class kotlin.jvm.internal.MutablePropertyReference2                                   : loaded 3 times (x 137B)
Class dagger.hilt.processor.internal.optionvalues.GradleProjectType                   : loaded 3 times (x 79B)
Class kotlin.reflect.jvm.internal.ReflectProperties$Val                               : loaded 3 times (x 74B)
Class com.squareup.kotlinpoet.Dynamic                                                 : loaded 3 times (x 86B)
Class kotlin.reflect.jvm.internal.KotlinReflectionInternalError                       : loaded 3 times (x 82B)
Class kotlin.reflect.jvm.internal.impl.builtins.jvm.JavaToKotlinClassMap              : loaded 3 times (x 71B)
Class kotlin.reflect.jvm.internal.impl.builtins.PrimitiveType$typeFqName$2            : loaded 3 times (x 79B)
Class com.google.common.collect.HashMultiset                                          : loaded 3 times (x 163B)
Class kotlin.coroutines.EmptyCoroutineContext                                         : loaded 3 times (x 77B)
Class com.google.common.collect.ImmutableListMultimap$Builder                         : loaded 3 times (x 83B)
Class kotlin.collections.builders.MapBuilder                                          : loaded 3 times (x 112B)
Class kotlin.jvm.functions.Function16                                                 : loaded 3 times (x 70B)
Class kotlin.reflect.jvm.internal.CacheByClassKt                                      : loaded 3 times (x 71B)
Class kotlin.Result$Failure                                                           : loaded 3 times (x 72B)
Class kotlin.reflect.jvm.internal.KClassImpl$Data$inheritedStaticMembers$2            : loaded 3 times (x 79B)
Class com.google.common.collect.Table                                                 : loaded 3 times (x 70B)
Class kotlin.jvm.functions.Function17                                                 : loaded 3 times (x 70B)
Class kotlin.jvm.functions.Function18                                                 : loaded 3 times (x 70B)
Class kotlin.reflect.jvm.internal.CachesKt                                            : loaded 3 times (x 71B)
Class com.squareup.kotlinpoet.Import                                                  : loaded 3 times (x 75B)
Class kotlin.reflect.jvm.internal.ClassValueCache                                     : loaded 3 times (x 74B)
Class com.squareup.kotlinpoet.ParameterSpec$Builder                                   : loaded 3 times (x 92B)
Class kotlin.jvm.internal.MutablePropertyReference1                                   : loaded 3 times (x 137B)
Class kotlin.ResultKt                                                                 : loaded 3 times (x 71B)
Class kotlin.SafePublicationLazyImpl$Companion                                        : loaded 3 times (x 71B)
Class kotlin.reflect.KMutableProperty$Setter                                          : loaded 3 times (x 70B)
Class kotlin.jvm.functions.Function19                                                 : loaded 3 times (x 70B)
Class com.squareup.kotlinpoet.OriginatingElementsHolderKt                             : loaded 3 times (x 71B)
Class com.squareup.kotlinpoet.TypeSpec                                                : loaded 3 times (x 89B)
Class kotlin.reflect.jvm.internal.KClassImpl$Data$allStaticMembers$2                  : loaded 3 times (x 79B)
Class kotlin.reflect.jvm.internal.KCallableImpl$_absentArguments$1                    : loaded 3 times (x 79B)
Class kotlin.reflect.jvm.internal.impl.builtins.StandardNames$FqNames                 : loaded 3 times (x 71B)
Class com.google.common.collect.LinkedHashMultimap$1                                  : loaded 3 times (x 83B)
Class com.google.common.collect.Iterators$ConcatenatedIterator                        : loaded 3 times (x 82B)
Class com.google.common.collect.MultimapBuilder$1                                     : loaded 3 times (x 83B)
Class com.squareup.kotlinpoet.ParameterSpec$Companion                                 : loaded 3 times (x 71B)
Class com.google.common.collect.AbstractMultiset$EntrySet                             : loaded 3 times (x 138B)
Class com.squareup.kotlinpoet.AnnotationSpec$Builder$Companion                        : loaded 3 times (x 71B)
Class com.squareup.kotlinpoet.CodeBlock$Companion                                     : loaded 3 times (x 71B)
Class [Lcom.squareup.kotlinpoet.TypeSpec$Kind;                                        : loaded 3 times (x 69B)
Class com.google.common.collect.MultimapBuilder$2                                     : loaded 3 times (x 83B)
Class com.google.common.collect.AbstractMapBasedMultimap$Itr                          : loaded 3 times (x 83B)
Class com.google.common.collect.MultimapBuilder$MultimapBuilderWithKeys               : loaded 3 times (x 82B)
Class kotlin.collections.builders.ListBuilderKt                                       : loaded 3 times (x 71B)
Class com.squareup.kotlinpoet.ParameterSpecKt                                         : loaded 3 times (x 71B)
Class kotlin.reflect.jvm.internal.KCallableImpl$_parameters$1                         : loaded 3 times (x 79B)
Class ijKotlinCoroutineJvmDebugInit1_3784zohmsulu2pawvpoyy6r2v$_run_closure1$_closure2: loaded 3 times (x 139B)
Class com.google.common.collect.MultimapBuilder$3                                     : loaded 3 times (x 84B)
Class [Lcom.squareup.kotlinpoet.KModifier;                                            : loaded 3 times (x 69B)
Class kotlin.reflect.jvm.internal.ReflectionFactoryImpl                               : loaded 3 times (x 91B)
Class org.apache.commons.io.FileExistsException                                       : loaded 3 times (x 82B)
Class com.squareup.kotlinpoet.KModifier                                               : loaded 3 times (x 79B)
Class kotlin.reflect.jvm.internal.KClassImpl$Data$simpleName$2                        : loaded 3 times (x 79B)
Class kotlin.jvm.internal.MutablePropertyReference0                                   : loaded 3 times (x 137B)
Class kotlin.reflect.jvm.internal.KCallableImpl$_annotations$1                        : loaded 3 times (x 79B)
Class kotlin.reflect.jvm.internal.KClassImpl$Data$inheritedNonStaticMembers$2         : loaded 3 times (x 79B)
Class kotlin.DeprecationLevel                                                         : loaded 3 times (x 79B)
Class kotlin.reflect.jvm.internal.impl.builtins.CompanionObjectMapping                : loaded 3 times (x 71B)
Class kotlin.reflect.jvm.internal.CachesKt$CACHE_FOR_BASE_CLASSIFIERS$1               : loaded 3 times (x 78B)
Class kotlin.reflect.jvm.internal.KClassImpl$Data$declaredMembers$2                   : loaded 3 times (x 79B)
Class com.squareup.kotlinpoet.FileSpec$Builder                                        : loaded 3 times (x 87B)
Class kotlin.text.DelimitedRangesSequence$iterator$1                                  : loaded 3 times (x 79B)
Class org.apache.commons.io.output.AppendableWriter                                   : loaded 3 times (x 100B)
Class com.squareup.kotlinpoet.Taggable$Builder                                        : loaded 3 times (x 70B)
Class kotlin.reflect.jvm.internal.KMutableProperty1Impl                               : loaded 3 times (x 135B)
Class com.google.common.collect.MultimapBuilder$4                                     : loaded 3 times (x 84B)
Class com.google.common.collect.Multisets$EntrySet                                    : loaded 3 times (x 136B)
Class org.apache.commons.io.output.ThresholdingOutputStream                           : loaded 3 times (x 94B)
Class com.squareup.kotlinpoet.ParameterSpec                                           : loaded 3 times (x 83B)
Class kotlin.coroutines.jvm.internal.SuspendFunction                                  : loaded 3 times (x 70B)
Class com.squareup.kotlinpoet.CodeWriterKt                                            : loaded 3 times (x 71B)
Class com.squareup.kotlinpoet.CodeBlock$Builder                                       : loaded 3 times (x 72B)
Class kotlin.io.LinesSequence$iterator$1                                              : loaded 3 times (x 79B)
Class com.squareup.kotlinpoet.OriginatingElementsHolder$Builder                       : loaded 3 times (x 70B)
Class com.squareup.kotlinpoet.FileSpec                                                : loaded 3 times (x 80B)
Class kotlin.coroutines.intrinsics.IntrinsicsKt__IntrinsicsJvmKt                      : loaded 3 times (x 71B)
Class com.google.common.graph.Traverser$Traversal$3                                   : loaded 3 times (x 82B)
Class kotlin.io.TextStreamsKt                                                         : loaded 3 times (x 71B)
Class com.google.common.graph.Traverser$Traversal$1                                   : loaded 3 times (x 74B)
Class com.squareup.kotlinpoet.OriginatingElements                                     : loaded 3 times (x 75B)
Class kotlin.coroutines.jvm.internal.CoroutineStackFrame                              : loaded 3 times (x 70B)
Class com.google.common.collect.AbstractTable                                         : loaded 3 times (x 120B)
Class kotlin.coroutines.CoroutineContext                                              : loaded 3 times (x 70B)
Class kotlin.coroutines.jvm.internal.DebugProbesKt                                    : loaded 3 times (x 71B)
Class kotlin.reflect.jvm.internal.RuntimeTypeMapper                                   : loaded 3 times (x 71B)
Class com.google.common.collect.Maps$FilteredKeyMap                                   : loaded 3 times (x 128B)
Class kotlin.reflect.jvm.internal.KClassImpl$Data$qualifiedName$2                     : loaded 3 times (x 79B)
Class kotlin.reflect.jvm.internal.KPackageImpl$data$1                                 : loaded 3 times (x 79B)
Class com.squareup.kotlinpoet.ClassNames                                              : loaded 3 times (x 71B)
Class com.squareup.javapoet.CodeWriter$Multiset                                       : loaded 3 times (x 72B)
Class com.google.common.graph.Traverser$Traversal                                     : loaded 3 times (x 73B)
Class com.squareup.kotlinpoet.FunSpec$Companion                                       : loaded 3 times (x 71B)
Class kotlin.collections.CollectionsKt___CollectionsKt$withIndex$1                    : loaded 3 times (x 79B)
Class kotlin.reflect.jvm.internal.CacheByClass                                        : loaded 3 times (x 73B)
Class kotlin.reflect.jvm.internal.impl.utils.CollectionsKt                            : loaded 3 times (x 71B)
Class com.google.common.graph.Traverser$Traversal$2                                   : loaded 3 times (x 74B)
Class kotlin.streams.jdk8.StreamsKt                                                   : loaded 3 times (x 71B)
Class com.google.common.collect.SortedIterables                                       : loaded 3 times (x 71B)
Class kotlin.reflect.jvm.internal.KCallableImpl$_returnType$1                         : loaded 3 times (x 79B)
Class com.sun.xml.bind.v2.runtime.Name                                                : loaded 2 times (x 75B)
Class com.sun.xml.bind.v2.model.impl.RuntimeBuiltinLeafInfoImpl$3                     : loaded 2 times (x 136B)
Class com.sun.xml.bind.v2.model.core.BuiltinLeafInfo                                  : loaded 2 times (x 70B)
Class android.databinding.internal.org.antlr.v4.runtime.atn.EpsilonTransition         : loaded 2 times (x 76B)
Class android.databinding.tool.LibTypes$bindingAdapter$2                              : loaded 2 times (x 79B)
Class com.google.common.io.CharSource$StringCharSource                                : loaded 2 times (x 86B)
Class com.google.common.io.ByteSource$ByteArrayByteSource                             : loaded 2 times (x 85B)
Class com.google.common.collect.MapMakerInternalMap$AbstractStrongKeyEntry            : loaded 2 times (x 80B)
Class com.google.common.reflect.TypeToken$SimpleTypeToken                             : loaded 2 times (x 73B)
Class org.apache.http.client.methods.AbstractExecutionAwareRequest                    : loaded 2 times (x 128B)
Class dagger.spi.internal.shaded.androidx.room.compiler.codegen.java.JavaParameterSpec$Builder: loaded 2 times (x 78B)
Class dagger.internal.codegen.writing.OptionalFactories_Factory                       : loaded 2 times (x 82B)
Class dagger.internal.codegen.writing.AnonymousProviderCreationExpression_Factory_Impl: loaded 2 times (x 75B)
Class dagger.internal.codegen.writing.StaticFactoryInstanceSupplier$Factory           : loaded 2 times (x 70B)
Class dagger.internal.codegen.binding.AutoValue_ComponentNodeImpl                     : loaded 2 times (x 86B)
Class dagger.spi.internal.shaded.kotlin.metadata.KmTypeProjection$Companion           : loaded 2 times (x 71B)
Class dagger.internal.codegen.binding.AutoValue_AssistedFactoryBinding                : loaded 2 times (x 93B)
Class [Landroid.databinding.internal.org.antlr.v4.runtime.atn.RuleStopState;          : loaded 2 times (x 69B)
Class dagger.spi.internal.shaded.com.google.auto.common.MoreTypes$PrimitiveTypeVisitor: loaded 2 times (x 102B)
Class dagger.internal.codegen.binding.$AutoValue_SubcomponentDeclaration              : loaded 2 times (x 78B)
Class android.databinding.internal.org.antlr.v4.runtime.atn.LexerATNSimulator$SimState: loaded 2 times (x 73B)
Class dagger.internal.codegen.validation.ValidationReport$Builder                     : loaded 2 times (x 72B)
Class dagger.spi.model.DaggerProcessingEnv$Backend                                    : loaded 2 times (x 79B)
Class [Ldagger.internal.codegen.base.ComponentCreatorAnnotation;                      : loaded 2 times (x 69B)
Class dagger.internal.codegen.model.DiagnosticReporter                                : loaded 2 times (x 75B)
Class dagger.internal.codegen.validation.InjectValidator$InternalValidator            : loaded 2 times (x 72B)
Class dagger.internal.codegen.bindinggraphvalidation.CompositeBindingGraphPlugin_Factory_Impl: loaded 2 times (x 75B)
Class dagger.internal.codegen.kotlin.KotlinMetadataFactory_Factory$InstanceHolder     : loaded 2 times (x 71B)
Class android.databinding.parser.BindingExpressionParser$ExplicitGenericInvocationSuffixContext: loaded 2 times (x 133B)
Class dagger.spi.internal.shaded.kotlin.metadata.internal.FlagDelegatesImplKt$valueParameterBooleanFlag$1: loaded 2 times (x 137B)
Class dagger.spi.internal.shaded.kotlin.metadata.internal.metadata.jvm.deserialization.JvmMemberSignature: loaded 2 times (x 74B)
Class dagger.spi.internal.shaded.kotlin.metadata.internal.protobuf.SmallSortedMap$EmptySet: loaded 2 times (x 71B)
Class android.databinding.parser.BindingExpressionParser$TypeContext                  : loaded 2 times (x 133B)
Class com.android.tools.build.jetifier.core.TypeRewriter$Companion                    : loaded 2 times (x 71B)
Class dagger.hilt.processor.internal.HiltCompilerOptions$EnumOption                   : loaded 2 times (x 72B)
Class dagger.spi.internal.shaded.androidx.room.compiler.processing.XNullability       : loaded 2 times (x 79B)
Class dagger.spi.internal.shaded.androidx.room.compiler.processing.javac.JavacAnnotation$declaredAnnotationValues$2: loaded 2 times (x 79B)
Class dagger.hilt.processor.internal.AggregatedElements                               : loaded 2 times (x 71B)
Class android.databinding.internal.org.antlr.v4.runtime.misc.ObjectEqualityComparator : loaded 2 times (x 77B)
Class android.databinding.internal.org.antlr.v4.runtime.atn.Transition$1              : loaded 2 times (x 134B)
Class android.databinding.internal.org.antlr.v4.runtime.atn.StarLoopbackState         : loaded 2 times (x 82B)
Class android.databinding.internal.org.antlr.v4.runtime.atn.PredictionContextCache    : loaded 2 times (x 75B)
Class com.sun.xml.bind.v2.model.runtime.RuntimeAttributePropertyInfo                  : loaded 2 times (x 70B)
Class com.sun.xml.bind.v2.model.impl.RuntimeBuiltinLeafInfoImpl$4                     : loaded 2 times (x 136B)
Class com.sun.xml.bind.v2.model.core.ErrorHandler                                     : loaded 2 times (x 70B)
Class javax.xml.bind.Marshaller                                                       : loaded 2 times (x 70B)
Class com.sun.xml.bind.v2.runtime.ClassBeanInfoImpl                                   : loaded 2 times (x 92B)
Class com.sun.xml.bind.v2.model.runtime.RuntimeNonElement                             : loaded 2 times (x 70B)
Class dagger.spi.internal.shaded.kotlin.metadata.internal.metadata.deserialization.BinaryVersion$Companion: loaded 2 times (x 71B)
Class dagger.spi.internal.shaded.kotlin.metadata.internal.metadata.jvm.deserialization.BitEncoding: loaded 2 times (x 71B)
Class com.google.gson.internal.bind.MapTypeAdapterFactory$Adapter                     : loaded 2 times (x 74B)
Class com.google.gson.internal.sql.SqlTimeTypeAdapter$1                               : loaded 2 times (x 75B)
Class com.google.common.collect.ImmutableRangeSet$1                                   : loaded 2 times (x 209B)
Class com.google.common.util.concurrent.AbstractFuture$UnsafeAtomicHelper$1           : loaded 2 times (x 76B)
Class dagger.internal.codegen.xprocessing.XProcessingEnvs                             : loaded 2 times (x 71B)
Class dagger.internal.codegen.writing.PrivateMethodRequestRepresentation              : loaded 2 times (x 78B)
Class dagger.internal.codegen.xprocessing.XTypeSpecs$1                                : loaded 2 times (x 71B)
Class dagger.spi.internal.shaded.kotlin.metadata.jvm.internal.JvmFunctionExtension$Companion: loaded 2 times (x 71B)
Class dagger.spi.internal.shaded.androidx.room.compiler.codegen.kotlin.KotlinFunSpecKt$WhenMappings: loaded 2 times (x 71B)
Class dagger.internal.codegen.writing.ProvisionBindingRepresentation_Factory          : loaded 2 times (x 72B)
Class dagger.internal.codegen.writing.ProviderInstanceSupplier$Factory                : loaded 2 times (x 70B)
Class dagger.internal.codegen.writing.DependencyMethodProducerCreationExpression_Factory: loaded 2 times (x 72B)
Class dagger.internal.codegen.writing.SwitchingProviderInstanceSupplier_Factory_Impl  : loaded 2 times (x 75B)
Class dagger.internal.codegen.writing.DerivedFromFrameworkInstanceRequestRepresentation_Factory_Impl: loaded 2 times (x 75B)
Class dagger.internal.codegen.writing.MapRequestRepresentation_Factory_Impl           : loaded 2 times (x 75B)
Class dagger.internal.codegen.model.BindingGraph$ChildFactoryMethodEdge               : loaded 2 times (x 70B)
Class dagger.internal.codegen.binding.ComponentNodeImpl                               : loaded 2 times (x 85B)
Class dagger.internal.codegen.model.Key                                               : loaded 2 times (x 78B)
Class dagger.internal.codegen.model.DependencyRequest$Builder                         : loaded 2 times (x 76B)
Class dagger.internal.codegen.validation.ValidationReport                             : loaded 2 times (x 72B)
Class dagger.internal.codegen.componentgenerator.ComponentGenerator                   : loaded 2 times (x 77B)
Class dagger.internal.codegen.DelegateComponentProcessor_SourceFileGeneratorsModule_ModuleConstructorProxyGeneratorFactory: loaded 2 times (x 82B)
Class dagger.internal.codegen.validation.BindingMethodValidator$MethodValidator       : loaded 2 times (x 80B)
Class dagger.internal.codegen.validation.AnyBindingMethodValidator_Factory            : loaded 2 times (x 82B)
Class dagger.hilt.android.processor.internal.androidentrypoint.AndroidEntryPointMetadata: loaded 2 times (x 91B)
Class dagger.hilt.processor.internal.root.RootFileFormatter                           : loaded 2 times (x 71B)
Class dagger.hilt.processor.internal.kotlin.DaggerKotlinMetadataUtils_MetadataComponent$Builder: loaded 2 times (x 71B)
Class dagger.spi.internal.shaded.kotlin.metadata.Attributes$hasAnnotations$14         : loaded 2 times (x 137B)
Class dagger.spi.internal.shaded.kotlin.metadata.internal.extensions.KmFunctionExtension: loaded 2 times (x 70B)
Class com.google.common.graph.DirectedGraphConnections$NodeConnection                 : loaded 2 times (x 72B)
Class dagger.Lazy                                                                     : loaded 2 times (x 70B)
Class com.bumptech.glide.repackaged.com.google.common.collect.RegularImmutableAsList  : loaded 2 times (x 209B)
Class dagger.internal.codegen.extension.DaggerStreams                                 : loaded 2 times (x 71B)
Class androidx.room.compiler.processing.javac.JavacProcessingEnv                      : loaded 2 times (x 115B)
Class dagger.spi.internal.shaded.androidx.room.compiler.processing.XProcessingEnvConfig$Companion: loaded 2 times (x 71B)
Class android.databinding.internal.org.antlr.v4.runtime.misc.EqualityComparator       : loaded 2 times (x 70B)
Class com.sun.xml.bind.v2.runtime.unmarshaller.UnmarshallingContext$State             : loaded 2 times (x 72B)
Class com.sun.xml.bind.v2.runtime.unmarshaller.UnmarshallingContext$ExpectedTypeRootLoader: loaded 2 times (x 80B)
Class com.sun.xml.bind.v2.runtime.ElementBeanInfoImpl$1                               : loaded 2 times (x 106B)
Class com.sun.xml.bind.v2.runtime.property.ArrayERProperty$ItemsLoader                : loaded 2 times (x 78B)
Class com.sun.xml.bind.v2.model.impl.GetterSetterPropertySeed                         : loaded 2 times (x 90B)
Class com.sun.xml.bind.v2.model.impl.RuntimeBuiltinLeafInfoImpl$5                     : loaded 2 times (x 136B)
Class dagger.internal.codegen.binding.MethodSignatureFormatter                        : loaded 2 times (x 86B)
Class [Ldagger.internal.codegen.model.BindingKind;                                    : loaded 2 times (x 69B)
Class com.google.common.collect.Range                                                 : loaded 2 times (x 87B)
Class org.apache.http.client.methods.HttpEntityEnclosingRequestBase                   : loaded 2 times (x 153B)
Class com.google.common.base.CharMatcher$RangesMatcher                                : loaded 2 times (x 112B)
Class com.google.common.util.concurrent.AbstractFuture$Trusted                        : loaded 2 times (x 70B)
Class dagger.internal.codegen.writing.AssistedInjectionParameters                     : loaded 2 times (x 71B)
Class dagger.spi.internal.shaded.androidx.room.compiler.codegen.java.JavaTypeSpec     : loaded 2 times (x 75B)
Class dagger.spi.internal.shaded.androidx.room.compiler.codegen.impl.XFunSpecImpl$Builder: loaded 2 times (x 91B)
Class com.google.common.graph.Traverser$Traversal$4                                   : loaded 2 times (x 82B)
Class dagger.internal.codegen.writing.AnnotationCreatorGenerator                      : loaded 2 times (x 80B)
Class dagger.internal.codegen.componentgenerator.CurrentImplementationSubcomponent$Builder: loaded 2 times (x 70B)
Class dagger.internal.codegen.validation.ProvidesMethodValidator$Validator            : loaded 2 times (x 80B)
Class dagger.internal.codegen.binding.ModuleDescriptor                                : loaded 2 times (x 81B)
Class dagger.internal.codegen.binding.$AutoValue_MultiboundSetBinding                 : loaded 2 times (x 92B)
Class dagger.internal.codegen.binding.ContributionBinding$Builder                     : loaded 2 times (x 78B)
Class dagger.internal.codegen.model.Scope                                             : loaded 2 times (x 72B)
Class dagger.internal.codegen.binding.MultibindingDeclaration$Factory                 : loaded 2 times (x 72B)
Class dagger.internal.codegen.validation.BindsInstanceMethodValidator                 : loaded 2 times (x 78B)
Class dagger.internal.codegen.processingstep.InjectProcessingStep                     : loaded 2 times (x 86B)
Class dagger.internal.codegen.writing.FactoryGenerator                                : loaded 2 times (x 77B)
Class dagger.internal.codegen.validation.BindingGraphValidator_Factory                : loaded 2 times (x 82B)
Class dagger.internal.codegen.binding.BindingGraphFactory_Factory                     : loaded 2 times (x 82B)
Class dagger.spi.internal.shaded.kotlin.metadata.internal.metadata.jvm.deserialization.JvmMemberSignature$Field: loaded 2 times (x 75B)
Class [Ldagger.spi.internal.shaded.androidx.room.compiler.processing.XFiler$Mode;     : loaded 2 times (x 69B)
Class dagger.spi.internal.shaded.androidx.room.compiler.processing.XFiler$Mode        : loaded 2 times (x 79B)
Class dagger.spi.internal.shaded.kotlin.metadata.internal.FlagDelegatesImplKt$typeBooleanFlag$1: loaded 2 times (x 137B)
Class dagger.internal.codegen.writing.OptionalRequestRepresentation$Factory           : loaded 2 times (x 70B)
Class dagger.spi.internal.shaded.kotlin.metadata.internal.protobuf.Parser             : loaded 2 times (x 70B)
Class dagger.internal.codegen.xprocessing.XTypeSpecs$Builder                          : loaded 2 times (x 115B)
Class android.databinding.internal.org.antlr.v4.runtime.atn.LexerIndexedCustomAction  : loaded 2 times (x 77B)
Class android.databinding.parser.BindingExpressionParser$GroupingContext              : loaded 2 times (x 133B)
Class com.sun.xml.bind.v2.runtime.property.SingleElementNodeProperty                  : loaded 2 times (x 102B)
Class com.sun.xml.bind.api.impl.NameConverter$1                                       : loaded 2 times (x 93B)
Class com.sun.xml.bind.v2.model.impl.RuntimeBuiltinLeafInfoImpl$6                     : loaded 2 times (x 136B)
Class android.databinding.tool.store.ResourceBundle$LayoutFileBundle                  : loaded 2 times (x 103B)
Class com.google.gson.internal.bind.DefaultDateTypeAdapter$DateType                   : loaded 2 times (x 73B)
Class dagger.internal.codegen.writing.ProviderInstanceSupplier                        : loaded 2 times (x 75B)
Class com.intellij.gradle.toolingExtension.impl.initScript.util.GradleJvmForkedDebuggerHelper: loaded 2 times (x 71B)
Class [Lorg.jetbrains.kotlin.build.report.metrics.BuildTime;                          : loaded 2 times (x 69B)
Class com.google.common.io.ByteSink$AsCharSink                                        : loaded 2 times (x 80B)
Class com.google.common.collect.Lists$Partition                                       : loaded 2 times (x 200B)
Class [Ldagger.spi.internal.shaded.androidx.room.compiler.codegen.XTypeSpec$Builder;  : loaded 2 times (x 69B)
Class dagger.internal.codegen.writing.ProducerNodeInstanceRequestRepresentation_Factory: loaded 2 times (x 72B)
Class dagger.spi.model.$AutoValue_Key$Builder                                         : loaded 2 times (x 78B)
Class dagger.internal.codegen.validation.AutoValue_SpiModelBindingGraphConverter_ComponentNodeImpl: loaded 2 times (x 88B)
Class com.google.common.graph.StandardMutableNetwork                                  : loaded 2 times (x 174B)
Class dagger.internal.codegen.binding.ProvisionBinding$Builder                        : loaded 2 times (x 80B)
Class dagger.internal.codegen.binding.AutoValue_ComponentRequirement                  : loaded 2 times (x 84B)
Class dagger.internal.codegen.validation.ComponentValidator$ElementValidator          : loaded 2 times (x 73B)
Class dagger.internal.codegen.binding.$AutoValue_DelegateBinding                      : loaded 2 times (x 94B)
Class dagger.internal.codegen.base.SourceFileHjarGenerator                            : loaded 2 times (x 77B)
Class dagger.internal.codegen.validation.ComponentHierarchyValidator_Factory          : loaded 2 times (x 82B)
Class dagger.internal.codegen.binding.BindingGraphFactory                             : loaded 2 times (x 72B)
Class dagger.internal.codegen.writing.MembersInjectorGenerator                        : loaded 2 times (x 77B)
Class com.google.common.collect.ImmutableMap$MapViewOfValuesAsSingletonSets$1         : loaded 2 times (x 82B)
Class dagger.internal.codegen.base.ClearableCache                                     : loaded 2 times (x 70B)
Class dagger.internal.codegen.binding.MonitoringModules_Factory$InstanceHolder        : loaded 2 times (x 71B)
Class dagger.internal.codegen.base.DaggerSuperficialValidation_Factory                : loaded 2 times (x 82B)
Class com.bumptech.glide.repackaged.com.google.common.collect.ImmutableAsList         : loaded 2 times (x 207B)
Class dagger.hilt.processor.internal.kotlin.KotlinMetadataUtils                       : loaded 2 times (x 71B)
Class dagger.spi.internal.shaded.kotlin.metadata.internal.protobuf.InvalidProtocolBufferException: loaded 2 times (x 84B)
Class com.google.common.graph.DirectedGraphConnections$NodeConnection$Succ            : loaded 2 times (x 72B)
Class com.google.common.graph.AbstractBaseGraph                                       : loaded 2 times (x 114B)
Class dagger.spi.internal.shaded.androidx.room.compiler.processing.javac.JavacType$superTypes$2: loaded 2 times (x 79B)
Class dagger.spi.internal.shaded.androidx.room.compiler.processing.javac.JavacExecutableElement$Companion: loaded 2 times (x 71B)
Class dagger.spi.internal.shaded.androidx.room.compiler.processing.XAnnotationValue   : loaded 2 times (x 70B)
Class dagger.internal.codegen.validation.ComponentCreatorValidator$ElementValidator   : loaded 2 times (x 72B)
Class dagger.spi.internal.shaded.androidx.room.compiler.processing.javac.JavacTypeElement$type$2: loaded 2 times (x 79B)
Class dagger.spi.internal.shaded.androidx.room.compiler.processing.javac.JavacTypeElement$_declaredFields$2: loaded 2 times (x 79B)
Class android.databinding.parser.BindingExpressionLexer                               : loaded 2 times (x 141B)
Class com.sun.xml.bind.v2.runtime.reflect.PrimitiveArrayListerDouble                  : loaded 2 times (x 76B)
Class com.sun.xml.bind.v2.runtime.unmarshaller.Loader                                 : loaded 2 times (x 77B)
Class com.sun.xml.bind.api.impl.NameConverter$2                                       : loaded 2 times (x 93B)
Class com.sun.xml.bind.v2.model.impl.RuntimeBuiltinLeafInfoImpl$7                     : loaded 2 times (x 136B)
Class com.sun.xml.bind.v2.model.runtime.RuntimeClassInfo                              : loaded 2 times (x 70B)
Class com.google.common.collect.HashBiMap$BiEntry                                     : loaded 2 times (x 83B)
Class com.google.gson.internal.bind.ReflectiveTypeAdapterFactory$1                    : loaded 2 times (x 79B)
Class android.databinding.tool.LibTypes                                               : loaded 2 times (x 72B)
Class settings_conky7v08ynjg5aq0k2thxoxe$_run_closure1                                : loaded 2 times (x 139B)
Class org.jetbrains.org.objectweb.asm.ClassTooLargeException                          : loaded 2 times (x 83B)
Class com.google.common.collect.ImmutableSortedSetFauxverideShim                      : loaded 2 times (x 147B)
Class com.google.common.base.CharMatcher$JavaLetterOrDigit                            : loaded 2 times (x 111B)
Class org.gradle.internal.InternalTransformer                                         : loaded 2 times (x 70B)
Class dagger.spi.internal.shaded.androidx.room.compiler.codegen.XTypeSpec$Companion   : loaded 2 times (x 71B)
Class dagger.spi.internal.shaded.androidx.room.compiler.codegen.XFunSpec$Builder$Companion: loaded 2 times (x 71B)
Class dagger.spi.internal.shaded.androidx.room.compiler.codegen.impl.XCodeBlockImpl$Builder: loaded 2 times (x 88B)
Class dagger.internal.codegen.writing.ProvisionBindingRepresentation_Factory_Impl     : loaded 2 times (x 75B)
Class dagger.internal.codegen.writing.MembersInjectorProviderCreationExpression_Factory_Impl: loaded 2 times (x 75B)
Class dagger.internal.codegen.writing.SubcomponentCreatorRequestRepresentation$Factory: loaded 2 times (x 70B)
Class com.google.common.collect.ImmutableSortedMap$Builder                            : loaded 2 times (x 90B)
Class dagger.spi.internal.shaded.androidx.room.compiler.processing.javac.kotlin.KmConstructorContainer$parameters$2: loaded 2 times (x 79B)
Class [Lkotlin.Function;                                                              : loaded 2 times (x 69B)
Class com.intellij.gradle.toolingExtension.util.GradleVersionUtil                     : loaded 2 times (x 71B)
Class dagger.internal.codegen.writing.ModuleProxies_ModuleConstructorProxyGenerator_Factory: loaded 2 times (x 82B)
Class android.databinding.tool.CompilerArguments$Type                                 : loaded 2 times (x 79B)
Class dagger.internal.codegen.processingstep.AssistedFactoryProcessingStep_Factory    : loaded 2 times (x 82B)
Class android.databinding.tool.LibTypes$nullable$2                                    : loaded 2 times (x 79B)
Class dagger.internal.codegen.validation.ComponentCreatorValidator_Factory            : loaded 2 times (x 82B)
Class dagger.internal.codegen.binding.MonitoringModules_Factory                       : loaded 2 times (x 81B)
Class dagger.internal.codegen.binding.InjectionAnnotations_Factory                    : loaded 2 times (x 82B)
Class androidx.room.processor.Context$Companion                                       : loaded 2 times (x 71B)
Class com.bumptech.glide.annotation.compiler.ExtensionProcessor                       : loaded 2 times (x 72B)
Class dagger.internal.Factory                                                         : loaded 2 times (x 70B)
Class dagger.spi.internal.shaded.com.google.auto.common.GeneratedAnnotations          : loaded 2 times (x 71B)
Class dagger.spi.internal.shaded.kotlin.metadata.internal.EnumFlagDelegate            : loaded 2 times (x 72B)
Class [Ldagger.spi.internal.shaded.kotlin.metadata.internal.metadata.ProtoBuf$Class$Kind;: loaded 2 times (x 69B)
Class dagger.spi.internal.shaded.kotlin.metadata.jvm.JvmMethodSignature               : loaded 2 times (x 74B)
Class dagger.spi.internal.shaded.kotlin.metadata.internal.protobuf.ByteString         : loaded 2 times (x 108B)
Class com.google.gson.internal.bind.TypeAdapterRuntimeTypeWrapper                     : loaded 2 times (x 74B)
Class dagger.hilt.processor.internal.definecomponent.AutoValue_DefineComponentMetadatas_DefineComponentMetadata: loaded 2 times (x 76B)
Class com.sun.xml.bind.v2.util.QNameMap$Entry                                         : loaded 2 times (x 72B)
Class com.sun.xml.bind.v2.model.impl.RuntimeBuiltinLeafInfoImpl$2                     : loaded 2 times (x 136B)
Class com.squareup.kotlinpoet.Annotatable                                             : loaded 2 times (x 70B)
Class com.sun.xml.bind.v2.runtime.property.ArrayERProperty                            : loaded 2 times (x 104B)
Class android.databinding.parser.BindingExpressionParser$RootLambdaContext            : loaded 2 times (x 133B)
Class com.sun.istack.FinalArrayList                                                   : loaded 2 times (x 209B)
Class com.sun.xml.bind.v2.model.impl.RuntimeBuiltinLeafInfoImpl$8                     : loaded 2 times (x 136B)
Class com.sun.xml.bind.api.ErrorListener                                              : loaded 2 times (x 70B)
Class org.apache.commons.io.filefilter.OrFileFilter                                   : loaded 2 times (x 127B)
Class org.apache.commons.io.function.Uncheck                                          : loaded 2 times (x 71B)
Class com.sun.xml.bind.v2.runtime.CompositeStructureBeanInfo                          : loaded 2 times (x 98B)
Class org.objectweb.asm.ClassWriter                                                   : loaded 2 times (x 106B)
Class org.apache.http.client.methods.HttpRequestBase                                  : loaded 2 times (x 145B)
Class org.gradle.internal.classloader.ClasspathUtil$1                                 : loaded 2 times (x 76B)
Class dagger.internal.codegen.xprocessing.XFunSpecs                                   : loaded 2 times (x 71B)
Class dagger.internal.codegen.xprocessing.XPropertySpecs                              : loaded 2 times (x 71B)
Class dagger.internal.codegen.writing.ComponentRequirementRequestRepresentation$Factory: loaded 2 times (x 72B)
Class dagger.internal.codegen.writing.MembersInjectionBindingRepresentation_Factory_Impl: loaded 2 times (x 75B)
Class dagger.internal.codegen.validation.$AutoValue_SpiModelBindingGraphConverter_BindingGraphImpl: loaded 2 times (x 97B)
Class com.google.common.collect.Maps$FilteredEntryMap$EntrySet$1$1                    : loaded 2 times (x 87B)
Class android.databinding.tool.ext.XmlResourceReference                               : loaded 2 times (x 72B)
Class dagger.spi.internal.shaded.androidx.room.compiler.processing.XTypeVariableType  : loaded 2 times (x 70B)
Class dagger.spi.internal.shaded.androidx.room.compiler.processing.javac.JavacBasicAnnotationProcessor: loaded 2 times (x 98B)
Class dagger.spi.internal.shaded.androidx.room.compiler.processing.XConstructorType   : loaded 2 times (x 70B)
Class dagger.internal.codegen.model.AutoValue_DependencyRequest                       : loaded 2 times (x 76B)
Class [[Ldagger.internal.codegen.compileroption.ProcessingEnvironmentCompilerOptions$CommandLineOption;: loaded 2 times (x 69B)
Class dagger.internal.codegen.processingstep.BindingMethodProcessingStep              : loaded 2 times (x 86B)
Class androidx.room.util.SimpleJavaVersion$compareTo$$inlined$compareBy$1             : loaded 2 times (x 89B)
Class [Landroidx.room.compiler.processing.XProcessingEnv$Backend;                     : loaded 2 times (x 69B)
Class dagger.spi.internal.shaded.androidx.room.compiler.processing.javac.JavacProcessingEnvMessager$Companion: loaded 2 times (x 71B)
Class dagger.spi.internal.shaded.androidx.room.compiler.processing.javac.JavacConstructorElement$executableType$2: loaded 2 times (x 79B)
Class dagger.spi.internal.shaded.kotlin.metadata.Attributes$hasAnnotations$18         : loaded 2 times (x 137B)
Class dagger.spi.internal.shaded.kotlin.metadata.internal.protobuf.AbstractMessageLite$Builder: loaded 2 times (x 122B)
Class com.google.common.graph.DirectedGraphConnections$3$1                            : loaded 2 times (x 82B)
Class com.google.common.collect.Iterators$SingletonIterator                           : loaded 2 times (x 81B)
Class dagger.hilt.processor.internal.definecomponent.DefineComponentClassesMetadata   : loaded 2 times (x 75B)
Class dagger.spi.internal.shaded.kotlin.metadata.internal.metadata.jvm.JvmProtoBuf$StringTableTypesOrBuilder: loaded 2 times (x 70B)
Class dagger.spi.internal.shaded.androidx.room.compiler.processing.InternalXAnnotation$valuesByName$2: loaded 2 times (x 79B)
Class dagger.spi.internal.shaded.kotlin.metadata.internal.protobuf.CodedInputStream   : loaded 2 times (x 72B)
Class dagger.spi.internal.shaded.kotlin.metadata.internal.protobuf.UninitializedMessageException: loaded 2 times (x 84B)
Class dagger.spi.internal.shaded.kotlin.metadata.internal.FlagImpl                    : loaded 2 times (x 71B)
Class dagger.hilt.processor.internal.aliasof.AliasOfProcessor                         : loaded 2 times (x 100B)
Class android.databinding.internal.org.antlr.v4.runtime.ANTLRErrorStrategy            : loaded 2 times (x 70B)
Class android.databinding.internal.org.antlr.v4.runtime.atn.LexerATNSimulator         : loaded 2 times (x 102B)
Class com.sun.xml.bind.CycleRecoverable$Context                                       : loaded 2 times (x 70B)
Class com.sun.xml.bind.v2.model.annotation.XmlSchemaTypeQuick                         : loaded 2 times (x 93B)
Class com.sun.xml.bind.v2.model.impl.RuntimeBuiltinLeafInfoImpl$10                    : loaded 2 times (x 136B)
Class com.sun.xml.bind.v2.model.impl.RuntimeBuiltinLeafInfoImpl$9                     : loaded 2 times (x 136B)
Class com.sun.xml.bind.v2.runtime.BridgeImpl                                          : loaded 2 times (x 87B)
Class com.google.gson.ToNumberStrategy                                                : loaded 2 times (x 70B)
Class com.google.gson.TypeAdapter                                                     : loaded 2 times (x 73B)
Class ijKotlinCoroutineJvmDebugInit1_3784zohmsulu2pawvpoyy6r2v$_run_closure1$_closure3: loaded 2 times (x 139B)
Class org.objectweb.asm.FieldVisitor                                                  : loaded 2 times (x 77B)
Class org.gradle.api.internal.classpath.DefaultModuleRegistry$DefaultModule           : loaded 2 times (x 86B)
Class dagger.spi.internal.shaded.androidx.room.compiler.codegen.XCodeBlock$Companion$ofCast$1: loaded 2 times (x 79B)
Class [Ldagger.spi.internal.shaded.androidx.room.compiler.codegen.XAnnotationSpec$Builder;: loaded 2 times (x 69B)
Class dagger.internal.codegen.binding.InjectionBinding                                : loaded 2 times (x 92B)
Class dagger.spi.internal.shaded.androidx.room.compiler.codegen.java.JavaFunSpec$Builder: loaded 2 times (x 91B)
Class dagger.internal.codegen.validation.DiagnosticReporterFactory$DiagnosticReporterImpl: loaded 2 times (x 76B)
Class dagger.spi.model.Key$Builder                                                    : loaded 2 times (x 76B)
Class dagger.internal.codegen.binding.$AutoValue_ComponentBinding$Builder             : loaded 2 times (x 93B)
Class dagger.internal.codegen.binding.FrameworkType                                   : loaded 2 times (x 84B)
Class dagger.internal.codegen.binding.InjectionSiteFactory$InjectionSiteVisitor       : loaded 2 times (x 72B)
Class dagger.internal.codegen.writing.FrameworkInstanceBindingRepresentation$Factory  : loaded 2 times (x 70B)
Class dagger.spi.internal.shaded.androidx.room.compiler.processing.util.MemoizedSequence$CachedIterator: loaded 2 times (x 79B)
Class dagger.internal.codegen.model.BindingGraph$MaybeBinding                         : loaded 2 times (x 70B)
Class dagger.internal.codegen.validation.BindsOptionalOfMethodValidator$Validator     : loaded 2 times (x 80B)
Class dagger.internal.codegen.ServiceLoaders                                          : loaded 2 times (x 71B)
Class dagger.hilt.android.processor.internal.androidentrypoint.AndroidEntryPointMetadata$AndroidType: loaded 2 times (x 79B)
Class dagger.spi.internal.shaded.kotlin.metadata.internal.metadata.ProtoBuf$Visibility: loaded 2 times (x 82B)
Class dagger.spi.internal.shaded.kotlin.metadata.Attributes$hasAnnotations$2          : loaded 2 times (x 137B)
Class dagger.spi.internal.shaded.kotlin.metadata.jvm.KotlinClassMetadata$Class        : loaded 2 times (x 77B)
Class dagger.spi.internal.shaded.androidx.room.compiler.codegen.kotlin.KotlinTypeSpec : loaded 2 times (x 75B)
Class com.google.common.graph.DirectedGraphConnections$3$2                            : loaded 2 times (x 82B)
Class com.google.common.graph.StandardMutableValueGraph                               : loaded 2 times (x 174B)
Class com.google.common.graph.Graph                                                   : loaded 2 times (x 70B)
Class dagger.internal.codegen.writing.ComponentCreatorImplementation                  : loaded 2 times (x 74B)
Class dagger.spi.internal.shaded.androidx.room.compiler.codegen.XFileSpec$Companion   : loaded 2 times (x 71B)
Class org.gradle.internal.service.ServiceLocator                                      : loaded 2 times (x 70B)
Class android.databinding.internal.org.antlr.v4.runtime.atn.PlusBlockStartState       : loaded 2 times (x 83B)
Class [Lcom.sun.xml.bind.v2.runtime.unmarshaller.Scope;                               : loaded 2 times (x 69B)
Class com.sun.xml.bind.v2.model.impl.RuntimeBuiltinLeafInfoImpl$11                    : loaded 2 times (x 136B)
Class com.sun.xml.bind.v2.model.core.ElementInfo                                      : loaded 2 times (x 70B)
Class com.sun.xml.bind.v2.model.runtime.RuntimeEnumLeafInfo                           : loaded 2 times (x 70B)
Class android.databinding.tool.store.GenClassInfoLog$GenClassImpl$Companion           : loaded 2 times (x 71B)
Class org.jetbrains.kotlin.name.ClassId                                               : loaded 2 times (x 72B)
Class com.google.common.reflect.Reflection                                            : loaded 2 times (x 71B)
Class dagger.internal.codegen.writing.InjectionMethods$InjectionSiteMethod            : loaded 2 times (x 71B)
Class dagger.internal.codegen.writing.ProducerFromProviderCreationExpression_Factory$InstanceHolder: loaded 2 times (x 71B)
Class dagger.internal.codegen.validation.AutoValue_SpiModelBindingGraphConverter_DaggerAnnotationImpl: loaded 2 times (x 77B)
Class [Lorg.objectweb.asm.Attribute;                                                  : loaded 2 times (x 69B)
Class com.google.common.base.Predicates$InPredicate                                   : loaded 2 times (x 88B)
Class com.google.common.collect.FilteredKeySetMultimap$EntrySet                       : loaded 2 times (x 149B)
Class dagger.internal.codegen.validation.BindingMethodValidator$Abstractness          : loaded 2 times (x 79B)
Class dagger.internal.codegen.ProcessingEnvironmentModule_MessagerFactory             : loaded 2 times (x 82B)
Class [Lorg.objectweb.asm.Type;                                                       : loaded 2 times (x 69B)
Class [Ldagger.spi.internal.shaded.kotlin.metadata.internal.metadata.ProtoBuf$Modality;: loaded 2 times (x 69B)
Class org.jetbrains.kotlin.build.report.metrics.GradleBuildTime                       : loaded 2 times (x 86B)
Class dagger.spi.internal.shaded.androidx.room.compiler.processing.javac.JavacMethodParameter$jvmName$2: loaded 2 times (x 79B)
Class org.jetbrains.kotlin.utils.CollectionsKt                                        : loaded 2 times (x 71B)
Class com.google.gson.stream.JsonWriter                                               : loaded 2 times (x 98B)
Class dagger.spi.internal.shaded.androidx.room.compiler.processing.javac.JavacTypeElement$packageElement$2: loaded 2 times (x 79B)
Class dagger.spi.internal.shaded.androidx.room.compiler.processing.CommonProcessorDelegate$processRound$currentElementsDeferredByStep$1$previousRoundDeferredElementsByAnnotation$1: loaded 2 times (x 78B)
Class com.google.gson.internal.Primitives                                             : loaded 2 times (x 71B)
Class android.databinding.tool.util.FileUtil                                          : loaded 2 times (x 71B)
Class com.sun.xml.bind.v2.model.impl.RuntimeBuiltinLeafInfoImpl$1                     : loaded 2 times (x 76B)
Class com.sun.xml.bind.v2.model.impl.ERPropertyInfoImpl                               : loaded 2 times (x 108B)
Class com.sun.xml.bind.v2.model.impl.ElementPropertyInfoImpl$1                        : loaded 2 times (x 200B)
Class com.sun.xml.bind.v2.runtime.property.ArrayElementLeafProperty                   : loaded 2 times (x 105B)
Class dagger.hilt.processor.internal.aggregateddeps.AggregatedDepsProcessor           : loaded 2 times (x 100B)
Class dagger.hilt.processor.internal.BaseProcessingStep                               : loaded 2 times (x 86B)
Class com.android.tools.build.jetifier.core.config.Config$JsonData                    : loaded 2 times (x 72B)
Class com.android.tools.build.jetifier.core.type.JavaType$Companion                   : loaded 2 times (x 71B)
Class android.databinding.internal.org.antlr.v4.runtime.atn.PredictionMode$AltAndContextConfigEqualityComparator: loaded 2 times (x 77B)
Class com.sun.xml.bind.v2.runtime.property.ArrayElementProperty                       : loaded 2 times (x 105B)
Class com.sun.xml.bind.api.impl.NameUtil                                              : loaded 2 times (x 80B)
Class com.sun.xml.bind.v2.util.ByteArrayOutputStreamEx                                : loaded 2 times (x 94B)
Class com.sun.xml.bind.v2.model.impl.RuntimeBuiltinLeafInfoImpl$12                    : loaded 2 times (x 136B)
Class com.sun.xml.bind.v2.model.impl.RuntimeBuiltinLeafInfoImpl$PcdataImpl            : loaded 2 times (x 134B)
Class com.sun.xml.bind.v2.model.impl.ElementInfoImpl                                  : loaded 2 times (x 109B)
Class com.sun.xml.bind.v2.model.annotation.AbstractInlineAnnotationReaderImpl         : loaded 2 times (x 104B)
Class org.apache.commons.io.file.CountingPathVisitor                                  : loaded 2 times (x 91B)
Class android.databinding.tool.processing.scopes.LocationScopeProvider                : loaded 2 times (x 70B)
Class com.google.gson.internal.bind.DateTypeAdapter                                   : loaded 2 times (x 74B)
Class org.jetbrains.org.objectweb.asm.FieldVisitor                                    : loaded 2 times (x 76B)
Class dagger.internal.codegen.xprocessing.XExpression                                 : loaded 2 times (x 72B)
Class dagger.internal.codegen.binding.DependencyEdgeImpl                              : loaded 2 times (x 76B)
Class dagger.spi.internal.shaded.kotlin.metadata.internal.metadata.ProtoBuf$Type$Argument$Projection: loaded 2 times (x 82B)
Class dagger.internal.codegen.binding.$AutoValue_MultiboundMapBinding$Builder         : loaded 2 times (x 97B)
Class com.google.common.collect.FilteredMultimap                                      : loaded 2 times (x 70B)
Class dagger.internal.codegen.validation.ComponentDescriptorValidator$ComponentValidation: loaded 2 times (x 72B)
Class dagger.spi.internal.shaded.androidx.room.compiler.processing.javac.JavacMethodType$typeVariableNames$2: loaded 2 times (x 79B)
Class dagger.internal.codegen.binding.$AutoValue_DelegateDeclaration                  : loaded 2 times (x 83B)
Class dagger.internal.codegen.bindinggraphvalidation.MapMultibindingValidator_Factory : loaded 2 times (x 82B)
Class dagger.spi.internal.shaded.kotlin.metadata.Attributes$kind$2                    : loaded 2 times (x 137B)
Class dagger.spi.internal.shaded.kotlin.metadata.internal.metadata.ProtoBuf$Package   : loaded 2 times (x 129B)
Class com.google.common.collect.ImmutableSetMultimap$Builder                          : loaded 2 times (x 83B)
Class dagger.internal.codegen.xprocessing.XTypes$1                                    : loaded 2 times (x 71B)
Class dagger.spi.internal.shaded.androidx.room.compiler.processing.XArrayType         : loaded 2 times (x 70B)
Class dagger.spi.internal.shaded.androidx.room.compiler.processing.InternalXAnnotationValue: loaded 2 times (x 155B)
Class com.sun.xml.bind.marshaller.NamespacePrefixMapper                               : loaded 2 times (x 75B)
Class android.databinding.tool.ext.Collection_extKt                                   : loaded 2 times (x 71B)
Class android.databinding.internal.org.antlr.v4.runtime.atn.ActionTransition          : loaded 2 times (x 76B)
Class android.databinding.internal.org.antlr.v4.runtime.atn.ATNConfig                 : loaded 2 times (x 74B)
Class android.databinding.internal.org.antlr.v4.runtime.CommonToken                   : loaded 2 times (x 110B)
Class com.android.tools.build.jetifier.core.PackageMap$Companion                      : loaded 2 times (x 71B)
Class com.android.tools.build.jetifier.core.pom.DependencyVersionsMap$Companion       : loaded 2 times (x 71B)
Class androidx.room.compiler.processing.XProcessingEnvConfig$Builder                  : loaded 2 times (x 72B)
Class dagger.hilt.android.processor.internal.androidentrypoint.AndroidEntryPointProcessingStep: loaded 2 times (x 86B)
Class android.databinding.internal.org.antlr.v4.runtime.atn.PlusLoopbackState         : loaded 2 times (x 82B)
Class com.sun.xml.bind.v2.runtime.MarshallerImpl$1                                    : loaded 2 times (x 152B)
Class com.sun.xml.bind.v2.runtime.unmarshaller.LeafPropertyXsiLoader                  : loaded 2 times (x 78B)
Class com.sun.xml.bind.v2.runtime.property.ArrayReferenceNodeProperty                 : loaded 2 times (x 104B)
Class [Lcom.sun.xml.bind.v2.runtime.property.AttributeProperty;                       : loaded 2 times (x 69B)
Class javax.xml.bind.annotation.XmlElements                                           : loaded 2 times (x 70B)
Class com.sun.xml.bind.v2.model.impl.ClassInfoImpl$ConflictException                  : loaded 2 times (x 82B)
Class com.sun.xml.bind.v2.model.annotation.XmlElementQuick                            : loaded 2 times (x 96B)
Class com.sun.xml.bind.v2.model.impl.RuntimeBuiltinLeafInfoImpl$13                    : loaded 2 times (x 137B)
Class com.sun.xml.bind.v2.model.impl.ModelBuilderI                                    : loaded 2 times (x 70B)
Class com.sun.xml.bind.v2.runtime.LeafBeanInfoImpl                                    : loaded 2 times (x 89B)
Class dagger.spi.internal.shaded.androidx.room.compiler.processing.javac.JavacElement$equalityItems$2: loaded 2 times (x 79B)
Class com.google.gson.internal.ObjectConstructor                                      : loaded 2 times (x 70B)
Class androidx.databinding.InverseBindingMethods                                      : loaded 2 times (x 70B)
Class android.databinding.tool.util.LoggedErrorException                              : loaded 2 times (x 82B)
Class org.gradle.api.internal.classpath.Module                                        : loaded 2 times (x 70B)
Class dagger.spi.internal.shaded.androidx.room.compiler.codegen.XCodeBlockKt$buildCodeBlock$1: loaded 2 times (x 79B)
Class com.google.common.graph.GraphConnections                                        : loaded 2 times (x 70B)
Class com.google.common.graph.DirectedGraphConnections                                : loaded 2 times (x 83B)
Class dagger.spi.internal.shaded.androidx.room.compiler.codegen.XSpec$Builder         : loaded 2 times (x 71B)
Class dagger.internal.codegen.writing.UnscopedFrameworkInstanceCreationExpressionFactory_Factory: loaded 2 times (x 82B)
Class dagger.internal.codegen.writing.MembersInjectorProviderCreationExpression_Factory: loaded 2 times (x 72B)
Class dagger.spi.internal.shaded.kotlin.metadata.internal.metadata.ProtoBuf$Package$1 : loaded 2 times (x 144B)
Class com.google.common.graph.AbstractNetwork$1                                       : loaded 2 times (x 136B)
Class dagger.internal.codegen.binding.$AutoValue_InjectionBinding                     : loaded 2 times (x 93B)
Class dagger.spi.internal.shaded.kotlin.metadata.internal.extensions.ExtensionNodesKt : loaded 2 times (x 71B)
Class dagger.internal.codegen.model.$AutoValue_Key$Builder                            : loaded 2 times (x 78B)
Class dagger.internal.codegen.binding.BindingDeclaration                              : loaded 2 times (x 80B)
Class dagger.internal.codegen.binding.BindingFactory                                  : loaded 2 times (x 72B)
Class dagger.internal.codegen.validation.ExternalBindingGraphPlugins_Factory          : loaded 2 times (x 82B)
Class dagger.internal.codegen.validation.DependencyRequestValidator_Factory           : loaded 2 times (x 82B)
Class javax.inject.Provider                                                           : loaded 2 times (x 70B)
Class dagger.spi.internal.shaded.kotlin.metadata.internal.extensions.KmConstructorExtension: loaded 2 times (x 70B)
Class dagger.spi.internal.shaded.kotlin.metadata.Attributes$hasAnnotations$10         : loaded 2 times (x 137B)
Class dagger.spi.internal.shaded.androidx.room.compiler.processing.javac.JavacConstructorElement$parameters$2$1$1: loaded 2 times (x 79B)
Class dagger.internal.codegen.xprocessing.XAnnotationValues                           : loaded 2 times (x 71B)
Class dagger.spi.internal.shaded.com.google.auto.common.MoreTypes$DeclaredTypeVisitor : loaded 2 times (x 102B)
Class dagger.internal.codegen.validation.MultibindsMethodValidator_Factory            : loaded 2 times (x 82B)
Class dagger.internal.codegen.bindinggraphvalidation.InvalidProductionBindingScopeValidator_Factory: loaded 2 times (x 81B)
Class dagger.spi.internal.shaded.androidx.room.compiler.processing.javac.JavacTypeElement$DefaultJavacTypeElement: loaded 2 times (x 298B)
Class dagger.spi.internal.shaded.androidx.room.compiler.processing.XParameterizable   : loaded 2 times (x 70B)
Class com.android.tools.build.jetifier.core.rule.RewriteRule$Companion                : loaded 2 times (x 71B)
Class com.android.tools.build.jetifier.core.rule.RewriteRule                          : loaded 2 times (x 72B)
Class android.databinding.internal.org.antlr.v4.runtime.atn.ArrayPredictionContext    : loaded 2 times (x 80B)
Class android.databinding.parser.BindingExpressionParser$ClassOrInterfaceTypeContext  : loaded 2 times (x 136B)
Class android.databinding.parser.BindingExpressionParser$ResourceParametersContext    : loaded 2 times (x 132B)
Class com.sun.xml.bind.v2.runtime.reflect.AdaptedLister                               : loaded 2 times (x 77B)
Class com.sun.xml.bind.v2.model.nav.ReflectionNavigator$10                            : loaded 2 times (x 77B)
Class com.sun.xml.bind.v2.model.impl.RuntimeBuiltinLeafInfoImpl$UUIDImpl              : loaded 2 times (x 136B)
Class com.sun.xml.bind.v2.model.impl.RuntimeBuiltinLeafInfoImpl$14                    : loaded 2 times (x 136B)
Class com.sun.xml.bind.v2.model.core.RegistryInfo                                     : loaded 2 times (x 70B)
Class dagger.internal.codegen.validation.DiagnosticMessageGenerator$Factory           : loaded 2 times (x 72B)
Class org.apache.commons.io.filefilter.FileFileFilter                                 : loaded 2 times (x 116B)
Class org.gradle.api.internal.classpath.UnknownModuleException                        : loaded 2 times (x 82B)
Class org.gradle.cache.GlobalCache                                                    : loaded 2 times (x 70B)
Class dagger.internal.codegen.writing.ProviderInstanceRequestRepresentation_Factory   : loaded 2 times (x 72B)
Class dagger.internal.codegen.writing.SetFactoryCreationExpression_Factory_Impl       : loaded 2 times (x 75B)
Class dagger.internal.codegen.writing.DelegateRequestRepresentation_Factory_Impl      : loaded 2 times (x 75B)
Class dagger.spi.model.DaggerElement                                                  : loaded 2 times (x 74B)
Class dagger.spi.model.ComponentPath                                                  : loaded 2 times (x 73B)
Class dagger.internal.codegen.binding.BindingGraph$TopLevelBindingGraph               : loaded 2 times (x 100B)
Class dagger.internal.codegen.binding.AssistedInjectionAnnotations                    : loaded 2 times (x 71B)
Class dagger.spi.internal.shaded.kotlin.metadata.KmClassifier$TypeAlias               : loaded 2 times (x 72B)
Class dagger.spi.internal.shaded.kotlin.metadata.internal.metadata.ProtoBuf$Type$Argument$1: loaded 2 times (x 144B)
Class dagger.internal.codegen.binding.ComponentRequirement                            : loaded 2 times (x 84B)
Class dagger.internal.codegen.binding.BindsTypeChecker$1                              : loaded 2 times (x 71B)
Class dagger.internal.codegen.binding.$AutoValue_ModuleDescriptor                     : loaded 2 times (x 86B)
Class [Ldagger.spi.internal.shaded.androidx.room.compiler.codegen.XTypeName;          : loaded 2 times (x 69B)
Class dagger.internal.codegen.binding.DependencyRequestFactory                        : loaded 2 times (x 72B)
Class dagger.internal.codegen.bindinggraphvalidation.SetMultibindingValidator_Factory : loaded 2 times (x 81B)
Class dagger.internal.codegen.bindinggraphvalidation.DependsOnProductionExecutorValidator_Factory: loaded 2 times (x 82B)
Class dagger.internal.codegen.binding.BindingType                                     : loaded 2 times (x 79B)
Class dagger.spi.internal.shaded.kotlin.metadata.Attributes$hasAnnotations$6          : loaded 2 times (x 137B)
Class dagger.spi.internal.shaded.androidx.room.compiler.processing.javac.kotlin.KmClassContainer$functionList$2: loaded 2 times (x 79B)
Class dagger.spi.internal.shaded.kotlin.metadata.internal.metadata.jvm.deserialization.JvmNameResolverBase: loaded 2 times (x 80B)
Class com.google.common.graph.DirectedGraphConnections$NodeConnection$Pred            : loaded 2 times (x 72B)
Class com.google.common.graph.ImmutableGraph                                          : loaded 2 times (x 138B)
Class dagger.spi.internal.shaded.androidx.room.compiler.processing.XExecutableParameterElement: loaded 2 times (x 70B)
Class dagger.hilt.processor.internal.definecomponent.DefineComponentMetadatas$DefineComponentMetadata: loaded 2 times (x 75B)
Class dagger.internal.codegen.model.AutoValue_DaggerExecutableElement                 : loaded 2 times (x 74B)
Class dagger.spi.internal.shaded.androidx.room.compiler.processing.javac.JavacTypeElement$_declaredMethods$2: loaded 2 times (x 79B)
Class androidx.hilt.work.WorkerStep                                                   : loaded 2 times (x 79B)
Class dagger.hilt.processor.internal.earlyentrypoint.EarlyEntryPointProcessingStep    : loaded 2 times (x 86B)
Class com.android.tools.build.jetifier.core.type.TypesMap$Companion                   : loaded 2 times (x 71B)
Class android.databinding.parser.BindingExpressionParser$JavaLiteralContext           : loaded 2 times (x 136B)
Class android.databinding.internal.org.antlr.v4.runtime.Parser                        : loaded 2 times (x 150B)
Class android.databinding.internal.org.antlr.v4.runtime.atn.OrderedATNConfigSet       : loaded 2 times (x 148B)
Class android.databinding.internal.org.antlr.v4.runtime.RuleContext                   : loaded 2 times (x 114B)
Class com.sun.xml.bind.v2.model.impl.ClassInfoImpl$SecondaryAnnotation                : loaded 2 times (x 80B)
Class com.sun.xml.bind.v2.model.impl.RuntimeBuiltinLeafInfoImpl$15                    : loaded 2 times (x 136B)
Class com.sun.xml.bind.v2.runtime.AnyTypeBeanInfo                                     : loaded 2 times (x 92B)
Class com.sun.xml.bind.v2.model.core.MaybeElement                                     : loaded 2 times (x 70B)
Class org.apache.commons.io.Charsets                                                  : loaded 2 times (x 71B)
Class org.apache.commons.io.file.Counters$PathCounters                                : loaded 2 times (x 70B)
Class com.google.gson.internal.LinkedTreeMap                                          : loaded 2 times (x 123B)
Class com.google.gson.stream.JsonReader$1                                             : loaded 2 times (x 72B)
Class com.google.common.base.Stopwatch                                                : loaded 2 times (x 72B)
Class dagger.spi.internal.shaded.androidx.room.compiler.codegen.kotlin.KotlinFileSpec$Builder: loaded 2 times (x 78B)
Class dagger.spi.internal.shaded.androidx.room.compiler.codegen.impl.XFileSpecImpl$Builder: loaded 2 times (x 78B)
Class com.squareup.kotlinpoet.ParameterizedTypeName$Companion                         : loaded 2 times (x 71B)
Class dagger.internal.codegen.writing.ProvisionBindingRepresentation$1                : loaded 2 times (x 71B)
Class dagger.internal.codegen.writing.ComponentNames_Factory                          : loaded 2 times (x 82B)
Class dagger.internal.codegen.writing.ImmediateFutureRequestRepresentation$Factory    : loaded 2 times (x 70B)
Class com.google.common.graph.NetworkBuilder                                          : loaded 2 times (x 72B)
Class dagger.internal.codegen.binding.MultiboundSetBinding$Builder                    : loaded 2 times (x 80B)
Class dagger.spi.internal.shaded.com.google.auto.common.MoreTypes$TypeVariableVisitor : loaded 2 times (x 102B)
Class dagger.internal.codegen.binding.ComponentBinding$Builder                        : loaded 2 times (x 78B)
Class dagger.internal.codegen.binding.AutoValue_ComponentCreatorDescriptor            : loaded 2 times (x 82B)
Class dagger.internal.codegen.xprocessing.XTypeElements$Visibility                    : loaded 2 times (x 79B)
Class [Ldagger.internal.codegen.validation.ModuleValidator$ModuleMethodKind;          : loaded 2 times (x 69B)
Class dagger.internal.codegen.validation.BindingGraphValidator                        : loaded 2 times (x 72B)
Class dagger.internal.codegen.bindinggraphvalidation.SubcomponentFactoryMethodValidator: loaded 2 times (x 85B)
Class dagger.internal.codegen.binding.OptionalBindingDeclaration$Factory              : loaded 2 times (x 73B)
Class dagger.internal.codegen.binding.DelegateDeclaration                             : loaded 2 times (x 80B)
Class dagger.internal.codegen.processingstep.MultibindingAnnotationsProcessingStep    : loaded 2 times (x 86B)
Class androidx.room.compiler.processing.XFiler                                        : loaded 2 times (x 70B)
Class dagger.internal.codegen.writing.UnscopedDirectInstanceRequestRepresentationFactory_Factory: loaded 2 times (x 82B)
Class dagger.spi.internal.shaded.androidx.room.compiler.codegen.java.JavaCodeBlock    : loaded 2 times (x 72B)
Class dagger.spi.internal.shaded.kotlin.metadata.internal.FlagDelegatesImplKt$propertyBooleanFlag$1: loaded 2 times (x 137B)
Class com.google.common.reflect.TypeResolver$TypeVariableKey                          : loaded 2 times (x 72B)
Class dagger.spi.internal.shaded.kotlin.metadata.internal.protobuf.GeneratedMessageLite$ExtensionDescriptor: loaded 2 times (x 84B)
Class com.google.common.graph.Graphs$NodeVisitState                                   : loaded 2 times (x 79B)
Class com.google.gson.GsonBuilder                                                     : loaded 2 times (x 72B)
Class dagger.spi.internal.shaded.androidx.room.compiler.processing.javac.JavacAnnotationValue: loaded 2 times (x 155B)
Class com.google.gson.internal.bind.DefaultDateTypeAdapter                            : loaded 2 times (x 74B)
Class com.sun.xml.bind.v2.model.annotation.LocatableAnnotation                        : loaded 2 times (x 85B)
Class dagger.spi.internal.shaded.androidx.room.compiler.processing.XProcessingEnv     : loaded 2 times (x 70B)
Class android.databinding.internal.org.antlr.v4.runtime.TokenSource                   : loaded 2 times (x 70B)
Class com.sun.xml.bind.v2.model.impl.ReferencePropertyInfoImpl                        : loaded 2 times (x 127B)
Class javax.xml.bind.annotation.XmlTransient                                          : loaded 2 times (x 70B)
Class com.sun.xml.bind.v2.model.impl.AnyTypeImpl                                      : loaded 2 times (x 89B)
Class com.sun.xml.bind.v2.model.impl.RuntimeBuiltinLeafInfoImpl$16                    : loaded 2 times (x 136B)
Class com.sun.xml.bind.v2.runtime.IllegalAnnotationsException                         : loaded 2 times (x 86B)
Class com.google.gson.internal.LinkedTreeMap$1                                        : loaded 2 times (x 91B)
Class android.databinding.tool.store.ResourceBundle$NameTypeLocation                  : loaded 2 times (x 72B)
Class android.databinding.tool.LibTypes$dataBindingComponent$2                        : loaded 2 times (x 79B)
Class org.jetbrains.kotlin.build.report.metrics.BuildMetricsReporter                  : loaded 2 times (x 70B)
Class com.google.common.io.AppendableWriter                                           : loaded 2 times (x 100B)
Class com.google.common.io.Files$2                                                    : loaded 2 times (x 76B)
Class com.google.common.util.concurrent.AbstractFuture$Cancellation                   : loaded 2 times (x 72B)
Class com.google.common.collect.Lists$RandomAccessPartition                           : loaded 2 times (x 200B)
Class dagger.internal.codegen.writing.FrameworkInstanceSupplier                       : loaded 2 times (x 70B)
Class dagger.spi.internal.shaded.androidx.room.compiler.codegen.java.JavaCodeBlock$Builder: loaded 2 times (x 88B)
Class [Ldagger.internal.codegen.writing.ComponentImplementation$CompilerMode;         : loaded 2 times (x 69B)
Class dagger.internal.codegen.writing.AnonymousProviderCreationExpression$Factory     : loaded 2 times (x 70B)
Class dagger.internal.codegen.validation.AutoValue_SpiModelBindingGraphConverter_DaggerTypeElementImpl: loaded 2 times (x 76B)
Class dagger.spi.model.DaggerTypeElement                                              : loaded 2 times (x 74B)
Class com.sun.xml.bind.v2.runtime.property.AttributeProperty                          : loaded 2 times (x 105B)
Class com.google.common.collect.SortedMultiset                                        : loaded 2 times (x 70B)
Class dagger.spi.internal.shaded.kotlin.metadata.internal.ReadersKt$WhenMappings      : loaded 2 times (x 71B)
Class dagger.internal.codegen.kotlin.MethodMetadata                                   : loaded 2 times (x 77B)
Class com.sun.xml.bind.v2.runtime.reflect.NullSafeAccessor                            : loaded 2 times (x 85B)
Class com.sun.xml.bind.v2.runtime.reflect.PrimitiveArrayListerShort                   : loaded 2 times (x 76B)
Class android.databinding.internal.org.antlr.v4.runtime.TokenStream                   : loaded 2 times (x 70B)
Class dagger.spi.internal.shaded.androidx.room.compiler.processing.javac.JavacPackageElement$name$2: loaded 2 times (x 79B)
Class dagger.internal.codegen.base.ModuleKind                                         : loaded 2 times (x 79B)
Class android.databinding.internal.org.antlr.v4.runtime.dfa.DFAState                  : loaded 2 times (x 73B)
Class [[Landroid.databinding.internal.org.antlr.v4.runtime.atn.ATNConfig;             : loaded 2 times (x 69B)
Class com.android.tools.build.jetifier.core.utils.LogConsumer                         : loaded 2 times (x 70B)
Class dagger.internal.codegen.binding.BindsTypeChecker_Factory                        : loaded 2 times (x 82B)
Class dagger.spi.internal.shaded.androidx.room.compiler.processing.XProcessingStep    : loaded 2 times (x 70B)
Class dagger.spi.internal.shaded.kotlin.metadata.internal.metadata.ProtoBuf$Annotation$1: loaded 2 times (x 144B)
Class dagger.spi.internal.shaded.androidx.room.compiler.processing.XTypeKt            : loaded 2 times (x 71B)
Class dagger.spi.internal.shaded.androidx.room.compiler.processing.javac.JavacAnnotation: loaded 2 times (x 140B)
Class dagger.spi.internal.shaded.androidx.room.compiler.processing.XAnnotation        : loaded 2 times (x 70B)
Class dagger.spi.internal.shaded.androidx.room.compiler.processing.InternalXAnnotationValue$kind$2: loaded 2 times (x 79B)
Class dagger.hilt.processor.internal.definecomponent.DefineComponents                 : loaded 2 times (x 72B)
Class dagger.hilt.processor.internal.ProcessorErrors                                  : loaded 2 times (x 71B)
Class dagger.spi.internal.shaded.androidx.room.compiler.processing.compat.XConverters : loaded 2 times (x 71B)
Class com.google.common.graph.AbstractBaseGraph$1                                     : loaded 2 times (x 137B)
Class dagger.hilt.processor.internal.generatesrootinput.GeneratesRootInputs           : loaded 2 times (x 72B)
Class dagger.hilt.processor.internal.uninstallmodules.UninstallModulesProcessingStep  : loaded 2 times (x 86B)
Class android.databinding.internal.org.antlr.v4.runtime.misc.FlexibleHashMap          : loaded 2 times (x 125B)
Class com.sun.xml.bind.v2.runtime.reflect.Lister$ArrayLister                          : loaded 2 times (x 77B)
Class com.sun.xml.bind.v2.runtime.property.PropertyImpl                               : loaded 2 times (x 102B)
Class com.sun.xml.bind.v2.model.impl.RuntimeBuiltinLeafInfoImpl$17                    : loaded 2 times (x 136B)
Class com.sun.xml.bind.v2.runtime.ElementBeanInfoImpl                                 : loaded 2 times (x 89B)
Class com.sun.xml.bind.v2.runtime.BridgeAdapter                                       : loaded 2 times (x 87B)
Class com.sun.xml.bind.v2.runtime.BridgeContextImpl                                   : loaded 2 times (x 77B)
Class [Lcom.google.gson.ToNumberPolicy;                                               : loaded 2 times (x 69B)
Class com.google.gson.ToNumberPolicy                                                  : loaded 2 times (x 83B)
Class org.jetbrains.org.objectweb.asm.FieldWriter                                     : loaded 2 times (x 77B)
Class org.jetbrains.org.objectweb.asm.MethodVisitor                                   : loaded 2 times (x 104B)
Class kotlin.io.ByteStreamsKt                                                         : loaded 2 times (x 71B)
Class org.gradle.api.internal.DefaultClassPathRegistry                                : loaded 2 times (x 76B)
Class dagger.internal.codegen.writing.ProducerFromProviderCreationExpression          : loaded 2 times (x 76B)
Class dagger.spi.internal.shaded.androidx.room.compiler.codegen.java.JavaFunSpecKt$WhenMappings: loaded 2 times (x 71B)
Class dagger.internal.codegen.writing.ProducerFromProviderCreationExpression_Factory_Impl: loaded 2 times (x 75B)
Class dagger.internal.codegen.validation.AutoValue_SpiModelBindingGraphConverter_SubcomponentCreatorBindingEdgeImpl: loaded 2 times (x 77B)
Class com.google.devtools.ksp.symbol.KSDeclaration                                    : loaded 2 times (x 70B)
Class dagger.internal.codegen.model.BindingGraph$DependencyEdge                       : loaded 2 times (x 70B)
Class dagger.spi.internal.shaded.kotlin.metadata.internal.metadata.ProtoBuf$ValueParameter: loaded 2 times (x 128B)
Class dagger.spi.internal.shaded.kotlin.metadata.internal.metadata.ProtoBuf$ClassOrBuilder: loaded 2 times (x 70B)
Class dagger.spi.internal.shaded.androidx.room.compiler.processing.javac.JavacConstructorType: loaded 2 times (x 83B)
Class dagger.internal.codegen.model.RequestKind                                       : loaded 2 times (x 79B)
Class [Ldagger.internal.codegen.validation.BindingMethodValidator$Abstractness;       : loaded 2 times (x 69B)
Class dagger.internal.codegen.processingstep.AssistedInjectProcessingStep_Factory     : loaded 2 times (x 82B)
Class jakarta.inject.Provider                                                         : loaded 2 times (x 70B)
Class dagger.spi.internal.shaded.kotlin.metadata.internal.metadata.jvm.JvmProtoBuf$JvmPropertySignature$Builder: loaded 2 times (x 141B)
Class dagger.spi.internal.shaded.kotlin.metadata.internal.metadata.deserialization.ProtoBufUtilKt: loaded 2 times (x 71B)
Class dagger.spi.internal.shaded.kotlin.metadata.Attributes$kind$7                    : loaded 2 times (x 137B)
Class dagger.spi.internal.shaded.kotlin.metadata.internal.metadata.ProtoBuf$TypeParameter: loaded 2 times (x 130B)
Class dagger.spi.internal.shaded.kotlin.metadata.internal.metadata.ProtoBuf$Property  : loaded 2 times (x 148B)
Class dagger.spi.internal.shaded.kotlin.metadata.internal.protobuf.LazyField          : loaded 2 times (x 83B)
Class com.bumptech.glide.annotation.compiler.RequestBuilderGenerator                  : loaded 2 times (x 72B)
Class dagger.internal.codegen.bindinggraphvalidation.CompositeBindingGraphPlugin$Factory: loaded 2 times (x 70B)
Class dagger.internal.codegen.xprocessing.XTypes$XTypeEquivalence                     : loaded 2 times (x 84B)
Class dagger.internal.codegen.binding.MethodSignatureFormatter$1                      : loaded 2 times (x 87B)
Class dagger.internal.codegen.binding.KeyFactory$1                                    : loaded 2 times (x 71B)
Class dagger.internal.codegen.binding.ErrorMessages$FactoryMessages                   : loaded 2 times (x 81B)
Class com.google.common.reflect.Types$ParameterizedTypeImpl                           : loaded 2 times (x 81B)
Class com.google.common.collect.ImmutableRangeSet$AsSet                               : loaded 2 times (x 299B)
Class [Lorg.jetbrains.org.objectweb.asm.SymbolTable$Entry;                            : loaded 2 times (x 69B)
Class android.databinding.internal.org.antlr.v4.runtime.tree.TerminalNodeImpl         : loaded 2 times (x 105B)
Class android.databinding.parser.BindingExpressionVisitor                             : loaded 2 times (x 70B)
Class com.sun.xml.bind.v2.model.core.PropertyInfo                                     : loaded 2 times (x 70B)
Class com.sun.xml.bind.v2.model.impl.RuntimeBuiltinLeafInfoImpl$18                    : loaded 2 times (x 136B)
Class javax.activation.MimeTypeParseException                                         : loaded 2 times (x 82B)
Class com.sun.xml.bind.WhiteSpaceProcessor                                            : loaded 2 times (x 71B)
Class com.sun.xml.bind.v2.runtime.AttributeAccessor                                   : loaded 2 times (x 70B)
Class com.sun.xml.bind.v2.model.annotation.Locatable                                  : loaded 2 times (x 70B)
Class org.apache.commons.io.file.DeleteOption                                         : loaded 2 times (x 70B)
Class com.google.gson.internal.ConstructorConstructor$11                              : loaded 2 times (x 75B)
Class kotlin.text.StringsKt__StringsKt$rangesDelimitedBy$2                            : loaded 2 times (x 79B)
Class com.google.common.reflect.Invokable$ConstructorInvokable                        : loaded 2 times (x 107B)
Class org.gradle.api.internal.ClassPathRegistry                                       : loaded 2 times (x 70B)
Class org.gradle.internal.classpath.DefaultClassPath$ImmutableUniqueList              : loaded 2 times (x 199B)
Class dagger.internal.codegen.writing.UnscopedDirectInstanceRequestRepresentationFactory: loaded 2 times (x 72B)
Class dagger.internal.codegen.writing.MembersInjectionMethods$1                       : loaded 2 times (x 71B)
Class dagger.spi.internal.shaded.androidx.room.compiler.codegen.impl.XAnnotationSpecImpl$Builder: loaded 2 times (x 78B)
Class dagger.internal.codegen.validation.SpiModelBindingGraphConverter$DaggerElementImpl: loaded 2 times (x 75B)
Class android.databinding.tool.util.L                                                 : loaded 2 times (x 71B)
Class dagger.internal.codegen.kotlin.KotlinMetadata$MethodForAnnotations              : loaded 2 times (x 72B)
Class dagger.spi.internal.shaded.androidx.room.compiler.processing.javac.JavacFieldElement$syntheticMethodForAnnotations$2: loaded 2 times (x 79B)
Class dagger.internal.codegen.model.DaggerProcessingEnv                               : loaded 2 times (x 74B)
Class dagger.internal.codegen.binding.AutoValue_OptionalBindingDeclaration            : loaded 2 times (x 75B)
Class [Ldagger.internal.codegen.compileroption.ProcessingEnvironmentCompilerOptions$CommandLineOption;: loaded 2 times (x 69B)
Class dagger.internal.codegen.ProcessingEnvironmentModule_FilerFactory                : loaded 2 times (x 82B)
Class dagger.internal.codegen.binding.MethodSignatureFormatter_Factory                : loaded 2 times (x 82B)
Class dagger.spi.internal.shaded.androidx.room.compiler.processing.javac.kotlin.KmTypeContainer: loaded 2 times (x 76B)
Class [Ldagger.spi.internal.shaded.kotlin.metadata.internal.metadata.ProtoBuf$TypeParameter$Variance;: loaded 2 times (x 69B)
Class dagger.spi.internal.shaded.kotlin.metadata.jvm.KotlinClassMetadata$Companion    : loaded 2 times (x 71B)
Class org.apache.commons.io.filefilter.AbstractFileFilter                             : loaded 2 times (x 116B)
Class dagger.spi.internal.shaded.androidx.room.compiler.processing.XEnumEntry         : loaded 2 times (x 70B)
Class dagger.spi.internal.shaded.androidx.room.compiler.processing.javac.JavacMethodParameter$name$2: loaded 2 times (x 79B)
Class com.sun.xml.bind.v2.model.core.ArrayInfo                                        : loaded 2 times (x 70B)
Class com.sun.xml.bind.v2.runtime.unmarshaller.ProxyLoader                            : loaded 2 times (x 78B)
Class com.sun.xml.bind.v2.runtime.output.C14nXmlOutput                                : loaded 2 times (x 101B)
Class com.sun.xml.bind.v2.util.XmlFactory                                             : loaded 2 times (x 71B)
Class androidx.hilt.work.WorkerStep$Companion                                         : loaded 2 times (x 71B)
Class kotlin.collections.IntIterator                                                  : loaded 2 times (x 82B)
Class android.databinding.internal.org.antlr.v4.runtime.atn.OrderedATNConfigSet$LexerConfigHashSet: loaded 2 times (x 140B)
Class android.databinding.internal.org.antlr.v4.runtime.ANTLRErrorListener            : loaded 2 times (x 70B)
Class com.sun.xml.bind.v2.runtime.unmarshaller.XmlVisitor$TextPredictor               : loaded 2 times (x 70B)
Class javax.xml.bind.annotation.XmlRegistry                                           : loaded 2 times (x 70B)
Class com.sun.xml.bind.v2.model.impl.RuntimeBuiltinLeafInfoImpl$19                    : loaded 2 times (x 136B)
Class android.databinding.tool.store.GenClassInfoLog$GenClassImpl                     : loaded 2 times (x 72B)
Class android.databinding.parser.BindingExpressionParser$ComparisonOpContext          : loaded 2 times (x 134B)
Class com.google.gson.internal.ConstructorConstructor$9                               : loaded 2 times (x 76B)
Class android.databinding.tool.util.Preconditions                                     : loaded 2 times (x 71B)
Class kotlin.jvm.internal.TypeIntrinsics                                              : loaded 2 times (x 71B)
Class kotlin.text.StringsKt__StringsKt$splitToSequence$1                              : loaded 2 times (x 79B)
Class org.jetbrains.org.objectweb.asm.ByteVector                                      : loaded 2 times (x 78B)
Class com.google.common.collect.MapMakerInternalMap$Segment                           : loaded 2 times (x 142B)
Class com.google.common.reflect.TypeToken                                             : loaded 2 times (x 73B)
Class dagger.spi.internal.shaded.androidx.room.compiler.codegen.XCodeBlock$Companion$ofCast$1$WhenMappings: loaded 2 times (x 71B)
Class dagger.internal.codegen.writing.AutoValue_ComponentCreatorImplementation        : loaded 2 times (x 75B)
Class dagger.internal.codegen.xprocessing.XCodeBlocks                                 : loaded 2 times (x 71B)
Class dagger.internal.DelegateFactory                                                 : loaded 2 times (x 82B)
Class android.databinding.internal.org.antlr.v4.runtime.Lexer                         : loaded 2 times (x 141B)
Class dagger.internal.codegen.binding.AutoValue_BoundInstanceBinding                  : loaded 2 times (x 91B)
Class dagger.internal.codegen.componentgenerator.TopLevelImplementationComponent      : loaded 2 times (x 70B)
Class dagger.internal.codegen.bindinggraphvalidation.DependsOnProductionExecutorValidator: loaded 2 times (x 85B)
Class dagger.internal.codegen.bindinggraphvalidation.ProvisionDependencyOnProducerBindingValidator_Factory$InstanceHolder: loaded 2 times (x 71B)
Class dagger.spi.internal.shaded.kotlin.metadata.internal.metadata.ProtoBuf$Annotation: loaded 2 times (x 109B)
Class com.google.common.graph.DirectedGraphConnections$2                              : loaded 2 times (x 137B)
Class dagger.spi.internal.shaded.com.google.auto.common.MoreTypes$AsElementVisitor    : loaded 2 times (x 101B)
Class android.databinding.internal.org.antlr.v4.runtime.atn.Transition                : loaded 2 times (x 76B)
Class android.databinding.internal.org.antlr.v4.runtime.misc.AbstractEqualityComparator: loaded 2 times (x 77B)
Class dagger.spi.internal.shaded.androidx.room.compiler.processing.javac.JavacBasicAnnotationProcessor$steps$2: loaded 2 times (x 79B)
Class dagger.hilt.processor.internal.HiltProcessingEnvConfigs                         : loaded 2 times (x 71B)
Class com.google.gson.internal.ConstructorConstructor$13                              : loaded 2 times (x 75B)
Class android.databinding.parser.BindingExpressionParser$DefaultsContext              : loaded 2 times (x 132B)
Class android.databinding.internal.org.antlr.v4.runtime.atn.ATNDeserializer$1         : loaded 2 times (x 71B)
Class android.databinding.tool.util.StringUtils                                       : loaded 2 times (x 71B)
Class com.sun.xml.bind.v2.runtime.reflect.Lister$CollectionLister                     : loaded 2 times (x 77B)
Class javax.xml.bind.annotation.XmlAccessOrder                                        : loaded 2 times (x 79B)
Class com.sun.xml.bind.v2.model.impl.RuntimeAnyTypeImpl                               : loaded 2 times (x 94B)
Class com.sun.xml.bind.v2.model.nav.Navigator                                         : loaded 2 times (x 70B)
Class com.google.gson.internal.bind.ArrayTypeAdapter$1                                : loaded 2 times (x 75B)
Class com.google.gson.internal.bind.JsonTreeWriter                                    : loaded 2 times (x 98B)
Class android.databinding.tool.LibTypes$listClassNames$2                              : loaded 2 times (x 79B)
Class android.databinding.tool.LibTypes$Companion                                     : loaded 2 times (x 71B)
Class [Lorg.jetbrains.org.objectweb.asm.AnnotationWriter;                             : loaded 2 times (x 69B)
Class com.google.common.cache.RemovalCause                                            : loaded 2 times (x 80B)
Class com.google.common.io.ByteSink                                                   : loaded 2 times (x 76B)
Class org.gradle.internal.classpath.ClassPath                                         : loaded 2 times (x 70B)
Class org.gradle.api.UncheckedIOException                                             : loaded 2 times (x 82B)
Class dagger.spi.internal.shaded.androidx.room.compiler.codegen.VisibilityModifier    : loaded 2 times (x 79B)
Class dagger.spi.internal.shaded.androidx.room.compiler.processing.XFiler             : loaded 2 times (x 70B)
Class dagger.internal.codegen.writing.ComponentNames                                  : loaded 2 times (x 72B)
Class dagger.internal.codegen.writing.ComponentImplementation                         : loaded 2 times (x 72B)
Class dagger.spi.internal.shaded.kotlin.metadata.internal.extensions.KmTypeParameterExtension: loaded 2 times (x 70B)
Class [Ldagger.spi.internal.shaded.kotlin.metadata.KmVersionRequirementVersionKind;   : loaded 2 times (x 69B)
Class dagger.internal.codegen.binding.ComponentBinding                                : loaded 2 times (x 90B)
Class dagger.spi.internal.shaded.androidx.room.compiler.processing.XTypeElement       : loaded 2 times (x 70B)
Class dagger.internal.codegen.xprocessing.XElements                                   : loaded 2 times (x 71B)
Class dagger.spi.internal.shaded.kotlin.metadata.internal.metadata.ProtoBuf$Visibility$1: loaded 2 times (x 74B)
Class [Ldagger.internal.codegen.base.ContributionType;                                : loaded 2 times (x 69B)
Class dagger.internal.codegen.validation.SpiModelBindingGraphConverter$DaggerProcessingEnvImpl: loaded 2 times (x 76B)
Class dagger.internal.codegen.validation.BindsOptionalOfMethodValidator               : loaded 2 times (x 78B)
Class dagger.internal.codegen.DelegateComponentProcessor$SourceFileGeneratorsModule   : loaded 2 times (x 70B)
Class dagger.internal.codegen.validation.ProvidesMethodValidator_Factory              : loaded 2 times (x 82B)
Class dagger.internal.codegen.DaggerDelegateComponentProcessor_Injector$Factory       : loaded 2 times (x 74B)
Class dagger.spi.internal.shaded.kotlin.metadata.internal.extensions.KmPropertyExtension: loaded 2 times (x 70B)
Class dagger.spi.internal.shaded.androidx.room.compiler.processing.javac.JavacConstructorElement$parameters$2: loaded 2 times (x 79B)
Class dagger.spi.internal.shaded.kotlin.metadata.internal.metadata.ProtoBuf$Function  : loaded 2 times (x 149B)
Class dagger.spi.internal.shaded.kotlin.metadata.internal.protobuf.WireFormat$FieldType$1: loaded 2 times (x 83B)
Class com.google.common.graph.DirectedGraphConnections$3                              : loaded 2 times (x 137B)
Class dagger.internal.codegen.binding.BindingNode_Factory_Factory                     : loaded 2 times (x 82B)
Class dagger.internal.codegen.binding.KeyFactory                                      : loaded 2 times (x 72B)
Class dagger.internal.codegen.binding.ErrorMessages$1                                 : loaded 2 times (x 71B)
Class dagger.hilt.android.processor.internal.viewmodel.ViewModelProcessor             : loaded 2 times (x 100B)
Class dagger.hilt.processor.internal.root.RootProcessingStep                          : loaded 2 times (x 86B)
Class android.databinding.internal.org.antlr.v4.runtime.WritableToken                 : loaded 2 times (x 70B)
Class javax.xml.bind.annotation.XmlElementWrapper                                     : loaded 2 times (x 70B)
Class javax.xml.bind.annotation.adapters.XmlJavaTypeAdapter                           : loaded 2 times (x 70B)
Class com.sun.xml.bind.v2.model.annotation.AnnotationSource                           : loaded 2 times (x 70B)
Class kotlin.sequences.SequencesKt__SequencesKt$asSequence$$inlined$Sequence$1        : loaded 2 times (x 75B)
Class com.google.common.collect.Interners$InternerBuilder                             : loaded 2 times (x 76B)
Class com.google.common.io.Files$FileByteSource                                       : loaded 2 times (x 85B)
Class [Lcom.google.common.reflect.Types$JavaVersion;                                  : loaded 2 times (x 69B)
Class dagger.internal.codegen.writing.MapRequestRepresentation                        : loaded 2 times (x 74B)
Class dagger.spi.internal.shaded.androidx.room.compiler.codegen.impl.XParameterSpecImpl: loaded 2 times (x 76B)
Class dagger.spi.internal.shaded.androidx.room.compiler.processing.javac.kotlin.KmPropertyFunctionContainerImpl: loaded 2 times (x 109B)
Class dagger.internal.codegen.base.AutoValue_ComponentAnnotation                      : loaded 2 times (x 76B)
Class dagger.spi.internal.shaded.kotlin.metadata.KmClassifier$TypeParameter           : loaded 2 times (x 71B)
Class dagger.spi.internal.shaded.kotlin.metadata.KmTypeAlias                          : loaded 2 times (x 72B)
Class dagger.spi.internal.shaded.kotlin.metadata.internal.protobuf.WireFormat$FieldType$2: loaded 2 times (x 83B)
Class com.google.common.graph.DirectedGraphConnections$4                              : loaded 2 times (x 83B)
Class com.google.common.graph.StandardValueGraph$1                                    : loaded 2 times (x 136B)
Class com.google.common.graph.ForwardingGraph                                         : loaded 2 times (x 136B)
Class dagger.internal.codegen.writing.MembersInjectionBindingRepresentation$Factory   : loaded 2 times (x 70B)
Class dagger.internal.codegen.writing.ComponentProvisionRequestRepresentation$Factory : loaded 2 times (x 70B)
Class dagger.spi.internal.shaded.androidx.room.compiler.codegen.java.JavaFunSpec      : loaded 2 times (x 75B)
Class dagger.spi.internal.shaded.androidx.room.compiler.processing.javac.JavacTypeElement$typeParameters$2: loaded 2 times (x 79B)
Class dagger.hilt.android.processor.internal.AndroidClassNames                        : loaded 2 times (x 71B)
Class [Ldagger.hilt.processor.internal.optionvalues.BooleanValue;                     : loaded 2 times (x 69B)
Class dagger.spi.internal.shaded.androidx.room.compiler.codegen.java.JavaAnnotationSpec: loaded 2 times (x 72B)
Class dagger.internal.codegen.writing.ComponentMethodRequestRepresentation            : loaded 2 times (x 78B)
Class dagger.spi.internal.shaded.androidx.room.compiler.processing.XProcessingEnvConfig: loaded 2 times (x 71B)
Class com.android.tools.build.jetifier.core.PackageMap$PackageRule$JsonData           : loaded 2 times (x 72B)
Class android.databinding.internal.org.antlr.v4.runtime.tree.ErrorNode                : loaded 2 times (x 70B)
Class android.databinding.internal.org.antlr.v4.runtime.atn.DecisionState             : loaded 2 times (x 82B)
Class android.databinding.internal.org.antlr.v4.runtime.atn.BasicState                : loaded 2 times (x 82B)
Class android.databinding.parser.BindingExpressionParser$ExpressionContext            : loaded 2 times (x 132B)
Class com.sun.xml.bind.annotation.OverrideAnnotationOf                                : loaded 2 times (x 70B)
Class com.sun.xml.bind.v2.model.impl.RuntimeValuePropertyInfoImpl                     : loaded 2 times (x 135B)
Class com.google.gson.internal.$Gson$Types$GenericArrayTypeImpl                       : loaded 2 times (x 79B)
Class com.google.gson.internal.JsonReaderInternalAccess                               : loaded 2 times (x 72B)
Class android.databinding.tool.LibTypes$nonNull$2                                     : loaded 2 times (x 79B)
Class com.google.common.io.CharSource$CharSequenceCharSource                          : loaded 2 times (x 86B)
Class com.google.common.io.CharStreams$NullWriter                                     : loaded 2 times (x 99B)
Class com.google.common.util.concurrent.AbstractFuture$AtomicHelper                   : loaded 2 times (x 78B)
Class org.objectweb.asm.SymbolTable$Entry                                             : loaded 2 times (x 74B)
Class dagger.spi.internal.shaded.androidx.room.compiler.codegen.kotlin.KotlinFunSpec$Builder: loaded 2 times (x 91B)
Class org.gradle.internal.classpath.TransformedClassPath                              : loaded 2 times (x 96B)
Class dagger.internal.codegen.componentgenerator.CurrentImplementationSubcomponent_ChildComponentImplementationFactoryModule_ProvideTopLevelImplementationFactory: loaded 2 times (x 82B)
Class dagger.internal.codegen.writing.ComponentInstanceRequestRepresentation_Factory  : loaded 2 times (x 72B)
Class dagger.internal.codegen.validation.SpiModelBindingGraphConverter$DaggerTypeImpl : loaded 2 times (x 75B)
Class dagger.spi.model.DaggerType                                                     : loaded 2 times (x 74B)
Class dagger.spi.model.AutoValue_DependencyRequest$Builder                            : loaded 2 times (x 77B)
Class org.apache.http.HttpMessage                                                     : loaded 2 times (x 70B)
Class dagger.spi.internal.shaded.kotlin.metadata.internal.metadata.ProtoBuf$Effect$InvocationKind$1: loaded 2 times (x 74B)
Class dagger.internal.codegen.binding.SubcomponentCreatorBinding                      : loaded 2 times (x 90B)
Class dagger.internal.codegen.binding.AutoValue_DelegateDeclaration                   : loaded 2 times (x 83B)
Class dagger.internal.codegen.validation.DependencyRequestValidator                   : loaded 2 times (x 72B)
Class org.objectweb.asm.FieldWriter                                                   : loaded 2 times (x 78B)
Class dagger.internal.codegen.bindinggraphvalidation.InvalidProductionBindingScopeValidator_Factory$InstanceHolder: loaded 2 times (x 71B)
Class dagger.internal.SingleCheck                                                     : loaded 2 times (x 80B)
Class [Ldagger.spi.internal.shaded.kotlin.metadata.internal.metadata.jvm.JvmProtoBuf$StringTableTypes$Record$Operation;: loaded 2 times (x 69B)
Class dagger.spi.internal.shaded.kotlin.metadata.internal.protobuf.WireFormat$FieldType$3: loaded 2 times (x 83B)
Class dagger.hilt.processor.internal.root.TestRootMetadata                            : loaded 2 times (x 78B)
Class com.google.common.graph.DirectedGraphConnections$5                              : loaded 2 times (x 71B)
Class dagger.hilt.processor.internal.definecomponent.DefineComponentBuilderMetadatas  : loaded 2 times (x 72B)
Class dagger.internal.codegen.xprocessing.XAnnotations                                : loaded 2 times (x 71B)
Class com.google.common.reflect.Invokable                                             : loaded 2 times (x 103B)
Class com.google.common.collect.MapMaker$Dummy                                        : loaded 2 times (x 79B)
Class com.google.gson.internal.ConstructorConstructor$16                              : loaded 2 times (x 75B)
Class android.databinding.internal.org.antlr.v4.runtime.atn.ATNDeserializationOptions : loaded 2 times (x 72B)
Class com.sun.xml.bind.v2.runtime.property.SingleElementLeafProperty                  : loaded 2 times (x 102B)
Class com.sun.xml.bind.api.impl.NameConverter$Standard                                : loaded 2 times (x 93B)
Class com.sun.xml.bind.v2.model.annotation.Init                                       : loaded 2 times (x 71B)
Class com.google.gson.internal.bind.ReflectiveTypeAdapterFactory                      : loaded 2 times (x 75B)
Class com.google.gson.internal.sql.SqlTimestampTypeAdapter                            : loaded 2 times (x 76B)
Class android.databinding.tool.LibTypes$observableList$2                              : loaded 2 times (x 79B)
Class com.intellij.gradle.toolingExtension.impl.initScript.util.GradleJvmForkedDebuggerHelper$getTasksToDebug: loaded 2 times (x 146B)
Class android.databinding.tool.util.L$Client                                          : loaded 2 times (x 70B)
Class com.intellij.gradle.toolingExtension.impl.util.collectionUtil.GradleCollectionUtil: loaded 2 times (x 71B)
Class org.jetbrains.org.objectweb.asm.ClassWriter                                     : loaded 2 times (x 104B)
Class org.objectweb.asm.signature.SignatureReader                                     : loaded 2 times (x 74B)
Class org.objectweb.asm.Edge                                                          : loaded 2 times (x 72B)
Class dagger.internal.codegen.writing.BindingRepresentation                           : loaded 2 times (x 70B)
Class dagger.spi.internal.shaded.androidx.room.compiler.codegen.kotlin.KotlinFunSpec  : loaded 2 times (x 75B)
Class dagger.internal.codegen.writing.MembersInjectionRequestRepresentation_Factory_Impl: loaded 2 times (x 75B)
Class [Ldagger.spi.model.BindingKind;                                                 : loaded 2 times (x 69B)
Class com.google.gson.LongSerializationPolicy                                         : loaded 2 times (x 80B)
Class com.sun.xml.bind.v2.model.annotation.RuntimeAnnotationReader                    : loaded 2 times (x 70B)
Class com.google.common.graph.MultiEdgesConnecting                                    : loaded 2 times (x 137B)
Class dagger.internal.codegen.binding.AutoValue_MultiboundMapBinding                  : loaded 2 times (x 92B)
Class dagger.internal.codegen.xprocessing.XTypes$TypeResolutionVisitor                : loaded 2 times (x 101B)
Class [Ldagger.internal.codegen.base.ComponentCreatorKind;                            : loaded 2 times (x 69B)
Class dagger.internal.codegen.processingstep.ProcessingStepsModule_ProcessingStepsFactory: loaded 2 times (x 82B)
Class dagger.internal.codegen.DelegateComponentProcessor_MembersInjector              : loaded 2 times (x 75B)
Class dagger.internal.codegen.binding.LegacyBindingGraphConverter_Factory             : loaded 2 times (x 81B)
Class dagger.internal.codegen.compileroption.ProcessingEnvironmentCompilerOptions_Factory: loaded 2 times (x 82B)
Class com.sun.xml.bind.v2.runtime.IllegalAnnotationsException$Builder                 : loaded 2 times (x 77B)
Class com.google.common.graph.EndpointPairIterator$Directed                           : loaded 2 times (x 82B)
Class dagger.spi.internal.shaded.kotlin.metadata.internal.protobuf.WireFormat$FieldType$4: loaded 2 times (x 83B)
Class dagger.spi.internal.shaded.androidx.room.compiler.processing.javac.JavacType$typeElement$2: loaded 2 times (x 79B)
Class com.sun.xml.bind.v2.runtime.reflect.PrimitiveArrayListerInteger                 : loaded 2 times (x 76B)
Class dagger.spi.internal.shaded.androidx.room.compiler.processing.javac.JavacTypeElement$Companion: loaded 2 times (x 71B)
Class dagger.hilt.android.processor.internal.viewmodel.ViewModelProcessingStep        : loaded 2 times (x 86B)
Class android.databinding.parser.BindingExpressionParser$BracketOpContext             : loaded 2 times (x 134B)
Class android.databinding.parser.BindingExpressionParser$LambdaExpressionContext      : loaded 2 times (x 133B)
Class android.databinding.internal.org.antlr.v4.runtime.atn.SemanticContext$PrecedencePredicate: loaded 2 times (x 78B)
Class android.databinding.internal.org.antlr.v4.runtime.atn.LL1Analyzer               : loaded 2 times (x 76B)
Class android.databinding.internal.org.antlr.v4.runtime.misc.MurmurHash               : loaded 2 times (x 71B)
Class android.databinding.internal.org.antlr.v4.runtime.Recognizer                    : loaded 2 times (x 98B)
Class com.sun.xml.bind.v2.runtime.property.ArrayReferenceNodeProperty$MixedTextLoader : loaded 2 times (x 78B)
Class com.sun.xml.bind.v2.runtime.unmarshaller.XsiNilLoader$Array                     : loaded 2 times (x 80B)
Class com.sun.xml.bind.AccessorFactory                                                : loaded 2 times (x 70B)
Class com.google.gson.internal.sql.SqlDateTypeAdapter$1                               : loaded 2 times (x 75B)
Class com.google.common.reflect.TypeToken$1                                           : loaded 2 times (x 110B)
Class dagger.spi.internal.shaded.androidx.room.compiler.processing.javac.JavacBasicAnnotationProcessor$commonDelegate$2: loaded 2 times (x 79B)
Class dagger.spi.internal.shaded.androidx.room.compiler.processing.javac.JavacType$typeName$2: loaded 2 times (x 79B)
Class dagger.spi.internal.shaded.kotlin.metadata.internal.metadata.jvm.JvmProtoBuf    : loaded 2 times (x 71B)
Class dagger.spi.internal.shaded.kotlin.metadata.KmFlexibleTypeUpperBound$Companion   : loaded 2 times (x 71B)
Class dagger.spi.internal.shaded.kotlin.metadata.internal.metadata.ProtoBuf$VersionRequirement$Level$1: loaded 2 times (x 74B)
Class dagger.spi.internal.shaded.androidx.room.compiler.processing.javac.JavacFieldElement$getter$2: loaded 2 times (x 79B)
Class dagger.spi.internal.shaded.kotlin.metadata.internal.metadata.ProtoBuf$VersionRequirementTable$1: loaded 2 times (x 144B)
Class dagger.spi.internal.shaded.androidx.room.compiler.processing.javac.JavacPackageElement$qualifiedName$2: loaded 2 times (x 79B)
Class dagger.internal.codegen.writing.InaccessibleMapKeyProxyGenerator                : loaded 2 times (x 77B)
Class dagger.internal.codegen.base.DaggerSuperficialValidation$ValidationException$UnexpectedException: loaded 2 times (x 84B)
Class dagger.internal.codegen.binding.ProvisionBinding                                : loaded 2 times (x 90B)
Class dagger.internal.codegen.xprocessing.XTypeNames                                  : loaded 2 times (x 71B)
Class dagger.internal.codegen.binding.InjectionSiteFactory                            : loaded 2 times (x 72B)
Class dagger.spi.internal.shaded.kotlin.metadata.internal.FlagDelegatesImplKt$classBooleanFlag$1: loaded 2 times (x 137B)
Class dagger.spi.internal.shaded.kotlin.metadata.internal.metadata.ProtoBuf$Constructor: loaded 2 times (x 124B)
Class com.google.common.collect.Iterators$3                                           : loaded 2 times (x 82B)
Class com.google.common.graph.ElementOrder                                            : loaded 2 times (x 72B)
Class dagger.spi.internal.shaded.androidx.room.compiler.processing.javac.JavacMethodElement$kotlinDefaultImplClass$2: loaded 2 times (x 79B)
Class dagger.spi.internal.shaded.androidx.room.compiler.processing.XTypeParameterElement: loaded 2 times (x 70B)
Class com.bumptech.glide.repackaged.com.google.common.collect.ObjectArrays            : loaded 2 times (x 71B)
Class dagger.internal.codegen.validation.InjectBindingRegistryImpl_Factory            : loaded 2 times (x 82B)
Class dagger.internal.codegen.validation.BindingElementValidator$AllowsMultibindings  : loaded 2 times (x 79B)
Class dagger.hilt.processor.internal.originatingelement.OriginatingElementProcessingStep: loaded 2 times (x 86B)
Class [Landroid.databinding.internal.org.antlr.v4.runtime.atn.LexerAction;            : loaded 2 times (x 69B)
Class [Landroid.databinding.internal.org.antlr.v4.runtime.misc.Interval;              : loaded 2 times (x 69B)
Class android.databinding.internal.org.antlr.v4.runtime.atn.ATNState                  : loaded 2 times (x 82B)
Class android.databinding.internal.org.antlr.v4.runtime.atn.PredictionContext         : loaded 2 times (x 79B)
Class android.databinding.parser.BindingExpressionParser$MethodInvocationContext      : loaded 2 times (x 135B)
Class com.sun.xml.bind.v2.model.nav.ReflectionNavigator$BinderArg                     : loaded 2 times (x 73B)
Class com.sun.xml.bind.v2.model.annotation.SecureLoader                               : loaded 2 times (x 71B)
Class com.sun.xml.bind.v2.model.impl.PropertyInfoImpl                                 : loaded 2 times (x 108B)
Class com.sun.xml.bind.v2.runtime.output.Pcdata                                       : loaded 2 times (x 88B)
Class com.sun.xml.bind.v2.util.QNameMap                                               : loaded 2 times (x 72B)
Class com.sun.xml.bind.v2.runtime.JAXBContextImpl                                     : loaded 2 times (x 90B)
Class com.google.gson.internal.ConstructorConstructor$18                              : loaded 2 times (x 75B)
Class kotlin.sequences.SequencesKt___SequencesKt$filterNotNull$1                      : loaded 2 times (x 78B)
Class com.google.common.reflect.TypeToken$2                                           : loaded 2 times (x 110B)
Class dagger.internal.codegen.writing.SwitchingProviders$SwitchingProviderBuilder     : loaded 2 times (x 72B)
Class dagger.internal.codegen.writing.MembersInjectionMethods                         : loaded 2 times (x 72B)
Class dagger.internal.codegen.writing.ComponentWrapperImplementation                  : loaded 2 times (x 81B)
Class com.google.devtools.ksp.symbol.KSModifierListOwner                              : loaded 2 times (x 70B)
Class dagger.internal.codegen.bindinggraphvalidation.AutoValue_DuplicateBindingsValidator_KeyWithTypeEquivalence: loaded 2 times (x 75B)
Class dagger.internal.codegen.processingstep.BindsInstanceProcessingStep              : loaded 2 times (x 86B)
Class dagger.internal.codegen.kotlin.ClassMetadata                                    : loaded 2 times (x 72B)
Class dagger.internal.codegen.writing.ModuleProxies                                   : loaded 2 times (x 71B)
Class dagger.internal.codegen.componentgenerator.ComponentHjarGenerator_Factory       : loaded 2 times (x 82B)
Class dagger.internal.codegen.validation.ValidationBindingGraphPlugin                 : loaded 2 times (x 85B)
Class dagger.internal.codegen.processingstep.MonitoringModuleProcessingStep           : loaded 2 times (x 86B)
Class dagger.internal.codegen.processingstep.InjectProcessingStep_Factory             : loaded 2 times (x 82B)
Class dagger.internal.codegen.bindinggraphvalidation.SubcomponentFactoryMethodValidator_Factory$InstanceHolder: loaded 2 times (x 71B)
Class com.bumptech.glide.repackaged.com.squareup.javapoet.Util                        : loaded 2 times (x 71B)
Class dagger.spi.model.DiagnosticReporter                                             : loaded 2 times (x 75B)
Class dagger.hilt.processor.internal.root.AggregatedRootMetadata                      : loaded 2 times (x 77B)
Class dagger.spi.internal.shaded.androidx.room.compiler.processing.javac.JavacExecutableElement$enclosingElement$2: loaded 2 times (x 79B)
Class dagger.internal.codegen.binding.$AutoValue_ProvisionBinding$Builder             : loaded 2 times (x 97B)
Class dagger.spi.internal.shaded.com.google.auto.common.Overrides$ExplicitOverrides   : loaded 2 times (x 76B)
Class dagger.internal.codegen.binding.ComponentDependencyProvisionBinding             : loaded 2 times (x 90B)
Class dagger.internal.codegen.binding.BindingRequest                                  : loaded 2 times (x 74B)
Class dagger.spi.internal.shaded.androidx.room.compiler.processing.CommonProcessorDelegate: loaded 2 times (x 72B)
Class dagger.internal.codegen.bindinggraphvalidation.DuplicateBindingsValidator$BindingWithoutComponent: loaded 2 times (x 75B)
Class dagger.spi.internal.shaded.androidx.room.compiler.codegen.XCodeBlock$Builder    : loaded 2 times (x 70B)
Class android.databinding.internal.org.antlr.v4.runtime.misc.IntegerList              : loaded 2 times (x 72B)
Class android.databinding.internal.org.antlr.v4.runtime.dfa.DFASerializer             : loaded 2 times (x 74B)
Class javax.xml.bind.annotation.XmlAnyAttribute                                       : loaded 2 times (x 70B)
Class com.sun.xml.bind.v2.model.impl.ValuePropertyInfoImpl                            : loaded 2 times (x 120B)
Class com.google.gson.internal.LinkedTreeMap$LinkedTreeMapIterator                    : loaded 2 times (x 80B)
Class com.google.gson.internal.ConstructorConstructor$19                              : loaded 2 times (x 76B)
Class com.google.gson.internal.bind.ReflectiveTypeAdapterFactory$Adapter              : loaded 2 times (x 77B)
Class com.google.gson.internal.bind.TypeAdapters$10                                   : loaded 2 times (x 75B)
Class [Lcom.google.common.base.Supplier;                                              : loaded 2 times (x 69B)
Class org.apache.http.client.HttpClient                                               : loaded 2 times (x 70B)
Class [Lorg.objectweb.asm.SymbolTable$Entry;                                          : loaded 2 times (x 69B)
Class org.gradle.internal.installation.GradleInstallation$1                           : loaded 2 times (x 75B)
Class org.gradle.api.internal.classpath.ModuleRegistry                                : loaded 2 times (x 70B)
Class dagger.internal.codegen.xprocessing.XFunSpecs$1                                 : loaded 2 times (x 71B)
Class dagger.internal.codegen.xprocessing.XFunSpecs$Builder$Kind                      : loaded 2 times (x 79B)
Class dagger.internal.codegen.writing.MemberSelect$LocalField                         : loaded 2 times (x 75B)
Class dagger.internal.codegen.componentgenerator.CurrentImplementationSubcomponent$ChildComponentImplementationFactoryModule: loaded 2 times (x 70B)
Class dagger.internal.codegen.writing.SetFactoryCreationExpression$Factory            : loaded 2 times (x 70B)
Class dagger.internal.codegen.writing.DelegateRequestRepresentation$Factory           : loaded 2 times (x 70B)
Class dagger.internal.codegen.binding.BoundInstanceBinding                            : loaded 2 times (x 90B)
Class dagger.internal.codegen.model.Key$MultibindingContributionIdentifier            : loaded 2 times (x 73B)
Class dagger.internal.codegen.binding.MapKeys                                         : loaded 2 times (x 71B)
Class dagger.spi.internal.shaded.androidx.room.compiler.processing.javac.JavacMethodType$returnType$2: loaded 2 times (x 79B)
Class dagger.internal.codegen.binding.DependencyRequestFormatter                      : loaded 2 times (x 86B)
Class dagger.internal.codegen.validation.MultibindsMethodValidator                    : loaded 2 times (x 79B)
Class [Ldagger.spi.internal.shaded.androidx.room.compiler.codegen.XClassName;         : loaded 2 times (x 69B)
Class dagger.spi.internal.shaded.kotlin.metadata.internal.protobuf.MessageLiteOrBuilder: loaded 2 times (x 70B)
Class dagger.hilt.processor.internal.aliasof.AliasOfs                                 : loaded 2 times (x 72B)
Class dagger.spi.internal.shaded.androidx.room.compiler.processing.InternalXAnnotationValue$Kind$Companion: loaded 2 times (x 71B)
Class dagger.hilt.processor.internal.root.AutoValue_Root                              : loaded 2 times (x 78B)
Class dagger.internal.codegen.writing.UnscopedFrameworkInstanceCreationExpressionFactory: loaded 2 times (x 72B)
Class dagger.internal.codegen.validation.ComponentCreatorValidator$1                  : loaded 2 times (x 71B)
Class dagger.hilt.processor.internal.aliasof.AliasOfProcessingStep                    : loaded 2 times (x 86B)
Class dagger.hilt.android.processor.internal.androidentrypoint.AndroidEntryPointProcessor: loaded 2 times (x 100B)
Class com.android.tools.build.jetifier.core.type.TypesMap                             : loaded 2 times (x 72B)
Class android.databinding.parser.BindingExpressionParser$ConstantValueContext         : loaded 2 times (x 134B)
Class android.databinding.internal.org.antlr.v4.runtime.atn.NotSetTransition          : loaded 2 times (x 76B)
Class com.sun.xml.bind.v2.runtime.output.UTF8XmlOutput                                : loaded 2 times (x 100B)
Class [Lcom.sun.xml.bind.v2.model.impl.ClassInfoImpl$SecondaryAnnotation;             : loaded 2 times (x 69B)
Class com.sun.xml.bind.v2.model.core.TypeInfoSet                                      : loaded 2 times (x 70B)
Class com.sun.xml.bind.api.BridgeContext                                              : loaded 2 times (x 76B)
Class org.apache.commons.io.output.NullWriter                                         : loaded 2 times (x 99B)
Class com.google.gson.internal.bind.TypeAdapters$11                                   : loaded 2 times (x 75B)
Class [Lcom.google.gson.FieldNamingPolicy;                                            : loaded 2 times (x 69B)
Class org.jetbrains.org.objectweb.asm.AnnotationVisitor                               : loaded 2 times (x 77B)
Class com.google.common.util.concurrent.internal.InternalFutureFailureAccess          : loaded 2 times (x 72B)
Class dagger.spi.internal.shaded.androidx.room.compiler.processing.XRawType           : loaded 2 times (x 70B)
Class dagger.internal.codegen.writing.UnscopedDirectInstanceRequestRepresentationFactory$1: loaded 2 times (x 71B)
Class com.google.common.io.ByteStreams                                                : loaded 2 times (x 71B)
Class org.objectweb.asm.Handle                                                        : loaded 2 times (x 72B)
Class com.google.common.collect.Interner                                              : loaded 2 times (x 70B)
Class dagger.internal.codegen.writing.ProviderInstanceRequestRepresentation_Factory_Impl: loaded 2 times (x 75B)
Class dagger.internal.codegen.writing.ComponentInstanceRequestRepresentation_Factory_Impl: loaded 2 times (x 75B)
Class dagger.internal.codegen.bindinggraphvalidation.DuplicateBindingsValidator$KeyWithTypeEquivalence: loaded 2 times (x 74B)
Class com.google.common.collect.Interners$InternerImpl                                : loaded 2 times (x 75B)
Class dagger.internal.codegen.validation.DiagnosticMessageGenerator                   : loaded 2 times (x 72B)
Class dagger.spi.internal.shaded.androidx.room.compiler.codegen.XCodeBlock            : loaded 2 times (x 70B)
Class kotlin.io.TextStreamsKt$readLines$1                                             : loaded 2 times (x 79B)
Class dagger.internal.codegen.kotlin.ConstructorMetadata                              : loaded 2 times (x 77B)
Class android.databinding.tool.LibTypes$observableFields$2                            : loaded 2 times (x 79B)
Class dagger.internal.codegen.extension.Optionals                                     : loaded 2 times (x 71B)
Class dagger.internal.codegen.processingstep.ComponentHjarProcessingStep              : loaded 2 times (x 86B)
Class dagger.internal.codegen.binding.BindingNode$Factory                             : loaded 2 times (x 72B)
Class dagger.internal.codegen.processingstep.MapKeyProcessingStep_Factory             : loaded 2 times (x 82B)
Class org.apache.commons.io.IOCase                                                    : loaded 2 times (x 80B)
Class javax.xml.bind.annotation.XmlAnyElement                                         : loaded 2 times (x 70B)
Class dagger.spi.internal.shaded.kotlin.metadata.jvm.internal.JvmFunctionExtension    : loaded 2 times (x 77B)
Class dagger.spi.internal.shaded.kotlin.metadata.internal.metadata.ProtoBuf$TypeTable$1: loaded 2 times (x 144B)
Class [Ldagger.spi.internal.shaded.kotlin.metadata.internal.protobuf.WireFormat$FieldType;: loaded 2 times (x 69B)
Class dagger.spi.internal.shaded.kotlin.metadata.internal.protobuf.WireFormat$FieldType: loaded 2 times (x 83B)
Class android.databinding.internal.org.antlr.v4.runtime.atn.ATNType                   : loaded 2 times (x 79B)
Class android.databinding.internal.org.antlr.v4.runtime.atn.PredictionMode$AltAndContextMap: loaded 2 times (x 125B)
Class com.google.common.graph.Graphs                                                  : loaded 2 times (x 71B)
Class com.google.common.graph.MutableValueGraph                                       : loaded 2 times (x 70B)
Class dagger.spi.internal.shaded.androidx.room.compiler.processing.XFieldElement      : loaded 2 times (x 70B)
Class dagger.spi.internal.shaded.androidx.room.compiler.processing.javac.JavacTypeElement$kotlinMetadata$2: loaded 2 times (x 79B)
Class dagger.spi.internal.shaded.androidx.room.compiler.processing.util.MemoizedSequence$delegateIterator$2: loaded 2 times (x 79B)
Class dagger.hilt.android.processor.internal.bindvalue.BindValueMetadata              : loaded 2 times (x 73B)
Class com.android.tools.build.jetifier.core.TypeRewriter                              : loaded 2 times (x 72B)
Class android.databinding.tool.ext.Collection_extKt$joinToCamelCase$1                 : loaded 2 times (x 125B)
Class com.sun.xml.bind.v2.runtime.output.XmlOutput                                    : loaded 2 times (x 70B)
Class com.sun.xml.bind.v2.model.runtime.RuntimeReferencePropertyInfo                  : loaded 2 times (x 70B)
Class javax.xml.bind.annotation.XmlRootElement                                        : loaded 2 times (x 70B)
Class com.sun.xml.bind.v2.model.core.Ref                                              : loaded 2 times (x 72B)
Class com.sun.xml.bind.v2.model.runtime.RuntimeElementInfo                            : loaded 2 times (x 70B)
Class com.sun.xml.bind.v2.model.impl.RuntimeModelBuilder                              : loaded 2 times (x 100B)
Class com.google.gson.internal.bind.TypeAdapters$12                                   : loaded 2 times (x 75B)
Class [Lcom.google.gson.ToNumberStrategy;                                             : loaded 2 times (x 69B)
Class [Lorg.jetbrains.org.objectweb.asm.Type;                                         : loaded 2 times (x 69B)
Class org.jetbrains.kotlin.name.FqNameUnsafe                                          : loaded 2 times (x 72B)
Class com.google.common.collect.HashBiMap$Inverse                                     : loaded 2 times (x 142B)
Class com.google.common.util.concurrent.AbstractFuture$UnsafeAtomicHelper             : loaded 2 times (x 78B)
Class com.google.common.io.Closer$SuppressingSuppressor                               : loaded 2 times (x 75B)
Class dagger.hilt.processor.internal.aggregateddeps.AutoValue_AggregatedDepsMetadata  : loaded 2 times (x 79B)
Class dagger.internal.codegen.writing.ProductionBindingRepresentation$Factory         : loaded 2 times (x 70B)
Class com.google.common.collect.ConsumingQueueIterator                                : loaded 2 times (x 82B)
Class dagger.spi.internal.shaded.kotlin.metadata.internal.metadata.ProtoBuf$VersionRequirement$1: loaded 2 times (x 144B)
Class dagger.spi.internal.shaded.androidx.room.compiler.processing.javac.DefaultJavacType: loaded 2 times (x 185B)
Class dagger.internal.codegen.processingstep.BindingMethodProcessingStep_Factory      : loaded 2 times (x 82B)
Class [Ldagger.internal.codegen.model.BindingGraphPlugin;                             : loaded 2 times (x 69B)
Class dagger.internal.codegen.validation.BindingElementValidator$AllowsScoping        : loaded 2 times (x 79B)
Class dagger.internal.codegen.base.Formatter                                          : loaded 2 times (x 85B)
Class dagger.spi.internal.shaded.kotlin.metadata.internal.metadata.ProtoBuf$Constructor$1: loaded 2 times (x 144B)
Class com.bumptech.glide.repackaged.com.squareup.javapoet.TypeVariableName            : loaded 2 times (x 79B)
Class com.bumptech.glide.repackaged.com.squareup.javapoet.TypeName                    : loaded 2 times (x 79B)
Class dagger.spi.internal.shaded.kotlin.metadata.internal.protobuf.MessageLite        : loaded 2 times (x 70B)
Class dagger.hilt.processor.internal.earlyentrypoint.AutoValue_AggregatedEarlyEntryPointMetadata: loaded 2 times (x 74B)
Class dagger.spi.internal.shaded.androidx.room.compiler.processing.javac.JavacAnnotationValueKt: loaded 2 times (x 71B)
Class dagger.spi.internal.shaded.androidx.room.compiler.processing.javac.JavacMethodElement$kotlinMetadata$2: loaded 2 times (x 79B)
Class dagger.spi.internal.shaded.com.google.auto.common.AnnotationMirrors             : loaded 2 times (x 71B)
Class dagger.hilt.processor.internal.root.AutoValue_ComponentTreeDepsMetadata         : loaded 2 times (x 81B)
Class dagger.spi.internal.shaded.androidx.room.compiler.processing.XRoundEnv          : loaded 2 times (x 70B)
Class dagger.spi.internal.shaded.kotlin.metadata.internal.ReadersKt                   : loaded 2 times (x 71B)
Class dagger.spi.internal.shaded.kotlin.metadata.internal.metadata.deserialization.Flags$BooleanFlagField: loaded 2 times (x 76B)
Class dagger.internal.codegen.ComponentProcessor                                      : loaded 2 times (x 98B)
Class com.android.tools.build.jetifier.core.pom.PomDependency                         : loaded 2 times (x 72B)
Class com.sun.xml.bind.v2.runtime.unmarshaller.UnmarshallingContext                   : loaded 2 times (x 103B)
Class com.sun.xml.bind.v2.runtime.LifecycleMethods                                    : loaded 2 times (x 72B)
Class com.sun.xml.bind.v2.model.annotation.MethodLocatable                            : loaded 2 times (x 78B)
Class com.sun.xml.bind.v2.model.runtime.RuntimeMapPropertyInfo                        : loaded 2 times (x 70B)
Class com.sun.xml.bind.v2.model.nav.TypeVisitor                                       : loaded 2 times (x 76B)
Class dagger.spi.internal.shaded.kotlin.metadata.Attributes$modality$6                : loaded 2 times (x 137B)
Class com.google.gson.internal.bind.DateTypeAdapter$1                                 : loaded 2 times (x 75B)
Class com.google.gson.internal.bind.TypeAdapters$13                                   : loaded 2 times (x 75B)
Class com.google.common.collect.ImmutableSortedMap$1EntrySet                          : loaded 2 times (x 153B)
Class com.google.common.collect.Multimaps$CustomSetMultimap                           : loaded 2 times (x 178B)
Class org.gradle.api.internal.classpath.DefaultModuleRegistry                         : loaded 2 times (x 86B)
Class [Ldagger.spi.internal.shaded.androidx.room.compiler.codegen.XFileSpec$Builder;  : loaded 2 times (x 69B)
Class dagger.spi.internal.shaded.androidx.room.compiler.codegen.XAnnotationSpec$Companion: loaded 2 times (x 71B)
Class dagger.internal.codegen.writing.BindingRepresentations_Factory                  : loaded 2 times (x 81B)
Class dagger.internal.Provider                                                        : loaded 2 times (x 70B)
Class com.bumptech.glide.repackaged.com.google.common.collect.ImmutableList           : loaded 2 times (x 205B)
Class dagger.internal.codegen.binding.$AutoValue_LegacyBindingGraphFactory_LegacyResolvedBindings: loaded 2 times (x 77B)
Class dagger.internal.codegen.bindinggraphvalidation.IncompatiblyScopedBindingsValidator_Factory: loaded 2 times (x 82B)
Class [Ldagger.internal.codegen.binding.BindingType;                                  : loaded 2 times (x 69B)
Class dagger.internal.codegen.bindinggraphvalidation.BindingGraphValidationModule_ProvidePluginsFactory: loaded 2 times (x 82B)
Class dagger.internal.codegen.bindinggraphvalidation.BindingGraphValidationModule     : loaded 2 times (x 70B)
Class dagger.internal.codegen.bindinggraphvalidation.MapMultibindingValidator         : loaded 2 times (x 85B)
Class dagger.internal.codegen.validation.BindsInstanceParameterValidator_Factory      : loaded 2 times (x 82B)
Class dagger.internal.codegen.compileroption.ProcessingEnvironmentCompilerOptions$KeyOnlyOption$1: loaded 2 times (x 86B)
Class dagger.spi.BindingGraphPlugin                                                   : loaded 2 times (x 70B)
Class androidx.room.util.SimpleJavaVersion                                            : loaded 2 times (x 75B)
Class dagger.spi.internal.shaded.kotlin.metadata.jvm.internal.JvmTypeExtension        : loaded 2 times (x 78B)
Class dagger.internal.codegen.validation.BindingMethodValidatorsModule                : loaded 2 times (x 70B)
Class com.google.common.collect.ImmutableSetMultimap$EntrySet                         : loaded 2 times (x 146B)
Class com.google.common.graph.AbstractGraphBuilder                                    : loaded 2 times (x 72B)
Class dagger.spi.internal.shaded.androidx.room.compiler.processing.javac.JavacMethodParameter$closestMemberContainer$2: loaded 2 times (x 79B)
Class dagger.internal.codegen.binding.SubcomponentDeclaration$Factory                 : loaded 2 times (x 73B)
Class dagger.hilt.processor.internal.BadInputException                                : loaded 2 times (x 82B)
Class dagger.spi.internal.shaded.androidx.room.compiler.processing.DeclarationCollectorKt: loaded 2 times (x 71B)
Class com.google.common.graph.StandardNetwork                                         : loaded 2 times (x 140B)
Class dagger.internal.codegen.writing.MembersInjectionRequestRepresentation$Factory   : loaded 2 times (x 70B)
Class dagger.spi.internal.shaded.androidx.room.compiler.codegen.XFunSpec$Companion    : loaded 2 times (x 71B)
Class android.databinding.internal.org.antlr.v4.runtime.atn.RuleStartState            : loaded 2 times (x 82B)
Class android.databinding.internal.org.antlr.v4.runtime.VocabularyImpl                : loaded 2 times (x 82B)
Class android.databinding.parser.BindingExpressionParser$SingleLambdaParameterContext : loaded 2 times (x 133B)
Class android.databinding.parser.BindingExpressionParser$GlobalMethodInvocationContext: loaded 2 times (x 134B)
Class javax.xml.bind.Unmarshaller                                                     : loaded 2 times (x 70B)
Class com.google.gson.internal.bind.NumberTypeAdapter$1                               : loaded 2 times (x 76B)
Class com.google.gson.internal.bind.TypeAdapters$1                                    : loaded 2 times (x 75B)
Class com.google.gson.internal.bind.TypeAdapters$14                                   : loaded 2 times (x 75B)
Class org.jetbrains.org.objectweb.asm.AnnotationWriter                                : loaded 2 times (x 78B)
Class org.jetbrains.kotlin.build.report.metrics.GradleBuildTime$Companion             : loaded 2 times (x 71B)
Class org.apache.http.client.CredentialsProvider                                      : loaded 2 times (x 70B)
Class com.google.common.base.CharMatcher$Any                                          : loaded 2 times (x 112B)
Class com.google.common.util.concurrent.ListenableFuture                              : loaded 2 times (x 70B)
Class org.apache.http.message.AbstractHttpMessage                                     : loaded 2 times (x 108B)
Class dagger.spi.internal.shaded.androidx.room.compiler.codegen.XAnnotationSpec       : loaded 2 times (x 70B)
Class com.squareup.kotlinpoet.TypeVariableName                                        : loaded 2 times (x 86B)
Class dagger.internal.codegen.validation.AutoValue_SpiModelBindingGraphConverter_DependencyEdgeImpl: loaded 2 times (x 79B)
Class dagger.spi.internal.shaded.androidx.room.compiler.processing.javac.kotlin.KmConstructorContainer: loaded 2 times (x 100B)
Class dagger.internal.codegen.binding.MultiboundMapBinding                            : loaded 2 times (x 90B)
Class com.google.common.collect.FilteredEntryMultimap                                 : loaded 2 times (x 155B)
Class dagger.spi.internal.shaded.androidx.room.compiler.processing.XEnumTypeElement   : loaded 2 times (x 70B)
Class dagger.internal.codegen.binding.LegacyBindingGraphFactory                       : loaded 2 times (x 72B)
Class dagger.internal.codegen.compileroption.ProcessingEnvironmentCompilerOptions$KeyOnlyOption$2: loaded 2 times (x 86B)
Class dagger.spi.internal.shaded.androidx.room.compiler.codegen.kotlin.KotlinTypeSpec$Builder: loaded 2 times (x 90B)
Class com.bumptech.glide.annotation.GlideExtension                                    : loaded 2 times (x 70B)
Class dagger.spi.internal.shaded.androidx.room.compiler.codegen.impl.XTypeSpecImpl$Builder: loaded 2 times (x 90B)
Class dagger.internal.codegen.writing.ComponentProvisionRequestRepresentation         : loaded 2 times (x 74B)
Class dagger.spi.internal.shaded.kotlin.metadata.internal.metadata.ProtoBuf$Modality$1: loaded 2 times (x 74B)
Class dagger.spi.internal.shaded.kotlin.metadata.jvm.JvmMetadataVersion               : loaded 2 times (x 74B)
Class dagger.spi.internal.shaded.kotlin.metadata.internal.protobuf.GeneratedMessageLite$ExtendableMessageOrBuilder: loaded 2 times (x 70B)
Class dagger.hilt.processor.internal.aliasof.AutoValue_AliasOfPropagatedDataMetadata  : loaded 2 times (x 75B)
Class com.google.common.reflect.Types$ClassOwnership$3                                : loaded 2 times (x 71B)
Class com.google.common.graph.MapRetrievalCache                                       : loaded 2 times (x 75B)
Class dagger.hilt.processor.internal.root.$AutoValue_AggregatedRootMetadata           : loaded 2 times (x 82B)
Class com.google.common.util.concurrent.SettableFuture                                : loaded 2 times (x 114B)
Class org.apache.commons.io.output.QueueOutputStream                                  : loaded 2 times (x 87B)
Class android.databinding.tool.store.GenClassInfoLog$Companion                        : loaded 2 times (x 71B)
Class org.apache.commons.io.file.Counters$Counter                                     : loaded 2 times (x 70B)
Class com.sun.xml.bind.v2.model.impl.RuntimeArrayInfoImpl                             : loaded 2 times (x 107B)
Class javax.xml.bind.annotation.XmlID                                                 : loaded 2 times (x 70B)
Class androidx.room.compiler.processing.javac.JavacBasicAnnotationProcessor           : loaded 2 times (x 98B)
Class android.databinding.internal.org.antlr.v4.runtime.RuntimeMetaData               : loaded 2 times (x 71B)
Class com.sun.xml.bind.v2.runtime.Coordinator                                         : loaded 2 times (x 83B)
Class javax.xml.bind.ValidationEventHandler                                           : loaded 2 times (x 70B)
Class com.sun.xml.bind.v2.model.annotation.XmlRootElementQuick                        : loaded 2 times (x 92B)
Class com.sun.xml.bind.v2.runtime.NameBuilder                                         : loaded 2 times (x 72B)
Class com.google.gson.internal.bind.TypeAdapters$2                                    : loaded 2 times (x 75B)
Class com.google.gson.internal.bind.TypeAdapters$15                                   : loaded 2 times (x 75B)
Class com.google.gson.internal.sql.SqlTypesSupport$1                                  : loaded 2 times (x 74B)
Class kotlin.io.FileTreeWalk$FileTreeWalkIterator$BottomUpDirectoryState              : loaded 2 times (x 74B)
Class com.google.common.util.concurrent.AbstractFuture                                : loaded 2 times (x 106B)
Class dagger.internal.codegen.binding.AnnotationExpression                            : loaded 2 times (x 72B)
Class [Ldagger.internal.codegen.writing.ComponentCreatorImplementationFactory$RequirementStatus;: loaded 2 times (x 69B)
Class dagger.internal.codegen.writing.ComponentImplementation$ChildComponentImplementationFactory: loaded 2 times (x 70B)
Class dagger.internal.codegen.writing.InjectionOrProvisionProviderCreationExpression_Factory: loaded 2 times (x 72B)
Class dagger.internal.codegen.writing.DerivedFromFrameworkInstanceRequestRepresentation$Factory: loaded 2 times (x 70B)
Class dagger.internal.codegen.DaggerDelegateComponentProcessor_Injector$CurrentImplementationSubcomponentBuilder: loaded 2 times (x 79B)
Class dagger.spi.model.DaggerAnnotation                                               : loaded 2 times (x 75B)
Class dagger.spi.model.RequestKind                                                    : loaded 2 times (x 79B)
Class com.sun.xml.bind.v2.util.CollisionCheckStack                                    : loaded 2 times (x 199B)
Class com.google.common.collect.AbstractMultiset$ElementSet                           : loaded 2 times (x 138B)
Class dagger.internal.codegen.binding.AutoValue_BindingRequest                        : loaded 2 times (x 75B)
Class dagger.internal.codegen.binding.AutoValue_InjectionBinding                      : loaded 2 times (x 94B)
Class dagger.internal.codegen.binding.$AutoValue_ComponentBinding                     : loaded 2 times (x 91B)
Class dagger.internal.codegen.binding.OptionalBinding                                 : loaded 2 times (x 91B)
Class com.sun.xml.bind.v2.runtime.unmarshaller.DefaultIDResolver                      : loaded 2 times (x 76B)
Class dagger.spi.internal.shaded.androidx.room.compiler.processing.javac.JavacMethodType$typeVariables$2: loaded 2 times (x 79B)
Class dagger.internal.codegen.processingstep.LazyClassKeyProcessingStep_Factory       : loaded 2 times (x 82B)
Class dagger.internal.codegen.DelegateComponentProcessor_SourceFileGeneratorsModule_ProducerFactoryGeneratorFactory: loaded 2 times (x 82B)
Class dagger.internal.codegen.validation.BindsInstanceElementValidator                : loaded 2 times (x 78B)
Class dagger.internal.codegen.validation.BindsMethodValidator                         : loaded 2 times (x 78B)
Class dagger.internal.codegen.processingstep.TypeCheckingProcessingStep_MembersInjector: loaded 2 times (x 75B)
Class android.databinding.internal.org.antlr.v4.runtime.FailedPredicateException      : loaded 2 times (x 93B)
Class dagger.internal.codegen.bindinggraphvalidation.DuplicateBindingsValidator_Factory: loaded 2 times (x 82B)
Class dagger.spi.internal.shaded.kotlin.metadata.internal.metadata.deserialization.Flags: loaded 2 times (x 71B)
Class com.android.tools.build.jetifier.core.proguard.ProGuardTypesMap$JsonData        : loaded 2 times (x 72B)
Class dagger.hilt.processor.internal.definecomponent.AutoValue_DefineComponentClassesMetadata: loaded 2 times (x 76B)
Class com.android.tools.build.jetifier.core.proguard.ProGuardTypesMap$Companion       : loaded 2 times (x 71B)
Class dagger.spi.internal.shaded.androidx.room.compiler.processing.javac.JavacTypeElement$enclosingTypeElement$2: loaded 2 times (x 79B)
Class dagger.spi.internal.shaded.androidx.room.compiler.processing.javac.JavacProcessingEnv: loaded 2 times (x 121B)
Class android.databinding.tool.store.FeatureInfoList$Companion                        : loaded 2 times (x 71B)
Class android.databinding.internal.org.antlr.v4.runtime.misc.DoubleKeyMap             : loaded 2 times (x 78B)
Class android.databinding.parser.BindingExpressionParser$UnaryOpContext               : loaded 2 times (x 133B)
Class com.sun.xml.bind.v2.runtime.unmarshaller.IntData                                : loaded 2 times (x 89B)
Class android.databinding.tool.store.ResourceBundle$BindingTargetBundle$BindingBundle : loaded 2 times (x 82B)
Class javax.xml.bind.annotation.XmlSeeAlso                                            : loaded 2 times (x 70B)
Class com.sun.xml.bind.v2.model.core.PropertyKind                                     : loaded 2 times (x 79B)
Class [Lcom.sun.xml.bind.v2.model.impl.ClassInfoImpl$PropertyGroup;                   : loaded 2 times (x 69B)
Class com.sun.xml.bind.v2.runtime.unmarshaller.Receiver                               : loaded 2 times (x 70B)
Class [Lcom.sun.xml.bind.v2.model.annotation.Quick;                                   : loaded 2 times (x 69B)
Class com.google.gson.internal.bind.TypeAdapters$16                                   : loaded 2 times (x 75B)
Class com.google.gson.internal.bind.TypeAdapters$3                                    : loaded 2 times (x 75B)
Class com.google.gson.internal.sql.SqlTypesSupport$2                                  : loaded 2 times (x 74B)
Class kotlin.io.FileTreeWalk$FileTreeWalkIterator$SingleFileState                     : loaded 2 times (x 74B)
Class com.google.common.io.CharStreams                                                : loaded 2 times (x 71B)
Class com.google.common.reflect.TypeResolver$TypeTable                                : loaded 2 times (x 73B)
Class org.objectweb.asm.RecordComponentVisitor                                        : loaded 2 times (x 77B)
Class org.apache.http.client.methods.AbortableHttpRequest                             : loaded 2 times (x 70B)
Class dagger.internal.codegen.writing.FrameworkInstanceBindingRepresentation          : loaded 2 times (x 72B)
Class dagger.internal.codegen.writing.DelegateRequestRepresentation                   : loaded 2 times (x 74B)
Class dagger.internal.codegen.writing.ProducerFromProviderCreationExpression_Factory  : loaded 2 times (x 71B)
Class dagger.internal.codegen.writing.ProducerCreationExpression$Factory              : loaded 2 times (x 70B)
Class dagger.internal.codegen.binding.$AutoValue_BindingGraph                         : loaded 2 times (x 82B)
Class dagger.spi.internal.shaded.androidx.room.compiler.processing.javac.JavacTypeElement$xClassName$2: loaded 2 times (x 79B)
Class dagger.internal.codegen.base.OptionalType$OptionalKind                          : loaded 2 times (x 79B)
Class com.google.common.collect.EmptyImmutableSetMultimap                             : loaded 2 times (x 180B)
Class dagger.spi.internal.shaded.androidx.room.compiler.processing.javac.kotlin.KmClassContainer$typeParameters$2: loaded 2 times (x 79B)
Class dagger.internal.codegen.base.RequestKinds                                       : loaded 2 times (x 71B)
Class dagger.spi.internal.shaded.androidx.room.compiler.processing.javac.JavacMethodType$Companion: loaded 2 times (x 71B)
Class dagger.internal.codegen.validation.SpiModelBindingGraphConverter                : loaded 2 times (x 71B)
Class dagger.internal.codegen.binding.AutoValue_ModuleDescriptor                      : loaded 2 times (x 86B)
Class dagger.internal.codegen.compileroption.ValidationType                           : loaded 2 times (x 79B)
Class dagger.hilt.processor.internal.aggregateddeps.ComponentDependencies             : loaded 2 times (x 74B)
Class com.google.common.graph.StandardValueGraph                                      : loaded 2 times (x 146B)
Class dagger.spi.internal.shaded.androidx.room.compiler.processing.javac.VisitorData  : loaded 2 times (x 72B)
Class dagger.hilt.processor.internal.kotlin.KotlinMetadataFactory                     : loaded 2 times (x 72B)
Class dagger.internal.codegen.validation.ProducesMethodValidator                      : loaded 2 times (x 78B)
Class dagger.internal.codegen.componentgenerator.ComponentGenerator_Factory           : loaded 2 times (x 82B)
Class androidx.room.RoomProcessor                                                     : loaded 2 times (x 98B)
Class dagger.hilt.processor.internal.JavacBaseProcessingStepProcessor                 : loaded 2 times (x 100B)
Class android.databinding.internal.org.antlr.v4.runtime.atn.SemanticContext$AND       : loaded 2 times (x 75B)
Class android.databinding.parser.BindingExpressionParser$IdentifierContext            : loaded 2 times (x 132B)
Class com.sun.xml.bind.v2.runtime.unmarshaller.SAXConnector$TagNameImpl               : loaded 2 times (x 75B)
Class javax.xml.bind.JAXBElement                                                      : loaded 2 times (x 81B)
Class javax.xml.bind.annotation.XmlAccessorOrder                                      : loaded 2 times (x 70B)
Class android.databinding.tool.processing.scopes.FileScopeProvider                    : loaded 2 times (x 70B)
Class org.apache.commons.io.file.AccumulatorPathVisitor                               : loaded 2 times (x 95B)
Class dagger.internal.codegen.model.Key$Builder                                       : loaded 2 times (x 76B)
Class com.google.gson.internal.bind.TypeAdapters$17                                   : loaded 2 times (x 75B)
Class com.google.gson.internal.bind.TypeAdapters$4                                    : loaded 2 times (x 75B)
Class dagger.internal.codegen.model.DaggerElement                                     : loaded 2 times (x 73B)
Class dagger.internal.codegen.model.ComponentPath                                     : loaded 2 times (x 73B)
Class com.google.common.reflect.TypeResolver$TypeTable$1                              : loaded 2 times (x 73B)
Class org.gradle.internal.service.ServiceLookupException                              : loaded 2 times (x 82B)
Class dagger.internal.codegen.writing.InjectionMethods$1                              : loaded 2 times (x 71B)
Class dagger.internal.codegen.writing.OptionalRequestRepresentation                   : loaded 2 times (x 74B)
Class dagger.internal.codegen.writing.OptionalFactoryInstanceCreationExpression$Factory: loaded 2 times (x 70B)
Class dagger.internal.codegen.writing.OptionalRequestRepresentation_Factory_Impl      : loaded 2 times (x 75B)
Class com.google.common.graph.DirectedMultiNetworkConnections                         : loaded 2 times (x 98B)
Class dagger.internal.codegen.validation.DiagnosticMessageGenerator$1                 : loaded 2 times (x 87B)
Class dagger.internal.codegen.binding.$AutoValue_SubcomponentCreatorBinding           : loaded 2 times (x 91B)
Class dagger.internal.codegen.validation.SpiModelBindingGraphConverter$1              : loaded 2 times (x 71B)
Class dagger.internal.codegen.writing.FactoryGenerator_Factory                        : loaded 2 times (x 82B)
Class dagger.internal.codegen.binding.InjectionAnnotations                            : loaded 2 times (x 72B)
Class dagger.internal.codegen.binding.DependencyRequestFormatter_Factory              : loaded 2 times (x 82B)
Class com.bumptech.glide.repackaged.com.google.common.collect.ImmutableCollection     : loaded 2 times (x 123B)
Class dagger.spi.model.BindingGraph$MaybeBinding                                      : loaded 2 times (x 70B)
Class dagger.spi.model.Key$MultibindingContributionIdentifier                         : loaded 2 times (x 73B)
Class dagger.spi.internal.shaded.kotlin.metadata.jvm.internal.JvmMetadataExtensions   : loaded 2 times (x 103B)
Class dagger.spi.internal.shaded.kotlin.metadata.internal.protobuf.Internal$EnumLite  : loaded 2 times (x 70B)
Class dagger.spi.model.AutoValue_Key_MultibindingContributionIdentifier               : loaded 2 times (x 74B)
Class dagger.spi.internal.shaded.androidx.room.compiler.processing.javac.JavacDeclaredType$equalityItems$2: loaded 2 times (x 79B)
Class dagger.hilt.processor.internal.DaggerModelsKt                                   : loaded 2 times (x 71B)
Class dagger.internal.codegen.writing.SimpleMethodRequestRepresentation$Factory       : loaded 2 times (x 70B)
Class [Landroid.databinding.internal.org.antlr.v4.runtime.atn.SemanticContext;        : loaded 2 times (x 69B)
Class android.databinding.internal.org.antlr.v4.runtime.BufferedTokenStream           : loaded 2 times (x 126B)
Class com.sun.xml.bind.v2.runtime.reflect.PrimitiveArrayListerCharacter               : loaded 2 times (x 76B)
Class com.sun.xml.bind.v2.runtime.reflect.Lister$IDREFS                               : loaded 2 times (x 77B)
Class com.sun.xml.bind.v2.model.core.TypeRef                                          : loaded 2 times (x 70B)
Class com.sun.xml.bind.v2.model.impl.FieldPropertySeed                                : loaded 2 times (x 90B)
Class com.sun.xml.bind.v2.model.annotation.Quick                                      : loaded 2 times (x 88B)
Class com.sun.xml.bind.v2.runtime.ArrayBeanInfoImpl                                   : loaded 2 times (x 89B)
Class com.google.gson.annotations.JsonAdapter                                         : loaded 2 times (x 70B)
Class com.google.gson.internal.bind.SerializationDelegatingTypeAdapter                : loaded 2 times (x 74B)
Class com.google.gson.internal.bind.TypeAdapters$18                                   : loaded 2 times (x 75B)
Class com.google.gson.internal.bind.TypeAdapters$5                                    : loaded 2 times (x 75B)
Class com.google.common.io.Resources$UrlByteSource                                    : loaded 2 times (x 85B)
Class com.google.common.collect.Lists$ReverseList                                     : loaded 2 times (x 200B)
Class com.google.common.base.CharMatcher$JavaLetter                                   : loaded 2 times (x 111B)
Class org.gradle.internal.classloader.ClassLoaderFactory                              : loaded 2 times (x 70B)
Class dagger.internal.codegen.writing.StaticFactoryInstanceSupplier                   : loaded 2 times (x 75B)
Class dagger.internal.codegen.writing.FrameworkInstanceBindingRepresentation_Factory_Impl: loaded 2 times (x 75B)
Class dagger.internal.codegen.writing.ComponentMethodRequestRepresentation_Factory    : loaded 2 times (x 72B)
Class dagger.internal.codegen.DaggerDelegateComponentProcessor_Injector$TopLevelImplementationComponentImpl: loaded 2 times (x 75B)
Class com.google.devtools.ksp.symbol.KSExpectActual                                   : loaded 2 times (x 70B)
Class dagger.spi.internal.shaded.androidx.room.compiler.codegen.kotlin.KotlinCodeBlock$Builder$Companion: loaded 2 times (x 71B)
Class com.google.common.io.ByteArrayDataInput                                         : loaded 2 times (x 70B)
Class dagger.internal.codegen.model.DependencyRequest                                 : loaded 2 times (x 75B)
Class dagger.internal.codegen.validation.ProducesMethodValidator$Validator            : loaded 2 times (x 80B)
Class dagger.internal.codegen.processingstep.MonitoringModuleGenerator_Factory        : loaded 2 times (x 82B)
Class org.objectweb.asm.ModuleVisitor                                                 : loaded 2 times (x 81B)
Class dagger.internal.codegen.validation.InjectValidator_Factory                      : loaded 2 times (x 82B)
Class dagger.spi.model.BindingGraphPlugin                                             : loaded 2 times (x 70B)
Class [Landroidx.room.processor.Context$ProcessorOptions;                             : loaded 2 times (x 69B)
Class com.bumptech.glide.repackaged.com.squareup.javapoet.ClassName                   : loaded 2 times (x 82B)
Class com.google.common.base.Utf8                                                     : loaded 2 times (x 71B)
Class dagger.spi.internal.shaded.kotlin.metadata.Attributes$isNegated$2               : loaded 2 times (x 137B)
Class dagger.spi.internal.shaded.kotlin.metadata.Attributes$hasAnnotations$22         : loaded 2 times (x 137B)
Class com.google.common.reflect.TypeResolver                                          : loaded 2 times (x 72B)
Class dagger.spi.internal.shaded.androidx.room.compiler.codegen.XClassName            : loaded 2 times (x 75B)
Class android.databinding.internal.org.antlr.v4.runtime.BaseErrorListener             : loaded 2 times (x 81B)
Class com.sun.xml.bind.v2.runtime.reflect.PrimitiveArrayListerByte                    : loaded 2 times (x 76B)
Class com.sun.xml.bind.v2.runtime.property.SingleReferenceNodeProperty$1              : loaded 2 times (x 85B)
Class com.sun.xml.bind.v2.runtime.unmarshaller.XsiNilLoader                           : loaded 2 times (x 80B)
Class javax.xml.bind.MarshalException                                                 : loaded 2 times (x 85B)
Class org.apache.commons.io.function.IOBiFunction                                     : loaded 2 times (x 70B)
Class [Lorg.apache.commons.io.FileSystem;                                             : loaded 2 times (x 69B)
Class org.apache.commons.io.CloseableURLConnection                                    : loaded 2 times (x 117B)
Class com.google.gson.internal.bind.ReflectiveTypeAdapterFactory$FieldReflectionAdapter: loaded 2 times (x 77B)
Class com.google.gson.internal.bind.TypeAdapters$19                                   : loaded 2 times (x 75B)
Class com.google.gson.internal.bind.TypeAdapters$6                                    : loaded 2 times (x 75B)
Class com.google.common.collect.ImmutableMap$SerializedForm                           : loaded 2 times (x 73B)
Class org.gradle.internal.service.CachingServiceLocator                               : loaded 2 times (x 82B)
Class com.google.common.reflect.Types$ClassOwnership$2                                : loaded 2 times (x 80B)
Class [Ldagger.internal.codegen.xprocessing.XTypeSpecs$Builder$Kind;                  : loaded 2 times (x 69B)
Class dagger.internal.codegen.validation.AutoValue_SpiModelBindingGraphConverter_BindingNodeImpl: loaded 2 times (x 105B)
Class dagger.spi.model.BindingGraph                                                   : loaded 2 times (x 95B)
Class dagger.internal.codegen.binding.MembersInjectionBinding$InjectionSite$Kind      : loaded 2 times (x 79B)
Class dagger.internal.codegen.binding.AutoValue_MembersInjectionBinding_InjectionSite : loaded 2 times (x 77B)
Class dagger.internal.codegen.binding.MembersInjectionBinding$InjectionSite           : loaded 2 times (x 76B)
Class com.google.common.collect.MapMakerInternalMap$StrongValueEntry                  : loaded 2 times (x 70B)
Class dagger.spi.internal.shaded.androidx.room.compiler.processing.XPackageElement    : loaded 2 times (x 70B)
Class [Lorg.jetbrains.org.objectweb.asm.Attribute;                                    : loaded 2 times (x 69B)
Class dagger.internal.codegen.validation.DiagnosticReporterFactory_Factory            : loaded 2 times (x 82B)
Class [Lorg.apache.commons.io.IOCase;                                                 : loaded 2 times (x 69B)
Class dagger.spi.internal.shaded.kotlin.metadata.internal.metadata.jvm.JvmProtoBuf$StringTableTypes$Record: loaded 2 times (x 119B)
Class dagger.spi.internal.shaded.kotlin.metadata.internal.protobuf.CodedOutputStream  : loaded 2 times (x 72B)
Class dagger.spi.internal.shaded.kotlin.metadata.internal.metadata.ProtoBuf$TypeParameter$Variance$1: loaded 2 times (x 74B)
Class dagger.spi.internal.shaded.kotlin.metadata.internal.protobuf.MessageLite$Builder: loaded 2 times (x 70B)
Class com.sun.xml.bind.v2.runtime.JAXBContextImpl$JAXBContextBuilder                  : loaded 2 times (x 86B)
Class com.sun.xml.bind.v2.model.annotation.XmlSchemaQuick                             : loaded 2 times (x 95B)
Class com.squareup.javapoet.WildcardTypeName                                          : loaded 2 times (x 81B)
Class dagger.spi.internal.shaded.androidx.room.compiler.codegen.XClassNameKt          : loaded 2 times (x 71B)
Class com.sun.xml.bind.annotation.XmlLocation                                         : loaded 2 times (x 70B)
Class android.databinding.internal.org.antlr.v4.runtime.atn.ATNConfigSet              : loaded 2 times (x 148B)
Class android.databinding.parser.BindingExpressionParser$ResourceContext              : loaded 2 times (x 133B)
Class dagger.spi.internal.shaded.androidx.room.compiler.processing.javac.JavacProcessingEnv$typeElementStore$1: loaded 2 times (x 79B)
Class androidx.room.compiler.processing.javac.JavacBasicAnnotationProcessor$steps$2   : loaded 2 times (x 79B)
Class dagger.hilt.processor.internal.generatesrootinput.GeneratesRootInputProcessor   : loaded 2 times (x 100B)
Class dagger.hilt.processor.internal.root.RootProcessor                               : loaded 2 times (x 100B)
Class dagger.spi.internal.shaded.androidx.room.compiler.processing.javac.JavacBasicAnnotationProcessor$xEnv$2: loaded 2 times (x 79B)
Class android.databinding.internal.org.antlr.v4.runtime.CommonTokenFactory            : loaded 2 times (x 79B)
Class org.apache.commons.io.filefilter.ConditionalFileFilter                          : loaded 2 times (x 70B)
Class com.google.gson.internal.$Gson$Preconditions                                    : loaded 2 times (x 71B)
Class com.google.gson.annotations.SerializedName                                      : loaded 2 times (x 70B)
Class com.google.gson.internal.bind.TypeAdapters$7                                    : loaded 2 times (x 75B)
Class dagger.spi.internal.shaded.androidx.room.compiler.codegen.kotlin.KotlinCodeBlock$Builder: loaded 2 times (x 88B)
Class dagger.spi.internal.shaded.androidx.room.compiler.codegen.kotlin.KotlinPropertySpec$Builder: loaded 2 times (x 77B)
Class dagger.internal.codegen.writing.SwitchingProviderInstanceSupplier_Factory       : loaded 2 times (x 72B)
Class dagger.internal.codegen.writing.SimpleMethodRequestRepresentation_Factory_Impl  : loaded 2 times (x 75B)
Class dagger.spi.model.Scope                                                          : loaded 2 times (x 72B)
Class dagger.internal.codegen.model.BindingGraph$MissingBinding                       : loaded 2 times (x 82B)
Class dagger.internal.codegen.model.BindingGraph$ComponentNode                        : loaded 2 times (x 70B)
Class dagger.internal.codegen.binding.AutoValue_BindingNode                           : loaded 2 times (x 109B)
Class dagger.internal.codegen.kotlin.KotlinMetadata                                   : loaded 2 times (x 78B)
Class dagger.internal.codegen.binding.ErrorMessages$Messages                          : loaded 2 times (x 72B)
Class dagger.spi.internal.shaded.androidx.room.compiler.processing.XProcessingEnv$Companion: loaded 2 times (x 71B)
Class dagger.internal.codegen.model.AutoValue_Key                                     : loaded 2 times (x 80B)
Class dagger.internal.codegen.writing.ProducerFactoryGenerator                        : loaded 2 times (x 77B)
Class dagger.internal.codegen.compileroption.ProcessingEnvironmentCompilerOptions$KeyOnlyOption: loaded 2 times (x 86B)
Class com.bumptech.glide.annotation.compiler.RequestManagerFactoryGenerator           : loaded 2 times (x 72B)
Class dagger.spi.internal.shaded.androidx.room.compiler.processing.KnownTypeNames     : loaded 2 times (x 71B)
Class dagger.spi.internal.shaded.kotlin.metadata.KmClassifier$Class                   : loaded 2 times (x 72B)
Class dagger.spi.internal.shaded.kotlin.metadata.internal.metadata.jvm.JvmProtoBuf$StringTableTypes: loaded 2 times (x 110B)
Class dagger.spi.internal.shaded.kotlin.metadata.internal.protobuf.SmallSortedMap$1   : loaded 2 times (x 130B)
Class dagger.hilt.processor.internal.definecomponent.DefineComponentBuilderMetadatas$DefineComponentBuilderMetadata: loaded 2 times (x 74B)
Class dagger.spi.internal.shaded.androidx.room.compiler.processing.javac.ElementExtKt : loaded 2 times (x 71B)
Class dagger.spi.internal.shaded.androidx.room.compiler.processing.javac.XTypeElementStore: loaded 2 times (x 72B)
Class dagger.spi.internal.shaded.androidx.room.compiler.processing.javac.AnnotationMirrorExtKt: loaded 2 times (x 71B)
Class dagger.spi.internal.shaded.com.google.auto.common.MoreElements                  : loaded 2 times (x 71B)
Class dagger.spi.internal.shaded.androidx.room.compiler.processing.javac.JavacProcessingEnv$typeElementStore$2: loaded 2 times (x 78B)
Class dagger.hilt.processor.internal.definecomponent.DefineComponentProcessingStep    : loaded 2 times (x 86B)
Class android.databinding.internal.org.antlr.v4.runtime.ConsoleErrorListener          : loaded 2 times (x 81B)
Class kotlin.properties.ReadOnlyProperty                                              : loaded 2 times (x 70B)
Class android.databinding.tool.ext.Replacement                                        : loaded 2 times (x 72B)
Class com.sun.xml.bind.v2.runtime.reflect.TransducedAccessor$CompositeContextDependentTransducedAccessorImpl: loaded 2 times (x 79B)
Class com.sun.xml.bind.v2.runtime.reflect.Accessor                                    : loaded 2 times (x 85B)
Class com.sun.xml.bind.v2.model.impl.RuntimeAttributePropertyInfoImpl                 : loaded 2 times (x 144B)
Class com.sun.xml.bind.api.AccessorException                                          : loaded 2 times (x 82B)
Class com.google.common.graph.ValueGraph                                              : loaded 2 times (x 70B)
Class org.apache.commons.io.file.Counters$AbstractPathCounters                        : loaded 2 times (x 82B)
Class org.apache.commons.io.filefilter.FileEqualsFileFilter                           : loaded 2 times (x 116B)
Class com.google.gson.internal.bind.CollectionTypeAdapterFactory$Adapter              : loaded 2 times (x 74B)
Class com.google.gson.internal.bind.TypeAdapters$8                                    : loaded 2 times (x 75B)
Class dagger.spi.internal.shaded.kotlin.metadata.internal.metadata.ProtoBuf$AnnotationOrBuilder: loaded 2 times (x 70B)
Class org.jetbrains.kotlin.build.report.metrics.BuildTime                             : loaded 2 times (x 70B)
Class com.google.common.collect.MapMakerInternalMap$InternalEntry                     : loaded 2 times (x 70B)
Class com.google.common.base.CharMatcher$JavaDigit                                    : loaded 2 times (x 111B)
Class com.google.common.reflect.Types$TypeVariableInvocationHandler                   : loaded 2 times (x 75B)
Class [Lcom.google.common.collect.HashBiMap$BiEntry;                                  : loaded 2 times (x 69B)
Class dagger.internal.codegen.writing.MembersInjectionBindingRepresentation           : loaded 2 times (x 75B)
Class dagger.hilt.processor.internal.DaggerModelsKt$WhenMappings                      : loaded 2 times (x 71B)
Class dagger.internal.codegen.validation.SpiModelBindingGraphConverter$SubcomponentCreatorBindingEdgeImpl: loaded 2 times (x 76B)
Class dagger.internal.codegen.extension.DaggerGraphs                                  : loaded 2 times (x 71B)
Class com.google.common.graph.NetworkConnections                                      : loaded 2 times (x 70B)
Class dagger.spi.internal.shaded.androidx.room.compiler.processing.javac.JavacFieldElement$kotlinMetadata$2: loaded 2 times (x 79B)
Class [Ldagger.spi.internal.shaded.androidx.room.compiler.processing.XType;           : loaded 2 times (x 69B)
Class [Ldagger.spi.internal.shaded.androidx.room.compiler.processing.XAnnotated;      : loaded 2 times (x 69B)
Class dagger.spi.internal.shaded.kotlin.metadata.KmValueParameter                     : loaded 2 times (x 72B)
Class dagger.internal.codegen.bindinggraphvalidation.NullableBindingValidator         : loaded 2 times (x 85B)
Class com.bumptech.glide.repackaged.com.google.common.collect.ImmutableSet            : loaded 2 times (x 142B)
Class dagger.spi.internal.shaded.androidx.room.compiler.processing.javac.kotlin.KmBaseTypeContainer: loaded 2 times (x 70B)
Class dagger.spi.internal.shaded.kotlin.metadata.Visibility                           : loaded 2 times (x 79B)
Class dagger.spi.internal.shaded.kotlin.metadata.Attributes$visibility$14             : loaded 2 times (x 137B)
Class dagger.spi.internal.shaded.kotlin.metadata.internal.protobuf.CodedOutputStream$OutOfSpaceException: loaded 2 times (x 82B)
Class dagger.spi.internal.shaded.kotlin.metadata.internal.metadata.jvm.deserialization.JvmNameResolver: loaded 2 times (x 80B)
Class dagger.spi.internal.shaded.kotlin.metadata.InconsistentKotlinMetadataException  : loaded 2 times (x 82B)
Class dagger.internal.codegen.binding.InjectionSiteFactory_Factory                    : loaded 2 times (x 82B)
Class dagger.spi.internal.shaded.androidx.room.compiler.processing.javac.JavacVariableElement$type$2: loaded 2 times (x 79B)
Class dagger.internal.codegen.validation.ModuleValidator$ModuleMethodKind             : loaded 2 times (x 79B)
Class dagger.internal.codegen.processingstep.ComponentProcessingStep_Factory          : loaded 2 times (x 82B)
Class dagger.spi.internal.shaded.androidx.room.compiler.processing.javac.JavacProcessingEnv$typeElementStore$3: loaded 2 times (x 79B)
Class dagger.internal.codegen.validation.SpiModelBindingGraphConverter$BindingNodeImpl: loaded 2 times (x 104B)
Class dagger.internal.codegen.writing.ComponentMethodRequestRepresentation_Factory_Impl: loaded 2 times (x 75B)
Class android.databinding.internal.org.antlr.v4.runtime.DefaultErrorStrategy          : loaded 2 times (x 105B)
Class com.sun.xml.bind.v2.runtime.reflect.Lister$1                                    : loaded 2 times (x 76B)
Class android.databinding.tool.store.Location                                         : loaded 2 times (x 78B)
Class com.sun.xml.bind.v2.model.nav.ReflectionNavigator$1                             : loaded 2 times (x 81B)
Class com.sun.xml.bind.v2.util.TypeCast                                               : loaded 2 times (x 71B)
Class com.google.gson.internal.bind.TypeAdapters$9                                    : loaded 2 times (x 75B)
Class android.databinding.tool.LibTypes$viewBinding$2                                 : loaded 2 times (x 79B)
Class org.jetbrains.org.objectweb.asm.Type                                            : loaded 2 times (x 72B)
Class org.jetbrains.kotlin.name.FqName                                                : loaded 2 times (x 72B)
Class org.jetbrains.kotlin.build.report.metrics.DoNothingBuildMetricsReporter         : loaded 2 times (x 86B)
Class org.objectweb.asm.signature.SignatureVisitor                                    : loaded 2 times (x 87B)
Class dagger.internal.codegen.binding.AssistedInjectionAnnotations$AssistedFactoryMetadata: loaded 2 times (x 81B)
Class [Ldagger.internal.codegen.writing.DelegateRequestRepresentation$ScopeKind;      : loaded 2 times (x 69B)
Class dagger.internal.codegen.writing.ComponentCreatorImplementationFactory           : loaded 2 times (x 72B)
Class dagger.internal.codegen.writing.BindingRepresentations_Factory$InstanceHolder   : loaded 2 times (x 71B)
Class dagger.internal.codegen.writing.SetRequestRepresentation_Factory_Impl           : loaded 2 times (x 75B)
Class dagger.internal.codegen.binding.BindingGraph$1                                  : loaded 2 times (x 71B)
Class com.google.common.collect.Multisets$ElementSet                                  : loaded 2 times (x 136B)
Class dagger.internal.codegen.writing.DirectInstanceBindingRepresentation$Factory     : loaded 2 times (x 70B)
Class dagger.internal.codegen.model.$AutoValue_Key                                    : loaded 2 times (x 80B)
Class dagger.internal.codegen.processingstep.ComponentHjarProcessingStep_Factory      : loaded 2 times (x 82B)
Class dagger.internal.codegen.DaggerDelegateComponentProcessor_Injector$TopLevelImplementationComponentFactory: loaded 2 times (x 75B)
Class dagger.internal.codegen.base.ElementFormatter                                   : loaded 2 times (x 85B)
Class [Ldagger.internal.codegen.compileroption.ProcessingEnvironmentCompilerOptions$KeyOnlyOption;: loaded 2 times (x 69B)
Class dagger.internal.codegen.writing.DelegatingFrameworkInstanceCreationExpression$Factory: loaded 2 times (x 70B)
Class dagger.hilt.processor.internal.kotlin.DaggerKotlinMetadataUtils_MetadataComponent$MetadataComponentImpl: loaded 2 times (x 75B)
Class dagger.spi.internal.shaded.androidx.room.compiler.codegen.kotlin.KotlinAnnotationSpec: loaded 2 times (x 72B)
Class dagger.spi.internal.shaded.kotlin.metadata.Attributes$hasAnnotations$26         : loaded 2 times (x 137B)
Class dagger.spi.internal.shaded.kotlin.metadata.jvm.JvmMetadataVersion$Companion     : loaded 2 times (x 71B)
Class dagger.spi.internal.shaded.kotlin.metadata.internal.metadata.ProtoBuf$Class     : loaded 2 times (x 180B)
Class dagger.spi.internal.shaded.kotlin.metadata.internal.protobuf.FieldSet$FieldDescriptorLite: loaded 2 times (x 70B)
Class dagger.spi.internal.shaded.kotlin.metadata.internal.protobuf.AbstractMessageLite: loaded 2 times (x 98B)
Class org.gradle.internal.service.UnknownServiceException                             : loaded 2 times (x 83B)
Class [Lorg.objectweb.asm.AnnotationVisitor;                                          : loaded 2 times (x 69B)
Class com.sun.xml.bind.v2.runtime.reflect.Lister$2                                    : loaded 2 times (x 77B)
Class com.sun.xml.bind.v2.runtime.reflect.DefaultTransducedAccessor                   : loaded 2 times (x 79B)
Class com.sun.xml.bind.v2.model.annotation.XmlTransientQuick                          : loaded 2 times (x 90B)
Class javax.xml.bind.annotation.XmlAccessorType                                       : loaded 2 times (x 70B)
Class com.sun.xml.bind.v2.model.nav.ReflectionNavigator$2                             : loaded 2 times (x 81B)
Class com.sun.xml.bind.v2.model.impl.EnumLeafInfoImpl                                 : loaded 2 times (x 128B)
Class com.google.common.collect.Maps$1                                                : loaded 2 times (x 82B)
Class com.google.common.util.concurrent.AbstractFuture$SafeAtomicHelper               : loaded 2 times (x 79B)
Class com.google.gson.JsonParseException                                              : loaded 2 times (x 82B)
Class org.jetbrains.org.objectweb.asm.TypePath                                        : loaded 2 times (x 72B)
Class org.jetbrains.kotlin.name.ClassId$Companion                                     : loaded 2 times (x 71B)
Class dagger.internal.codegen.writing.FrameworkFieldInitializer                       : loaded 2 times (x 75B)
Class dagger.internal.codegen.writing.ComponentRequirementRequestRepresentation       : loaded 2 times (x 74B)
Class dagger.internal.codegen.writing.ComponentCreatorImplementationFactory$BuilderForCreatorDescriptor: loaded 2 times (x 82B)
Class dagger.internal.codegen.binding.$AutoValue_ProvisionBinding                     : loaded 2 times (x 91B)
Class com.google.common.reflect.Types$ClassOwnership$1                                : loaded 2 times (x 80B)
Class com.google.common.collect.Maps$2                                                : loaded 2 times (x 82B)
Class dagger.internal.codegen.base.$AutoValue_ComponentAnnotation                     : loaded 2 times (x 76B)
Class dagger.internal.codegen.model.BindingKind                                       : loaded 2 times (x 79B)
Class dagger.internal.codegen.compileroption.ProcessingEnvironmentCompilerOptions$Validation: loaded 2 times (x 93B)
Class dagger.internal.codegen.ProcessingEnvironmentModule                             : loaded 2 times (x 70B)
Class dagger.internal.codegen.ServiceLoaders$1                                        : loaded 2 times (x 71B)
Class com.bumptech.glide.annotation.compiler.GlideGenerator                           : loaded 2 times (x 72B)
Class com.google.common.graph.Traverser$3                                             : loaded 2 times (x 80B)
Class dagger.spi.internal.shaded.kotlin.metadata.MemberKind                           : loaded 2 times (x 79B)
Class dagger.spi.internal.shaded.kotlin.metadata.jvm.internal.JvmConstructorExtension : loaded 2 times (x 77B)
Class dagger.spi.internal.shaded.kotlin.metadata.internal.metadata.jvm.JvmProtoBuf$JvmPropertySignature$1: loaded 2 times (x 144B)
Class dagger.internal.codegen.xprocessing.XTypes                                      : loaded 2 times (x 71B)
Class dagger.internal.codegen.xprocessing.XAnnotations$1                              : loaded 2 times (x 84B)
Class com.google.common.base.AbstractIterator$State                                   : loaded 2 times (x 79B)
Class dagger.hilt.processor.internal.optionvalues.BooleanValue                        : loaded 2 times (x 79B)
Class com.android.tools.build.jetifier.core.type.JavaType                             : loaded 2 times (x 72B)
Class android.databinding.internal.org.antlr.v4.runtime.NoViableAltException          : loaded 2 times (x 91B)
Class android.databinding.internal.org.antlr.v4.runtime.atn.SetTransition             : loaded 2 times (x 76B)
Class android.databinding.parser.BindingExpressionParser$BinaryOpContext              : loaded 2 times (x 134B)
Class com.sun.xml.bind.v2.model.nav.ReflectionNavigator$3                             : loaded 2 times (x 77B)
Class com.sun.xml.bind.v2.model.annotation.XmlValueQuick                              : loaded 2 times (x 90B)
Class com.sun.istack.Pool                                                             : loaded 2 times (x 70B)
Class com.google.common.collect.MapMakerInternalMap$Strength$2                        : loaded 2 times (x 80B)
Class android.databinding.tool.LibTypes$appCompatResources$2                          : loaded 2 times (x 79B)
Class com.google.common.collect.ImmutableSortedMap                                    : loaded 2 times (x 217B)
Class com.google.common.reflect.Types$ClassOwnership$1LocalClass                      : loaded 2 times (x 71B)
Class org.gradle.internal.classloader.ClasspathUtil                                   : loaded 2 times (x 71B)
Class dagger.spi.internal.shaded.androidx.room.compiler.processing.KotlinPoetExtKt    : loaded 2 times (x 71B)
Class dagger.internal.codegen.writing.MethodRequestRepresentation                     : loaded 2 times (x 78B)
Class dagger.spi.internal.shaded.androidx.room.compiler.codegen.CodeLanguage          : loaded 2 times (x 79B)
Class dagger.spi.internal.shaded.androidx.room.compiler.codegen.XAnnotationSpec$Builder: loaded 2 times (x 70B)
Class com.google.gson.internal.LinkedTreeMap$Node                                     : loaded 2 times (x 79B)
Class dagger.internal.codegen.model.BindingGraph$SubcomponentCreatorBindingEdge       : loaded 2 times (x 70B)
Class dagger.internal.codegen.binding.$AutoValue_AssistedInjectionBinding$Builder     : loaded 2 times (x 97B)
Class dagger.spi.internal.shaded.androidx.room.compiler.processing.javac.kotlin.JvmAbi: loaded 2 times (x 71B)
Class com.sun.xml.bind.v2.runtime.JAXBContextImpl$6                                   : loaded 2 times (x 91B)
Class dagger.spi.internal.shaded.androidx.room.compiler.processing.javac.JavacMethodType$NormalMethodType: loaded 2 times (x 91B)
Class dagger.internal.codegen.model.BindingGraphPlugin                                : loaded 2 times (x 70B)
Class dagger.internal.codegen.validation.MultibindsMethodValidator$Validator          : loaded 2 times (x 80B)
Class dagger.internal.codegen.processingstep.AssistedProcessingStep_Factory           : loaded 2 times (x 82B)
Class dagger.hilt.android.processor.internal.viewmodel.ViewModelValidationPlugin      : loaded 2 times (x 83B)
Class androidx.room.processor.Context                                                 : loaded 2 times (x 72B)
Class com.bumptech.glide.annotation.compiler.LibraryModuleProcessor                   : loaded 2 times (x 72B)
Class dagger.spi.internal.shaded.kotlin.metadata.internal.metadata.ProtoBuf$ContractOrBuilder: loaded 2 times (x 70B)
Class dagger.spi.internal.shaded.androidx.room.compiler.processing.javac.JavacArrayType: loaded 2 times (x 209B)
Class com.sun.xml.bind.v2.model.runtime.RuntimeTypeRef                                : loaded 2 times (x 70B)
Class android.databinding.internal.org.antlr.v4.runtime.atn.BlockStartState           : loaded 2 times (x 83B)
Class android.databinding.parser.BindingExpressionParser$LambdaParametersContext      : loaded 2 times (x 132B)
Class [Lcom.google.common.base.StandardSystemProperty;                                : loaded 2 times (x 69B)
Class com.sun.istack.SAXException2                                                    : loaded 2 times (x 83B)
Class com.sun.xml.bind.v2.runtime.output.IndentingUTF8XmlOutput                       : loaded 2 times (x 101B)
Class com.sun.xml.bind.v2.runtime.property.UnmarshallerChain                          : loaded 2 times (x 72B)
Class com.sun.xml.bind.v2.runtime.unmarshaller.TextLoader                             : loaded 2 times (x 78B)
Class android.databinding.internal.org.antlr.v4.runtime.tree.SyntaxTree               : loaded 2 times (x 70B)
Class com.sun.xml.bind.v2.TODO                                                        : loaded 2 times (x 71B)
Class com.sun.xml.bind.v2.model.runtime.RuntimeElementPropertyInfo                    : loaded 2 times (x 70B)
Class com.sun.xml.bind.v2.model.impl.RuntimeBuiltinLeafInfoImpl$20                    : loaded 2 times (x 136B)
Class com.sun.xml.bind.v2.runtime.property.SingleMapNodeProperty                      : loaded 2 times (x 102B)
Class androidx.databinding.InverseMethod                                              : loaded 2 times (x 70B)
Class com.google.common.base.Charsets                                                 : loaded 2 times (x 71B)
Class com.google.common.util.concurrent.Uninterruptibles                              : loaded 2 times (x 71B)
Class dagger.internal.codegen.binding.MethodSignature                                 : loaded 2 times (x 74B)
Class com.google.common.graph.Traverser$5                                             : loaded 2 times (x 80B)
Class dagger.internal.codegen.writing.ComponentCreatorImplementationFactory_Factory   : loaded 2 times (x 82B)
Class android.databinding.internal.org.antlr.v4.runtime.misc.Array2DHashSet           : loaded 2 times (x 140B)
Class dagger.internal.codegen.binding.BindingGraph                                    : loaded 2 times (x 82B)
Class com.google.common.graph.DirectedMultiNetworkConnections$1                       : loaded 2 times (x 137B)
Class dagger.spi.internal.shaded.kotlin.metadata.internal.metadata.ProtoBuf$Effect$InvocationKind: loaded 2 times (x 82B)
Class dagger.internal.codegen.binding.ErrorMessages$BuilderMessages                   : loaded 2 times (x 81B)
Class android.databinding.parser.BindingExpressionParser                              : loaded 2 times (x 150B)
Class [Ldagger.internal.codegen.base.ComponentKind;                                   : loaded 2 times (x 69B)
Class [Ldagger.internal.codegen.xprocessing.XTypeElements$Visibility;                 : loaded 2 times (x 69B)
Class dagger.internal.codegen.componentgenerator.ComponentGeneratorModule_ComponentHjarGeneratorFactory: loaded 2 times (x 82B)
Class dagger.internal.codegen.validation.ComponentDescriptorValidator_Factory         : loaded 2 times (x 82B)
Class dagger.internal.codegen.writing.LazyMapKeyProxyGenerator                        : loaded 2 times (x 77B)
Class dagger.internal.codegen.bindinggraphvalidation.ProvisionDependencyOnProducerBindingValidator: loaded 2 times (x 85B)
Class dagger.internal.codegen.processingstep.TypeCheckingProcessingStep               : loaded 2 times (x 86B)
Class dagger.internal.codegen.binding.SourceFiles_Factory                             : loaded 2 times (x 81B)
Class com.bumptech.glide.annotation.compiler.RequestOptionsGenerator                  : loaded 2 times (x 72B)
Class dagger.spi.internal.shaded.kotlin.metadata.Attributes$visibility$18             : loaded 2 times (x 137B)
Class dagger.spi.internal.shaded.kotlin.metadata.internal.ReadContext                 : loaded 2 times (x 72B)
Class dagger.spi.internal.shaded.kotlin.metadata.internal.metadata.jvm.JvmProtoBuf$StringTableTypes$1: loaded 2 times (x 144B)
Class dagger.spi.internal.shaded.kotlin.metadata.jvm.internal.JvmExceptionUtilsKt     : loaded 2 times (x 71B)
Class kotlin.collections.CollectionsKt___CollectionsKt$asSequence$$inlined$Sequence$1 : loaded 2 times (x 75B)
Class net.ltgt.gradle.incap.IncrementalAnnotationProcessorType                        : loaded 2 times (x 79B)
Class dagger.spi.internal.shaded.androidx.room.compiler.processing.XElementKt         : loaded 2 times (x 71B)
Class com.squareup.kotlinpoet.ClassName$special$$inlined$compareBy$1                  : loaded 2 times (x 89B)
Class dagger.hilt.processor.internal.aggregateddeps.AutoValue_ComponentDependencies$Builder: loaded 2 times (x 76B)
Class dagger.spi.internal.shaded.kotlin.metadata.internal.metadata.ProtoBuf$Type      : loaded 2 times (x 145B)
Class com.android.tools.build.jetifier.core.config.Config                             : loaded 2 times (x 72B)
Class com.sun.xml.bind.v2.model.nav.ReflectionNavigator$5                             : loaded 2 times (x 77B)
Class com.sun.xml.bind.v2.model.impl.RuntimeBuiltinLeafInfoImpl$21                    : loaded 2 times (x 136B)
Class com.sun.xml.bind.v2.model.runtime.RuntimeTypeInfo                               : loaded 2 times (x 70B)
Class org.jetbrains.org.objectweb.asm.ModuleVisitor                                   : loaded 2 times (x 80B)
Class com.google.common.io.CharSource                                                 : loaded 2 times (x 85B)
Class com.google.common.base.CharMatcher$JavaUpperCase                                : loaded 2 times (x 111B)
Class org.gradle.api.specs.Spec                                                       : loaded 2 times (x 70B)
Class dagger.spi.internal.shaded.androidx.room.compiler.processing.javac.kotlin.KmClassContainer$functionByDescriptor$2: loaded 2 times (x 79B)
Class dagger.internal.codegen.binding.AssistedInjectionBinding                        : loaded 2 times (x 92B)
Class dagger.internal.codegen.writing.GeneratedImplementation                         : loaded 2 times (x 70B)
Class com.google.common.graph.ImmutableNetwork                                        : loaded 2 times (x 140B)
Class dagger.spi.internal.shaded.kotlin.metadata.jvm.internal.JvmTypeParameterExtension$Companion: loaded 2 times (x 71B)
Class dagger.internal.codegen.binding.AutoValue_ComponentDeclarations_TypeNameKey     : loaded 2 times (x 75B)
Class dagger.internal.codegen.validation.BindingElementValidator$1                    : loaded 2 times (x 71B)
Class dagger.internal.codegen.binding.ProductionBinding                               : loaded 2 times (x 93B)
Class dagger.internal.codegen.validation.ExternalBindingGraphPlugins                  : loaded 2 times (x 72B)
Class dagger.internal.codegen.binding.ComponentDeclarations_Factory_Factory           : loaded 2 times (x 82B)
Class dagger.internal.codegen.binding.MultibindingDeclaration_Factory_Factory         : loaded 2 times (x 82B)
Class com.bumptech.glide.annotation.compiler.AppModuleProcessor                       : loaded 2 times (x 72B)
Class dagger.hilt.processor.internal.kotlin.KotlinMetadataUtil                        : loaded 2 times (x 72B)
Class dagger.spi.internal.shaded.kotlin.metadata.jvm.internal.JvmPropertyExtension    : loaded 2 times (x 77B)
Class dagger.spi.internal.shaded.kotlin.metadata.internal.metadata.jvm.deserialization.ClassMapperLite: loaded 2 times (x 71B)
Class dagger.spi.internal.shaded.kotlin.metadata.internal.metadata.ProtoBuf$Contract  : loaded 2 times (x 107B)
Class dagger.spi.internal.shaded.kotlin.metadata.internal.metadata.ProtoBuf$ConstructorOrBuilder: loaded 2 times (x 70B)
Class dagger.internal.codegen.xprocessing.AutoValue_Nullability                       : loaded 2 times (x 76B)
Class dagger.internal.codegen.binding.AutoValue_ComponentDescriptor_ComponentMethodDescriptor$Builder: loaded 2 times (x 78B)
Class dagger.spi.internal.shaded.androidx.room.compiler.codegen.compat.XConverters    : loaded 2 times (x 71B)
Class dagger.spi.internal.shaded.kotlin.metadata.internal.metadata.ProtoBuf$Expression$ConstantValue$1: loaded 2 times (x 74B)
Class com.android.tools.build.jetifier.core.rule.RewriteRulesMap$Companion            : loaded 2 times (x 71B)
Class android.databinding.internal.org.antlr.v4.runtime.InputMismatchException        : loaded 2 times (x 89B)
Class android.databinding.internal.org.antlr.v4.runtime.atn.LexerAction               : loaded 2 times (x 70B)
Class com.sun.xml.bind.v2.model.impl.RuntimeBuiltinLeafInfoImpl$22                    : loaded 2 times (x 136B)
Class com.sun.xml.bind.v2.model.nav.ReflectionNavigator$6                             : loaded 2 times (x 81B)
Class dagger.spi.model.BindingGraph$MissingBinding                                    : loaded 2 times (x 82B)
Class com.google.gson.internal.sql.SqlDateTypeAdapter                                 : loaded 2 times (x 74B)
Class build_2vgxwk05xzolhywd7eyqqr1s0                                                 : loaded 2 times (x 180B)
Class org.jetbrains.kotlin.name.Name                                                  : loaded 2 times (x 75B)
Class com.google.common.collect.MapMaker                                              : loaded 2 times (x 72B)
Class com.google.common.reflect.Types$JavaVersion                                     : loaded 2 times (x 83B)
Class dagger.internal.codegen.writing.ComponentInstanceRequestRepresentation          : loaded 2 times (x 74B)
Class dagger.internal.codegen.xprocessing.XParameterSpecs                             : loaded 2 times (x 71B)
Class dagger.internal.codegen.writing.OptionalFactoryInstanceCreationExpression_Factory: loaded 2 times (x 72B)
Class dagger.internal.codegen.binding.AutoValue_BindingGraph_TopLevelBindingGraph     : loaded 2 times (x 101B)
Class dagger.internal.codegen.binding.LegacyBindingGraphFactory$LegacyResolvedBindings: loaded 2 times (x 74B)
Class dagger.spi.internal.shaded.androidx.room.compiler.processing.ksp.KSTypeJavaPoetExtKt: loaded 2 times (x 71B)
Class com.google.common.collect.Maps$Values                                           : loaded 2 times (x 118B)
Class dagger.spi.internal.shaded.androidx.room.compiler.codegen.XPropertySpec$Builder : loaded 2 times (x 70B)
Class dagger.internal.codegen.validation.ProducesMethodValidator_Factory              : loaded 2 times (x 82B)
Class androidx.room.DatabaseProcessingStep$Companion                                  : loaded 2 times (x 71B)
Class dagger.hilt.processor.internal.kotlin.KotlinMetadataFactory_Factory             : loaded 2 times (x 81B)
Class [Ldagger.spi.internal.shaded.kotlin.metadata.ClassKind;                         : loaded 2 times (x 69B)
Class dagger.spi.internal.shaded.androidx.room.compiler.processing.javac.kotlin.KmClassContainer$superType$2: loaded 2 times (x 79B)
Class dagger.internal.codegen.writing.SimpleMethodRequestRepresentation               : loaded 2 times (x 74B)
Class dagger.internal.codegen.xprocessing.XAnnotationSpecs$Suppression                : loaded 2 times (x 79B)
Class org.gradle.api.internal.ClassPathProvider                                       : loaded 2 times (x 70B)
Class [Lorg.gradle.api.internal.ClassPathProvider;                                    : loaded 2 times (x 69B)
Class org.apache.http.HttpEntityEnclosingRequest                                      : loaded 2 times (x 70B)
Class com.android.tools.build.jetifier.core.pom.PomRewriteRule$JsonData               : loaded 2 times (x 72B)
Class android.databinding.internal.org.antlr.v4.runtime.atn.ProfilingATNSimulator     : loaded 2 times (x 119B)
Class android.databinding.internal.org.antlr.v4.runtime.atn.StarLoopEntryState        : loaded 2 times (x 83B)
Class android.databinding.internal.org.antlr.v4.runtime.atn.TokensStartState          : loaded 2 times (x 82B)
Class android.databinding.parser.BindingExpressionParser$BindingSyntaxContext         : loaded 2 times (x 132B)
Class com.sun.xml.bind.v2.model.nav.ParameterizedTypeImpl                             : loaded 2 times (x 85B)
Class com.sun.xml.bind.v2.runtime.reflect.Accessor$GetterSetterReflection             : loaded 2 times (x 85B)
Class com.sun.xml.bind.v2.model.impl.RuntimeBuiltinLeafInfoImpl$23                    : loaded 2 times (x 136B)
Class javax.activation.DataHandler                                                    : loaded 2 times (x 92B)
Class com.sun.xml.bind.v2.model.runtime.RuntimeTypeInfoSet                            : loaded 2 times (x 70B)
Class com.sun.xml.bind.v2.model.impl.TypeInfoSetImpl                                  : loaded 2 times (x 111B)
Class org.jetbrains.org.objectweb.asm.Symbol                                          : loaded 2 times (x 73B)
Class dagger.spi.internal.shaded.androidx.room.compiler.codegen.XFunSpec$Builder      : loaded 2 times (x 70B)
Class dagger.internal.codegen.xprocessing.XTypeSpecs                                  : loaded 2 times (x 71B)
Class dagger.internal.codegen.writing.ProvisionBindingRepresentation$Factory          : loaded 2 times (x 70B)
Class dagger.internal.codegen.writing.MapRequestRepresentation_Factory                : loaded 2 times (x 72B)
Class dagger.spi.internal.shaded.kotlin.metadata.KmFlexibleTypeUpperBound             : loaded 2 times (x 72B)
Class dagger.internal.codegen.binding.$AutoValue_BoundInstanceBinding$Builder         : loaded 2 times (x 95B)
Class dagger.spi.internal.shaded.kotlin.metadata.internal.metadata.ProtoBuf$VersionRequirement$VersionKind$1: loaded 2 times (x 74B)
Class com.google.common.collect.MapMakerInternalMap$Strength$1                        : loaded 2 times (x 80B)
Class dagger.internal.codegen.binding.ComponentRequirement$Kind                       : loaded 2 times (x 79B)
Class com.google.common.io.CharSource$ConcatenatedCharSource                          : loaded 2 times (x 86B)
Class dagger.internal.codegen.binding.MultibindingDeclaration                         : loaded 2 times (x 78B)
Class dagger.internal.codegen.writing.UnwrappedMapKeyGenerator_Factory                : loaded 2 times (x 82B)
Class dagger.internal.codegen.writing.ModuleProxies$ModuleConstructorProxyGenerator   : loaded 2 times (x 77B)
Class dagger.internal.codegen.binding.Declaration                                     : loaded 2 times (x 74B)
Class dagger.internal.codegen.compileroption.ProcessingEnvironmentCompilerOptions$CommandLineOption: loaded 2 times (x 70B)
Class dagger.internal.codegen.validation.ComponentValidator_Factory                   : loaded 2 times (x 82B)
Class com.intellij.gradle.toolingExtension.impl.initScript.util.GradleTasksUtil       : loaded 2 times (x 71B)
Class dagger.hilt.processor.internal.kotlin.DaggerKotlinMetadataUtils_MetadataComponent: loaded 2 times (x 71B)
Class dagger.spi.internal.shaded.kotlin.metadata.KmEffectExpression                   : loaded 2 times (x 72B)
Class dagger.spi.internal.shaded.kotlin.metadata.internal.protobuf.AbstractParser     : loaded 2 times (x 144B)
Class com.google.gson.FieldNamingStrategy                                             : loaded 2 times (x 70B)
Class com.google.gson.JsonArray                                                       : loaded 2 times (x 100B)
Class com.sun.xml.bind.v2.runtime.JAXBContextImpl$5                                   : loaded 2 times (x 74B)
Class kotlin.collections.MapWithDefaultImpl                                           : loaded 2 times (x 126B)
Class com.sun.xml.bind.v2.model.runtime.RuntimeValuePropertyInfo                      : loaded 2 times (x 70B)
Class com.sun.xml.bind.v2.model.impl.ClassInfoImpl$PropertyGroup                      : loaded 2 times (x 79B)
Class com.sun.xml.bind.v2.model.core.ID                                               : loaded 2 times (x 79B)
Class com.android.tools.build.jetifier.core.config.ConfigParser                       : loaded 2 times (x 71B)
Class com.sun.xml.bind.v2.runtime.reflect.Lister                                      : loaded 2 times (x 76B)
Class com.sun.xml.bind.v2.model.core.NonElementRef                                    : loaded 2 times (x 70B)
Class com.sun.xml.bind.v2.model.annotation.XmlAttributeQuick                          : loaded 2 times (x 93B)
Class com.sun.xml.bind.v2.model.impl.RuntimeBuiltinLeafInfoImpl$24                    : loaded 2 times (x 137B)
Class com.sun.xml.bind.Util                                                           : loaded 2 times (x 71B)
Class org.apache.commons.io.filefilter.AndFileFilter                                  : loaded 2 times (x 127B)
Class android.databinding.tool.store.ResourceBundle                                   : loaded 2 times (x 84B)
Class com.google.gson.internal.bind.ReflectiveTypeAdapterFactory$RecordAdapter        : loaded 2 times (x 77B)
Class androidx.databinding.BindingMethods                                             : loaded 2 times (x 70B)
Class com.google.common.io.LineReader$1                                               : loaded 2 times (x 75B)
Class com.google.common.collect.MapMakerInternalMap$StrongKeyDummyValueEntry          : loaded 2 times (x 82B)
Class com.google.common.reflect.Invokable$MethodInvokable                             : loaded 2 times (x 107B)
Class dagger.internal.codegen.base.MapKeyAccessibility                                : loaded 2 times (x 71B)
Class android.databinding.internal.org.antlr.v4.runtime.tree.RuleNode                 : loaded 2 times (x 70B)
Class dagger.internal.codegen.binding.$AutoValue_BoundInstanceBinding                 : loaded 2 times (x 91B)
Class dagger.internal.codegen.binding.AssistedInjectionBinding$Builder                : loaded 2 times (x 80B)
Class com.sun.xml.bind.v2.runtime.property.ArrayProperty                              : loaded 2 times (x 102B)
Class dagger.spi.internal.shaded.com.google.auto.common.Visibility                    : loaded 2 times (x 79B)
Class com.sun.xml.bind.v2.runtime.property.PropertyFactory$1                          : loaded 2 times (x 71B)
Class android.databinding.internal.org.antlr.v4.runtime.CharStream                    : loaded 2 times (x 70B)
Class dagger.spi.internal.shaded.com.google.auto.common.MoreTypes$ExecutableTypeVisitor: loaded 2 times (x 102B)
Class dagger.hilt.android.processor.internal.viewmodel.ViewModelValidationPluginKt    : loaded 2 times (x 71B)
Class dagger.internal.codegen.validation.ProvidesMethodValidator                      : loaded 2 times (x 78B)
Class dagger.internal.codegen.DelegateComponentProcessor_SourceFileGeneratorsModule_FactoryGeneratorFactory: loaded 2 times (x 82B)
Class com.bumptech.glide.annotation.compiler.ProcessorUtil                            : loaded 2 times (x 72B)
Class dagger.hilt.processor.internal.root.ComponentGenerator                          : loaded 2 times (x 72B)
Class dagger.spi.internal.shaded.androidx.room.compiler.processing.javac.JavacConstructorElement$kotlinMetadata$2: loaded 2 times (x 79B)
Class dagger.spi.internal.shaded.kotlin.metadata.internal.metadata.deserialization.ProtoTypeTableUtilKt: loaded 2 times (x 71B)
Class dagger.spi.internal.shaded.kotlin.metadata.internal.metadata.jvm.JvmProtoBuf$JvmFieldSignature: loaded 2 times (x 108B)
Class dagger.hilt.processor.internal.aggregateddeps.ComponentDependencies$1           : loaded 2 times (x 71B)
Class androidx.room.RoomProcessor$1                                                   : loaded 2 times (x 78B)
Class [Ldagger.hilt.processor.internal.root.RootType;                                 : loaded 2 times (x 69B)
Class com.google.devtools.ksp.symbol.KSNode                                           : loaded 2 times (x 70B)
Class dagger.spi.internal.shaded.androidx.room.compiler.processing.javac.JavacTypeElement$enclosingElement$2: loaded 2 times (x 79B)
Class dagger.spi.internal.shaded.androidx.room.compiler.processing.javac.JavacElement : loaded 2 times (x 177B)
Class dagger.hilt.processor.internal.root.Root                                        : loaded 2 times (x 77B)
Class com.google.common.graph.ElementOrder$1                                          : loaded 2 times (x 71B)
Class android.databinding.parser.BindingExpressionParser$CastOpContext                : loaded 2 times (x 134B)
Class com.sun.xml.bind.v2.runtime.reflect.Accessor$FieldReflection                    : loaded 2 times (x 85B)
Class com.sun.xml.bind.v2.model.runtime.RuntimeNonElementRef                          : loaded 2 times (x 70B)
Class com.sun.xml.bind.v2.runtime.unmarshaller.Base64Data                             : loaded 2 times (x 89B)
Class [Ldagger.spi.internal.shaded.kotlin.metadata.internal.protobuf.WireFormat$JavaType;: loaded 2 times (x 69B)
Class com.google.gson.internal.reflect.ReflectionHelper$RecordNotSupportedHelper      : loaded 2 times (x 78B)
Class com.google.gson.internal.$Gson$Types                                            : loaded 2 times (x 71B)
Class com.google.gson.JsonIOException                                                 : loaded 2 times (x 82B)
Class androidx.databinding.InverseBindingAdapter                                      : loaded 2 times (x 70B)
Class dagger.spi.internal.shaded.kotlin.metadata.internal.protobuf.Internal$EnumLiteMap: loaded 2 times (x 70B)
Class [Lorg.objectweb.asm.AnnotationWriter;                                           : loaded 2 times (x 69B)
Class dagger.internal.codegen.binding.AssistedInjectionAnnotations$AssistedParameter  : loaded 2 times (x 74B)
Class [Ldagger.internal.codegen.writing.FrameworkFieldInitializer$InitializationState;: loaded 2 times (x 69B)
Class dagger.spi.internal.shaded.kotlin.metadata.jvm.internal.JvmClassExtension$Companion: loaded 2 times (x 71B)
Class dagger.spi.internal.shaded.androidx.room.compiler.codegen.XCodeBlock$Builder$Companion: loaded 2 times (x 71B)
Class dagger.internal.codegen.writing.InjectionOrProvisionProviderCreationExpression_Factory_Impl: loaded 2 times (x 75B)
Class dagger.internal.codegen.writing.ProducerNodeInstanceRequestRepresentation$Factory: loaded 2 times (x 70B)
Class dagger.internal.codegen.writing.SetRequestRepresentation_Factory                : loaded 2 times (x 72B)
Class dagger.internal.codegen.writing.AssistedFactoryRequestRepresentation_Factory    : loaded 2 times (x 72B)
Class dagger.internal.codegen.DaggerDelegateComponentProcessor_Injector$CurrentImplementationSubcomponentImpl: loaded 2 times (x 75B)
Class dagger.internal.codegen.binding.AssistedFactoryBinding$Builder                  : loaded 2 times (x 79B)
Class dagger.internal.codegen.kotlin.ParameterMetadata                                : loaded 2 times (x 72B)
Class dagger.internal.codegen.binding.ComponentDescriptor$ComponentMethodDescriptor$Builder: loaded 2 times (x 70B)
Class dagger.spi.internal.shaded.kotlin.metadata.internal.BooleanFlagDelegate         : loaded 2 times (x 72B)
Class dagger.spi.internal.shaded.kotlin.metadata.Attributes$modality$2                : loaded 2 times (x 137B)
Class dagger.internal.codegen.processingstep.SuperficialValidator                     : loaded 2 times (x 75B)
Class dagger.internal.codegen.binding.DelegateBinding                                 : loaded 2 times (x 91B)
Class dagger.internal.codegen.base.SourceFileGenerator                                : loaded 2 times (x 77B)
Class dagger.internal.codegen.binding.SourceFiles                                     : loaded 2 times (x 71B)
Class dagger.internal.codegen.DaggerDelegateComponentProcessor_Injector               : loaded 2 times (x 71B)
Class dagger.spi.internal.shaded.kotlin.metadata.KmPropertyAccessorAttributes         : loaded 2 times (x 71B)
Class dagger.spi.internal.shaded.kotlin.metadata.internal.metadata.deserialization.Flags$EnumLiteFlagField: loaded 2 times (x 76B)
Class dagger.spi.internal.shaded.androidx.room.compiler.processing.javac.kotlin.KmClassContainer$superTypes$2: loaded 2 times (x 79B)
Class dagger.spi.internal.shaded.kotlin.metadata.internal.metadata.ProtoBuf$FunctionOrBuilder: loaded 2 times (x 70B)
Class dagger.internal.codegen.processingstep.AssistedFactoryProcessingStep            : loaded 2 times (x 86B)
Class dagger.internal.codegen.componentgenerator.ComponentGeneratorModule             : loaded 2 times (x 70B)
Class dagger.internal.codegen.model.DaggerAnnotation                                  : loaded 2 times (x 75B)
Class dagger.spi.internal.shaded.androidx.room.compiler.processing.XProcessingEnv$Platform: loaded 2 times (x 79B)
Class dagger.internal.codegen.kotlin.AutoValue_KotlinMetadata                         : loaded 2 times (x 80B)
Class dagger.internal.codegen.binding.LegacyBindingGraphFactory$Resolver$RequiresResolutionChecker: loaded 2 times (x 72B)
Class dagger.internal.codegen.binding.FrameworkType$3                                 : loaded 2 times (x 71B)
Class kotlin.Triple                                                                   : loaded 2 times (x 72B)
Class dagger.internal.codegen.writing.DependencyMethodProviderCreationExpression_Factory_Impl: loaded 2 times (x 75B)
Class [Lcom.sun.xml.bind.v2.runtime.property.StructureLoaderBuilder;                  : loaded 2 times (x 69B)
Class com.sun.xml.bind.v2.model.impl.RuntimeBuiltinLeafInfoImpl$26                    : loaded 2 times (x 136B)
Class com.sun.xml.bind.v2.model.impl.RuntimeBuiltinLeafInfoImpl$10$1                  : loaded 2 times (x 356B)
Class com.sun.xml.bind.v2.runtime.BinderImpl                                          : loaded 2 times (x 86B)
Class com.sun.xml.bind.v2.model.core.TypeInfo                                         : loaded 2 times (x 70B)
Class org.apache.commons.io.filefilter.SuffixFileFilter                               : loaded 2 times (x 116B)
Class dagger.internal.codegen.writing.ProducerCreationExpression_Factory              : loaded 2 times (x 72B)
Class settings_conky7v08ynjg5aq0k2thxoxe                                              : loaded 2 times (x 179B)
Class com.google.common.collect.Lists$ReverseList$1                                   : loaded 2 times (x 99B)
Class com.google.common.collect.ImmutableRangeSet$Builder                             : loaded 2 times (x 77B)
Class com.google.common.cache.LocalCache$StrongValueReference                         : loaded 2 times (x 90B)
Class com.google.common.base.CharMatcher$Invisible                                    : loaded 2 times (x 112B)
Class com.google.common.util.concurrent.AbstractFuture$SynchronizedHelper             : loaded 2 times (x 78B)
Class dagger.internal.codegen.writing.AssistedFactoryRequestRepresentation            : loaded 2 times (x 74B)
Class dagger.spi.internal.shaded.androidx.room.compiler.codegen.impl.XAnnotationSpecImpl: loaded 2 times (x 72B)
Class dagger.spi.internal.shaded.androidx.room.compiler.codegen.XCodeBlock$Companion$ofNewInstance$1$WhenMappings: loaded 2 times (x 71B)
Class dagger.internal.codegen.writing.ComponentCreatorImplementationFactory$1         : loaded 2 times (x 71B)
Class dagger.internal.codegen.writing.ComponentImplementation_Factory                 : loaded 2 times (x 82B)
Class dagger.internal.codegen.DaggerDelegateComponentProcessor_Injector$TopLevelImplementationComponentImpl$1: loaded 2 times (x 82B)
Class dagger.internal.codegen.bindinggraphvalidation.DependencyCycleValidator$1       : loaded 2 times (x 71B)
Class dagger.internal.codegen.binding.SubcomponentCreatorBindingEdgeImpl              : loaded 2 times (x 75B)
Class dagger.spi.internal.shaded.kotlin.metadata.KmVersion                            : loaded 2 times (x 71B)
Class com.squareup.kotlinpoet.Documentable$Builder                                    : loaded 2 times (x 70B)
Class dagger.internal.codegen.base.ComponentCreatorKind                               : loaded 2 times (x 79B)
Class dagger.internal.codegen.validation.ModuleValidator_Factory                      : loaded 2 times (x 82B)
Class dagger.internal.codegen.validation.BindsOptionalOfMethodValidator_Factory       : loaded 2 times (x 82B)
Class dagger.internal.codegen.writing.DelegatingFrameworkInstanceCreationExpression   : loaded 2 times (x 77B)
Class dagger.spi.internal.shaded.kotlin.metadata.internal.metadata.jvm.deserialization.JvmNameResolverBase$WhenMappings: loaded 2 times (x 71B)
Class dagger.spi.internal.shaded.kotlin.metadata.internal.protobuf.WireFormat         : loaded 2 times (x 71B)
Class org.gradle.api.internal.DefaultClassPathProvider                                : loaded 2 times (x 76B)
Class dagger.spi.internal.shaded.androidx.room.compiler.processing.javac.JavacExecutableElement: loaded 2 times (x 221B)
Class dagger.spi.internal.shaded.com.google.auto.common.MoreElements$TypeElementVisitor: loaded 2 times (x 93B)
Class dagger.spi.internal.shaded.androidx.room.compiler.processing.InternalXAnnotation: loaded 2 times (x 140B)
Class com.google.common.collect.ImmutableSet$SerializedForm                           : loaded 2 times (x 73B)
Class org.objectweb.asm.AnnotationVisitor                                             : loaded 2 times (x 78B)
Class android.databinding.parser.BindingExpressionParser$LambdaParameterListContext   : loaded 2 times (x 133B)
Class android.databinding.parser.BindingExpressionParser$TernaryOpContext             : loaded 2 times (x 134B)
Class com.sun.xml.bind.v2.runtime.unmarshaller.SAXConnector                           : loaded 2 times (x 101B)
Class [Lcom.sun.xml.bind.v2.model.annotation.Locatable;                               : loaded 2 times (x 69B)
Class com.sun.xml.bind.v2.model.impl.RuntimeBuiltinLeafInfoImpl$27                    : loaded 2 times (x 136B)
Class com.sun.xml.bind.v2.model.impl.ModelBuilder                                     : loaded 2 times (x 92B)
Class [Lcom.google.gson.stream.JsonToken;                                             : loaded 2 times (x 69B)
Class com.google.gson.LongSerializationPolicy$1                                       : loaded 2 times (x 80B)
Class org.objectweb.asm.Type                                                          : loaded 2 times (x 72B)
Class org.gradle.internal.classloader.VisitableURLClassLoader$InstrumentingVisitableURLClassLoader: loaded 2 times (x 123B)
Class com.google.gson.FieldNamingPolicy                                               : loaded 2 times (x 83B)
Class dagger.internal.codegen.writing.InjectionMethods                                : loaded 2 times (x 71B)
Class dagger.spi.internal.shaded.androidx.room.compiler.codegen.kotlin.KotlinFunSpecKt: loaded 2 times (x 71B)
Class dagger.internal.codegen.xprocessing.XPropertySpecs$Builder                      : loaded 2 times (x 88B)
Class dagger.internal.codegen.writing.ComponentImplementation$ShardImplementation     : loaded 2 times (x 81B)
Class dagger.internal.codegen.writing.ProducerCreationExpression_Factory_Impl         : loaded 2 times (x 75B)
Class dagger.internal.codegen.writing.DependencyMethodProducerCreationExpression$Factory: loaded 2 times (x 70B)
Class dagger.internal.codegen.writing.PrivateMethodRequestRepresentation_Factory      : loaded 2 times (x 72B)
Class dagger.internal.codegen.writing.MembersInjectionMethods_Factory                 : loaded 2 times (x 82B)
Class com.google.gson.internal.bind.TypeAdapters                                      : loaded 2 times (x 71B)
Class com.google.common.graph.MultiEdgesConnecting$1                                  : loaded 2 times (x 82B)
Class dagger.spi.internal.shaded.kotlin.metadata.KmVariance                           : loaded 2 times (x 79B)
Class dagger.spi.internal.shaded.kotlin.metadata.internal.metadata.ProtoBuf$Effect$EffectType: loaded 2 times (x 82B)
Class dagger.internal.codegen.binding.ComponentDeclarations                           : loaded 2 times (x 72B)
Class android.databinding.tool.util.FileUtil$listAndSortFiles$$inlined$sortedBy$2     : loaded 2 times (x 89B)
Class com.sun.xml.bind.v2.model.core.Element                                          : loaded 2 times (x 70B)
Class com.sun.xml.bind.v2.model.impl.DummyPropertyInfo                                : loaded 2 times (x 70B)
Class [Ldagger.spi.internal.shaded.androidx.room.compiler.processing.XProcessingStep; : loaded 2 times (x 69B)
Class dagger.internal.codegen.binding.DeclarationFormatter                            : loaded 2 times (x 86B)
Class [Ldagger.internal.codegen.validation.BindingElementValidator$AllowsScoping;     : loaded 2 times (x 69B)
Class dagger.internal.codegen.validation.BindingMethodValidator                       : loaded 2 times (x 78B)
Class dagger.internal.codegen.processingstep.MonitoringModuleProcessingStep_Factory   : loaded 2 times (x 82B)
Class dagger.internal.codegen.base.DaggerSuperficialValidation$ValidationException$UnknownErrorType: loaded 2 times (x 84B)
Class [Ldagger.internal.codegen.compileroption.ProcessingEnvironmentCompilerOptions$EnumOption;: loaded 2 times (x 69B)
Class dagger.internal.codegen.bindinggraphvalidation.InjectBindingValidator_Factory   : loaded 2 times (x 82B)
Class com.sun.xml.bind.v2.model.impl.AttributePropertyInfoImpl                        : loaded 2 times (x 124B)
Class androidx.room.processor.Context$BooleanProcessorOptions                         : loaded 2 times (x 80B)
Class dagger.spi.internal.shaded.kotlin.metadata.internal.FlagDelegatesImplKt$propertyAccessorBooleanFlag$1: loaded 2 times (x 137B)
Class com.google.common.graph.DirectedGraphConnections$2$1                            : loaded 2 times (x 82B)
Class dagger.hilt.processor.internal.Processors                                       : loaded 2 times (x 71B)
Class com.sun.xml.bind.v2.model.impl.MapPropertyInfoImpl                              : loaded 2 times (x 119B)
Class com.sun.xml.bind.v2.model.impl.RuntimeMapPropertyInfoImpl                       : loaded 2 times (x 137B)
Class dagger.spi.internal.shaded.androidx.room.compiler.processing.XMessager          : loaded 2 times (x 73B)
Class android.databinding.parser.BindingExpressionParser$ClassExtractionContext       : loaded 2 times (x 132B)
Class android.databinding.internal.org.antlr.v4.runtime.atn.PredictionMode            : loaded 2 times (x 79B)
Class android.databinding.internal.org.antlr.v4.runtime.atn.SemanticContext$OR        : loaded 2 times (x 75B)
Class [Landroid.databinding.internal.org.antlr.v4.runtime.atn.ATNState;               : loaded 2 times (x 69B)
Class android.databinding.internal.org.antlr.v4.runtime.tree.ParseTreeListener        : loaded 2 times (x 70B)
Class android.databinding.tool.processing.Scope$ScopeEntry                            : loaded 2 times (x 72B)
Class android.databinding.tool.util.ParserHelper                                      : loaded 2 times (x 71B)
Class com.sun.xml.bind.v2.runtime.unmarshaller.UnmarshallerImpl                       : loaded 2 times (x 139B)
Class com.sun.xml.bind.v2.runtime.output.NamespaceContextImpl$1                       : loaded 2 times (x 75B)
Class com.sun.xml.bind.marshaller.DataWriter                                          : loaded 2 times (x 171B)
Class com.sun.xml.bind.v2.runtime.property.StructureLoaderBuilder                     : loaded 2 times (x 70B)
Class com.sun.xml.bind.v2.model.impl.RuntimeElementPropertyInfoImpl                   : loaded 2 times (x 139B)
Class com.sun.xml.bind.v2.model.impl.RuntimeBuiltinLeafInfoImpl$28                    : loaded 2 times (x 76B)
Class [Lcom.sun.xml.bind.v2.util.QNameMap$Entry;                                      : loaded 2 times (x 69B)
Class com.sun.xml.bind.unmarshaller.InfosetScanner                                    : loaded 2 times (x 70B)
Class org.apache.commons.io.file.Counters                                             : loaded 2 times (x 71B)
Class dagger.spi.internal.shaded.androidx.room.compiler.processing.javac.JavacTypeElement$className$2: loaded 2 times (x 79B)
Class com.google.gson.LongSerializationPolicy$2                                       : loaded 2 times (x 80B)
Class android.databinding.tool.LibTypes$viewStubProxy$2                               : loaded 2 times (x 79B)
Class [Landroid.databinding.tool.CompilerArguments$Type;                              : loaded 2 times (x 69B)
Class com.google.common.collect.MapMakerInternalMap$StrongKeyDummyValueEntry$Helper   : loaded 2 times (x 79B)
Class com.google.common.io.Files$FileByteSink                                         : loaded 2 times (x 77B)
Class org.objectweb.asm.ByteVector                                                    : loaded 2 times (x 79B)
Class org.gradle.internal.classloader.VisitableURLClassLoader$Spec                    : loaded 2 times (x 74B)
Class org.gradle.internal.classpath.DefaultClassPath                                  : loaded 2 times (x 90B)
Class dagger.spi.internal.shaded.androidx.room.compiler.codegen.java.JavaTypeSpec$Builder: loaded 2 times (x 90B)
Class [Ldagger.internal.codegen.writing.ComponentImplementation$FieldSpecKind;        : loaded 2 times (x 69B)
Class dagger.internal.codegen.writing.ComponentImplementation$FieldSpecKind           : loaded 2 times (x 79B)
Class dagger.spi.internal.shaded.androidx.room.compiler.codegen.java.JavaParameterSpec: loaded 2 times (x 76B)
Class dagger.spi.internal.shaded.androidx.room.compiler.processing.javac.JavacMethodElement$executableType$2: loaded 2 times (x 79B)
Class dagger.spi.model.BindingKind                                                    : loaded 2 times (x 79B)
Class dagger.spi.internal.shaded.kotlin.metadata.internal.metadata.deserialization.VersionRequirement$Version: loaded 2 times (x 71B)
Class dagger.internal.codegen.binding.$AutoValue_MultiboundMapBinding                 : loaded 2 times (x 92B)
Class dagger.internal.codegen.binding.$AutoValue_AssistedFactoryBinding$Builder       : loaded 2 times (x 95B)
Class dagger.internal.codegen.binding.AutoValue_ComponentBinding                      : loaded 2 times (x 91B)
Class dagger.spi.internal.shaded.androidx.room.compiler.processing.javac.JavacArrayType$equalityItems$2: loaded 2 times (x 79B)
Class dagger.internal.codegen.base.RequestKinds$1                                     : loaded 2 times (x 71B)
Class dagger.internal.codegen.base.DaggerSuperficialValidation$1                      : loaded 2 times (x 71B)
Class [Ldagger.internal.codegen.validation.ValidationBindingGraphPlugin;              : loaded 2 times (x 69B)
Class dagger.internal.codegen.binding.ModuleDescriptor$Factory                        : loaded 2 times (x 75B)
Class dagger.internal.codegen.processingstep.BindsInstanceProcessingStep_Factory      : loaded 2 times (x 82B)
Class dagger.internal.codegen.validation.BindingMethodValidator$ExceptionSuperclass$1 : loaded 2 times (x 81B)
Class dagger.internal.codegen.writing.UnwrappedMapKeyGenerator                        : loaded 2 times (x 80B)
Class dagger.spi.internal.shaded.androidx.room.compiler.processing.XExecutableType    : loaded 2 times (x 70B)
Class dagger.internal.codegen.bindinggraphvalidation.SetMultibindingValidator_Factory$InstanceHolder: loaded 2 times (x 71B)
Class dagger.internal.codegen.bindinggraphvalidation.MissingBindingValidator_Factory  : loaded 2 times (x 82B)
Class dagger.internal.codegen.binding.ModuleDescriptor_Factory_Factory                : loaded 2 times (x 82B)
Class dagger.internal.codegen.binding.DelegateDeclaration_Factory_Factory             : loaded 2 times (x 82B)
Class com.google.common.graph.MapIteratorCache$1$1                                    : loaded 2 times (x 81B)
Class dagger.spi.internal.shaded.kotlin.metadata.internal.protobuf.CodedOutputStream$ByteBufferOutputStream: loaded 2 times (x 86B)
Class dagger.spi.internal.shaded.androidx.room.compiler.processing.javac.kotlin.KotlinClassMetadataUtilsKt: loaded 2 times (x 71B)
Class dagger.spi.internal.shaded.kotlin.metadata.internal.ReadUtilsKt                 : loaded 2 times (x 71B)
Class dagger.spi.internal.shaded.kotlin.metadata.KmClassifier                         : loaded 2 times (x 71B)
Class com.google.common.graph.DirectedGraphConnections$2$2                            : loaded 2 times (x 82B)
Class dagger.spi.internal.shaded.androidx.room.compiler.processing.javac.JavacMethodParameter: loaded 2 times (x 223B)
Class dagger.hilt.processor.internal.root.ComponentTreeDepsMetadata                   : loaded 2 times (x 80B)
Class dagger.spi.internal.shaded.kotlin.metadata.Attributes                           : loaded 2 times (x 71B)
Class dagger.hilt.android.processor.internal.androidentrypoint.AutoValue_AndroidEntryPointMetadata: loaded 2 times (x 92B)
Class android.databinding.internal.org.antlr.v4.runtime.atn.ATNConfigSet$ConfigEqualityComparator: loaded 2 times (x 77B)
Class com.sun.xml.bind.api.impl.NameConverter                                         : loaded 2 times (x 70B)
Class com.sun.xml.bind.v2.model.core.NonElement                                       : loaded 2 times (x 70B)
Class com.sun.xml.bind.v2.ContextFactory                                              : loaded 2 times (x 71B)
Class dagger.hilt.processor.internal.kotlin.KotlinMetadataFactory_Factory$InstanceHolder: loaded 2 times (x 71B)
Class android.databinding.tool.LibTypes$dataBindingKtx$2                              : loaded 2 times (x 78B)
Class [Lorg.jetbrains.kotlin.build.report.metrics.GradleBuildTime;                    : loaded 2 times (x 69B)
Class com.google.common.collect.ImmutableSortedMap$1EntrySet$1                        : loaded 2 times (x 212B)
Class com.google.common.reflect.Types$ClassOwnership                                  : loaded 2 times (x 80B)
Class org.objectweb.asm.Symbol                                                        : loaded 2 times (x 73B)
Class [Ldagger.internal.codegen.writing.FrameworkInstanceKind;                        : loaded 2 times (x 69B)
Class dagger.spi.internal.shaded.androidx.room.compiler.codegen.kotlin.KotlinAnnotationSpec$Builder: loaded 2 times (x 78B)
Class dagger.spi.internal.shaded.androidx.room.compiler.codegen.impl.XTypeSpecImpl    : loaded 2 times (x 75B)
Class dagger.spi.internal.shaded.androidx.room.compiler.codegen.XCodeBlock$Companion$ofNewInstance$1: loaded 2 times (x 79B)
Class dagger.internal.codegen.writing.ProducerNodeInstanceRequestRepresentation_Factory_Impl: loaded 2 times (x 75B)
Class dagger.internal.codegen.validation.AutoValue_SpiModelBindingGraphConverter_DaggerTypeImpl: loaded 2 times (x 76B)
Class dagger.internal.codegen.binding.ErrorMessages                                   : loaded 2 times (x 71B)
Class dagger.internal.codegen.model.AutoValue_Key_MultibindingContributionIdentifier  : loaded 2 times (x 74B)
Class androidx.room.compiler.processing.javac.JavacProcessingEnv$messager$2           : loaded 2 times (x 79B)
Class dagger.internal.codegen.binding.ComponentDeclarations$Factory                   : loaded 2 times (x 72B)
Class dagger.internal.codegen.validation.BindingMethodValidator$ExceptionSuperclass$2 : loaded 2 times (x 81B)
Class dagger.internal.codegen.base.ContributionType$HasContributionType               : loaded 2 times (x 70B)
Class com.google.common.collect.ImmutableMap$MapViewOfValuesAsSingletonSets$1$1       : loaded 2 times (x 83B)
Class dagger.internal.codegen.kotlin.KotlinMetadataUtil                               : loaded 2 times (x 72B)
Class com.bumptech.glide.annotation.compiler.RequestManagerGenerator                  : loaded 2 times (x 72B)
Class dagger.internal.codegen.binding.ComponentDescriptor$Factory                     : loaded 2 times (x 75B)
Class dagger.spi.internal.shaded.kotlin.metadata.internal.metadata.jvm.deserialization.JvmNameResolverKt: loaded 2 times (x 71B)
Class dagger.spi.internal.shaded.kotlin.metadata.internal.metadata.ProtoBuf$TypeParameter$Variance: loaded 2 times (x 82B)
Class dagger.hilt.processor.internal.ComponentDescriptor$Builder                      : loaded 2 times (x 70B)
Class [Ldagger.spi.internal.shaded.androidx.room.compiler.processing.InternalXAnnotationValue$Kind;: loaded 2 times (x 69B)
Class dagger.internal.codegen.xprocessing.XAnnotationValues$1                         : loaded 2 times (x 84B)
Class kotlin.annotation.Repeatable                                                    : loaded 2 times (x 70B)
Class dagger.spi.internal.shaded.androidx.room.compiler.processing.javac.JavacType$xTypeName$2: loaded 2 times (x 79B)
Class dagger.spi.internal.shaded.androidx.room.compiler.processing.javac.JavacMethodElement$returnType$2: loaded 2 times (x 79B)
Class dagger.spi.model.BindingGraph$Edge                                              : loaded 2 times (x 70B)
Class dagger.spi.internal.shaded.com.google.auto.common.Overrides                     : loaded 2 times (x 72B)
Class dagger.spi.internal.shaded.androidx.room.compiler.processing.javac.JavacAnnotation$type$2: loaded 2 times (x 79B)
Class com.squareup.javapoet.ClassName$1                                               : loaded 2 times (x 97B)
Class dagger.internal.codegen.base.MapType                                            : loaded 2 times (x 72B)
Class dagger.spi.internal.shaded.androidx.room.compiler.processing.InternalXAnnotated : loaded 2 times (x 70B)
Class dagger.hilt.android.processor.internal.bindvalue.AutoValue_BindValueMetadata    : loaded 2 times (x 74B)
Class dagger.internal.codegen.binding.MembersInjectionBinding$Builder                 : loaded 2 times (x 75B)
Class androidx.room.compiler.processing.XBasicAnnotationProcessor                     : loaded 2 times (x 70B)
Class dagger.spi.internal.shaded.androidx.room.compiler.processing.XBasicAnnotationProcessor: loaded 2 times (x 70B)
Class [Landroid.databinding.internal.org.antlr.v4.runtime.atn.PredictionContext;      : loaded 2 times (x 69B)
Class com.sun.xml.bind.v2.runtime.unmarshaller.UnmarshallingContext$DefaultRootLoader : loaded 2 times (x 80B)
Class com.sun.xml.bind.v2.runtime.reflect.PrimitiveArrayListerLong                    : loaded 2 times (x 76B)
Class com.sun.xml.bind.v2.model.core.ClassInfo                                        : loaded 2 times (x 70B)
Class com.google.gson.reflect.TypeToken                                               : loaded 2 times (x 75B)
Class com.google.common.io.Java8Compatibility                                         : loaded 2 times (x 71B)
Class com.google.common.base.CharMatcher$Ascii                                        : loaded 2 times (x 112B)
Class com.google.common.io.Closer                                                     : loaded 2 times (x 78B)
Class org.gradle.internal.classloader.ClassLoaderSpec                                 : loaded 2 times (x 71B)
Class [Ldagger.internal.codegen.base.OptionalType$OptionalKind;                       : loaded 2 times (x 69B)
Class dagger.internal.codegen.writing.ComponentCreatorImplementationFactory$BuilderForGeneratedRootComponentBuilder: loaded 2 times (x 82B)
Class com.squareup.kotlinpoet.ContextReceivable$Builder                               : loaded 2 times (x 70B)
Class dagger.spi.internal.shaded.androidx.room.compiler.codegen.XPropertySpec$Companion: loaded 2 times (x 71B)
Class dagger.internal.codegen.writing.ComponentImplementation$TypeSpecKind            : loaded 2 times (x 79B)
Class dagger.internal.codegen.validation.SpiModelBindingGraphConverter$ComponentNodeImpl: loaded 2 times (x 87B)
Class [Ldagger.spi.internal.shaded.kotlin.metadata.KmVersionRequirementLevel;         : loaded 2 times (x 69B)
Class dagger.internal.codegen.kotlin.FunctionMetadata                                 : loaded 2 times (x 70B)
Class com.google.common.collect.FilteredKeyMultimap$Entries                           : loaded 2 times (x 131B)
Class dagger.internal.codegen.binding.$AutoValue_ComponentDescriptor                  : loaded 2 times (x 97B)
Class dagger.internal.codegen.binding.AutoValue_MultibindingDeclaration               : loaded 2 times (x 79B)
Class dagger.internal.codegen.validation.BindingMethodValidator$ExceptionSuperclass$3 : loaded 2 times (x 81B)
Class dagger.hilt.android.processor.internal.androidentrypoint.AndroidEntryPointMetadata$Type: loaded 2 times (x 72B)
Class dagger.spi.internal.shaded.kotlin.metadata.internal.metadata.deserialization.VersionRequirementTable$Companion: loaded 2 times (x 71B)
Class dagger.spi.internal.shaded.kotlin.metadata.internal.metadata.jvm.JvmProtoBuf$StringTableTypes$Record$Operation$1: loaded 2 times (x 74B)
Class dagger.spi.internal.shaded.kotlin.metadata.internal.metadata.jvm.deserialization.JvmMetadataVersion$Companion: loaded 2 times (x 71B)
Class dagger.spi.internal.shaded.kotlin.metadata.internal.metadata.deserialization.BinaryVersion: loaded 2 times (x 74B)
Class dagger.spi.internal.shaded.androidx.room.compiler.processing.javac.JavacArrayType$xTypeName$2: loaded 2 times (x 79B)
Class dagger.internal.codegen.binding.FrameworkType$2                                 : loaded 2 times (x 84B)
Class com.squareup.kotlinpoet.TagMap$Companion                                        : loaded 2 times (x 71B)
Class dagger.spi.internal.shaded.androidx.room.compiler.processing.XExecutableElement : loaded 2 times (x 70B)
Class dagger.spi.internal.shaded.androidx.room.compiler.processing.XHasModifiers      : loaded 2 times (x 70B)
Class dagger.internal.codegen.validation.SpiModelBindingGraphConverter$DaggerExecutableElementImpl: loaded 2 times (x 75B)
Class androidx.hilt.AndroidXHiltProcessor                                             : loaded 2 times (x 98B)
Class dagger.hilt.android.processor.internal.bindvalue.BindValueProcessingStep        : loaded 2 times (x 86B)
Class com.android.tools.build.jetifier.core.proguard.ProGuardType                     : loaded 2 times (x 72B)
Class android.databinding.internal.org.antlr.v4.runtime.atn.LexerATNConfig            : loaded 2 times (x 75B)
Class android.databinding.internal.org.antlr.v4.runtime.misc.IntegerStack             : loaded 2 times (x 72B)
Class kotlin.jvm.internal.FunctionReferenceImpl                                       : loaded 2 times (x 122B)
Class com.sun.xml.bind.AccessorFactoryImpl                                            : loaded 2 times (x 81B)
Class com.sun.xml.bind.v2.model.core.MapPropertyInfo                                  : loaded 2 times (x 70B)
Class com.google.gson.internal.sql.SqlTimestampTypeAdapter$1                          : loaded 2 times (x 75B)
Class com.google.gson.JsonPrimitive                                                   : loaded 2 times (x 93B)
Class dagger.internal.codegen.writing.DerivedFromFrameworkInstanceRequestRepresentation_Factory: loaded 2 times (x 72B)
Class com.google.common.io.ByteSource$EmptyByteSource                                 : loaded 2 times (x 85B)
Class org.objectweb.asm.AnnotationWriter                                              : loaded 2 times (x 79B)
Class dagger.internal.codegen.binding.AutoValue_AssistedInjectionAnnotations_AssistedFactoryMetadata: loaded 2 times (x 82B)
Class dagger.internal.codegen.writing.DelegateRequestRepresentation$ScopeKind         : loaded 2 times (x 79B)
Class dagger.internal.codegen.writing.MapFactoryCreationExpression$Factory            : loaded 2 times (x 70B)
Class dagger.internal.codegen.base.UniqueNameSet                                      : loaded 2 times (x 72B)
Class dagger.internal.codegen.writing.MembersInjectorProviderCreationExpression$Factory: loaded 2 times (x 70B)
Class dagger.internal.codegen.writing.DependencyMethodProviderCreationExpression_Factory: loaded 2 times (x 72B)
Class dagger.internal.codegen.writing.DependencyMethodProducerCreationExpression_Factory_Impl: loaded 2 times (x 75B)
Class dagger.internal.codegen.writing.StaticFactoryInstanceSupplier_Factory_Impl      : loaded 2 times (x 75B)
Class dagger.spi.model.Key$1                                                          : loaded 2 times (x 71B)
Class dagger.internal.codegen.validation.SpiModelBindingGraphConverter$DaggerTypeElementImpl: loaded 2 times (x 75B)
Class dagger.internal.codegen.binding.$AutoValue_InjectionBinding$Builder             : loaded 2 times (x 97B)
Class [Ldagger.spi.internal.shaded.kotlin.metadata.internal.metadata.ProtoBuf$Type$Argument$Projection;: loaded 2 times (x 69B)
Class dagger.internal.codegen.kotlin.PropertyMetadata                                 : loaded 2 times (x 72B)
Class com.squareup.kotlinpoet.AnnotationSpec$cachedString$2                           : loaded 2 times (x 79B)
Class com.google.common.collect.Collections2$TransformedCollection                    : loaded 2 times (x 118B)
Class dagger.internal.codegen.writing.FrameworkFieldInitializer$InitializationState   : loaded 2 times (x 79B)
Class dagger.internal.codegen.binding.KeyVariableNamer                                : loaded 2 times (x 71B)
Class dagger.internal.codegen.base.AutoValue_ModuleAnnotation                         : loaded 2 times (x 76B)
Class dagger.MembersInjector                                                          : loaded 2 times (x 70B)
Class com.google.common.collect.ImmutableRangeSet                                     : loaded 2 times (x 115B)
Class dagger.internal.codegen.processingstep.SuperficialValidator_Factory             : loaded 2 times (x 82B)
Class dagger.spi.internal.shaded.kotlin.metadata.jvm.JvmMemberSignatureKt             : loaded 2 times (x 71B)
Class dagger.spi.internal.shaded.kotlin.metadata.internal.metadata.jvm.JvmProtoBuf$StringTableTypes$Record$1: loaded 2 times (x 144B)
Class com.google.gson.internal.bind.TypeAdapters$34                                   : loaded 2 times (x 76B)
Class android.databinding.tool.util.FileUtil$listAndSortFiles$$inlined$sortedBy$1     : loaded 2 times (x 89B)
Class dagger.spi.internal.shaded.androidx.room.compiler.processing.javac.JavacAnnotationValue$1: loaded 2 times (x 79B)
Class com.sun.xml.bind.v2.runtime.JAXBContextImpl$3                                   : loaded 2 times (x 74B)
Class dagger.spi.internal.shaded.androidx.room.compiler.processing.XMemberContainer   : loaded 2 times (x 70B)
Class dagger.hilt.android.processor.internal.bindvalue.BindValueProcessor             : loaded 2 times (x 100B)
Class com.sun.istack.Pool$Impl                                                        : loaded 2 times (x 77B)
Class com.android.tools.build.jetifier.core.proguard.ProGuardTypesMap$expandedRules$2 : loaded 2 times (x 79B)
Class [Landroid.databinding.internal.org.antlr.v4.runtime.dfa.DFAState$PredPrediction;: loaded 2 times (x 69B)
Class android.databinding.internal.org.antlr.v4.runtime.atn.PredicateTransition       : loaded 2 times (x 76B)
Class com.sun.xml.bind.DatatypeConverterImpl                                          : loaded 2 times (x 111B)
Class com.sun.xml.bind.v2.ClassFactory                                                : loaded 2 times (x 71B)
Class [Lcom.google.gson.ReflectionAccessFilter$FilterResult;                          : loaded 2 times (x 69B)
Class com.google.gson.JsonElement                                                     : loaded 2 times (x 92B)
Class [Lcom.google.common.base.Predicate;                                             : loaded 2 times (x 69B)
Class com.google.common.collect.Interners                                             : loaded 2 times (x 71B)
Class com.google.common.io.LineProcessor                                              : loaded 2 times (x 70B)
Class com.google.common.util.concurrent.AbstractFuture$Listener                       : loaded 2 times (x 72B)
Class com.google.common.io.Closer$Suppressor                                          : loaded 2 times (x 70B)
Class org.objectweb.asm.RecordComponentWriter                                         : loaded 2 times (x 78B)
Class [Ldagger.internal.codegen.writing.ComponentImplementation$TypeSpecKind;         : loaded 2 times (x 69B)
Class com.sun.xml.bind.v2.runtime.Transducer                                          : loaded 2 times (x 70B)
Class com.sun.xml.bind.v2.model.impl.RuntimeClassInfoImpl                             : loaded 2 times (x 162B)
Class dagger.internal.codegen.writing.ProviderInstanceRequestRepresentation$Factory   : loaded 2 times (x 70B)
Class dagger.internal.codegen.writing.MapFactoryCreationExpression_Factory            : loaded 2 times (x 72B)
Class dagger.internal.codegen.writing.ComponentProvisionRequestRepresentation_Factory_Impl: loaded 2 times (x 75B)
Class dagger.internal.codegen.binding.SubcomponentCreatorBinding$Builder              : loaded 2 times (x 78B)
Class dagger.spi.internal.shaded.androidx.room.compiler.processing.javac.JavacTypeVariableType$equalityItems$2: loaded 2 times (x 79B)
Class dagger.spi.internal.shaded.androidx.room.compiler.processing.javac.JavacTypeVariableType: loaded 2 times (x 209B)
Class dagger.internal.codegen.binding.MultiboundMapBinding$Builder                    : loaded 2 times (x 80B)
Class dagger.internal.codegen.binding.AutoValue_ProvisionBinding                      : loaded 2 times (x 92B)
Class com.sun.xml.bind.v2.model.impl.RuntimeBuiltinLeafInfoImpl$StringImplImpl        : loaded 2 times (x 136B)
Class dagger.internal.codegen.validation.ComponentValidator                           : loaded 2 times (x 75B)
Class dagger.internal.codegen.validation.BindsInstanceMethodValidator_Factory         : loaded 2 times (x 82B)
Class dagger.internal.codegen.validation.DiagnosticMessageGenerator_Factory_Factory   : loaded 2 times (x 82B)
Class com.bumptech.glide.annotation.compiler.IndexerGenerator                         : loaded 2 times (x 72B)
Class com.bumptech.glide.repackaged.com.squareup.javapoet.ParameterizedTypeName       : loaded 2 times (x 79B)
Class com.bumptech.glide.repackaged.com.squareup.javapoet.ArrayTypeName               : loaded 2 times (x 79B)
Class dagger.spi.internal.shaded.kotlin.metadata.internal.metadata.deserialization.Flags$FlagField: loaded 2 times (x 73B)
Class dagger.spi.internal.shaded.kotlin.metadata.internal.metadata.ProtoBuf$VersionRequirementTableOrBuilder: loaded 2 times (x 70B)
Class dagger.spi.internal.shaded.androidx.room.compiler.processing.XMethodElementKt   : loaded 2 times (x 71B)
Class dagger.spi.internal.shaded.androidx.room.compiler.processing.javac.JavacArrayType$componentType$2: loaded 2 times (x 79B)
Class android.databinding.internal.org.antlr.v4.runtime.ParserRuleContext             : loaded 2 times (x 131B)
Class dagger.spi.internal.shaded.androidx.room.compiler.processing.XElement           : loaded 2 times (x 70B)
Class com.sun.xml.bind.v2.runtime.reflect.ListTransducedAccessorImpl                  : loaded 2 times (x 80B)
Class com.android.tools.build.jetifier.core.pom.PomRewriteRule$Companion              : loaded 2 times (x 71B)
Class android.databinding.internal.org.antlr.v4.runtime.atn.SemanticContext           : loaded 2 times (x 73B)
Class com.sun.xml.bind.v2.runtime.reflect.ListIterator                                : loaded 2 times (x 70B)
Class javax.xml.bind.annotation.XmlElementRefs                                        : loaded 2 times (x 70B)
Class com.sun.xml.bind.v2.model.runtime.RuntimeElement                                : loaded 2 times (x 70B)
Class javax.xml.bind.PropertyException                                                : loaded 2 times (x 85B)
Class com.google.gson.internal.bind.CollectionTypeAdapterFactory                      : loaded 2 times (x 75B)
Class com.sun.xml.bind.v2.runtime.unmarshaller.TagName                                : loaded 2 times (x 75B)
Class [Lorg.objectweb.asm.Label;                                                      : loaded 2 times (x 69B)
Class org.objectweb.asm.Attribute                                                     : loaded 2 times (x 77B)
Class org.gradle.internal.classloader.VisitableURLClassLoader                         : loaded 2 times (x 117B)
Class dagger.spi.internal.shaded.androidx.room.compiler.codegen.XFileSpec             : loaded 2 times (x 70B)
Class com.android.tools.build.jetifier.core.rule.RewriteRule$JsonData                 : loaded 2 times (x 72B)
Class [Ldagger.internal.codegen.writing.ComponentImplementation$MethodSpecKind;       : loaded 2 times (x 69B)
Class dagger.internal.codegen.validation.SpiModelBindingGraphConverter$DependencyEdgeImpl: loaded 2 times (x 78B)
Class dagger.spi.model.AutoValue_Key                                                  : loaded 2 times (x 80B)
Class dagger.spi.internal.shaded.kotlin.metadata.KmVersionRequirement                 : loaded 2 times (x 72B)
Class com.android.tools.build.jetifier.core.PackageMap$PackageRule                    : loaded 2 times (x 72B)
Class dagger.internal.codegen.binding.$AutoValue_AssistedFactoryBinding               : loaded 2 times (x 92B)
Class dagger.internal.codegen.binding.ComponentDeclarations$TypeNameKey               : loaded 2 times (x 74B)
Class dagger.spi.internal.shaded.androidx.room.compiler.processing.XType              : loaded 2 times (x 70B)
Class dagger.internal.codegen.binding.ConfigurationAnnotations                        : loaded 2 times (x 71B)
Class dagger.internal.codegen.model.AutoValue_DaggerAnnotation                        : loaded 2 times (x 76B)
Class dagger.internal.codegen.bindinggraphvalidation.DependencyCycleValidator         : loaded 2 times (x 85B)
Class dagger.internal.codegen.bindinggraphvalidation.SubcomponentFactoryMethodValidator_Factory: loaded 2 times (x 81B)
Class dagger.spi.internal.shaded.kotlin.metadata.Attributes$visibility$2              : loaded 2 times (x 137B)
Class dagger.spi.internal.shaded.androidx.room.compiler.processing.javac.kotlin.KmClassContainer$type$2: loaded 2 times (x 79B)
Class dagger.spi.internal.shaded.kotlin.metadata.internal.metadata.ProtoBuf$ValueParameterOrBuilder: loaded 2 times (x 70B)
Class dagger.spi.internal.shaded.androidx.room.compiler.processing.XConstructorElement: loaded 2 times (x 70B)
Class dagger.spi.internal.shaded.androidx.room.compiler.processing.javac.JavacTypeElement$superClass$2: loaded 2 times (x 79B)
Class [Lnet.ltgt.gradle.incap.IncrementalAnnotationProcessorType;                     : loaded 2 times (x 69B)
Class [Ldagger.hilt.processor.internal.aggregateddeps.AggregatedDepsMetadata$DependencyType;: loaded 2 times (x 69B)
Class androidx.room.compiler.processing.javac.JavacBasicAnnotationProcessor$commonDelegate$2: loaded 2 times (x 79B)
Class dagger.hilt.processor.internal.aliasof.AliasOfPropagatedDataMetadata            : loaded 2 times (x 74B)
Class android.databinding.parser.BindingExpressionParser$PrimitiveTypeContext         : loaded 2 times (x 131B)
Class [Landroid.databinding.internal.org.antlr.v4.runtime.atn.LexerActionType;        : loaded 2 times (x 69B)
Class android.databinding.parser.BindingExpressionParser$ResourcesContext             : loaded 2 times (x 133B)
Class com.sun.xml.bind.v2.runtime.unmarshaller.Scope                                  : loaded 2 times (x 72B)
Class javax.xml.bind.helpers.DefaultValidationEventHandler                            : loaded 2 times (x 75B)
Class android.databinding.tool.store.ResourceBundle$VariableDeclaration               : loaded 2 times (x 72B)
Class javax.xml.bind.annotation.XmlElement$DEFAULT                                    : loaded 2 times (x 71B)
Class com.sun.xml.bind.v2.runtime.InternalBridge                                      : loaded 2 times (x 87B)
Class org.apache.commons.io.file.PathVisitor                                          : loaded 2 times (x 70B)
Class android.databinding.tool.store.ResourceBundle$ValidateAndFilterCallback         : loaded 2 times (x 70B)
Class com.google.common.io.CharSource$AsByteSource                                    : loaded 2 times (x 85B)
Class com.google.common.util.concurrent.AbstractFuture$Waiter                         : loaded 2 times (x 72B)
Class com.google.common.collect.ImmutableList$SerializedForm                          : loaded 2 times (x 73B)
Class org.gradle.internal.Cast                                                        : loaded 2 times (x 71B)
Class org.gradle.api.Action                                                           : loaded 2 times (x 70B)
Class dagger.internal.codegen.writing.ProviderInstanceRequestRepresentation           : loaded 2 times (x 76B)
Class dagger.spi.internal.shaded.androidx.room.compiler.codegen.XTypeSpec$Builder     : loaded 2 times (x 70B)
Class dagger.spi.internal.shaded.kotlin.metadata.internal.protobuf.LazyFieldLite      : loaded 2 times (x 82B)
Class com.squareup.kotlinpoet.Annotatable$Builder                                     : loaded 2 times (x 70B)
Class dagger.spi.internal.shaded.androidx.room.compiler.codegen.XParameterSpec$Companion: loaded 2 times (x 71B)
Class dagger.internal.codegen.writing.AssistedFactoryRequestRepresentation_Factory_Impl: loaded 2 times (x 75B)
Class dagger.spi.model.$AutoValue_ComponentPath                                       : loaded 2 times (x 74B)
Class dagger.spi.internal.shaded.kotlin.metadata.internal.protobuf.LiteralByteString  : loaded 2 times (x 112B)
Class dagger.internal.codegen.binding.AutoValue_AssistedInjectionBinding              : loaded 2 times (x 94B)
Class [Ldagger.spi.internal.shaded.kotlin.metadata.internal.metadata.ProtoBuf$Expression$ConstantValue;: loaded 2 times (x 69B)
Class dagger.spi.internal.shaded.kotlin.metadata.internal.metadata.jvm.JvmProtoBuf$JvmMethodSignature$1: loaded 2 times (x 144B)
Class com.google.common.collect.FilteredKeySetMultimap                                : loaded 2 times (x 202B)
Class com.google.common.collect.FilteredKeyMultimap                                   : loaded 2 times (x 154B)
Class dagger.spi.internal.shaded.androidx.room.compiler.processing.javac.kotlin.JvmDescriptorUtilsKt: loaded 2 times (x 71B)
Class dagger.internal.codegen.base.ComponentKind                                      : loaded 2 times (x 79B)
Class dagger.internal.codegen.base.FrameworkTypes                                     : loaded 2 times (x 71B)
Class dagger.internal.codegen.validation.BindingElementValidator$ElementValidator     : loaded 2 times (x 77B)
Class dagger.spi.internal.shaded.kotlin.metadata.KmClass                              : loaded 2 times (x 77B)
Class dagger.spi.internal.shaded.androidx.room.compiler.processing.javac.kotlin.KmClassContainer$propertyList$2: loaded 2 times (x 79B)
Class dagger.internal.codegen.validation.InjectBindingRegistryImpl$BindingsCollection : loaded 2 times (x 72B)
Class dagger.spi.internal.shaded.androidx.room.compiler.processing.javac.JavacConstructorElement: loaded 2 times (x 254B)
Class dagger.spi.internal.shaded.kotlin.metadata.internal.extensions.KmTypeExtension  : loaded 2 times (x 70B)
Class dagger.spi.internal.shaded.kotlin.metadata.internal.extensions.KmExtensionType  : loaded 2 times (x 72B)
Class dagger.spi.internal.shaded.kotlin.metadata.internal.metadata.jvm.deserialization.JvmMetadataVersion: loaded 2 times (x 74B)
Class dagger.spi.internal.shaded.kotlin.metadata.jvm.internal.JvmReadUtils            : loaded 2 times (x 71B)
Class dagger.spi.internal.shaded.androidx.room.compiler.processing.XEquality          : loaded 2 times (x 70B)
Class dagger.hilt.processor.internal.root.RootType                                    : loaded 2 times (x 79B)
Class dagger.spi.internal.shaded.androidx.room.compiler.processing.javac.JavacProcessingEnv$Companion: loaded 2 times (x 71B)
Class [Ldagger.internal.codegen.base.ClearableCache;                                  : loaded 2 times (x 69B)
Class dagger.internal.codegen.binding.AutoValue_LegacyBindingGraphFactory_LegacyResolvedBindings: loaded 2 times (x 77B)
Class android.databinding.parser.BindingExpressionParser$TypeArgumentsContext         : loaded 2 times (x 133B)
Class android.databinding.internal.org.antlr.v4.runtime.dfa.DFA                       : loaded 2 times (x 76B)
Class dagger.internal.codegen.binding.FrameworkType$1                                 : loaded 2 times (x 84B)
Class com.sun.xml.bind.v2.runtime.unmarshaller.LocatorEx                              : loaded 2 times (x 70B)
Class com.sun.xml.bind.v2.model.core.ElementPropertyInfo                              : loaded 2 times (x 70B)
Class com.sun.xml.bind.v2.model.impl.RuntimeElementInfoImpl                           : loaded 2 times (x 119B)
Class com.google.gson.internal.bind.TreeTypeAdapter                                   : loaded 2 times (x 75B)
Class com.google.gson.internal.sql.SqlTimeTypeAdapter                                 : loaded 2 times (x 74B)
Class com.google.common.io.Resources                                                  : loaded 2 times (x 71B)
Class com.google.common.collect.MapMakerInternalMap                                   : loaded 2 times (x 161B)
Class com.google.common.collect.HashBiMap                                             : loaded 2 times (x 143B)
Class org.objectweb.asm.Handler                                                       : loaded 2 times (x 72B)
Class org.gradle.internal.agents.InstrumentingClassLoader                             : loaded 2 times (x 70B)
Class dagger.spi.internal.shaded.androidx.room.compiler.codegen.XMemberName           : loaded 2 times (x 72B)
Class dagger.spi.model.DependencyRequest$Builder                                      : loaded 2 times (x 76B)
Class dagger.internal.codegen.componentgenerator.CurrentImplementationSubcomponent_ChildComponentImplementationFactoryModule_ProvideChildComponentImplementationFactoryFactory: loaded 2 times (x 82B)
Class dagger.internal.codegen.writing.DelegatingFrameworkInstanceCreationExpression_Factory: loaded 2 times (x 72B)
Class dagger.internal.codegen.writing.DirectInstanceBindingRepresentation_Factory     : loaded 2 times (x 72B)
Class dagger.internal.codegen.writing.DependencyMethodProviderCreationExpression$Factory: loaded 2 times (x 70B)
Class org.gradle.api.internal.classpath.EffectiveClassPath                            : loaded 2 times (x 90B)
Class org.jetbrains.org.objectweb.asm.ClassReader                                     : loaded 2 times (x 91B)
Class com.google.common.graph.AbstractNetwork                                         : loaded 2 times (x 139B)
Class android.databinding.tool.LibTypes$dataBinderMapper$2                            : loaded 2 times (x 79B)
Class dagger.spi.internal.shaded.com.google.auto.common.AnnotationOutput$1            : loaded 2 times (x 107B)
Class dagger.spi.internal.shaded.androidx.room.compiler.processing.javac.kotlin.KmFunctionContainer: loaded 2 times (x 70B)
Class dagger.internal.codegen.extension.DaggerCollectors$ToOptionalState              : loaded 2 times (x 72B)
Class dagger.internal.codegen.validation.DependencyRequestValidator$Validator         : loaded 2 times (x 72B)
Class dagger.internal.codegen.processingstep.MapKeyProcessingStep                     : loaded 2 times (x 86B)
Class androidx.room.Database                                                          : loaded 2 times (x 70B)
Class dagger.hilt.processor.internal.root.RootGenerator                               : loaded 2 times (x 72B)
Class com.google.gson.internal.bind.TypeAdapters$33                                   : loaded 2 times (x 76B)
Class com.google.gson.internal.bind.ObjectTypeAdapter                                 : loaded 2 times (x 74B)
Class com.google.common.graph.AbstractGraph                                           : loaded 2 times (x 135B)
Class dagger.spi.internal.shaded.androidx.room.compiler.processing.javac.JavacMethodElement$typeParameters$2: loaded 2 times (x 79B)
Class dagger.spi.internal.shaded.androidx.room.compiler.processing.XMethodElement     : loaded 2 times (x 70B)
Class com.sun.xml.bind.v2.runtime.JAXBContextImpl$2                                   : loaded 2 times (x 78B)
Class javax.xml.bind.annotation.XmlEnum                                               : loaded 2 times (x 70B)
Class [Lcom.sun.xml.bind.v2.runtime.property.Property;                                : loaded 2 times (x 69B)
Class dagger.spi.internal.shaded.androidx.room.compiler.processing.util.MemoizedSequence: loaded 2 times (x 75B)
Class com.sun.xml.bind.v2.runtime.reflect.Utils                                       : loaded 2 times (x 71B)
Class dagger.spi.internal.shaded.androidx.room.compiler.processing.javac.JavacBasicAnnotationProcessor$2: loaded 2 times (x 79B)
Class android.databinding.internal.org.antlr.v4.runtime.Recognizer$1                  : loaded 2 times (x 206B)
Class android.databinding.parser.BindingExpressionParser$QuestionQuestionOpContext    : loaded 2 times (x 134B)
Class [Landroid.databinding.tool.processing.scopes.ScopeProvider;                     : loaded 2 times (x 69B)
Class com.sun.xml.bind.v2.runtime.unmarshaller.StructureLoader                        : loaded 2 times (x 78B)
Class com.sun.xml.bind.v2.runtime.reflect.Accessor$SetterOnlyReflection               : loaded 2 times (x 85B)
Class com.sun.xml.bind.v2.model.impl.ElementPropertyInfoImpl                          : loaded 2 times (x 123B)
Class com.sun.xml.bind.v2.model.impl.TypeInfoSetImpl$1                                : loaded 2 times (x 80B)
Class com.sun.xml.bind.v2.model.runtime.RuntimeArrayInfo                              : loaded 2 times (x 70B)
Class com.google.gson.internal.LinkedTreeMap$EntrySet                                 : loaded 2 times (x 136B)
Class com.google.gson.internal.bind.TypeAdapters$20                                   : loaded 2 times (x 75B)
Class com.google.common.cache.RemovalCause$1                                          : loaded 2 times (x 80B)
Class org.gradle.internal.classpath.DefaultClassPath$ImmutableUniqueList$Builder      : loaded 2 times (x 75B)
Class dagger.internal.codegen.writing.SwitchingProviderInstanceSupplier               : loaded 2 times (x 75B)
Class dagger.internal.codegen.writing.ImmediateFutureRequestRepresentation            : loaded 2 times (x 74B)
Class dagger.internal.codegen.writing.RequestRepresentation                           : loaded 2 times (x 73B)
Class javax.xml.bind.DatatypeConverterInterface                                       : loaded 2 times (x 70B)
Class dagger.internal.codegen.writing.SimpleMethodRequestRepresentation_Factory       : loaded 2 times (x 72B)
Class com.google.common.base.StandardSystemProperty                                   : loaded 2 times (x 79B)
Class android.databinding.internal.org.antlr.v4.runtime.IntStream                     : loaded 2 times (x 70B)
Class dagger.spi.internal.shaded.kotlin.metadata.internal.metadata.deserialization.VersionRequirement: loaded 2 times (x 72B)
Class [Ldagger.spi.internal.shaded.kotlin.metadata.internal.metadata.ProtoBuf$Effect$InvocationKind;: loaded 2 times (x 69B)
Class dagger.spi.internal.shaded.androidx.room.compiler.codegen.XFunSpec              : loaded 2 times (x 70B)
Class dagger.internal.codegen.model.BindingGraph                                      : loaded 2 times (x 94B)
Class dagger.internal.codegen.binding.MembersInjectionBinding                         : loaded 2 times (x 83B)
Class android.databinding.internal.org.antlr.v4.runtime.atn.ParserATNSimulator        : loaded 2 times (x 116B)
Class dagger.hilt.android.processor.internal.androidentrypoint.Generators             : loaded 2 times (x 71B)
Class dagger.spi.internal.shaded.kotlin.metadata.internal.metadata.jvm.JvmProtoBuf$JvmMethodSignature$Builder: loaded 2 times (x 134B)
Class dagger.spi.internal.shaded.kotlin.metadata.internal.metadata.jvm.JvmProtoBuf$JvmFieldSignatureOrBuilder: loaded 2 times (x 70B)
Class dagger.spi.internal.shaded.com.google.auto.common.MoreTypes$TypeEquivalence     : loaded 2 times (x 82B)
Class dagger.hilt.android.processor.internal.customtestapplication.CustomTestApplicationProcessor: loaded 2 times (x 100B)
Class dagger.spi.internal.shaded.androidx.room.compiler.processing.javac.JavacMethodElement$parameters$2: loaded 2 times (x 79B)
Class dagger.spi.internal.shaded.kotlin.metadata.jvm.KotlinClassMetadata              : loaded 2 times (x 76B)
Class dagger.spi.internal.shaded.kotlin.metadata.internal.metadata.jvm.deserialization.UtfEncodingKt: loaded 2 times (x 71B)
Class dagger.internal.codegen.DelegateComponentProcessor                              : loaded 2 times (x 72B)
Class dagger.hilt.processor.internal.root.ComponentTreeDepsProcessingStep             : loaded 2 times (x 86B)
Class com.android.tools.build.jetifier.core.pom.PomRewriteRule                        : loaded 2 times (x 72B)
Class android.databinding.internal.org.antlr.v4.runtime.atn.LexerSkipAction           : loaded 2 times (x 76B)
Class [Landroid.databinding.internal.org.antlr.v4.runtime.atn.ATNType;                : loaded 2 times (x 69B)
Class com.sun.xml.bind.v2.runtime.unmarshaller.Intercepter                            : loaded 2 times (x 70B)
Class android.databinding.internal.org.antlr.v4.runtime.tree.Tree                     : loaded 2 times (x 70B)
Class [Ljavax.xml.bind.annotation.XmlAccessOrder;                                     : loaded 2 times (x 69B)
Class javax.xml.bind.annotation.adapters.XmlJavaTypeAdapters                          : loaded 2 times (x 70B)
Class com.google.gson.stream.JsonToken                                                : loaded 2 times (x 79B)
Class com.bumptech.glide.repackaged.com.google.common.base.Function                   : loaded 2 times (x 70B)
Class com.google.gson.internal.bind.TypeAdapters$21                                   : loaded 2 times (x 75B)
Class com.google.gson.FieldNamingPolicy$1                                             : loaded 2 times (x 83B)
Class com.google.common.cache.RemovalCause$2                                          : loaded 2 times (x 80B)
Class com.google.common.collect.MapMakerInternalMap$WeakValueReference                : loaded 2 times (x 70B)
Class com.google.common.collect.AbstractRangeSet                                      : loaded 2 times (x 114B)
Class dagger.internal.codegen.writing.BindingRepresentations                          : loaded 2 times (x 71B)
Class dagger.internal.codegen.writing.ComponentImplementation$MethodSpecKind          : loaded 2 times (x 79B)
Class [Ldagger.spi.internal.shaded.androidx.room.compiler.codegen.XParameterSpec$Builder;: loaded 2 times (x 69B)
Class dagger.internal.codegen.xprocessing.XParameterSpecs$Builder                     : loaded 2 times (x 82B)
Class dagger.internal.codegen.writing.MembersInjectionRequestRepresentation_Factory   : loaded 2 times (x 72B)
Class dagger.spi.model.BindingGraph$SubcomponentCreatorBindingEdge                    : loaded 2 times (x 70B)
Class dagger.internal.codegen.processingstep.AssistedInjectProcessingStep             : loaded 2 times (x 86B)
Class com.google.common.graph.MutableNetwork                                          : loaded 2 times (x 70B)
Class dagger.internal.codegen.binding.ComponentDescriptor                             : loaded 2 times (x 95B)
Class dagger.internal.codegen.processingstep.MultibindingAnnotationsProcessingStep_Factory: loaded 2 times (x 82B)
Class dagger.internal.codegen.writing.AnnotationCreatorGenerator_Factory              : loaded 2 times (x 82B)
Class [Ldagger.internal.codegen.compileroption.ValidationType;                        : loaded 2 times (x 69B)
Class dagger.internal.codegen.base.ElementFormatter_Factory$InstanceHolder            : loaded 2 times (x 71B)
Class [Landroidx.room.processor.Context$BooleanProcessorOptions;                      : loaded 2 times (x 69B)
Class dagger.spi.internal.shaded.androidx.room.compiler.processing.KClassExtKt        : loaded 2 times (x 71B)
Class [Ldagger.hilt.android.processor.internal.androidentrypoint.AndroidEntryPointMetadata$AndroidType;: loaded 2 times (x 69B)
Class dagger.spi.internal.shaded.kotlin.metadata.Attributes$visibility$6              : loaded 2 times (x 137B)
Class dagger.spi.internal.shaded.kotlin.metadata.internal.metadata.ProtoBuf$MemberKind: loaded 2 times (x 82B)
Class dagger.internal.codegen.bindinggraphvalidation.IncompatiblyScopedBindingsValidator: loaded 2 times (x 85B)
Class dagger.spi.internal.shaded.com.google.auto.common.MoreTypes$ArrayTypeVisitor    : loaded 2 times (x 102B)
Class dagger.internal.codegen.bindinggraphvalidation.MissingBindingValidator          : loaded 2 times (x 85B)
Class dagger.spi.internal.shaded.androidx.room.compiler.processing.javac.JavacProcessingEnv$WhenMappings: loaded 2 times (x 71B)
Class dagger.internal.codegen.validation.ComponentDescriptorValidator                 : loaded 2 times (x 72B)
Class dagger.internal.codegen.base.ComponentCreatorAnnotation                         : loaded 2 times (x 79B)
Class dagger.internal.codegen.base.Util                                               : loaded 2 times (x 71B)
Class dagger.internal.codegen.base.ContributionType                                   : loaded 2 times (x 79B)
Class dagger.internal.codegen.binding.$AutoValue_DelegateBinding$Builder              : loaded 2 times (x 101B)
Class dagger.internal.codegen.model.DaggerTypeElement                                 : loaded 2 times (x 73B)
Class kotlin.reflect.jvm.internal.ReflectProperties$LazyVal                           : loaded 2 times (x 75B)
Class com.google.common.collect.FilteredSetMultimap                                   : loaded 2 times (x 70B)
Class [Ldagger.spi.internal.shaded.kotlin.metadata.KmVariance;                        : loaded 2 times (x 69B)
Class dagger.internal.codegen.xprocessing.XPropertySpecs$1                            : loaded 2 times (x 71B)
Class com.android.tools.build.jetifier.core.utils.Log                                 : loaded 2 times (x 71B)
Class android.databinding.internal.org.antlr.v4.runtime.misc.Interval                 : loaded 2 times (x 83B)
Class [Lcom.sun.xml.bind.v2.runtime.property.PropertyImpl;                            : loaded 2 times (x 69B)
Class com.sun.xml.bind.v2.model.impl.RuntimeEnumLeafInfoImpl                          : loaded 2 times (x 149B)
Class javax.xml.bind.JAXBIntrospector                                                 : loaded 2 times (x 73B)
Class android.databinding.tool.store.GenClassInfoLog$GenClass                         : loaded 2 times (x 72B)
Class kotlin.collections.State                                                        : loaded 2 times (x 79B)
Class com.google.gson.internal.bind.TypeAdapters$22                                   : loaded 2 times (x 75B)
Class com.google.gson.TypeAdapter$1                                                   : loaded 2 times (x 74B)
Class com.google.gson.FieldNamingPolicy$2                                             : loaded 2 times (x 83B)
Class com.google.gson.internal.Excluder$1                                             : loaded 2 times (x 74B)
Class android.databinding.tool.LibTypes$dataBindingUtil$2                             : loaded 2 times (x 79B)
Class android.databinding.tool.LibTypes$mutableStateFlow$2                            : loaded 2 times (x 78B)
Class com.google.common.cache.RemovalCause$3                                          : loaded 2 times (x 80B)
Class com.google.common.base.AbstractIterator$1                                       : loaded 2 times (x 71B)
Class com.google.common.base.CharMatcher$Digit                                        : loaded 2 times (x 112B)
Class org.gradle.api.GradleException                                                  : loaded 2 times (x 82B)
Class dagger.internal.codegen.writing.UnscopedFrameworkInstanceCreationExpressionFactory$1: loaded 2 times (x 71B)
Class [Ldagger.internal.codegen.xprocessing.XFunSpecs$Builder$Kind;                   : loaded 2 times (x 69B)
Class dagger.spi.internal.shaded.androidx.room.compiler.codegen.XCodeBlock$Companion  : loaded 2 times (x 71B)
Class dagger.internal.codegen.xprocessing.XTypeSpecs$Builder$Kind                     : loaded 2 times (x 79B)
Class dagger.internal.codegen.validation.SpiModelBindingGraphConverter$BindingGraphImpl: loaded 2 times (x 96B)
Class org.gradle.internal.classloader.ClassLoaderVisitor                              : loaded 2 times (x 76B)
Class [Ldagger.spi.internal.shaded.com.google.auto.common.Visibility;                 : loaded 2 times (x 69B)
Class dagger.internal.codegen.binding.Binding                                         : loaded 2 times (x 81B)
Class dagger.internal.codegen.binding.OptionalBindingDeclaration_Factory_Factory      : loaded 2 times (x 82B)
Class org.apache.http.client.methods.HttpUriRequest                                   : loaded 2 times (x 70B)
Class com.google.common.graph.IncidentEdgeSet                                         : loaded 2 times (x 136B)
Class dagger.spi.internal.shaded.androidx.room.compiler.processing.javac.JavacDeclaredType$typeArguments$2: loaded 2 times (x 79B)
Class com.google.common.io.ByteSource$ConcatenatedByteSource                          : loaded 2 times (x 85B)
Class com.google.common.collect.ImmutableSortedMapFauxverideShim                      : loaded 2 times (x 120B)
Class org.jetbrains.org.objectweb.asm.ClassVisitor                                    : loaded 2 times (x 87B)
Class settings_conky7v08ynjg5aq0k2thxoxe$_run_closure1$_closure2                      : loaded 2 times (x 139B)
Class android.databinding.tool.LibTypes$typeRewriter$2                                : loaded 2 times (x 78B)
Class com.google.gson.internal.bind.TypeAdapters$32                                   : loaded 2 times (x 76B)
Class dagger.hilt.processor.internal.originatingelement.OriginatingElementProcessor   : loaded 2 times (x 100B)
Class [Landroid.databinding.internal.org.antlr.v4.runtime.atn.RuleStartState;         : loaded 2 times (x 69B)
Class android.databinding.internal.org.antlr.v4.runtime.misc.Pair                     : loaded 2 times (x 72B)
Class android.databinding.internal.org.antlr.v4.runtime.atn.ATN                       : loaded 2 times (x 80B)
Class javax.xml.bind.helpers.AbstractMarshallerImpl                                   : loaded 2 times (x 125B)
Class com.sun.xml.bind.v2.runtime.reflect.Accessor$ReadOnlyFieldReflection            : loaded 2 times (x 85B)
Class com.sun.xml.bind.v2.model.core.AttributePropertyInfo                            : loaded 2 times (x 70B)
Class com.sun.xml.bind.v2.model.impl.RuntimeReferencePropertyInfoImpl                 : loaded 2 times (x 141B)
Class javax.xml.bind.Binder                                                           : loaded 2 times (x 85B)
Class javax.xml.bind.JAXBContext                                                      : loaded 2 times (x 78B)
Class org.apache.commons.io.file.PathUtils                                            : loaded 2 times (x 71B)
Class com.google.gson.internal.bind.TypeAdapters$23                                   : loaded 2 times (x 75B)
Class com.google.gson.FieldNamingPolicy$3                                             : loaded 2 times (x 83B)
Class org.jetbrains.org.objectweb.asm.SymbolTable$Entry                               : loaded 2 times (x 74B)
Class com.google.common.io.CharSource$EmptyCharSource                                 : loaded 2 times (x 86B)
Class com.google.common.cache.RemovalCause$4                                          : loaded 2 times (x 80B)
Class com.google.common.base.CharMatcher$JavaIsoControl                               : loaded 2 times (x 112B)
Class com.google.common.collect.ForwardingMap                                         : loaded 2 times (x 132B)
Class com.google.common.collect.Lists$OnePlusArrayList                                : loaded 2 times (x 199B)
Class dagger.internal.codegen.writing.ComponentRequirementExpressions$ComponentParameterField: loaded 2 times (x 81B)
Class dagger.internal.codegen.writing.ComponentProvisionRequestRepresentation_Factory : loaded 2 times (x 72B)
Class dagger.internal.codegen.writing.MembersInjectionBindingRepresentation_Factory   : loaded 2 times (x 72B)
Class dagger.internal.codegen.validation.AutoValue_SpiModelBindingGraphConverter_DaggerExecutableElementImpl: loaded 2 times (x 76B)
Class dagger.spi.model.DependencyRequest                                              : loaded 2 times (x 75B)
Class dagger.internal.codegen.binding.$AutoValue_SubcomponentCreatorBinding$Builder   : loaded 2 times (x 93B)
Class dagger.spi.internal.shaded.androidx.room.compiler.processing.javac.kotlin.JvmDescriptorTypeVisitor$visitExecutable$parameterDescriptors$1: loaded 2 times (x 79B)
Class com.sun.xml.bind.v2.runtime.JAXBContextImpl$1                                   : loaded 2 times (x 78B)
Class dagger.internal.codegen.model.DaggerType                                        : loaded 2 times (x 74B)
Class dagger.internal.codegen.validation.DiagnosticReporterFactory                    : loaded 2 times (x 72B)
Class dagger.internal.codegen.binding.LegacyBindingGraphConverter                     : loaded 2 times (x 71B)
Class dagger.internal.codegen.compileroption.ProcessingEnvironmentCompilerOptions     : loaded 2 times (x 95B)
Class dagger.hilt.android.processor.internal.androidentrypoint.ApplicationGenerator   : loaded 2 times (x 72B)
Class com.google.common.graph.EndpointPairIterator$Undirected                         : loaded 2 times (x 82B)
Class dagger.spi.internal.shaded.kotlin.metadata.internal.protobuf.FieldSet$1         : loaded 2 times (x 71B)
Class dagger.hilt.processor.internal.root.RootMetadata                                : loaded 2 times (x 72B)
Class dagger.hilt.processor.internal.definecomponent.AutoValue_DefineComponentBuilderMetadatas_DefineComponentBuilderMetadata: loaded 2 times (x 75B)
Class com.sun.xml.bind.v2.model.impl.TypeInfoImpl                                     : loaded 2 times (x 85B)
Class com.sun.xml.bind.v2.runtime.property.Utils$1                                    : loaded 2 times (x 77B)
Class com.sun.xml.bind.marshaller.XMLWriter                                           : loaded 2 times (x 167B)
Class dagger.spi.internal.shaded.androidx.room.compiler.codegen.XTypeName             : loaded 2 times (x 75B)
Class android.databinding.internal.org.antlr.v4.runtime.atn.WildcardTransition        : loaded 2 times (x 76B)
Class com.android.tools.build.jetifier.core.pom.DependencyVersionsMap                 : loaded 2 times (x 72B)
Class dagger.spi.internal.shaded.androidx.room.compiler.processing.javac.JavacAnnotation$defaultValues$2: loaded 2 times (x 79B)
Class dagger.hilt.processor.internal.generatesrootinput.GeneratesRootInputProcessingStep: loaded 2 times (x 86B)
Class android.databinding.tool.store.FeatureInfoList                                  : loaded 2 times (x 72B)
Class android.databinding.internal.org.antlr.v4.runtime.TokenFactory                  : loaded 2 times (x 70B)
Class android.databinding.internal.org.antlr.v4.runtime.atn.BasicBlockStartState      : loaded 2 times (x 83B)
Class android.databinding.parser.BindingExpressionParser$AndOrOpContext               : loaded 2 times (x 134B)
Class android.databinding.parser.BindingExpressionParser$FunctionRefContext           : loaded 2 times (x 134B)
Class android.databinding.parser.BindingExpressionParser$InstanceOfOpContext          : loaded 2 times (x 134B)
Class com.sun.xml.bind.v2.runtime.reflect.PrimitiveArrayListerBoolean                 : loaded 2 times (x 76B)
Class com.sun.xml.bind.v2.runtime.property.Property                                   : loaded 2 times (x 70B)
Class com.sun.xml.bind.v2.model.impl.ClassInfoImpl$1                                  : loaded 2 times (x 71B)
Class com.sun.xml.bind.v2.runtime.reflect.Accessor$GetterOnlyReflection               : loaded 2 times (x 85B)
Class javax.xml.bind.annotation.XmlMixed                                              : loaded 2 times (x 70B)
Class com.sun.xml.bind.v2.model.nav.ReflectionNavigator                               : loaded 2 times (x 123B)
Class com.sun.xml.bind.v2.model.annotation.AnnotationReader                           : loaded 2 times (x 70B)
Class org.apache.commons.io.file.Counters$NoopPathCounters                            : loaded 2 times (x 82B)
Class dagger.spi.internal.shaded.androidx.room.compiler.processing.javac.kotlin.KmVisibility: loaded 2 times (x 70B)
Class com.google.gson.internal.bind.TypeAdapters$34$1                                 : loaded 2 times (x 74B)
Class com.google.gson.internal.bind.TypeAdapters$24                                   : loaded 2 times (x 75B)
Class com.google.gson.FieldNamingPolicy$4                                             : loaded 2 times (x 83B)
Class android.databinding.tool.LibTypes$bindable$2                                    : loaded 2 times (x 79B)
Class com.intellij.gradle.toolingExtension.impl.initScript.util.GradleDebuggerUtil    : loaded 2 times (x 71B)
Class com.google.common.cache.RemovalCause$5                                          : loaded 2 times (x 80B)
Class [Lcom.google.common.collect.MapMakerInternalMap$Strength;                       : loaded 2 times (x 69B)
Class [Lcom.google.common.io.FileWriteMode;                                           : loaded 2 times (x 69B)
Class com.google.common.base.CharMatcher$JavaLowerCase                                : loaded 2 times (x 111B)
Class org.apache.http.client.methods.HttpExecutionAware                               : loaded 2 times (x 70B)
Class dagger.spi.internal.shaded.androidx.room.compiler.codegen.impl.XTypeSpecImpl$name$2: loaded 2 times (x 79B)
Class dagger.spi.internal.shaded.androidx.room.compiler.codegen.kotlin.KotlinCodeBlock: loaded 2 times (x 72B)
Class dagger.spi.internal.shaded.androidx.room.compiler.codegen.impl.XCodeBlockImpl   : loaded 2 times (x 72B)
Class dagger.internal.codegen.writing.ComponentInstanceRequestRepresentation$Factory  : loaded 2 times (x 70B)
Class dagger.hilt.processor.internal.AutoValue_ComponentDescriptor$Builder            : loaded 2 times (x 80B)
Class com.google.common.graph.AbstractValueGraph                                      : loaded 2 times (x 145B)
Class dagger.internal.codegen.binding.InjectionBinding$Builder                        : loaded 2 times (x 80B)
Class dagger.spi.internal.shaded.kotlin.metadata.internal.metadata.ProtoBuf$Type$Argument: loaded 2 times (x 110B)
Class dagger.spi.internal.shaded.kotlin.metadata.internal.metadata.ProtoBuf$Type$ArgumentOrBuilder: loaded 2 times (x 70B)
Class dagger.spi.internal.shaded.androidx.room.compiler.processing.DeclarationCollectorKt$collectAllMethods$1: loaded 2 times (x 95B)
Class dagger.internal.codegen.binding.DelegateBinding$Builder                         : loaded 2 times (x 82B)
Class [Ldagger.internal.codegen.model.RequestKind;                                    : loaded 2 times (x 69B)
Class dagger.internal.codegen.validation.BindsMethodValidator$Validator               : loaded 2 times (x 80B)
Class dagger.internal.codegen.bindinggraphvalidation.CompositeBindingGraphPlugin_Factory: loaded 2 times (x 72B)
Class dagger.internal.codegen.validation.MembersInjectionValidator_Factory            : loaded 2 times (x 82B)
Class dagger.internal.Preconditions                                                   : loaded 2 times (x 71B)
Class dagger.spi.internal.shaded.kotlin.metadata.jvm.internal.JvmExtensionNodesKt     : loaded 2 times (x 71B)
Class dagger.spi.internal.shaded.kotlin.metadata.internal.metadata.ProtoBuf$PropertyOrBuilder: loaded 2 times (x 70B)
Class dagger.hilt.processor.internal.definecomponent.DefineComponentMetadatas         : loaded 2 times (x 72B)
Class dagger.spi.internal.shaded.androidx.room.compiler.processing.javac.JavacExecutableElement$jvmDescriptor$2: loaded 2 times (x 79B)
Class dagger.spi.internal.shaded.kotlin.metadata.internal.protobuf.GeneratedMessageLite: loaded 2 times (x 101B)
Class dagger.spi.internal.shaded.kotlin.metadata.internal.protobuf.BoundedByteString  : loaded 2 times (x 112B)
Class dagger.spi.internal.shaded.kotlin.metadata.internal.metadata.ProtoBuf$Function$1: loaded 2 times (x 144B)
Class dagger.spi.internal.shaded.kotlin.metadata.internal.extensions.MetadataExtensions: loaded 2 times (x 70B)
Class dagger.hilt.processor.internal.earlyentrypoint.EarlyEntryPointProcessor         : loaded 2 times (x 100B)
Class android.databinding.internal.org.antlr.v4.runtime.Vocabulary                    : loaded 2 times (x 70B)
Class javax.xml.bind.annotation.XmlInlineBinaryData                                   : loaded 2 times (x 70B)
Class com.sun.xml.bind.v2.runtime.Location                                            : loaded 2 times (x 70B)
Class com.google.gson.internal.LinkedTreeMap$EntrySet$1                               : loaded 2 times (x 81B)
Class com.google.gson.internal.bind.TypeAdapters$25                                   : loaded 2 times (x 75B)
Class com.google.gson.FieldNamingPolicy$5                                             : loaded 2 times (x 83B)
Class [Lorg.jetbrains.org.objectweb.asm.Symbol;                                       : loaded 2 times (x 69B)
Class com.google.common.collect.Iterables$4                                           : loaded 2 times (x 81B)
Class com.google.common.cache.LocalCache$WriteThroughEntry                            : loaded 2 times (x 79B)
Class com.google.common.cache.LocalCache$HashIterator                                 : loaded 2 times (x 86B)
Class com.google.common.collect.MapMakerInternalMap$StrongKeyDummyValueSegment        : loaded 2 times (x 142B)
Class com.google.common.io.Files                                                      : loaded 2 times (x 71B)
Class dagger.internal.codegen.binding.$AutoValue_AssistedInjectionAnnotations_AssistedFactoryMetadata: loaded 2 times (x 82B)
Class dagger.internal.codegen.writing.InjectionMethods$ProvisionMethod                : loaded 2 times (x 71B)
Class dagger.spi.internal.shaded.androidx.room.compiler.codegen.java.JavaAnnotationSpec$Builder: loaded 2 times (x 78B)
Class dagger.spi.internal.shaded.androidx.room.compiler.codegen.XName                 : loaded 2 times (x 72B)
Class com.squareup.kotlinpoet.ContextReceivers                                        : loaded 2 times (x 75B)
Class com.squareup.kotlinpoet.Documentable                                            : loaded 2 times (x 70B)
Class dagger.spi.internal.shaded.kotlin.metadata.internal.extensions.KmExtension      : loaded 2 times (x 70B)
Class dagger.spi.model.BindingGraph$Node                                              : loaded 2 times (x 70B)
Class dagger.internal.codegen.model.AutoValue_DaggerType                              : loaded 2 times (x 75B)
Class dagger.internal.codegen.model.$AutoValue_ComponentPath                          : loaded 2 times (x 74B)
Class dagger.spi.internal.shaded.androidx.room.compiler.processing.XProcessingEnv$WhenMappings: loaded 2 times (x 71B)
Class dagger.internal.codegen.binding.$AutoValue_MembersInjectionBinding_InjectionSite: loaded 2 times (x 77B)
Class dagger.internal.codegen.validation.MembersInjectionValidator                    : loaded 2 times (x 72B)
Class dagger.internal.codegen.binding.KeyFactory_Factory                              : loaded 2 times (x 82B)
Class androidx.room.processor.Context$ProcessorOptions                                : loaded 2 times (x 79B)
Class dagger.spi.internal.shaded.kotlin.metadata.jvm.internal.JvmPropertyExtension$Companion: loaded 2 times (x 71B)
Class dagger.spi.internal.shaded.kotlin.metadata.internal.metadata.ProtoBuf$TypeTable : loaded 2 times (x 109B)
Class dagger.hilt.processor.internal.uninstallmodules.AutoValue_AggregatedUninstallModulesMetadata: loaded 2 times (x 75B)
Class [Lcom.google.common.graph.ElementOrder$Type;                                    : loaded 2 times (x 69B)
Class dagger.hilt.processor.internal.AutoValue_ComponentDescriptor                    : loaded 2 times (x 77B)
Class dagger.hilt.processor.internal.ComponentNames                                   : loaded 2 times (x 72B)
Class [Ldagger.spi.internal.shaded.kotlin.metadata.internal.metadata.ProtoBuf$VersionRequirement$Level;: loaded 2 times (x 69B)
Class dagger.spi.internal.shaded.com.google.auto.common.Overrides$NativeOverrides     : loaded 2 times (x 74B)
Class dagger.internal.codegen.writing.ProductionBindingRepresentation_Factory         : loaded 2 times (x 72B)
Class dagger.internal.codegen.writing.SwitchingProviders                              : loaded 2 times (x 72B)
Class dagger.internal.codegen.writing.FrameworkFieldInitializer$FrameworkInstanceCreationExpression: loaded 2 times (x 70B)
Class dagger.internal.codegen.writing.ComponentCreatorImplementationFactory$Builder   : loaded 2 times (x 82B)
Class dagger.internal.codegen.writing.DerivedFromFrameworkInstanceRequestRepresentation: loaded 2 times (x 74B)
Class dagger.internal.codegen.writing.DelegateRequestRepresentation$1                 : loaded 2 times (x 71B)
Class com.sun.xml.bind.v2.runtime.JaxBeanInfo$1                                       : loaded 2 times (x 77B)
Class javax.xml.bind.ValidationEvent                                                  : loaded 2 times (x 70B)
Class com.sun.xml.bind.v2.model.impl.Utils                                            : loaded 2 times (x 71B)
Class com.google.gson.internal.bind.ArrayTypeAdapter                                  : loaded 2 times (x 74B)
Class com.google.gson.internal.bind.TypeAdapters$26                                   : loaded 2 times (x 75B)
Class com.google.gson.FieldNamingPolicy$6                                             : loaded 2 times (x 83B)
Class [Lcom.google.common.collect.MapMaker$Dummy;                                     : loaded 2 times (x 69B)
Class com.google.common.cache.LocalCache$AbstractReferenceEntry                       : loaded 2 times (x 107B)
Class com.google.common.base.CharMatcher$Whitespace                                   : loaded 2 times (x 112B)
Class com.google.common.reflect.Types$NativeTypeVariableEquals                        : loaded 2 times (x 71B)
Class com.google.common.reflect.TypeParameter                                         : loaded 2 times (x 72B)
Class org.gradle.internal.IoActions                                                   : loaded 2 times (x 71B)
Class com.squareup.kotlinpoet.ParameterizedTypeName                                   : loaded 2 times (x 86B)
Class dagger.internal.codegen.writing.ComponentRequirementExpression                  : loaded 2 times (x 70B)
Class org.gradle.internal.classloader.DefaultClassLoaderFactory                       : loaded 2 times (x 82B)
Class dagger.internal.codegen.writing.FrameworkInstanceBindingRepresentation_Factory  : loaded 2 times (x 72B)
Class dagger.spi.model.Key                                                            : loaded 2 times (x 78B)
Class dagger.internal.codegen.validation.AutoValue_SpiModelBindingGraphConverter_BindingGraphImpl: loaded 2 times (x 97B)
Class org.objectweb.asm.MethodTooLargeException                                       : loaded 2 times (x 83B)
Class dagger.internal.codegen.binding.SourceFiles$1                                   : loaded 2 times (x 71B)
Class dagger.spi.internal.shaded.androidx.room.compiler.processing.javac.JavacFieldElement: loaded 2 times (x 225B)
Class com.google.common.collect.MapMakerInternalMap$Strength                          : loaded 2 times (x 80B)
Class com.google.common.collect.MapMakerInternalMap$StrongKeyDummyValueEntry$LinkedStrongKeyDummyValueEntry: loaded 2 times (x 82B)
Class org.jetbrains.kotlin.name.FqNameUnsafe$1                                        : loaded 2 times (x 74B)
Class dagger.internal.codegen.writing.InaccessibleMapKeyProxyGenerator_Factory        : loaded 2 times (x 82B)
Class dagger.internal.codegen.model.BindingGraph$Node                                 : loaded 2 times (x 70B)
Class com.google.gson.JsonSyntaxException                                             : loaded 2 times (x 82B)
Class dagger.internal.codegen.DelegateComponentProcessor$Injector$Factory             : loaded 2 times (x 70B)
Class androidx.room.processor.Context$Companion$ARG_OPTIONS$2                         : loaded 2 times (x 78B)
Class com.bumptech.glide.annotation.compiler.AppModuleGenerator                       : loaded 2 times (x 72B)
Class dagger.spi.internal.shaded.kotlin.metadata.internal.metadata.ProtoBuf$Class$1   : loaded 2 times (x 144B)
Class [Ldagger.spi.internal.shaded.kotlin.metadata.internal.protobuf.Internal$EnumLite;: loaded 2 times (x 69B)
Class dagger.spi.internal.shaded.kotlin.metadata.internal.protobuf.SmallSortedMap     : loaded 2 times (x 130B)
Class dagger.spi.internal.shaded.kotlin.metadata.internal.protobuf.FieldSet           : loaded 2 times (x 72B)
Class dagger.spi.internal.shaded.kotlin.metadata.internal.protobuf.ByteString$Output  : loaded 2 times (x 86B)
Class dagger.hilt.processor.internal.aggregateddeps.ComponentDependencies$Builder     : loaded 2 times (x 75B)
Class com.google.common.graph.EndpointPairIterator                                    : loaded 2 times (x 82B)
Class com.google.common.graph.MapIteratorCache$1                                      : loaded 2 times (x 137B)
Class com.google.common.graph.StandardMutableGraph                                    : loaded 2 times (x 160B)
Class dagger.spi.internal.shaded.androidx.room.compiler.processing.javac.JavacMethodParameter$kotlinMetadata$2: loaded 2 times (x 79B)
Class dagger.spi.internal.shaded.androidx.room.compiler.processing.javac.JavacType$rawType$2: loaded 2 times (x 79B)
Class com.google.gson.internal.bind.TypeAdapters$31                                   : loaded 2 times (x 76B)
Class android.databinding.internal.org.antlr.v4.runtime.atn.AtomTransition            : loaded 2 times (x 76B)
Class android.databinding.internal.org.antlr.v4.runtime.atn.SemanticContext$Predicate : loaded 2 times (x 73B)
Class [Landroid.databinding.internal.org.antlr.v4.runtime.atn.PredictionMode;         : loaded 2 times (x 69B)
Class dagger.spi.internal.shaded.androidx.room.compiler.processing.InternalXAnnotationValue$Companion: loaded 2 times (x 71B)
Class dagger.spi.internal.shaded.kotlin.metadata.Attributes$kind$11                   : loaded 2 times (x 137B)
Class androidx.room.util.SimpleJavaVersion$compareTo$$inlined$thenBy$2                : loaded 2 times (x 90B)
Class dagger.internal.codegen.compileroption.CompilerOptions                          : loaded 2 times (x 94B)
Class dagger.internal.codegen.processingstep.ModuleProcessingStep_Factory             : loaded 2 times (x 82B)
Class com.google.devtools.ksp.symbol.KSAnnotated                                      : loaded 2 times (x 70B)
Class dagger.hilt.processor.internal.ProcessorErrorHandler                            : loaded 2 times (x 72B)
Class dagger.internal.codegen.processingstep.LazyClassKeyProcessingStep               : loaded 2 times (x 86B)
Class [Ldagger.spi.internal.shaded.androidx.room.compiler.processing.XProcessingEnv$Backend;: loaded 2 times (x 69B)
Class android.databinding.internal.org.antlr.v4.runtime.atn.ATNSimulator              : loaded 2 times (x 76B)
Class com.sun.xml.bind.v2.runtime.MarshallerImpl                                      : loaded 2 times (x 128B)
Class com.sun.xml.bind.v2.runtime.property.ArrayERProperty$ReceiverImpl               : loaded 2 times (x 75B)
Class com.sun.xml.bind.v2.runtime.reflect.Utils$1                                     : loaded 2 times (x 77B)
Class [Ljavax.xml.bind.annotation.XmlElement;                                         : loaded 2 times (x 69B)
Class javax.xml.bind.annotation.XmlType                                               : loaded 2 times (x 70B)
Class com.sun.xml.bind.v2.model.annotation.XmlEnumQuick                               : loaded 2 times (x 91B)
Class javax.xml.bind.annotation.XmlAccessType                                         : loaded 2 times (x 79B)
Class com.sun.xml.bind.v2.model.annotation.RuntimeInlineAnnotationReader              : loaded 2 times (x 106B)
Class org.apache.commons.io.filefilter.TrueFileFilter                                 : loaded 2 times (x 94B)
Class com.google.gson.internal.reflect.ReflectionHelper                               : loaded 2 times (x 71B)
Class com.google.gson.internal.bind.TypeAdapters$27                                   : loaded 2 times (x 75B)
Class com.google.gson.FieldNamingPolicy$7                                             : loaded 2 times (x 83B)
Class androidx.databinding.Untaggable                                                 : loaded 2 times (x 70B)
Class build_4qcyntbo68sxgvaj28s5at3xr                                                 : loaded 2 times (x 180B)
Class build_2vgxwk05xzolhywd7eyqqr1s0$_run_closure1                                   : loaded 2 times (x 139B)
Class org.jetbrains.org.objectweb.asm.Attribute                                       : loaded 2 times (x 75B)
Class org.jetbrains.org.objectweb.asm.Label                                           : loaded 2 times (x 72B)
Class com.google.common.collect.ImmutableRangeSet$ComplementRanges                    : loaded 2 times (x 207B)
Class org.apache.http.client.methods.HttpPut                                          : loaded 2 times (x 153B)
Class com.google.common.base.CharMatcher$SingleWidth                                  : loaded 2 times (x 112B)
Class org.objectweb.asm.SymbolTable                                                   : loaded 2 times (x 72B)
Class org.apache.http.client.methods.Configurable                                     : loaded 2 times (x 70B)
Class org.gradle.internal.classloader.SystemClassLoaderSpec                           : loaded 2 times (x 71B)
Class dagger.internal.codegen.binding.FrameworkField                                  : loaded 2 times (x 72B)
Class com.squareup.kotlinpoet.ContextReceivable                                       : loaded 2 times (x 70B)
Class [Ldagger.spi.internal.shaded.androidx.room.compiler.codegen.VisibilityModifier; : loaded 2 times (x 69B)
Class dagger.spi.internal.shaded.androidx.room.compiler.processing.javac.kotlin.KmValueParameterContainer: loaded 2 times (x 72B)
Class dagger.internal.codegen.writing.ProductionBindingRepresentation_Factory_Impl    : loaded 2 times (x 75B)
Class dagger.internal.codegen.writing.OptionalRequestRepresentation_Factory           : loaded 2 times (x 72B)
Class dagger.spi.internal.shaded.androidx.room.compiler.codegen.java.JavaFunSpecKt    : loaded 2 times (x 71B)
Class dagger.internal.codegen.xprocessing.XFunSpecs$Builder                           : loaded 2 times (x 114B)
Class dagger.spi.internal.shaded.kotlin.metadata.KmVersionRequirementVersionKind      : loaded 2 times (x 79B)
Class dagger.internal.codegen.binding.AutoValue_MembersInjectionBinding               : loaded 2 times (x 84B)
Class dagger.spi.internal.shaded.androidx.room.compiler.codegen.XAnnotationSpec$Builder$Companion: loaded 2 times (x 71B)
Class dagger.spi.internal.shaded.androidx.room.compiler.processing.javac.JavacFieldElement$setter$2: loaded 2 times (x 79B)
Class dagger.spi.internal.shaded.androidx.room.compiler.processing.javac.kotlin.KmFunctionContainerImpl: loaded 2 times (x 100B)
Class dagger.internal.codegen.binding.ContributionBinding$1                           : loaded 2 times (x 71B)
Class dagger.internal.codegen.xprocessing.XMethodElements                             : loaded 2 times (x 71B)
Class dagger.spi.internal.shaded.androidx.room.compiler.processing.javac.JavacMethodType: loaded 2 times (x 91B)
Class [Ldagger.spi.model.DaggerProcessingEnv$Backend;                                 : loaded 2 times (x 69B)
Class dagger.spi.model.DaggerProcessingEnv                                            : loaded 2 times (x 75B)
Class dagger.internal.codegen.xprocessing.XParameterSpecs$1                           : loaded 2 times (x 71B)
Class [Ldagger.internal.codegen.compileroption.ProcessingEnvironmentCompilerOptions$Feature;: loaded 2 times (x 69B)
Class dagger.internal.codegen.bindinggraphvalidation.ProvisionDependencyOnProducerBindingValidator_Factory: loaded 2 times (x 81B)
Class dagger.internal.codegen.DaggerDelegateComponentProcessor_Injector$InjectorImpl  : loaded 2 times (x 75B)
Class dagger.spi.internal.shaded.kotlin.metadata.Attributes$isReified$2               : loaded 2 times (x 137B)
Class [Ldagger.spi.internal.shaded.kotlin.metadata.Modality;                          : loaded 2 times (x 69B)
Class dagger.spi.internal.shaded.kotlin.metadata.internal.protobuf.GeneratedMessageLite$ExtendableMessage: loaded 2 times (x 113B)
Class dagger.spi.internal.shaded.com.google.auto.common.MoreTypes$CastingTypeVisitor  : loaded 2 times (x 102B)
Class dagger.spi.internal.shaded.androidx.room.compiler.processing.javac.kotlin.KmClassContainer: loaded 2 times (x 79B)
Class org.objectweb.asm.ClassVisitor                                                  : loaded 2 times (x 88B)
Class [Lorg.objectweb.asm.Symbol;                                                     : loaded 2 times (x 69B)
Class com.google.common.reflect.TypeCapture                                           : loaded 2 times (x 71B)
Class com.google.common.collect.TransformedListIterator                               : loaded 2 times (x 93B)
Class dagger.spi.internal.shaded.androidx.room.compiler.processing.CommonProcessorDelegate$processRound$currentElementsDeferredByStep$1$stepDeferredElementsByAnnotation$1: loaded 2 times (x 78B)
Class com.google.common.cache.LocalCache$Values                                       : loaded 2 times (x 118B)
Class dagger.spi.internal.shaded.androidx.room.compiler.processing.javac.JavacProcessingEnv$messager$2: loaded 2 times (x 79B)
Class androidx.room.compiler.processing.javac.JavacBasicAnnotationProcessor$2         : loaded 2 times (x 79B)
Class com.google.gson.TypeAdapterFactory                                              : loaded 2 times (x 70B)
Class android.databinding.internal.org.antlr.v4.runtime.atn.LexerActionType           : loaded 2 times (x 79B)
Class android.databinding.internal.org.antlr.v4.runtime.tree.ParseTreeVisitor         : loaded 2 times (x 70B)
Class com.sun.xml.bind.v2.runtime.reflect.PrimitiveArrayListerFloat                   : loaded 2 times (x 76B)
Class com.sun.xml.bind.v2.util.FlattenIterator                                        : loaded 2 times (x 79B)
Class com.sun.xml.bind.v2.model.runtime.RuntimePropertyInfo                           : loaded 2 times (x 70B)
Class com.sun.xml.bind.v2.model.annotation.XmlElementRefsQuick                        : loaded 2 times (x 91B)
Class javax.xml.bind.annotation.XmlElementRef                                         : loaded 2 times (x 70B)
Class com.google.gson.internal.bind.TypeAdapters$EnumTypeAdapter                      : loaded 2 times (x 74B)
Class com.google.gson.internal.bind.TypeAdapters$28                                   : loaded 2 times (x 75B)
Class [Lcom.google.gson.LongSerializationPolicy;                                      : loaded 2 times (x 69B)
Class com.google.gson.internal.bind.JsonTreeReader                                    : loaded 2 times (x 98B)
Class org.jetbrains.org.objectweb.asm.Frame                                           : loaded 2 times (x 73B)
Class com.google.common.cache.LocalCache$StrongEntry                                  : loaded 2 times (x 108B)
Class com.google.common.util.concurrent.AbstractFuture$TrustedFuture                  : loaded 2 times (x 114B)
Class dagger.internal.codegen.writing.FrameworkInstanceBindingRepresentation$1        : loaded 2 times (x 71B)
Class dagger.internal.codegen.writing.DirectInstanceBindingRepresentation             : loaded 2 times (x 72B)
Class dagger.internal.codegen.writing.ComponentRequestRepresentations                 : loaded 2 times (x 72B)
Class com.sun.xml.bind.api.Bridge                                                     : loaded 2 times (x 85B)
Class dagger.internal.codegen.writing.StaticFactoryInstanceSupplier_Factory           : loaded 2 times (x 72B)
Class dagger.internal.codegen.writing.ImmediateFutureRequestRepresentation_Factory_Impl: loaded 2 times (x 75B)
Class com.sun.xml.bind.v2.model.impl.RuntimeTypeInfoSetImpl                           : loaded 2 times (x 123B)
Class com.google.common.collect.Iterables$8                                           : loaded 2 times (x 81B)
Class dagger.spi.internal.shaded.kotlin.metadata.internal.metadata.deserialization.VersionRequirement$Companion: loaded 2 times (x 71B)
Class dagger.spi.internal.shaded.kotlin.metadata.internal.metadata.ProtoBuf$Effect$EffectType$1: loaded 2 times (x 74B)
Class dagger.spi.internal.shaded.kotlin.metadata.internal.metadata.ProtoBuf$Type$Argument$Projection$1: loaded 2 times (x 74B)
Class dagger.internal.codegen.kotlin.ClassMetadata$Companion                          : loaded 2 times (x 71B)
Class dagger.spi.internal.shaded.androidx.room.compiler.processing.javac.TypeMirrorExtKt: loaded 2 times (x 71B)
Class com.sun.xml.bind.v2.model.impl.Utils$1                                          : loaded 2 times (x 77B)
Class dagger.internal.codegen.binding.AutoValue_ComponentDescriptor                   : loaded 2 times (x 98B)
Class dagger.internal.codegen.validation.MapKeyValidator                              : loaded 2 times (x 72B)
Class dagger.internal.codegen.base.ElementFormatter_Factory                           : loaded 2 times (x 81B)
Class androidx.room.util.SimpleJavaVersion$Companion                                  : loaded 2 times (x 71B)
Class com.bumptech.glide.repackaged.com.google.common.collect.Hashing                 : loaded 2 times (x 71B)
Class dagger.internal.DoubleCheck                                                     : loaded 2 times (x 83B)
Class dagger.spi.internal.shaded.kotlin.metadata.internal.metadata.ProtoBuf$Class$Kind$1: loaded 2 times (x 74B)
Class dagger.spi.internal.shaded.kotlin.metadata.internal.extensions.MetadataExtensions$Companion: loaded 2 times (x 71B)
Class dagger.spi.internal.shaded.kotlin.metadata.internal.protobuf.SmallSortedMap$Entry: loaded 2 times (x 88B)
Class javax.xml.bind.annotation.XmlMimeType                                           : loaded 2 times (x 70B)
Class dagger.spi.internal.shaded.androidx.room.compiler.processing.javac.JavacDeclaredType: loaded 2 times (x 185B)
Class com.sun.xml.bind.v2.runtime.unmarshaller.XmlVisitor                             : loaded 2 times (x 70B)
Class dagger.spi.internal.shaded.androidx.room.compiler.processing.javac.JavacAnnotation$annotationValues$2: loaded 2 times (x 79B)
Class javax.xml.bind.UnmarshalException                                               : loaded 2 times (x 85B)
Class android.databinding.internal.org.antlr.v4.runtime.RecognitionException          : loaded 2 times (x 89B)
Class dagger.hilt.processor.internal.HiltCompilerOptions                              : loaded 2 times (x 71B)
Class android.databinding.internal.org.antlr.v4.runtime.dfa.LexerDFASerializer        : loaded 2 times (x 74B)
Class dagger.spi.internal.shaded.androidx.room.compiler.processing.javac.JavacTypeElement: loaded 2 times (x 298B)
Class androidx.room.compiler.processing.XProcessingEnvConfig$Companion                : loaded 2 times (x 71B)
Class androidx.room.compiler.processing.XProcessingEnvConfig                          : loaded 2 times (x 71B)
Class android.databinding.parser.BindingExpressionParser$DotOpContext                 : loaded 2 times (x 134B)
Class javax.xml.bind.annotation.W3CDomHandler                                         : loaded 2 times (x 85B)
Class com.sun.xml.bind.v2.runtime.reflect.TransducedAccessor$IDREFTransducedAccessorImpl: loaded 2 times (x 80B)
Class com.sun.xml.bind.v2.runtime.unmarshaller.WildcardLoader                         : loaded 2 times (x 79B)
Class com.sun.xml.bind.v2.runtime.unmarshaller.XsiTypeLoader                          : loaded 2 times (x 78B)
Class com.sun.xml.bind.v2.runtime.reflect.AdaptedAccessor                             : loaded 2 times (x 85B)
Class com.sun.xml.bind.v2.model.impl.LeafInfoImpl                                     : loaded 2 times (x 102B)
Class com.google.gson.internal.Streams$AppendableWriter                               : loaded 2 times (x 99B)
Class com.google.common.collect.CompactHashing                                        : loaded 2 times (x 71B)
Class com.google.gson.internal.bind.MapTypeAdapterFactory                             : loaded 2 times (x 75B)
Class com.google.gson.internal.bind.TypeAdapters$29                                   : loaded 2 times (x 75B)
Class com.google.gson.JsonNull                                                        : loaded 2 times (x 92B)
Class org.objectweb.asm.MethodWriter                                                  : loaded 2 times (x 106B)
Class com.google.common.io.ByteStreams$LimitedInputStream                             : loaded 2 times (x 92B)
Class dagger.internal.codegen.writing.SubcomponentCreatorRequestRepresentation        : loaded 2 times (x 74B)
Class dagger.internal.codegen.writing.ComponentRequestRepresentations$1               : loaded 2 times (x 71B)
Class com.squareup.kotlinpoet.TypeVariableName$Companion                              : loaded 2 times (x 71B)
Class dagger.spi.internal.shaded.kotlin.metadata.internal.metadata.ProtoBuf$Contract$1: loaded 2 times (x 144B)
Class dagger.internal.codegen.writing.ProviderInstanceSupplier_Factory                : loaded 2 times (x 72B)
Class dagger.internal.codegen.model.BindingGraph$Edge                                 : loaded 2 times (x 70B)
Class dagger.spi.internal.shaded.kotlin.metadata.jvm.internal.JvmTypeParameterExtension: loaded 2 times (x 77B)
Class dagger.internal.codegen.base.OptionalType                                       : loaded 2 times (x 72B)
Class [Ldagger.internal.codegen.binding.ComponentRequirement$Kind;                    : loaded 2 times (x 69B)
Class dagger.spi.internal.shaded.kotlin.metadata.internal.extensions.KmClassExtension : loaded 2 times (x 70B)
Class dagger.internal.codegen.validation.BindsInstanceParameterValidator              : loaded 2 times (x 78B)
Class [Ldagger.internal.codegen.validation.BindingElementValidator$AllowsMultibindings;: loaded 2 times (x 69B)
Class dagger.spi.internal.shaded.kotlin.metadata.Attributes$visibility$22             : loaded 2 times (x 137B)
Class dagger.spi.internal.shaded.kotlin.metadata.internal.metadata.jvm.JvmProtoBuf$StringTableTypes$Record$Operation: loaded 2 times (x 82B)
Class dagger.spi.internal.shaded.kotlin.metadata.internal.metadata.ProtoBuf$MemberKind$1: loaded 2 times (x 74B)
Class com.google.common.graph.EndpointPair$Ordered                                    : loaded 2 times (x 83B)
Class [Ldagger.spi.internal.shaded.kotlin.metadata.Visibility;                        : loaded 2 times (x 69B)
Class androidx.room.compiler.processing.XProcessingEnv$Backend                        : loaded 2 times (x 79B)
Class androidx.room.compiler.processing.javac.XTypeElementStore                       : loaded 2 times (x 72B)
Class dagger.spi.internal.shaded.androidx.room.compiler.processing.javac.JavacTypeElement$Companion$WhenMappings: loaded 2 times (x 71B)
Class dagger.spi.internal.shaded.androidx.room.compiler.processing.javac.JavacProcessingEnvMessager: loaded 2 times (x 73B)
Class androidx.room.util.SimpleJavaVersion$compareTo$$inlined$thenBy$1                : loaded 2 times (x 90B)
Class android.databinding.internal.org.antlr.v4.runtime.misc.FlexibleHashMap$Entry    : loaded 2 times (x 72B)
Class android.databinding.internal.org.antlr.v4.runtime.atn.AbstractPredicateTransition: loaded 2 times (x 76B)
Class android.databinding.internal.org.antlr.v4.runtime.tree.AbstractParseTreeVisitor : loaded 2 times (x 84B)
Class javax.xml.bind.ValidationEventLocator                                           : loaded 2 times (x 70B)
Class com.sun.xml.bind.v2.runtime.ElementBeanInfoImpl$IntercepterLoader               : loaded 2 times (x 81B)
Class com.sun.xml.bind.v2.model.annotation.XmlElementDeclQuick                        : loaded 2 times (x 96B)
Class dagger.internal.codegen.binding.ErrorMessages$ComponentCreatorMessages          : loaded 2 times (x 81B)
Class android.databinding.tool.LibTypes$propertyChangedInverseListener$2              : loaded 2 times (x 79B)
Class android.databinding.tool.LibTypes$inverseBindingListener$2                      : loaded 2 times (x 79B)
Class dagger.spi.internal.shaded.kotlin.metadata.internal.metadata.ProtoBuf$VersionRequirementOrBuilder: loaded 2 times (x 70B)
Class dagger.spi.internal.shaded.androidx.room.compiler.codegen.java.JavaFileSpec$Builder: loaded 2 times (x 78B)
Class dagger.spi.internal.shaded.androidx.room.compiler.processing.javac.JavacRawType : loaded 2 times (x 79B)
Class dagger.internal.codegen.writing.SetRequestRepresentation                        : loaded 2 times (x 74B)
Class dagger.spi.model.AutoValue_Scope                                                : loaded 2 times (x 73B)
Class dagger.spi.model.AutoValue_DependencyRequest                                    : loaded 2 times (x 76B)
Class dagger.internal.codegen.writing.PrivateMethodRequestRepresentation$Factory      : loaded 2 times (x 70B)
Class dagger.internal.codegen.binding.AutoValue_SubcomponentCreatorBinding            : loaded 2 times (x 91B)
Class dagger.spi.internal.shaded.kotlin.metadata.internal.metadata.ProtoBuf$VersionRequirement$VersionKind: loaded 2 times (x 82B)
Class dagger.internal.codegen.writing.DelegateRequestRepresentation_Factory           : loaded 2 times (x 72B)
Class dagger.internal.codegen.model.AutoValue_ComponentPath                           : loaded 2 times (x 75B)
Class dagger.spi.internal.shaded.com.google.auto.common.AnnotationOutput              : loaded 2 times (x 71B)
Class dagger.spi.internal.shaded.androidx.room.compiler.processing.ksp.KSTypeJavaPoetExtKt$typeVarNameConstructor$2: loaded 2 times (x 78B)
Class dagger.spi.internal.shaded.androidx.room.compiler.processing.javac.JavacExecutableType$parameterTypes$2: loaded 2 times (x 79B)
Class dagger.internal.codegen.model.Binding                                           : loaded 2 times (x 70B)
Class dagger.internal.codegen.binding.InjectBindingRegistry                           : loaded 2 times (x 70B)
Class dagger.internal.codegen.writing.MapRequestRepresentation$Factory                : loaded 2 times (x 70B)
Class dagger.internal.codegen.writing.SetFactoryCreationExpression_Factory            : loaded 2 times (x 72B)
Class [Ldagger.internal.codegen.compileroption.FeatureStatus;                         : loaded 2 times (x 69B)
Class dagger.internal.codegen.binding.DeclarationFormatter_Factory                    : loaded 2 times (x 82B)
Class dagger.internal.codegen.validation.BindingMethodValidatorsModule_IndexValidatorsFactory: loaded 2 times (x 82B)
Class androidx.room.DatabaseProcessingStep                                            : loaded 2 times (x 79B)
Class androidx.room.compiler.processing.javac.JavacProcessingEnv$typeElementStore$1   : loaded 2 times (x 79B)
Class androidx.room.compiler.processing.XProcessingEnv$Companion                      : loaded 2 times (x 71B)
Class com.bumptech.glide.annotation.GlideModule                                       : loaded 2 times (x 70B)
Class dagger.spi.internal.shaded.kotlin.metadata.internal.protobuf.WireFormat$JavaType: loaded 2 times (x 79B)
Class dagger.spi.internal.shaded.androidx.room.compiler.codegen.impl.XFunSpecImpl     : loaded 2 times (x 75B)
Class dagger.internal.codegen.writing.MemberSelect                                    : loaded 2 times (x 75B)
Class dagger.hilt.processor.internal.ComponentDescriptor                              : loaded 2 times (x 76B)
Class com.google.common.io.ByteArrayDataOutput                                        : loaded 2 times (x 70B)
Class com.google.gson.stream.MalformedJsonException                                   : loaded 2 times (x 82B)
Class com.squareup.kotlinpoet.ClassName$special$$inlined$thenBy$1                     : loaded 2 times (x 90B)
Class org.apache.commons.io.FileSystem                                                : loaded 2 times (x 80B)
Class dagger.hilt.processor.internal.definecomponent.DefineComponentProcessor         : loaded 2 times (x 100B)
Class [Landroid.databinding.internal.org.antlr.v4.runtime.dfa.DFA;                    : loaded 2 times (x 69B)
Class com.sun.xml.bind.v2.runtime.property.SingleMapNodeProperty$1                    : loaded 2 times (x 78B)
Class javax.xml.bind.annotation.XmlList                                               : loaded 2 times (x 70B)
Class com.sun.xml.bind.v2.model.core.EnumLeafInfo                                     : loaded 2 times (x 70B)
Class android.databinding.tool.store.ResourceBundle$IncludedLayout$Builder            : loaded 2 times (x 76B)
Class com.google.gson.internal.bind.DefaultDateTypeAdapter$DateType$1                 : loaded 2 times (x 73B)
Class android.databinding.tool.LibTypes$liveData$2                                    : loaded 2 times (x 79B)
Class com.google.common.reflect.Types$JavaVersion$1                                   : loaded 2 times (x 83B)
Class dagger.internal.codegen.writing.ProviderInstanceRequestRepresentation$1         : loaded 2 times (x 71B)
Class dagger.internal.codegen.binding.AutoValue_MethodSignature                       : loaded 2 times (x 75B)
Class dagger.internal.codegen.writing.ComponentImplementation$CompilerMode            : loaded 2 times (x 79B)
Class dagger.spi.internal.shaded.androidx.room.compiler.codegen.java.JavaPropertySpec$Builder: loaded 2 times (x 77B)
Class org.apache.commons.io.file.Counters$NoopCounter                                 : loaded 2 times (x 80B)
Class dagger.spi.internal.shaded.androidx.room.compiler.codegen.kotlin.KotlinParameterSpec$Builder: loaded 2 times (x 78B)
Class dagger.spi.model.$AutoValue_Key                                                 : loaded 2 times (x 80B)
Class com.sun.xml.bind.api.CompositeStructure                                         : loaded 2 times (x 72B)
Class dagger.spi.internal.shaded.androidx.room.compiler.processing.javac.kotlin.JvmDescriptorTypeVisitor$WhenMappings: loaded 2 times (x 71B)
Class dagger.internal.codegen.base.Keys                                               : loaded 2 times (x 71B)
Class javax.xml.bind.annotation.XmlValue                                              : loaded 2 times (x 70B)
Class dagger.internal.codegen.writing.LazyMapKeyProxyGenerator_Factory                : loaded 2 times (x 82B)
Class dagger.internal.codegen.validation.MapKeyValidator_Factory                      : loaded 2 times (x 82B)
Class dagger.internal.codegen.binding.ComponentDescriptor_Factory_Factory             : loaded 2 times (x 82B)
Class androidx.room.compiler.processing.javac.JavacProcessingEnv$typeElementStore$2   : loaded 2 times (x 78B)
Class dagger.spi.internal.shaded.kotlin.metadata.KmProperty                           : loaded 2 times (x 72B)
Class dagger.spi.internal.shaded.kotlin.metadata.internal.metadata.jvm.JvmProtoBuf$JvmMethodSignatureOrBuilder: loaded 2 times (x 70B)
Class dagger.spi.internal.shaded.kotlin.metadata.internal.protobuf.ByteString$ByteIterator: loaded 2 times (x 70B)
Class dagger.spi.internal.shaded.androidx.room.compiler.processing.javac.JavacMethodElement$propertyName$2: loaded 2 times (x 79B)
Class com.sun.xml.bind.v2.runtime.reflect.Accessor$2                                  : loaded 2 times (x 87B)
Class [Lkotlin.reflect.jvm.internal.impl.builtins.functions.FunctionClassKind;        : loaded 2 times (x 69B)
Class com.sun.xml.bind.v2.runtime.unmarshaller.DefaultValueLoaderDecorator            : loaded 2 times (x 78B)
Class com.squareup.kotlinpoet.ClassName$special$$inlined$thenBy$2                     : loaded 2 times (x 90B)
Class android.databinding.internal.org.antlr.v4.runtime.atn.RangeTransition           : loaded 2 times (x 76B)
Class dagger.spi.internal.shaded.androidx.room.compiler.processing.javac.JavacRoundEnv: loaded 2 times (x 77B)
Class android.databinding.parser.BindingExpressionParser$InferredFormalParameterListContext: loaded 2 times (x 133B)
Class [Ldagger.spi.internal.shaded.androidx.room.compiler.processing.XProcessingEnv$Platform;: loaded 2 times (x 69B)
Class dagger.hilt.processor.internal.root.AutoValue_AggregatedRootMetadata            : loaded 2 times (x 82B)
Class dagger.hilt.processor.internal.root.ComponentTree                               : loaded 2 times (x 72B)
Class android.databinding.internal.org.antlr.v4.runtime.misc.IntSet                   : loaded 2 times (x 70B)
Class android.databinding.internal.org.antlr.v4.runtime.atn.LoopEndState              : loaded 2 times (x 82B)
Class android.databinding.tool.ext.ExtKt                                              : loaded 2 times (x 71B)
Class javax.xml.bind.helpers.AbstractUnmarshallerImpl                                 : loaded 2 times (x 130B)
Class com.sun.xml.bind.v2.runtime.property.SingleMapNodeProperty$2                    : loaded 2 times (x 78B)
Class com.sun.xml.bind.v2.model.core.ValuePropertyInfo                                : loaded 2 times (x 70B)
Class com.sun.xml.bind.v2.runtime.RuntimeUtil                                         : loaded 2 times (x 71B)
Class com.google.gson.internal.Streams                                                : loaded 2 times (x 71B)
Class com.google.gson.internal.LazilyParsedNumber                                     : loaded 2 times (x 78B)
Class build_4qcyntbo68sxgvaj28s5at3xr$_run_closure1                                   : loaded 2 times (x 139B)
Class org.jetbrains.org.objectweb.asm.Opcodes                                         : loaded 2 times (x 70B)
Class [Lorg.jetbrains.org.objectweb.asm.AnnotationVisitor;                            : loaded 2 times (x 69B)
Class com.google.common.reflect.Types$JavaVersion$2                                   : loaded 2 times (x 83B)
Class com.google.common.reflect.Types                                                 : loaded 2 times (x 71B)
Class com.google.common.util.concurrent.AbstractFuture$Failure                        : loaded 2 times (x 72B)
Class com.google.common.hash.PrimitiveSink                                            : loaded 2 times (x 70B)
Class dagger.internal.codegen.writing.SubcomponentCreatorRequestRepresentation_Factory: loaded 2 times (x 72B)
Class dagger.internal.codegen.writing.PrivateMethodRequestRepresentation_Factory_Impl : loaded 2 times (x 75B)
Class dagger.spi.model.AutoValue_ComponentPath                                        : loaded 2 times (x 75B)
Class dagger.spi.internal.shaded.kotlin.metadata.internal.metadata.jvm.JvmProtoBuf$JvmFieldSignature$1: loaded 2 times (x 144B)
Class dagger.spi.internal.shaded.kotlin.metadata.Modality                             : loaded 2 times (x 79B)
Class [Ldagger.internal.codegen.binding.MembersInjectionBinding$InjectionSite$Kind;   : loaded 2 times (x 69B)
Class dagger.internal.codegen.binding.$AutoValue_MembersInjectionBinding$Builder      : loaded 2 times (x 80B)
Class dagger.internal.codegen.model.AutoValue_DaggerTypeElement                       : loaded 2 times (x 74B)
Class dagger.spi.internal.shaded.androidx.room.compiler.processing.javac.kotlin.JvmDescriptorTypeVisitor: loaded 2 times (x 99B)
Class dagger.internal.codegen.writing.MembersInjectorGenerator_Factory                : loaded 2 times (x 82B)
Class dagger.internal.codegen.binding.DelegateDeclaration$Factory                     : loaded 2 times (x 72B)
Class dagger.internal.codegen.binding.MonitoringModules                               : loaded 2 times (x 75B)
Class [Ldagger.internal.codegen.compileroption.ProcessingEnvironmentCompilerOptions$Validation;: loaded 2 times (x 69B)
Class dagger.internal.codegen.validation.AnyBindingMethodValidator                    : loaded 2 times (x 75B)
Class dagger.internal.codegen.binding.DependencyRequestFactory_Factory                : loaded 2 times (x 82B)
Class dagger.internal.codegen.ProcessingEnvironmentModule_ProcessingOptionsFactory    : loaded 2 times (x 82B)
Class dagger.internal.codegen.kotlin.KotlinMetadataUtil_Factory                       : loaded 2 times (x 82B)
Class androidx.room.compiler.processing.javac.JavacProcessingEnv$typeElementStore$3   : loaded 2 times (x 79B)
Class dagger.internal.codegen.bindinggraphvalidation.InvalidProductionBindingScopeValidator: loaded 2 times (x 85B)
Class dagger.internal.codegen.extension.DaggerCollectors                              : loaded 2 times (x 71B)
Class dagger.spi.internal.shaded.kotlin.metadata.KmType                               : loaded 2 times (x 72B)
Class dagger.spi.internal.shaded.kotlin.metadata.jvm.internal.JvmClassExtension       : loaded 2 times (x 77B)
Class dagger.internal.codegen.binding.AutoValue_SubcomponentDeclaration               : loaded 2 times (x 78B)
Class dagger.hilt.processor.internal.earlyentrypoint.AggregatedEarlyEntryPointMetadata: loaded 2 times (x 73B)
Class dagger.hilt.processor.internal.uninstallmodules.AggregatedUninstallModulesMetadata: loaded 2 times (x 74B)
Class dagger.spi.internal.shaded.androidx.room.compiler.processing.XVariableElement   : loaded 2 times (x 70B)
Class dagger.spi.internal.shaded.androidx.room.compiler.processing.javac.JavacAnnotationValueKt$UNWRAP_VISITOR$1: loaded 2 times (x 103B)
Class com.google.common.collect.Multisets                                             : loaded 2 times (x 71B)
Class dagger.internal.codegen.binding.AutoValue_BindingGraph                          : loaded 2 times (x 82B)
Class dagger.internal.codegen.writing.OptionalFactories_PerGeneratedFileCache_Factory$InstanceHolder: loaded 2 times (x 71B)
Class dagger.internal.codegen.xprocessing.XExpressionType                             : loaded 2 times (x 72B)
Class dagger.internal.codegen.xprocessing.XProcessingEnvs$1                           : loaded 2 times (x 71B)
Class android.databinding.internal.org.antlr.v4.runtime.atn.LexerActionExecutor       : loaded 2 times (x 75B)
Class android.databinding.internal.org.antlr.v4.runtime.atn.SemanticContext$Operator  : loaded 2 times (x 74B)
Class android.databinding.internal.org.antlr.v4.runtime.CommonTokenStream             : loaded 2 times (x 127B)
Class com.sun.xml.bind.v2.runtime.unmarshaller.ChildLoader                            : loaded 2 times (x 72B)
Class javax.xml.bind.annotation.XmlSchemaTypes                                        : loaded 2 times (x 70B)
Class javax.xml.bind.annotation.XmlIDREF                                              : loaded 2 times (x 70B)
Class javax.xml.bind.annotation.XmlElement                                            : loaded 2 times (x 70B)
Class com.sun.xml.bind.v2.model.runtime.RuntimeLeafInfo                               : loaded 2 times (x 70B)
Class [Lorg.apache.commons.io.file.DeleteOption;                                      : loaded 2 times (x 69B)
Class com.google.gson.stream.JsonReader                                               : loaded 2 times (x 97B)
Class com.google.common.io.CharSink                                                   : loaded 2 times (x 79B)
Class com.google.common.reflect.Types$JavaVersion$3                                   : loaded 2 times (x 83B)
Class org.objectweb.asm.Label                                                         : loaded 2 times (x 73B)
Class org.objectweb.asm.CurrentFrame                                                  : loaded 2 times (x 73B)
Class org.objectweb.asm.ClassTooLargeException                                        : loaded 2 times (x 83B)
Class [Ldagger.internal.codegen.xprocessing.XAnnotationSpecs$Suppression;             : loaded 2 times (x 69B)
Class dagger.internal.codegen.writing.SwitchingProviders$1                            : loaded 2 times (x 78B)
Class dagger.internal.codegen.writing.FrameworkInstanceRequestRepresentation          : loaded 2 times (x 76B)
Class dagger.internal.codegen.writing.ComponentRequirementExpressions                 : loaded 2 times (x 72B)
Class dagger.internal.codegen.xprocessing.XCodeBlocks$XCodeBlockJoiner                : loaded 2 times (x 72B)
Class [Ldagger.spi.internal.shaded.androidx.room.compiler.codegen.XCodeBlock$Builder; : loaded 2 times (x 69B)
Class dagger.internal.codegen.writing.InjectionOrProvisionProviderCreationExpression$Factory: loaded 2 times (x 70B)
Class dagger.internal.codegen.writing.ComponentRequirementRequestRepresentation_Factory: loaded 2 times (x 72B)
Class dagger.internal.codegen.validation.AutoValue_SpiModelBindingGraphConverter_DaggerElementImpl: loaded 2 times (x 76B)
Class dagger.internal.codegen.writing.ComponentRequirementExpressions$AbstractField   : loaded 2 times (x 81B)
Class org.gradle.api.internal.classpath.ManifestUtil                                  : loaded 2 times (x 71B)
Class [Lcom.google.common.cache.RemovalCause;                                         : loaded 2 times (x 69B)
Class dagger.internal.codegen.binding.LegacyBindingGraphFactory$LegacyBindingGraph    : loaded 2 times (x 72B)
Class [Ldagger.spi.internal.shaded.kotlin.metadata.internal.metadata.ProtoBuf$Effect$EffectType;: loaded 2 times (x 69B)
Class dagger.internal.codegen.binding.ComponentCreatorDescriptor                      : loaded 2 times (x 79B)
Class dagger.internal.codegen.base.SetType                                            : loaded 2 times (x 72B)
Class [Ldagger.internal.codegen.base.ModuleKind;                                      : loaded 2 times (x 69B)
Class com.google.common.collect.ImmutableBiMap$SerializedForm                         : loaded 2 times (x 75B)
Class dagger.internal.codegen.base.DaggerSuperficialValidation$ValidationException    : loaded 2 times (x 84B)
Class com.intellij.gradle.toolingExtension.impl.initScript.util.GradleLifecycleUtil   : loaded 2 times (x 71B)
Class com.google.gson.JsonObject                                                      : loaded 2 times (x 93B)
Class dagger.internal.codegen.compileroption.ProcessingEnvironmentCompilerOptions$Feature: loaded 2 times (x 90B)
Class com.sun.xml.bind.v2.runtime.reflect.Accessor$1                                  : loaded 2 times (x 85B)
Class dagger.spi.internal.shaded.kotlin.metadata.internal.FlagDelegatesImplKt$constructorBooleanFlag$1: loaded 2 times (x 137B)
Class dagger.spi.internal.shaded.androidx.room.compiler.processing.javac.kotlin.KmClassContainer$constructorList$2: loaded 2 times (x 79B)
Class dagger.spi.internal.shaded.kotlin.metadata.KmDeclarationContainer               : loaded 2 times (x 70B)
Class dagger.spi.internal.shaded.kotlin.metadata.internal.protobuf.RopeByteString$RopeInputStream: loaded 2 times (x 92B)
Class dagger.spi.internal.shaded.kotlin.metadata.internal.metadata.ProtoBuf$TypeParameter$1: loaded 2 times (x 144B)
Class dagger.hilt.processor.internal.aggregateddeps.PkgPrivateMetadata                : loaded 2 times (x 75B)
Class com.google.common.graph.MapIteratorCache                                        : loaded 2 times (x 75B)
Class com.google.common.graph.MutableGraph                                            : loaded 2 times (x 70B)
Class dagger.spi.internal.shaded.androidx.room.compiler.processing.javac.JavacAnnotationValue$value$2: loaded 2 times (x 79B)
Class dagger.spi.internal.shaded.androidx.room.compiler.codegen.XClassName$Companion  : loaded 2 times (x 71B)
Class com.sun.xml.bind.v2.runtime.property.SingleReferenceNodeProperty                : loaded 2 times (x 102B)
Class dagger.spi.internal.shaded.androidx.room.compiler.processing.javac.JavacElement$docComment$2: loaded 2 times (x 79B)
Class com.sun.xml.bind.v2.runtime.unmarshaller.StructureLoader$1                      : loaded 2 times (x 71B)
Class android.databinding.internal.org.antlr.v4.runtime.misc.IntervalSet              : loaded 2 times (x 123B)
Class android.databinding.internal.org.antlr.v4.runtime.atn.ATNDeserializer           : loaded 2 times (x 81B)
Class com.sun.xml.bind.v2.runtime.property.TagAndType                                 : loaded 2 times (x 72B)
Class javax.xml.bind.annotation.XmlSchema                                             : loaded 2 times (x 70B)
Class com.google.gson.internal.reflect.ReflectionHelper$RecordSupportedHelper         : loaded 2 times (x 78B)
Class androidx.databinding.BindingConversion                                          : loaded 2 times (x 70B)
Class androidx.databinding.Bindable                                                   : loaded 2 times (x 70B)
Class org.jetbrains.org.objectweb.asm.RecordComponentWriter                           : loaded 2 times (x 78B)
Class com.google.common.io.ByteSource$AsCharSource                                    : loaded 2 times (x 86B)
Class com.google.common.collect.MapMakerInternalMap$InternalEntryHelper               : loaded 2 times (x 70B)
Class com.google.common.collect.RangeGwtSerializationDependencies                     : loaded 2 times (x 71B)
Class com.google.common.reflect.Types$JavaVersion$4                                   : loaded 2 times (x 83B)
Class org.objectweb.asm.Frame                                                         : loaded 2 times (x 73B)
Class org.objectweb.asm.MethodVisitor                                                 : loaded 2 times (x 105B)
Class com.google.common.base.Joiner$3                                                 : loaded 2 times (x 199B)
Class dagger.internal.codegen.writing.MembersInjectionRequestRepresentation           : loaded 2 times (x 74B)
Class dagger.internal.codegen.writing.ComponentCreatorImplementationFactory$RequirementStatus: loaded 2 times (x 79B)
Class dagger.internal.codegen.writing.ProducerFromProviderCreationExpression$Factory  : loaded 2 times (x 70B)
Class dagger.spi.model.BindingGraph$DependencyEdge                                    : loaded 2 times (x 70B)
Class com.sun.xml.bind.v2.runtime.output.XmlOutputAbstractImpl                        : loaded 2 times (x 96B)
Class dagger.spi.internal.shaded.kotlin.metadata.internal.metadata.ProtoBuf$VersionRequirement: loaded 2 times (x 116B)
Class dagger.internal.codegen.binding.AssistedFactoryBinding                          : loaded 2 times (x 91B)
Class dagger.internal.codegen.kotlin.$AutoValue_KotlinMetadata                        : loaded 2 times (x 80B)
Class dagger.spi.internal.shaded.androidx.room.compiler.processing.javac.kotlin.KmPropertyContainer: loaded 2 times (x 79B)
Class dagger.spi.internal.shaded.androidx.room.compiler.processing.util.NamingUtilsKt : loaded 2 times (x 71B)
Class dagger.internal.codegen.binding.ComponentDescriptor$ComponentMethodDescriptor   : loaded 2 times (x 74B)
Class dagger.spi.internal.shaded.androidx.room.compiler.processing.javac.JavacPackageElement: loaded 2 times (x 191B)
Class dagger.internal.codegen.model.AutoValue_DaggerElement                           : loaded 2 times (x 74B)
Class dagger.internal.codegen.base.DaggerSuperficialValidation$ValidationException$KnownErrorType: loaded 2 times (x 84B)
Class androidx.hilt.ClassNames                                                        : loaded 2 times (x 71B)
Class dagger.spi.internal.shaded.kotlin.metadata.jvm.JvmFieldSignature                : loaded 2 times (x 74B)
Class dagger.spi.internal.shaded.kotlin.metadata.internal.metadata.deserialization.NameResolver: loaded 2 times (x 70B)
Class dagger.spi.internal.shaded.kotlin.metadata.internal.metadata.ProtoBuf$Type$1    : loaded 2 times (x 144B)
Class android.databinding.parser.BindingExpressionParser$StringLiteralContext         : loaded 2 times (x 133B)
Class com.android.tools.build.jetifier.core.PackageMap                                : loaded 2 times (x 72B)
Class dagger.hilt.android.processor.internal.customtestapplication.CustomTestApplicationProcessingStep: loaded 2 times (x 86B)
Class dagger.spi.internal.shaded.androidx.room.compiler.processing.XEquality$Companion: loaded 2 times (x 71B)
Class dagger.spi.internal.shaded.androidx.room.compiler.processing.XAnnotated         : loaded 2 times (x 70B)
Class androidx.room.compiler.processing.javac.JavacBasicAnnotationProcessor$xEnv$2    : loaded 2 times (x 79B)
Class com.sun.istack.SAXParseException2                                               : loaded 2 times (x 88B)
Class com.sun.xml.bind.v2.runtime.output.NamespaceContextImpl                         : loaded 2 times (x 81B)
Class com.sun.xml.bind.marshaller.CharacterEscapeHandler                              : loaded 2 times (x 70B)
Class com.sun.xml.bind.v2.runtime.unmarshaller.DomLoader                              : loaded 2 times (x 78B)
Class android.databinding.tool.util.RelativizableFile                                 : loaded 2 times (x 72B)
Class com.sun.xml.bind.v2.runtime.ValueListBeanInfoImpl                               : loaded 2 times (x 89B)
Class com.google.gson.internal.bind.JsonAdapterAnnotationTypeAdapterFactory           : loaded 2 times (x 75B)
Class android.databinding.tool.LibTypes$viewDataBinding$2                             : loaded 2 times (x 79B)
Class org.jetbrains.org.objectweb.asm.MethodWriter                                    : loaded 2 times (x 105B)
Class com.google.common.collect.RangeSet                                              : loaded 2 times (x 70B)
Class com.google.common.reflect.Types$JavaVersion$5                                   : loaded 2 times (x 71B)
Class [Lcom.google.common.reflect.Types$ClassOwnership;                               : loaded 2 times (x 69B)
Class dagger.internal.codegen.binding.AutoValue_AssistedInjectionAnnotations_AssistedParameter: loaded 2 times (x 74B)
Class [Ldagger.spi.internal.shaded.androidx.room.compiler.codegen.CodeLanguage;       : loaded 2 times (x 69B)
Class [Ldagger.spi.internal.shaded.androidx.room.compiler.codegen.XPropertySpec$Builder;: loaded 2 times (x 69B)
Class dagger.spi.internal.shaded.androidx.room.compiler.processing.javac.JavacTypeElement$allMethods$1: loaded 2 times (x 79B)
Class dagger.internal.codegen.bindinggraphvalidation.AutoValue_DuplicateBindingsValidator_BindingWithoutComponent: loaded 2 times (x 76B)
Class com.google.common.graph.EndpointPair                                            : loaded 2 times (x 83B)
Class com.google.common.graph.DirectedGraphConnections$PredAndSucc                    : loaded 2 times (x 72B)
Class dagger.internal.codegen.binding.LegacyBindingGraphConverter$Converter           : loaded 2 times (x 72B)
Class dagger.spi.internal.shaded.kotlin.metadata.internal.metadata.ProtoBuf$ValueParameter$1: loaded 2 times (x 144B)
Class dagger.hilt.android.processor.internal.viewmodel.ViewModelValidationPluginKt$WhenMappings: loaded 2 times (x 71B)
Class dagger.internal.codegen.processingstep.ProcessingStepsModule                    : loaded 2 times (x 70B)
Class dagger.internal.codegen.validation.ValidationBindingGraphPlugins                : loaded 2 times (x 72B)
Class dagger.internal.codegen.DelegateComponentProcessor_SourceFileGeneratorsModule_MembersInjectorGeneratorFactory: loaded 2 times (x 82B)
Class dagger.internal.codegen.base.DaggerSuperficialValidation                        : loaded 2 times (x 72B)
Class dagger.internal.codegen.binding.LegacyBindingGraphConverter_Factory$InstanceHolder: loaded 2 times (x 71B)
Class dagger.internal.codegen.binding.BindingFactory_Factory                          : loaded 2 times (x 82B)
Class com.bumptech.glide.repackaged.com.google.common.collect.SingletonImmutableSet   : loaded 2 times (x 143B)
Class dagger.hilt.android.processor.internal.androidentrypoint.$AutoValue_AndroidEntryPointMetadata: loaded 2 times (x 92B)
Class com.bumptech.glide.repackaged.com.google.common.collect.RegularImmutableSet     : loaded 2 times (x 143B)
Class [Lcom.google.common.graph.GraphConstants$Presence;                              : loaded 2 times (x 69B)
Class dagger.internal.codegen.binding.SubcomponentDeclaration_Factory_Factory         : loaded 2 times (x 82B)
Class dagger.internal.codegen.binding.LegacyBindingGraphFactory_Factory               : loaded 2 times (x 82B)
Class dagger.internal.codegen.bindinggraphvalidation.DependencyCycleValidator_Factory : loaded 2 times (x 82B)
Class dagger.internal.codegen.model.AutoValue_DaggerProcessingEnv                     : loaded 2 times (x 75B)
Class androidx.room.compiler.processing.XProcessingStep                               : loaded 2 times (x 70B)
Class dagger.internal.codegen.model.AutoValue_Scope                                   : loaded 2 times (x 73B)
Class dagger.spi.internal.shaded.kotlin.metadata.internal.metadata.ProtoBuf$Expression$ConstantValue: loaded 2 times (x 82B)
Class [Lcom.android.tools.build.jetifier.core.utils.LogLevel;                         : loaded 2 times (x 69B)
Class com.android.tools.build.jetifier.core.utils.LogLevel                            : loaded 2 times (x 79B)
Class android.databinding.parser.BindingExpressionParser$ExplicitGenericInvocationContext: loaded 2 times (x 133B)
Class com.sun.xml.bind.v2.runtime.NamespaceContext2                                   : loaded 2 times (x 70B)
Class com.sun.xml.bind.v2.runtime.reflect.TransducedAccessor$CompositeTransducedAccessorImpl: loaded 2 times (x 79B)
Class com.sun.xml.bind.v2.runtime.unmarshaller.XsiNilLoader$Single                    : loaded 2 times (x 80B)
Class android.databinding.tool.store.ResourceBundle$BindingTargetBundle               : loaded 2 times (x 95B)
Class javax.xml.bind.annotation.XmlSchemaType                                         : loaded 2 times (x 70B)
Class com.sun.xml.bind.v2.model.impl.RuntimeBuiltinLeafInfoImpl                       : loaded 2 times (x 133B)
Class com.sun.xml.bind.v2.model.impl.BuiltinLeafInfoImpl                              : loaded 2 times (x 105B)
Class com.google.gson.internal.$Gson$Types$ParameterizedTypeImpl                      : loaded 2 times (x 81B)
Class com.google.gson.internal.bind.NumberTypeAdapter                                 : loaded 2 times (x 74B)
Class android.databinding.tool.LibTypes$observable$2                                  : loaded 2 times (x 79B)
Class com.google.common.collect.CollectCollectors                                     : loaded 2 times (x 71B)
Class org.objectweb.asm.ModuleWriter                                                  : loaded 2 times (x 82B)
Class dagger.spi.internal.shaded.androidx.room.compiler.codegen.XFileSpec$Builder     : loaded 2 times (x 70B)
Class dagger.internal.codegen.writing.FrameworkInstanceKind$1                         : loaded 2 times (x 71B)
Class dagger.internal.codegen.binding.$AutoValue_AssistedInjectionBinding             : loaded 2 times (x 93B)
Class dagger.internal.codegen.binding.BoundInstanceBinding$Builder                    : loaded 2 times (x 79B)
Class dagger.internal.codegen.writing.ComponentMethodRequestRepresentation$Factory    : loaded 2 times (x 70B)
Class com.google.common.collect.AbstractMapBasedMultiset$1                            : loaded 2 times (x 82B)
Class [Ldagger.spi.internal.shaded.kotlin.metadata.internal.metadata.ProtoBuf$VersionRequirement$VersionKind;: loaded 2 times (x 69B)
Class dagger.internal.codegen.binding.BindingNode                                     : loaded 2 times (x 109B)
Class dagger.spi.internal.shaded.androidx.room.compiler.processing.javac.JavacFieldElement$enclosingElement$2: loaded 2 times (x 79B)
Class dagger.internal.codegen.binding.ComponentRequirement$NullPolicy                 : loaded 2 times (x 79B)
Class dagger.internal.codegen.xprocessing.XTypeElements                               : loaded 2 times (x 71B)
Class dagger.internal.codegen.validation.ComponentCreatorValidator                    : loaded 2 times (x 75B)
Class dagger.internal.codegen.binding.OptionalBindingDeclaration                      : loaded 2 times (x 74B)
Class dagger.internal.codegen.binding.$AutoValue_MultibindingDeclaration              : loaded 2 times (x 79B)
Class dagger.internal.codegen.binding.BindsTypeChecker                                : loaded 2 times (x 72B)
Class dagger.internal.codegen.validation.BindingElementValidator                      : loaded 2 times (x 78B)
Class [Ldagger.spi.model.RequestKind;                                                 : loaded 2 times (x 69B)
Class com.bumptech.glide.annotation.compiler.RequestOptionsOverrideGenerator          : loaded 2 times (x 72B)
Class dagger.spi.internal.shaded.androidx.room.compiler.processing.javac.JavacConstructorElement$typeParameters$2: loaded 2 times (x 79B)
Class dagger.spi.internal.shaded.kotlin.metadata.internal.metadata.ProtoBuf$Modality  : loaded 2 times (x 82B)
Class dagger.spi.internal.shaded.kotlin.metadata.KmConstructor                        : loaded 2 times (x 72B)
Class dagger.spi.internal.shaded.kotlin.metadata.internal.metadata.ProtoBuf$TypeParameterOrBuilder: loaded 2 times (x 70B)
Class dagger.spi.internal.shaded.kotlin.metadata.internal.protobuf.SmallSortedMap$EmptySet$1: loaded 2 times (x 78B)
Class dagger.spi.internal.shaded.androidx.room.compiler.processing.javac.kotlin.KmData: loaded 2 times (x 70B)
Class dagger.spi.model.Scope$1                                                        : loaded 2 times (x 71B)
Class dagger.internal.codegen.writing.AssistedFactoryRequestRepresentation$Factory    : loaded 2 times (x 70B)
Class android.databinding.internal.org.antlr.v4.runtime.atn.EmptyPredictionContext    : loaded 2 times (x 80B)
Class com.sun.xml.bind.v2.runtime.NameList                                            : loaded 2 times (x 72B)
Class com.sun.xml.bind.v2.runtime.reflect.TransducedAccessor                          : loaded 2 times (x 78B)
Class com.sun.xml.bind.v2.model.impl.RuntimeClassInfoImpl$RuntimePropertySeed         : loaded 2 times (x 84B)
Class javax.xml.bind.annotation.XmlAttachmentRef                                      : loaded 2 times (x 70B)
Class com.google.gson.ToNumberPolicy$1                                                : loaded 2 times (x 83B)
Class [Lcom.google.gson.FieldNamingStrategy;                                          : loaded 2 times (x 69B)
Class com.google.gson.internal.Excluder                                               : loaded 2 times (x 75B)
Class androidx.databinding.BindingAdapter                                             : loaded 2 times (x 70B)
Class [Lkotlin.jvm.functions.Function1;                                               : loaded 2 times (x 69B)
Class org.jetbrains.org.objectweb.asm.RecordComponentVisitor                          : loaded 2 times (x 77B)
Class com.google.common.collect.CollectSpliterators$1                                 : loaded 2 times (x 90B)
Class org.apache.http.auth.Credentials                                                : loaded 2 times (x 70B)
Class dagger.internal.codegen.writing.DirectInstanceBindingRepresentation$1           : loaded 2 times (x 71B)
Class dagger.internal.codegen.writing.ProducerEntryPointView                          : loaded 2 times (x 72B)
Class dagger.internal.codegen.writing.SetRequestRepresentation$Factory                : loaded 2 times (x 70B)
Class dagger.spi.internal.shaded.androidx.room.compiler.codegen.kotlin.KotlinParameterSpec: loaded 2 times (x 76B)
Class dagger.spi.internal.shaded.androidx.room.compiler.codegen.XName$Companion       : loaded 2 times (x 71B)
Class dagger.spi.internal.shaded.androidx.room.compiler.codegen.java.JavaPropertySpec : loaded 2 times (x 76B)
Class org.gradle.internal.classloader.ClassLoaderHierarchy                            : loaded 2 times (x 70B)
Class [Lcom.google.common.base.AbstractIterator$State;                                : loaded 2 times (x 69B)
Class dagger.spi.internal.shaded.androidx.room.compiler.codegen.XParameterSpec$Builder: loaded 2 times (x 70B)
Class com.google.common.io.FileWriteMode                                              : loaded 2 times (x 79B)
Class dagger.internal.codegen.binding.$AutoValue_MultiboundSetBinding$Builder         : loaded 2 times (x 97B)
Class [Lcom.google.common.collect.MapMakerInternalMap$Segment;                        : loaded 2 times (x 69B)
Class dagger.internal.codegen.langmodel.Accessibility                                 : loaded 2 times (x 71B)
Class dagger.internal.codegen.model.DaggerExecutableElement                           : loaded 2 times (x 73B)
Class dagger.spi.internal.shaded.com.google.auto.common.AnnotationOutput$SourceFormVisitor: loaded 2 times (x 117B)
Class dagger.internal.codegen.validation.SpiModelBindingGraphConverter$DiagnosticReporterImpl: loaded 2 times (x 76B)
Class dagger.spi.internal.shaded.kotlin.metadata.jvm.JvmExtensionsKt                  : loaded 2 times (x 71B)
Class com.google.common.cache.LocalCache$ValueIterator                                : loaded 2 times (x 86B)
Class org.jetbrains.org.objectweb.asm.TypeReference                                   : loaded 2 times (x 80B)
Class [Ldagger.spi.internal.shaded.kotlin.metadata.internal.metadata.ProtoBuf$MemberKind;: loaded 2 times (x 69B)
Class dagger.spi.internal.shaded.kotlin.metadata.internal.protobuf.RopeByteString     : loaded 2 times (x 110B)
Class dagger.spi.internal.shaded.kotlin.metadata.internal.metadata.ProtoBuf$PackageOrBuilder: loaded 2 times (x 70B)
Class dagger.spi.internal.shaded.kotlin.metadata.internal.metadata.jvm.JvmProtoBuf$JvmMethodSignature: loaded 2 times (x 108B)
Class dagger.spi.internal.shaded.kotlin.metadata.internal.protobuf.SmallSortedMap$EmptySet$2: loaded 2 times (x 78B)
Class dagger.spi.internal.shaded.androidx.room.compiler.processing.javac.JavacExecutableElement$thrownTypes$2: loaded 2 times (x 79B)
Class kotlin.reflect.jvm.internal.impl.builtins.functions.FunctionClassKind           : loaded 2 times (x 80B)
Class android.databinding.tool.LibTypes$stateFlow$2                                   : loaded 2 times (x 78B)
Class [Ldagger.spi.internal.shaded.androidx.room.compiler.processing.XNullability;    : loaded 2 times (x 69B)
Class com.android.tools.build.jetifier.core.type.TypesMap$JsonData                    : loaded 2 times (x 72B)
Class android.databinding.internal.org.antlr.v4.runtime.atn.StarBlockStartState       : loaded 2 times (x 83B)
Class android.databinding.internal.org.antlr.v4.runtime.atn.PrecedencePredicateTransition: loaded 2 times (x 76B)
Class com.sun.xml.bind.v2.runtime.unmarshaller.LocatorExWrapper                       : loaded 2 times (x 86B)
Class com.sun.xml.bind.InternalAccessorFactory                                        : loaded 2 times (x 70B)
Class com.sun.xml.bind.v2.model.impl.SingleTypePropertyInfoImpl                       : loaded 2 times (x 113B)
Class com.sun.xml.bind.v2.model.core.LeafInfo                                         : loaded 2 times (x 70B)
Class android.databinding.tool.store.ResourceBundle$IncludedLayout                    : loaded 2 times (x 72B)
Class com.google.gson.internal.reflect.ReflectionHelper$RecordHelper                  : loaded 2 times (x 75B)
Class com.google.gson.internal.ReflectionAccessFilterHelper                           : loaded 2 times (x 71B)
Class com.google.gson.ToNumberPolicy$2                                                : loaded 2 times (x 83B)
Class org.jetbrains.org.objectweb.asm.MethodTooLargeException                         : loaded 2 times (x 83B)
Class org.jetbrains.org.objectweb.asm.Context                                         : loaded 2 times (x 72B)
Class com.google.common.io.ByteStreams$1                                              : loaded 2 times (x 85B)
Class dagger.internal.codegen.xprocessing.XAnnotationSpecs                            : loaded 2 times (x 71B)
Class com.sun.xml.bind.v2.model.impl.ArrayInfoImpl                                    : loaded 2 times (x 98B)
Class com.sun.xml.bind.v2.model.impl.ModelBuilder$1                                   : loaded 2 times (x 76B)
Class com.sun.xml.bind.v2.runtime.property.Utils                                      : loaded 2 times (x 71B)
Class dagger.internal.codegen.writing.SwitchingProviderInstanceSupplier$Factory       : loaded 2 times (x 70B)
Class dagger.internal.codegen.validation.SpiModelBindingGraphConverter$DaggerAnnotationImpl: loaded 2 times (x 76B)
Class android.databinding.tool.processing.Scope                                       : loaded 2 times (x 71B)
Class dagger.internal.codegen.binding.SubcomponentDeclaration                         : loaded 2 times (x 76B)
Class android.databinding.parser.BindingExpressionBaseVisitor                         : loaded 2 times (x 168B)
Class dagger.internal.codegen.validation.ComponentValidator$ElementValidator$ComponentMethodValidator: loaded 2 times (x 73B)
Class dagger.internal.codegen.xprocessing.Nullability                                 : loaded 2 times (x 75B)
Class dagger.internal.codegen.kotlin.KotlinMetadataFactory_Factory                    : loaded 2 times (x 81B)
Class dagger.internal.InstanceFactory                                                 : loaded 2 times (x 85B)
Class androidx.room.compiler.processing.javac.JavacProcessingEnv$Companion            : loaded 2 times (x 71B)
Class androidx.room.compiler.processing.XProcessingEnv                                : loaded 2 times (x 70B)
Class dagger.spi.internal.shaded.kotlin.metadata.internal.FlagDelegatesImplKt         : loaded 2 times (x 71B)
Class dagger.spi.internal.shaded.kotlin.metadata.KmFunction                           : loaded 2 times (x 72B)
Class dagger.spi.internal.shaded.kotlin.metadata.jvm.internal.JvmConstructorExtension$Companion: loaded 2 times (x 71B)
Class dagger.spi.internal.shaded.kotlin.metadata.internal.metadata.deserialization.VersionRequirementTable: loaded 2 times (x 72B)
Class dagger.spi.internal.shaded.androidx.room.compiler.processing.javac.JavacTypeElement$allFieldsIncludingPrivateSupers$1: loaded 2 times (x 79B)
Class dagger.spi.internal.shaded.androidx.room.compiler.processing.javac.kotlin.KmClassContainer$Companion: loaded 2 times (x 71B)
Class dagger.spi.internal.shaded.androidx.room.compiler.processing.javac.JavacMethodElement$parameters$2$1$1: loaded 2 times (x 79B)
Class dagger.hilt.processor.internal.ClassNames                                       : loaded 2 times (x 71B)
Class dagger.spi.internal.shaded.kotlin.metadata.internal.metadata.ProtoBuf$TypeTableOrBuilder: loaded 2 times (x 70B)
Class dagger.spi.internal.shaded.androidx.room.compiler.processing.XProcessingEnv$Backend: loaded 2 times (x 79B)
Class com.bumptech.glide.annotation.compiler.GlideAnnotationProcessor                 : loaded 2 times (x 87B)
Class android.databinding.internal.org.antlr.v4.runtime.atn.ATNConfigSet$AbstractConfigHashSet: loaded 2 times (x 140B)
Class android.databinding.internal.org.antlr.v4.runtime.atn.RuleStopState             : loaded 2 times (x 82B)
Class com.sun.xml.bind.IDResolver                                                     : loaded 2 times (x 75B)
Class com.sun.xml.bind.v2.runtime.output.NamespaceContextImpl$Element                 : loaded 2 times (x 72B)
Class com.sun.xml.bind.v2.model.impl.Util                                             : loaded 2 times (x 71B)
Class [Lcom.sun.xml.bind.v2.model.core.PropertyKind;                                  : loaded 2 times (x 69B)
Class [Lcom.sun.xml.bind.v2.runtime.Location;                                         : loaded 2 times (x 69B)
Class com.sun.xml.bind.api.JAXBRIContext                                              : loaded 2 times (x 89B)
Class dagger.spi.internal.shaded.kotlin.metadata.internal.metadata.ProtoBuf$Class$Kind: loaded 2 times (x 82B)
Class com.google.gson.ToNumberPolicy$3                                                : loaded 2 times (x 83B)
Class org.jetbrains.org.objectweb.asm.CurrentFrame                                    : loaded 2 times (x 73B)
Class org.gradle.internal.installation.CurrentGradleInstallationLocator               : loaded 2 times (x 71B)
Class dagger.spi.internal.shaded.androidx.room.compiler.codegen.kotlin.KotlinFileSpec : loaded 2 times (x 75B)
Class dagger.spi.internal.shaded.androidx.room.compiler.codegen.impl.XFileSpecImpl    : loaded 2 times (x 75B)
Class dagger.internal.codegen.writing.ProducerNodeInstanceRequestRepresentation       : loaded 2 times (x 76B)
Class dagger.spi.internal.shaded.kotlin.metadata.Attributes$isNullCheckPredicate$2    : loaded 2 times (x 137B)
Class dagger.internal.codegen.writing.SubcomponentCreatorRequestRepresentation_Factory_Impl: loaded 2 times (x 75B)
Class dagger.internal.codegen.writing.ImmediateFutureRequestRepresentation_Factory    : loaded 2 times (x 72B)
Class dagger.internal.codegen.writing.ComponentWrapperImplementation_Factory          : loaded 2 times (x 82B)
Class dagger.spi.model.DaggerExecutableElement                                        : loaded 2 times (x 74B)
Class dagger.internal.codegen.bindinggraphvalidation.NullableBindingValidator_Factory : loaded 2 times (x 82B)
Class dagger.internal.codegen.compileroption.ProcessingEnvironmentCompilerOptions$EnumOption: loaded 2 times (x 70B)
Class [Ldagger.internal.codegen.binding.FrameworkType;                                : loaded 2 times (x 69B)
Class com.google.common.collect.FilteredEntrySetMultimap                              : loaded 2 times (x 203B)
Class dagger.spi.internal.shaded.androidx.room.compiler.processing.javac.DefaultJavacType$equalityItems$2: loaded 2 times (x 79B)
Class dagger.internal.codegen.model.AutoValue_DependencyRequest$Builder               : loaded 2 times (x 77B)
Class dagger.spi.internal.shaded.androidx.room.compiler.processing.XMethodType        : loaded 2 times (x 70B)
Class dagger.internal.codegen.validation.ComponentHierarchyValidator                  : loaded 2 times (x 72B)
Class dagger.internal.codegen.validation.BindsInstanceMethodValidator$Validator       : loaded 2 times (x 77B)
Class dagger.spi.internal.shaded.kotlin.metadata.internal.FlagDelegatesImplKt$functionBooleanFlag$1: loaded 2 times (x 137B)
Class dagger.spi.internal.shaded.kotlin.metadata.internal.metadata.deserialization.TypeTable: loaded 2 times (x 72B)
Class dagger.spi.internal.shaded.kotlin.metadata.internal.metadata.jvm.JvmProtoBuf$JvmPropertySignatureOrBuilder: loaded 2 times (x 70B)
Class dagger.spi.internal.shaded.kotlin.metadata.internal.metadata.ProtoBuf$TypeOrBuilder: loaded 2 times (x 70B)
Class dagger.internal.codegen.compileroption.ProcessingEnvironmentCompilerOptions$Validation$1: loaded 2 times (x 93B)
Class dagger.internal.codegen.validation.BindingMethodValidator$ExceptionSuperclass   : loaded 2 times (x 81B)
Class dagger.spi.internal.shaded.androidx.room.compiler.processing.javac.JavacMethodElement: loaded 2 times (x 267B)
Class dagger.spi.internal.shaded.com.google.auto.common.MoreElements$CastingElementVisitor: loaded 2 times (x 93B)
Class dagger.spi.internal.shaded.androidx.room.compiler.codegen.XTypeName$Companion   : loaded 2 times (x 71B)
Class dagger.spi.internal.shaded.androidx.room.compiler.processing.javac.JavacTypeElement$qualifiedName$2: loaded 2 times (x 79B)
Class dagger.internal.codegen.validation.BindsInstanceParameterValidator$Validator    : loaded 2 times (x 77B)
Class dagger.internal.codegen.binding.$AutoValue_OptionalBindingDeclaration           : loaded 2 times (x 75B)
Class dagger.hilt.processor.internal.aggregateddeps.AggregatedDepsProcessingStep      : loaded 2 times (x 86B)
Class dagger.spi.internal.shaded.androidx.room.compiler.processing.XProcessingEnvConfig$Builder: loaded 2 times (x 72B)
Class com.android.tools.build.jetifier.core.proguard.ProGuardTypesMap                 : loaded 2 times (x 72B)
Class [Landroid.databinding.internal.org.antlr.v4.runtime.dfa.DFAState;               : loaded 2 times (x 69B)
Class android.databinding.parser.BindingExpressionParser$LiteralContext               : loaded 2 times (x 133B)
Class android.databinding.parser.BindingExpressionParser$MathOpContext                : loaded 2 times (x 134B)
Class com.sun.xml.bind.v2.util.XmlFactory$1                                           : loaded 2 times (x 76B)
Class android.databinding.internal.org.antlr.v4.runtime.tree.ParseTree                : loaded 2 times (x 70B)
Class org.apache.commons.io.file.SimplePathVisitor                                    : loaded 2 times (x 85B)
Class android.databinding.tool.store.GenClassInfoLog                                  : loaded 2 times (x 72B)
Class dagger.internal.codegen.bindinggraphvalidation.DuplicateBindingsValidator       : loaded 2 times (x 85B)
Class dagger.internal.codegen.processingstep.ComponentProcessingStep                  : loaded 2 times (x 86B)
Class com.google.gson.ToNumberPolicy$4                                                : loaded 2 times (x 83B)
Class com.google.common.io.ByteSource$SlicedByteSource                                : loaded 2 times (x 85B)
Class org.objectweb.asm.ClassReader                                                   : loaded 2 times (x 93B)
Class org.gradle.internal.service.DefaultServiceLocator                               : loaded 2 times (x 83B)
Class dagger.spi.internal.shaded.androidx.room.compiler.codegen.impl.XFileSpecImpl$WhenMappings: loaded 2 times (x 71B)
Class com.squareup.kotlinpoet.ContextReceivableKt                                     : loaded 2 times (x 71B)
Class dagger.spi.internal.shaded.androidx.room.compiler.codegen.kotlin.KotlinPropertySpec: loaded 2 times (x 76B)
Class dagger.spi.internal.shaded.kotlin.metadata.KmTypeProjection                     : loaded 2 times (x 72B)
Class dagger.internal.codegen.writing.AnonymousProviderCreationExpression_Factory     : loaded 2 times (x 72B)
Class dagger.spi.internal.shaded.kotlin.metadata.internal.metadata.deserialization.VersionRequirement$Companion$WhenMappings: loaded 2 times (x 71B)
Class dagger.internal.codegen.binding.$AutoValue_BindingGraph_TopLevelBindingGraph    : loaded 2 times (x 101B)
Class dagger.spi.internal.shaded.kotlin.metadata.internal.metadata.deserialization.VersionRequirement$Version$Companion: loaded 2 times (x 71B)
Class [Ldagger.internal.codegen.binding.ComponentRequirement$NullPolicy;              : loaded 2 times (x 69B)
Class dagger.internal.codegen.binding.MultiboundSetBinding                            : loaded 2 times (x 90B)
Class dagger.internal.codegen.binding.AutoValue_DelegateBinding                       : loaded 2 times (x 95B)
Class dagger.internal.codegen.xprocessing.XExecutableTypes                            : loaded 2 times (x 71B)
Class dagger.spi.internal.shaded.androidx.room.compiler.codegen.impl.XParameterSpecImpl$Builder: loaded 2 times (x 78B)
Class dagger.internal.codegen.processingstep.ModuleProcessingStep                     : loaded 2 times (x 86B)
Class dagger.internal.codegen.bindinggraphvalidation.InjectBindingValidator           : loaded 2 times (x 85B)
Class dagger.internal.codegen.processingstep.AssistedProcessingStep                   : loaded 2 times (x 86B)
Class dagger.internal.codegen.componentgenerator.TopLevelImplementationComponent$Factory: loaded 2 times (x 70B)
Class dagger.spi.internal.shaded.kotlin.metadata.internal.protobuf.GeneratedMessageLite$GeneratedExtension: loaded 2 times (x 79B)
Class dagger.spi.internal.shaded.kotlin.metadata.internal.metadata.jvm.deserialization.JvmProtoBufUtil: loaded 2 times (x 71B)
Class [Ldagger.spi.internal.shaded.androidx.room.compiler.codegen.XFunSpec$Builder;   : loaded 2 times (x 69B)
Class com.google.common.graph.EndpointPair$Unordered                                  : loaded 2 times (x 83B)
Class dagger.spi.internal.shaded.androidx.room.compiler.processing.javac.JavacVariableElement: loaded 2 times (x 198B)
Class dagger.spi.internal.shaded.androidx.room.compiler.codegen.XTypeNameKt           : loaded 2 times (x 71B)
Class dagger.spi.internal.shaded.androidx.room.compiler.codegen.XCodeBlockKt          : loaded 2 times (x 71B)
Class dagger.internal.codegen.writing.FrameworkInstanceKind                           : loaded 2 times (x 79B)
Class org.gradle.internal.classloader.FilteringClassLoader                            : loaded 2 times (x 105B)
Class com.android.tools.build.jetifier.core.config.Config$Companion                   : loaded 2 times (x 71B)
Class android.databinding.parser.BindingExpressionParser$PrimaryContext               : loaded 2 times (x 136B)
Class android.databinding.parser.BindingExpressionParser$ArgumentsContext             : loaded 2 times (x 132B)
Class android.databinding.internal.org.antlr.v4.runtime.atn.ATNConfigSet$ConfigHashSet: loaded 2 times (x 140B)
Class [Lcom.sun.xml.bind.v2.model.core.ID;                                            : loaded 2 times (x 69B)
Class javax.xml.bind.annotation.XmlAttribute                                          : loaded 2 times (x 70B)
Class com.google.common.io.LineReader                                                 : loaded 2 times (x 72B)
Class com.google.gson.internal.sql.SqlTypesSupport                                    : loaded 2 times (x 71B)
Class com.google.gson.Gson                                                            : loaded 2 times (x 72B)
Class org.jetbrains.org.objectweb.asm.SymbolTable                                     : loaded 2 times (x 72B)
Class com.google.common.cache.LocalCache$SoftValueReference                           : loaded 2 times (x 97B)
Class org.gradle.internal.installation.CurrentGradleInstallation                      : loaded 2 times (x 73B)
Class dagger.spi.internal.shaded.androidx.room.compiler.processing.javac.JavacRawType$typeName$2: loaded 2 times (x 79B)
Class dagger.internal.codegen.writing.ProvisionBindingRepresentation                  : loaded 2 times (x 75B)
Class android.databinding.tool.processing.ScopedException                             : loaded 2 times (x 86B)
Class dagger.internal.codegen.binding.LegacyBindingGraphFactory$Resolver              : loaded 2 times (x 72B)
Class com.google.gson.internal.bind.ObjectTypeAdapter$1                               : loaded 2 times (x 76B)
Class com.google.gson.Gson$FutureTypeAdapter                                          : loaded 2 times (x 76B)
Class com.sun.xml.bind.api.RawAccessor                                                : loaded 2 times (x 73B)
Class dagger.internal.codegen.base.ComponentAnnotation                                : loaded 2 times (x 76B)
Class dagger.internal.codegen.componentgenerator.ComponentHjarGenerator               : loaded 2 times (x 77B)
Class dagger.spi.internal.shaded.kotlin.metadata.KmTypeParameter                      : loaded 2 times (x 72B)
Class dagger.spi.internal.shaded.kotlin.metadata.Attributes$modality$10               : loaded 2 times (x 137B)
Class dagger.spi.internal.shaded.kotlin.metadata.internal.metadata.jvm.deserialization.JvmNameResolverBase$Companion: loaded 2 times (x 71B)
Class com.google.common.graph.GraphConstants$Presence                                 : loaded 2 times (x 79B)
Class dagger.spi.internal.shaded.androidx.room.compiler.processing.InternalXAnnotationValue$Kind: loaded 2 times (x 79B)
Class com.sun.xml.bind.v2.model.impl.ClassInfoImpl                                    : loaded 2 times (x 137B)
Class com.sun.xml.bind.v2.model.impl.RuntimeBuiltinLeafInfoImpl$StringImpl            : loaded 2 times (x 134B)
Class com.android.tools.build.jetifier.core.rule.RewriteRulesMap                      : loaded 2 times (x 72B)
Class com.sun.xml.bind.v2.model.impl.TypeRefImpl                                      : loaded 2 times (x 87B)
Class com.google.gson.internal.UnsafeAllocator                                        : loaded 2 times (x 72B)
Class [Lkotlin.collections.State;                                                     : loaded 2 times (x 69B)
Class com.google.gson.Gson$1                                                          : loaded 2 times (x 76B)
Class android.databinding.tool.LibTypes$lifecycleOwner$2                              : loaded 2 times (x 79B)
Class org.jetbrains.org.objectweb.asm.ModuleWriter                                    : loaded 2 times (x 81B)
Class org.apache.http.HttpEntity                                                      : loaded 2 times (x 70B)
Class org.objectweb.asm.Opcodes                                                       : loaded 2 times (x 70B)
Class org.apache.http.HttpRequest                                                     : loaded 2 times (x 70B)
Class org.gradle.util.internal.GUtil                                                  : loaded 2 times (x 71B)
Class dagger.internal.codegen.writing.SimpleMethodRequestRepresentation$1             : loaded 2 times (x 71B)
Class dagger.spi.internal.shaded.androidx.room.compiler.codegen.XPropertySpec         : loaded 2 times (x 70B)
Class dagger.spi.internal.shaded.androidx.room.compiler.codegen.XParameterSpec        : loaded 2 times (x 70B)
Class dagger.internal.codegen.writing.ProviderInstanceSupplier_Factory_Impl           : loaded 2 times (x 75B)
Class dagger.internal.codegen.writing.OptionalFactoryInstanceCreationExpression_Factory_Impl: loaded 2 times (x 75B)
Class dagger.internal.codegen.writing.ComponentRequirementRequestRepresentation_Factory_Impl: loaded 2 times (x 73B)
Class dagger.internal.codegen.componentgenerator.CurrentImplementationSubcomponent    : loaded 2 times (x 70B)
Class com.sun.xml.bind.v2.model.impl.PropertySeed                                     : loaded 2 times (x 70B)
Class dagger.spi.internal.shaded.kotlin.metadata.internal.metadata.ProtoBuf$VersionRequirement$Level: loaded 2 times (x 82B)
Class dagger.internal.codegen.binding.DependencyRequestFactory$1                      : loaded 2 times (x 71B)
Class dagger.internal.codegen.bindinggraphvalidation.SetMultibindingValidator         : loaded 2 times (x 85B)
Class dagger.internal.codegen.processingstep.MonitoringModuleGenerator                : loaded 2 times (x 77B)
Class dagger.internal.codegen.binding.ContributionBinding                             : loaded 2 times (x 89B)
Class androidx.room.compiler.processing.javac.JavacFiler                              : loaded 2 times (x 78B)
Class [Ldagger.spi.internal.shaded.kotlin.metadata.MemberKind;                        : loaded 2 times (x 69B)
Class dagger.spi.internal.shaded.kotlin.metadata.jvm.JvmMemberSignature               : loaded 2 times (x 73B)
Class dagger.spi.internal.shaded.kotlin.metadata.internal.metadata.jvm.JvmProtoBuf$StringTableTypes$RecordOrBuilder: loaded 2 times (x 70B)
Class com.google.common.collect.CompactHashSet                                        : loaded 2 times (x 150B)
Class dagger.hilt.processor.internal.aggregateddeps.AutoValue_ComponentDependencies   : loaded 2 times (x 75B)
Class dagger.hilt.processor.internal.aggregateddeps.AggregatedDepsMetadata$DependencyType: loaded 2 times (x 79B)
Class [Lcom.google.common.graph.Graphs$NodeVisitState;                                : loaded 2 times (x 69B)
Class dagger.spi.internal.shaded.androidx.room.compiler.processing.JavaPoetExtKt      : loaded 2 times (x 71B)
Class dagger.spi.internal.shaded.androidx.room.compiler.processing.javac.JavacType    : loaded 2 times (x 185B)
Class dagger.spi.internal.shaded.com.google.auto.common.MoreTypes                     : loaded 2 times (x 71B)
Class android.databinding.parser.BindingExpressionParser$BitShiftOpContext            : loaded 2 times (x 134B)
Class dagger.spi.internal.shaded.androidx.room.compiler.processing.javac.JavacFiler   : loaded 2 times (x 78B)
Class android.databinding.internal.org.antlr.v4.runtime.LexerNoViableAltException     : loaded 2 times (x 93B)
Class android.databinding.internal.org.antlr.v4.runtime.atn.BlockEndState             : loaded 2 times (x 82B)
Class android.databinding.internal.org.antlr.v4.runtime.atn.RuleTransition            : loaded 2 times (x 77B)
Class javax.xml.bind.UnmarshallerHandler                                              : loaded 2 times (x 70B)
Class com.sun.xml.bind.v2.runtime.XMLSerializer                                       : loaded 2 times (x 84B)
Class com.sun.xml.bind.v2.model.impl.ClassInfoImpl$DuplicateException                 : loaded 2 times (x 82B)
Class javax.xml.bind.annotation.XmlElementDecl                                        : loaded 2 times (x 70B)
Class [Ljavax.xml.bind.annotation.XmlAccessType;                                      : loaded 2 times (x 69B)
Class android.databinding.internal.org.antlr.v4.runtime.atn.SingletonPredictionContext: loaded 2 times (x 80B)
Class com.google.gson.internal.UnsafeAllocator$1                                      : loaded 2 times (x 73B)
Class com.google.gson.Gson$2                                                          : loaded 2 times (x 76B)
Class [Lorg.jetbrains.org.objectweb.asm.Label;                                        : loaded 2 times (x 69B)
Class com.google.common.io.ByteSource                                                 : loaded 2 times (x 84B)
Class com.google.common.util.concurrent.AbstractFuture$SetFuture                      : loaded 2 times (x 75B)
Class dagger.spi.internal.shaded.androidx.room.compiler.codegen.java.JavaFileSpec     : loaded 2 times (x 75B)
Class dagger.spi.internal.shaded.androidx.room.compiler.codegen.XTypeSpec             : loaded 2 times (x 70B)
Class dagger.spi.internal.shaded.androidx.room.compiler.codegen.impl.XPropertySpecImpl$Builder: loaded 2 times (x 77B)
Class dagger.internal.codegen.writing.ComponentRequestRepresentations_Factory         : loaded 2 times (x 82B)
Class dagger.internal.codegen.writing.MapFactoryCreationExpression_Factory_Impl       : loaded 2 times (x 75B)
Class android.databinding.parser.BindingExpressionParser$ExpressionListContext        : loaded 2 times (x 133B)
Class dagger.spi.internal.shaded.kotlin.metadata.KmVersionRequirementLevel            : loaded 2 times (x 79B)
Class dagger.internal.codegen.binding.ComponentDependencyProductionBinding            : loaded 2 times (x 90B)
Class com.android.tools.build.jetifier.core.proguard.ProGuardType$Companion           : loaded 2 times (x 71B)
Class dagger.hilt.processor.internal.uninstallmodules.UninstallModulesProcessor       : loaded 2 times (x 100B)
Class dagger.internal.codegen.validation.ModuleValidator                              : loaded 2 times (x 72B)
Class dagger.internal.codegen.kotlin.KotlinMetadataFactory                            : loaded 2 times (x 75B)
Class dagger.spi.internal.shaded.kotlin.metadata.internal.protobuf.GeneratedMessageLite$Builder: loaded 2 times (x 128B)
Class dagger.hilt.processor.internal.aggregateddeps.AggregatedDepsMetadata            : loaded 2 times (x 78B)
Class com.google.common.graph.ElementOrder$Type                                       : loaded 2 times (x 79B)
Class dagger.spi.internal.shaded.androidx.room.compiler.processing.javac.JavacMethodElement$name$2: loaded 2 times (x 79B)
Class com.google.common.graph.GraphBuilder                                            : loaded 2 times (x 72B)
Class dagger.spi.internal.shaded.kotlin.metadata.internal.protobuf.ExtensionRegistryLite$ObjectIntPair: loaded 2 times (x 72B)
Class kotlin.ranges.IntProgressionIterator                                            : loaded 2 times (x 82B)
Class android.databinding.internal.org.antlr.v4.runtime.ANTLRInputStream              : loaded 2 times (x 97B)
Class javax.xml.bind.annotation.DomHandler                                            : loaded 2 times (x 70B)
Class com.sun.xml.bind.v2.runtime.property.PropertyFactory                            : loaded 2 times (x 71B)
Class android.databinding.internal.org.antlr.v4.runtime.Token                         : loaded 2 times (x 70B)
Class javax.activation.DataSource                                                     : loaded 2 times (x 70B)
Class com.sun.xml.bind.v2.model.runtime.RuntimeBuiltinLeafInfo                        : loaded 2 times (x 70B)
Class android.databinding.tool.processing.scopes.ScopeProvider                        : loaded 2 times (x 70B)
Class com.google.gson.internal.UnsafeAllocator$2                                      : loaded 2 times (x 73B)
Class kotlin.collections.AbstractIterator$WhenMappings                                : loaded 2 times (x 71B)
Class com.google.gson.internal.bind.ReflectiveTypeAdapterFactory$BoundField           : loaded 2 times (x 75B)
Class com.google.gson.Gson$3                                                          : loaded 2 times (x 75B)
Class com.google.common.io.LineBuffer                                                 : loaded 2 times (x 75B)
Class com.google.common.collect.MapMakerInternalMap$1                                 : loaded 2 times (x 83B)
Class com.google.common.reflect.Types$TypeVariableImpl                                : loaded 2 times (x 72B)
Class org.objectweb.asm.Context                                                       : loaded 2 times (x 72B)
Class org.gradle.internal.installation.GradleInstallation                             : loaded 2 times (x 75B)
Class dagger.spi.internal.shaded.kotlin.metadata.internal.metadata.jvm.deserialization.JvmMemberSignature$Method: loaded 2 times (x 75B)
Class dagger.spi.internal.shaded.androidx.room.compiler.codegen.impl.XPropertySpecImpl: loaded 2 times (x 76B)
Class com.bumptech.glide.repackaged.com.google.common.base.Predicate                  : loaded 2 times (x 70B)
Class dagger.internal.codegen.writing.DelegatingFrameworkInstanceCreationExpression_Factory_Impl: loaded 2 times (x 75B)
Class dagger.internal.codegen.writing.DirectInstanceBindingRepresentation_Factory_Impl: loaded 2 times (x 75B)
Class dagger.internal.codegen.binding.ComponentDependencyBinding                      : loaded 2 times (x 90B)
Class dagger.internal.codegen.writing.ComponentRequirementExpressions_Factory         : loaded 2 times (x 82B)
Class dagger.internal.codegen.writing.OptionalFactories_PerGeneratedFileCache_Factory : loaded 2 times (x 81B)
Class dagger.spi.model.Binding                                                        : loaded 2 times (x 70B)
Class com.google.common.collect.Multiset$Entry                                        : loaded 2 times (x 70B)
Class com.google.common.collect.SortedMultisetBridge                                  : loaded 2 times (x 70B)
Class dagger.internal.codegen.binding.AutoValue_MultiboundSetBinding                  : loaded 2 times (x 92B)
Class dagger.internal.codegen.validation.ValidationBindingGraphPlugins_Factory        : loaded 2 times (x 82B)
Class dagger.internal.codegen.binding.$AutoValue_ComponentCreatorDescriptor           : loaded 2 times (x 82B)
Class dagger.internal.codegen.validation.InjectValidator                              : loaded 2 times (x 75B)
Class dagger.spi.internal.shaded.androidx.room.compiler.processing.javac.JavacExecutableType: loaded 2 times (x 81B)
Class dagger.internal.codegen.compileroption.FeatureStatus                            : loaded 2 times (x 79B)
Class dagger.internal.codegen.DelegateComponentProcessor$Injector                     : loaded 2 times (x 70B)
Class com.bumptech.glide.annotation.compiler.GlideExtensionValidator                  : loaded 2 times (x 72B)
Class dagger.hilt.processor.internal.kotlin.KotlinMetadataUtils$MetadataComponent     : loaded 2 times (x 70B)
Class dagger.spi.internal.shaded.kotlin.metadata.ClassKind                            : loaded 2 times (x 79B)
Class dagger.internal.codegen.validation.InjectBindingRegistryImpl                    : loaded 2 times (x 81B)
Class dagger.spi.internal.shaded.kotlin.metadata.jvm.internal.JvmTypeExtension$Companion: loaded 2 times (x 71B)
Class dagger.spi.internal.shaded.kotlin.metadata.internal.metadata.ProtoBuf$VersionRequirementTable: loaded 2 times (x 107B)
Class dagger.spi.internal.shaded.kotlin.metadata.internal.protobuf.AbstractMessageLite$Builder$LimitedInputStream: loaded 2 times (x 92B)
Class dagger.spi.internal.shaded.kotlin.metadata.internal.protobuf.ExtensionRegistryLite: loaded 2 times (x 74B)
Class dagger.internal.codegen.writing.ProducerFactoryGenerator_Factory                : loaded 2 times (x 82B)
Class dagger.spi.internal.shaded.androidx.room.compiler.processing.javac.JavacAnnotationValueKt$UNWRAP_VISITOR$1$visitArray$1$1: loaded 2 times (x 79B)
Class dagger.spi.internal.shaded.com.google.auto.common.AnnotationMirrors$1           : loaded 2 times (x 84B)
Class dagger.internal.codegen.base.ModuleAnnotation                                   : loaded 2 times (x 76B)
Class dagger.spi.internal.shaded.androidx.room.compiler.processing.javac.TypeMirrorExtKt$extendsBound$1: loaded 2 times (x 101B)
Class com.android.tools.build.jetifier.core.utils.StdOutLogConsumer                   : loaded 2 times (x 77B)
Class android.databinding.internal.org.antlr.v4.runtime.tree.TerminalNode             : loaded 2 times (x 70B)
Class [Landroid.databinding.internal.org.antlr.v4.runtime.atn.ATNConfig;              : loaded 2 times (x 69B)
Class com.google.common.collect.ForwardingMapEntry                                    : loaded 2 times (x 86B)
Class com.sun.xml.bind.v2.ClassFactory$1                                              : loaded 2 times (x 83B)
Class com.sun.xml.bind.v2.runtime.property.ArrayElementNodeProperty                   : loaded 2 times (x 105B)
Class com.sun.xml.bind.v2.model.annotation.XmlElementRefQuick                         : loaded 2 times (x 94B)
Class com.sun.xml.bind.v2.runtime.JaxBeanInfo                                         : loaded 2 times (x 89B)
Class com.google.gson.internal.UnsafeAllocator$3                                      : loaded 2 times (x 73B)
Class com.google.gson.Gson$4                                                          : loaded 2 times (x 76B)
Class com.google.gson.internal.ConstructorConstructor                                 : loaded 2 times (x 72B)
Class android.databinding.tool.LibTypes$mutableLiveData$2                             : loaded 2 times (x 79B)
Class kotlin.collections.CollectionsKt__IteratorsJVMKt$iterator$1                     : loaded 2 times (x 79B)
Class com.google.common.collect.ElementTypesAreNonnullByDefault                       : loaded 2 times (x 70B)
Class dagger.spi.internal.shaded.androidx.room.compiler.processing.javac.JavacRawType$xTypeName$2: loaded 2 times (x 79B)
Class com.google.common.collect.Sets$2$1                                              : loaded 2 times (x 82B)
Class dagger.spi.internal.shaded.androidx.room.compiler.codegen.XSpec                 : loaded 2 times (x 71B)
Class dagger.spi.model.BindingGraph$ComponentNode                                     : loaded 2 times (x 70B)
Class dagger.internal.codegen.binding.$AutoValue_MembersInjectionBinding              : loaded 2 times (x 84B)
Class dagger.internal.codegen.base.$AutoValue_ModuleAnnotation                        : loaded 2 times (x 76B)
Class [Ldagger.internal.codegen.validation.BindingMethodValidator$ExceptionSuperclass;: loaded 2 times (x 69B)
Class dagger.internal.codegen.validation.BindsMethodValidator_Factory                 : loaded 2 times (x 82B)
Class dagger.internal.codegen.binding.AutoValue_ComponentDescriptor_ComponentMethodDescriptor: loaded 2 times (x 75B)
Class dagger.spi.internal.shaded.kotlin.metadata.Attributes$modality$14               : loaded 2 times (x 137B)
Class [Ldagger.spi.internal.shaded.kotlin.metadata.internal.metadata.ProtoBuf$Visibility;: loaded 2 times (x 69B)
Class dagger.spi.internal.shaded.androidx.room.compiler.processing.javac.kotlin.KmClassContainer$primaryConstructorSignature$2: loaded 2 times (x 79B)
Class dagger.spi.internal.shaded.kotlin.metadata.internal.protobuf.GeneratedMessageLite$1: loaded 2 times (x 71B)
Class dagger.spi.internal.shaded.kotlin.metadata.internal.metadata.jvm.JvmProtoBuf$JvmPropertySignature: loaded 2 times (x 114B)
Class dagger.spi.internal.shaded.kotlin.metadata.internal.metadata.ProtoBuf$Property$1: loaded 2 times (x 144B)
Class kotlin.reflect.jvm.internal.impl.builtins.functions.FunctionClassKind$Companion : loaded 2 times (x 71B)
Class com.google.common.graph.AbstractDirectedNetworkConnections                      : loaded 2 times (x 98B)
Class dagger.spi.internal.shaded.androidx.room.compiler.processing.javac.JavacTypeElement$superInterfaces$2: loaded 2 times (x 79B)
Class dagger.spi.internal.shaded.androidx.room.compiler.processing.javac.JavacTypeElement$packageName$2: loaded 2 times (x 79B)
Class dagger.hilt.processor.internal.root.ComponentTreeDepsProcessor                  : loaded 2 times (x 100B)
Class android.databinding.internal.org.antlr.v4.runtime.dfa.DFAState$PredPrediction   : loaded 2 times (x 72B)
Class android.databinding.parser.BindingExpressionParser$RootExprContext              : loaded 2 times (x 134B)
Class com.sun.xml.bind.v2.runtime.unmarshaller.LeafPropertyLoader                     : loaded 2 times (x 78B)
Class com.sun.xml.bind.v2.model.impl.RuntimeTypeRefImpl                               : loaded 2 times (x 96B)
Class com.sun.xml.bind.v2.model.core.ReferencePropertyInfo                            : loaded 2 times (x 70B)
Class com.sun.xml.bind.v2.model.annotation.XmlTypeQuick                               : loaded 2 times (x 95B)
Class com.google.gson.internal.UnsafeAllocator$4                                      : loaded 2 times (x 72B)
Class com.google.gson.ReflectionAccessFilter$FilterResult                             : loaded 2 times (x 79B)
Class dagger.spi.internal.shaded.kotlin.metadata.Attributes$visibility$10             : loaded 2 times (x 137B)
Class com.google.gson.Gson$5                                                          : loaded 2 times (x 76B)
Class android.databinding.tool.LibTypes$observableMap$2                               : loaded 2 times (x 79B)
Class dagger.spi.internal.shaded.androidx.room.compiler.codegen.XTypeSpec$Builder$Companion: loaded 2 times (x 71B)
Class com.google.common.collect.Lists$RandomAccessReverseList                         : loaded 2 times (x 200B)

---------------  S Y S T E M  ---------------

OS:
 Windows 11 , 64 bit Build 26100 (10.0.26100.6725)
OS uptime: 1 days 9:09 hours

CPU: total 8 (initial active 8) (4 cores per cpu, 2 threads per core) family 6 model 142 stepping 10 microcode 0xf6, cx8, cmov, fxsr, ht, mmx, 3dnowpref, sse, sse2, sse3, ssse3, sse4.1, sse4.2, popcnt, lzcnt, tsc, tscinvbit, avx, avx2, aes, erms, clmul, bmi1, bmi2, rtm, adx, fma, vzeroupper, clflush, clflushopt, rdtscp, f16c
Processor Information for processor 0
  Max Mhz: 1896, Current Mhz: 1496, Mhz Limit: 1687
Processor Information for processor 1
  Max Mhz: 1896, Current Mhz: 1696, Mhz Limit: 1687
Processor Information for processor 2
  Max Mhz: 1896, Current Mhz: 1496, Mhz Limit: 1687
Processor Information for processor 3
  Max Mhz: 1896, Current Mhz: 1496, Mhz Limit: 1687
Processor Information for processor 4
  Max Mhz: 1896, Current Mhz: 1496, Mhz Limit: 1687
Processor Information for processor 5
  Max Mhz: 1896, Current Mhz: 1496, Mhz Limit: 1687
Processor Information for processor 6
  Max Mhz: 1896, Current Mhz: 1496, Mhz Limit: 1687
Processor Information for processor 7
  Max Mhz: 1896, Current Mhz: 1496, Mhz Limit: 1687

Memory: 4k page, system-wide physical 8031M (971M free)
TotalPageFile size 20469M (AvailPageFile size 230M)
current process WorkingSet (physical memory assigned to process): 2507M, peak: 3773M
current process commit charge ("private bytes"): 5197M, peak: 5906M

vm_info: OpenJDK 64-Bit Server VM (21.0.8+-14018985-b1038.68) for windows-amd64 JRE (21.0.8+-14018985-b1038.68), built on 2025-08-29T19:56:34Z by "builder" with MS VC++ 16.10 / 16.11 (VS2019)

END.
