#
# There is insufficient memory for the Java Runtime Environment to continue.
# Native memory allocation (mmap) failed to map 125829120 bytes. Error detail: G1 virtual space
# Possible reasons:
#   The system is out of physical RAM or swap space
#   This process is running with CompressedOops enabled, and the Java Heap may be blocking the growth of the native heap
# Possible solutions:
#   Reduce memory load on the system
#   Increase physical memory or swap space
#   Check if swap backing store is full
#   Decrease Java heap size (-Xmx/-Xms)
#   Decrease number of Java threads
#   Decrease Java thread stack sizes (-Xss)
#   Set larger code cache with -XX:ReservedCodeCacheSize=
#   JVM is running with Zero Based Compressed Oops mode in which the Java heap is
#     placed in the first 32GB address space. The Java Heap base address is the
#     maximum limit for the native heap growth. Please use -XX:HeapBaseMinAddress
#     to set the Java Heap base and to place the Java Heap above 32GB virtual address.
# This output file may be truncated or incomplete.
#
#  Out of Memory Error (os_windows.cpp:3925), pid=1556, tid=18480
#
# JRE version: OpenJDK Runtime Environment (21.0.8) (build 21.0.8+-14018985-b1038.68)
# Java VM: OpenJDK 64-Bit Server VM (21.0.8+-14018985-b1038.68, mixed mode, tiered, compressed oops, compressed class ptrs, g1 gc, windows-amd64)
# No core dump will be written. Minidumps are not enabled by default on client versions of Windows
#

---------------  S U M M A R Y ------------

Command Line: -XX:+HeapDumpOnOutOfMemoryError --add-opens=java.base/java.util=ALL-UNNAMED --add-opens=java.base/java.lang=ALL-UNNAMED --add-opens=java.base/java.lang.invoke=ALL-UNNAMED --add-opens=java.prefs/java.util.prefs=ALL-UNNAMED --add-opens=java.base/java.nio.charset=ALL-UNNAMED --add-opens=java.base/java.net=ALL-UNNAMED --add-opens=java.base/java.util.concurrent.atomic=ALL-UNNAMED -Xmx6144m -Dfile.encoding=UTF-8 -Duser.country=US -Duser.language=en -Duser.variant -javaagent:C:\Users\zs computer\.gradle\wrapper\dists\gradle-8.6-bin\afr5mpiioh2wthjmwnkmdsd5w\gradle-8.6\lib\agents\gradle-instrumentation-agent-8.6.jar org.gradle.launcher.daemon.bootstrap.GradleDaemon 8.6

Host: Intel(R) Core(TM) i5-8350U CPU @ 1.70GHz, 8 cores, 7G,  Windows 11 , 64 bit Build 26100 (10.0.26100.6725)
Time: Fri Oct 17 09:40:00 2025 Pakistan Standard Time elapsed time: 1012.509632 seconds (0d 0h 16m 52s)

---------------  T H R E A D  ---------------

Current thread (0x00000144b1a26ab0):  VMThread "VM Thread"          [id=18480, stack(0x000000129ac00000,0x000000129ad00000) (1024K)]

Stack: [0x000000129ac00000,0x000000129ad00000]
Native frames: (J=compiled Java code, j=interpreted, Vv=VM code, C=native code)
V  [jvm.dll+0x6d68d9]
V  [jvm.dll+0x866693]
V  [jvm.dll+0x868c4e]
V  [jvm.dll+0x869333]
V  [jvm.dll+0x280566]
V  [jvm.dll+0x6d3195]
V  [jvm.dll+0x6c69ea]
V  [jvm.dll+0x3586db]
V  [jvm.dll+0x360336]
V  [jvm.dll+0x3b23f6]
V  [jvm.dll+0x3b26c8]
V  [jvm.dll+0x32ae6c]
V  [jvm.dll+0x32aef7]
V  [jvm.dll+0x370d3c]
V  [jvm.dll+0x36f4ee]
V  [jvm.dll+0x32a5c1]
V  [jvm.dll+0x36ebf0]
V  [jvm.dll+0x86f0b8]
V  [jvm.dll+0x870434]
V  [jvm.dll+0x870970]
V  [jvm.dll+0x870c03]
V  [jvm.dll+0x80eac8]
V  [jvm.dll+0x6d512d]
C  [ucrtbase.dll+0x37b0]
C  [KERNEL32.DLL+0x2e8d7]
C  [ntdll.dll+0x8c53c]

VM_Operation (0x000000129daf9b60): G1CollectForAllocation, mode: safepoint, requested by thread 0x00000144cb804ec0


---------------  P R O C E S S  ---------------

Threads class SMR info:
_java_thread_list=0x00000144cae3d420, length=110, elements={
0x0000014492f62950, 0x00000144b1a71b10, 0x00000144b1a7c6a0, 0x00000144b1a7d100,
0x00000144b1a7f000, 0x00000144b1a7fa60, 0x00000144b1a8e350, 0x00000144b1aa3490,
0x00000144b1aa3ef0, 0x00000144b1aa4ac0, 0x00000144b1d70170, 0x00000144b7276040,
0x00000144b70a7ec0, 0x00000144b6ade5e0, 0x00000144b79f4560, 0x00000144b79f6630,
0x00000144b79f6cc0, 0x00000144ba5d8200, 0x00000144ba5d8890, 0x00000144ba5dbd10,
0x00000144ba5d8f20, 0x00000144ba5dca30, 0x00000144ba5dd0c0, 0x00000144ba5df820,
0x00000144b8bc6070, 0x00000144b8bc6700, 0x00000144b8bc3280, 0x00000144b8bc6d90,
0x00000144b6dce460, 0x00000144c2d6b7d0, 0x00000144c343a2c0, 0x00000144c343b670,
0x00000144ca294210, 0x00000144ca293b80, 0x00000144c2c3e100, 0x00000144cb804830,
0x00000144c2309640, 0x00000144c2309cd0, 0x00000144c2c3d3e0, 0x00000144cdb72590,
0x00000144cdb73fd0, 0x00000144cdb72c20, 0x00000144cdb73940, 0x00000144cdb732b0,
0x00000144cdb74660, 0x00000144cdb711e0, 0x00000144cdb71870, 0x00000144cdb71f00,
0x00000144cb805550, 0x00000144cb803b10, 0x00000144cb804ec0, 0x00000144cb803480,
0x00000144cb802df0, 0x00000144c4afcbf0, 0x00000144c4afc560, 0x00000144c230a360,
0x00000144c2c3e790, 0x00000144c4afd280, 0x00000144d2aefc10, 0x00000144d2944af0,
0x00000144d2942a20, 0x00000144cb805be0, 0x00000144c230de70, 0x00000144c4afa490,
0x00000144cbbe0fd0, 0x00000144cbbe4450, 0x00000144cbbe1660, 0x00000144d54e1ec0,
0x00000144d54e0480, 0x00000144d54e0b10, 0x00000144c2f0df60, 0x00000144d2945180,
0x00000144d2945810, 0x00000144d0628590, 0x00000144c4afb1b0, 0x00000144c2ea5e40,
0x00000144c2ea71f0, 0x00000144d2943740, 0x00000144d43032b0, 0x00000144d2943dd0,
0x00000144cba62120, 0x00000144c2306ee0, 0x00000144c46c05c0, 0x00000144d4304cf0,
0x00000144d068e4e0, 0x00000144d4305380, 0x00000144d29430b0, 0x00000144d2944460,
0x00000144ca382180, 0x00000144c230b080, 0x00000144ca2948a0, 0x00000144d6db34b0,
0x00000144d6db2790, 0x00000144c2307c00, 0x00000144c2308290, 0x00000144c230e500,
0x00000144c230f220, 0x00000144d62c8510, 0x00000144c46c2d20, 0x00000144c46c2000,
0x00000144c46c2690, 0x00000144c46c0c50, 0x00000144d068caa0, 0x00000144d068d130,
0x00000144d068c410, 0x00000144c46c3a40, 0x00000144c46c1970, 0x00000144c26b4d90,
0x00000144d068d7c0, 0x00000144b986afc0
}

Java Threads: ( => current thread )
  0x0000014492f62950 JavaThread "main"                              [_thread_blocked, id=8276, stack(0x000000129a500000,0x000000129a600000) (1024K)]
  0x00000144b1a71b10 JavaThread "Common-Cleaner"             daemon [_thread_blocked, id=6452, stack(0x000000129ad00000,0x000000129ae00000) (1024K)]
  0x00000144b1a7c6a0 JavaThread "Reference Handler"          daemon [_thread_blocked, id=10616, stack(0x000000129ae00000,0x000000129af00000) (1024K)]
  0x00000144b1a7d100 JavaThread "Finalizer"                  daemon [_thread_blocked, id=13280, stack(0x000000129af00000,0x000000129b000000) (1024K)]
  0x00000144b1a7f000 JavaThread "Signal Dispatcher"          daemon [_thread_blocked, id=18008, stack(0x000000129b000000,0x000000129b100000) (1024K)]
  0x00000144b1a7fa60 JavaThread "Attach Listener"            daemon [_thread_blocked, id=17176, stack(0x000000129b100000,0x000000129b200000) (1024K)]
  0x00000144b1a8e350 JavaThread "Service Thread"             daemon [_thread_blocked, id=20008, stack(0x000000129b200000,0x000000129b300000) (1024K)]
  0x00000144b1aa3490 JavaThread "Monitor Deflation Thread"   daemon [_thread_blocked, id=18888, stack(0x000000129b300000,0x000000129b400000) (1024K)]
  0x00000144b1aa3ef0 JavaThread "C2 CompilerThread0"         daemon [_thread_blocked, id=16796, stack(0x000000129b400000,0x000000129b500000) (1024K)]
  0x00000144b1aa4ac0 JavaThread "C1 CompilerThread0"         daemon [_thread_blocked, id=17888, stack(0x000000129b500000,0x000000129b600000) (1024K)]
  0x00000144b1d70170 JavaThread "Notification Thread"        daemon [_thread_blocked, id=19492, stack(0x000000129b600000,0x000000129b700000) (1024K)]
  0x00000144b7276040 JavaThread "Daemon health stats"               [_thread_blocked, id=13144, stack(0x000000129b800000,0x000000129b900000) (1024K)]
  0x00000144b70a7ec0 JavaThread "Incoming local TCP Connector on port 51226"        [_thread_in_native, id=2508, stack(0x000000129b700000,0x000000129b800000) (1024K)]
  0x00000144b6ade5e0 JavaThread "Daemon periodic checks"            [_thread_blocked, id=8148, stack(0x000000129bd00000,0x000000129be00000) (1024K)]
  0x00000144b79f4560 JavaThread "Cache worker for journal cache (C:\Users\zs computer\.gradle\caches\journal-1)"        [_thread_blocked, id=14412, stack(0x000000129c900000,0x000000129ca00000) (1024K)]
  0x00000144b79f6630 JavaThread "File lock request listener"        [_thread_in_native, id=9464, stack(0x000000129ca00000,0x000000129cb00000) (1024K)]
  0x00000144b79f6cc0 JavaThread "Cache worker for file hash cache (C:\Users\zs computer\.gradle\caches\8.6\fileHashes)"        [_thread_blocked, id=19236, stack(0x000000129cb00000,0x000000129cc00000) (1024K)]
  0x00000144ba5d8200 JavaThread "Cache worker for file content cache (C:\Users\zs computer\.gradle\caches\8.6\fileContent)"        [_thread_blocked, id=18964, stack(0x000000129d000000,0x000000129d100000) (1024K)]
  0x00000144ba5d8890 JavaThread "File watcher server"        daemon [_thread_blocked, id=9636, stack(0x000000129d100000,0x000000129d200000) (1024K)]
  0x00000144ba5dbd10 JavaThread "File watcher consumer"      daemon [_thread_blocked, id=1040, stack(0x000000129d200000,0x000000129d300000) (1024K)]
  0x00000144ba5d8f20 JavaThread "jar transforms"                    [_thread_blocked, id=17680, stack(0x000000129d500000,0x000000129d600000) (1024K)]
  0x00000144ba5dca30 JavaThread "jar transforms Thread 2"           [_thread_blocked, id=14188, stack(0x000000129d600000,0x000000129d700000) (1024K)]
  0x00000144ba5dd0c0 JavaThread "jar transforms Thread 3"           [_thread_blocked, id=17852, stack(0x000000129d700000,0x000000129d800000) (1024K)]
  0x00000144ba5df820 JavaThread "jar transforms Thread 4"           [_thread_blocked, id=17704, stack(0x000000129dc00000,0x000000129dd00000) (1024K)]
  0x00000144b8bc6070 JavaThread "jar transforms Thread 5"           [_thread_blocked, id=592, stack(0x000000129dd00000,0x000000129de00000) (1024K)]
  0x00000144b8bc6700 JavaThread "jar transforms Thread 6"           [_thread_blocked, id=17248, stack(0x000000129de00000,0x000000129df00000) (1024K)]
  0x00000144b8bc3280 JavaThread "jar transforms Thread 7"           [_thread_blocked, id=19088, stack(0x000000129df00000,0x000000129e000000) (1024K)]
  0x00000144b8bc6d90 JavaThread "jar transforms Thread 8"           [_thread_blocked, id=4680, stack(0x000000129e000000,0x000000129e100000) (1024K)]
  0x00000144b6dce460 JavaThread "Memory manager"                    [_thread_blocked, id=18276, stack(0x000000129ec00000,0x000000129ed00000) (1024K)]
  0x00000144c2d6b7d0 JavaThread "Cache worker for Java compile cache (C:\Users\zs computer\.gradle\caches\8.6\javaCompile)"        [_thread_blocked, id=18800, stack(0x00000012a4400000,0x00000012a4500000) (1024K)]
  0x00000144c343a2c0 JavaThread "RMI Scheduler(0)"           daemon [_thread_blocked, id=15176, stack(0x00000012a3000000,0x00000012a3100000) (1024K)]
  0x00000144c343b670 JavaThread "RMI GC Daemon"              daemon [_thread_blocked, id=13344, stack(0x00000012a4e00000,0x00000012a4f00000) (1024K)]
  0x00000144ca294210 JavaThread "RMI TCP Accept-0"           daemon [_thread_in_native, id=16500, stack(0x00000012a4f00000,0x00000012a5000000) (1024K)]
  0x00000144ca293b80 JavaThread "RMI Reaper"                        [_thread_blocked, id=6244, stack(0x00000012a5000000,0x00000012a5100000) (1024K)]
  0x00000144c2c3e100 JavaThread "Daemon Thread 2"                   [_thread_blocked, id=6016, stack(0x000000129a200000,0x000000129a300000) (1024K)]
  0x00000144cb804830 JavaThread "Handler for socket connection from /127.0.0.1:51226 to /127.0.0.1:50918"        [_thread_in_native, id=13636, stack(0x000000129a300000,0x000000129a400000) (1024K)]
  0x00000144c2309640 JavaThread "Cancel handler"                    [_thread_blocked, id=15036, stack(0x000000129a400000,0x000000129a500000) (1024K)]
  0x00000144c2309cd0 JavaThread "Daemon worker Thread 2"            [_thread_blocked, id=5492, stack(0x000000129be00000,0x000000129bf00000) (1024K)]
  0x00000144c2c3d3e0 JavaThread "Asynchronous log dispatcher for DefaultDaemonConnection: socket connection from /127.0.0.1:51226 to /127.0.0.1:50918"        [_thread_blocked, id=19544, stack(0x000000129bf00000,0x000000129c000000) (1024K)]
  0x00000144cdb72590 JavaThread "Daemon client event forwarder"        [_thread_blocked, id=14216, stack(0x000000129c200000,0x000000129c300000) (1024K)]
  0x00000144cdb73fd0 JavaThread "Cache worker for file hash cache (D:\Terafort\All-Video-Downloader\.gradle\8.6\fileHashes)"        [_thread_blocked, id=10584, stack(0x000000129c300000,0x000000129c400000) (1024K)]
  0x00000144cdb72c20 JavaThread "Cache worker for checksums cache (D:\Terafort\All-Video-Downloader\.gradle\8.6\checksums)"        [_thread_blocked, id=9040, stack(0x000000129c400000,0x000000129c500000) (1024K)]
  0x00000144cdb73940 JavaThread "Cache worker for cache directory md-supplier (C:\Users\zs computer\.gradle\caches\8.6\md-supplier)"        [_thread_blocked, id=5832, stack(0x000000129cd00000,0x000000129ce00000) (1024K)]
  0x00000144cdb732b0 JavaThread "Cache worker for cache directory md-rule (C:\Users\zs computer\.gradle\caches\8.6\md-rule)"        [_thread_blocked, id=20304, stack(0x000000129ce00000,0x000000129cf00000) (1024K)]
  0x00000144cdb74660 JavaThread "build event listener"              [_thread_blocked, id=17588, stack(0x000000129cc00000,0x000000129cd00000) (1024K)]
  0x00000144cdb711e0 JavaThread "build event listener"              [_thread_blocked, id=18144, stack(0x000000129cf00000,0x000000129d000000) (1024K)]
  0x00000144cdb71870 JavaThread "Cache worker for Build Output Cleanup Cache (D:\Terafort\All-Video-Downloader\.gradle\buildOutputCleanup)"        [_thread_blocked, id=3788, stack(0x000000129d300000,0x000000129d400000) (1024K)]
  0x00000144cdb71f00 JavaThread "included builds"                   [_thread_blocked, id=4040, stack(0x000000129d400000,0x000000129d500000) (1024K)]
  0x00000144cb805550 JavaThread "Execution worker"                  [_thread_blocked, id=16112, stack(0x000000129d800000,0x000000129d900000) (1024K)]
  0x00000144cb803b10 JavaThread "Execution worker Thread 2"         [_thread_blocked, id=19084, stack(0x000000129d900000,0x000000129da00000) (1024K)]
  0x00000144cb804ec0 JavaThread "Execution worker Thread 3"         [_thread_blocked, id=8840, stack(0x000000129da00000,0x000000129db00000) (1024K)]
  0x00000144cb803480 JavaThread "Execution worker Thread 4"         [_thread_blocked, id=18268, stack(0x000000129db00000,0x000000129dc00000) (1024K)]
  0x00000144cb802df0 JavaThread "Execution worker Thread 5"         [_thread_blocked, id=19240, stack(0x000000129e100000,0x000000129e200000) (1024K)]
  0x00000144c4afcbf0 JavaThread "Execution worker Thread 6"         [_thread_blocked, id=13276, stack(0x000000129e200000,0x000000129e300000) (1024K)]
  0x00000144c4afc560 JavaThread "Execution worker Thread 7"         [_thread_blocked, id=12704, stack(0x000000129e300000,0x000000129e400000) (1024K)]
  0x00000144c230a360 JavaThread "Cache worker for execution history cache (D:\Terafort\All-Video-Downloader\.gradle\8.6\executionHistory)"        [_thread_blocked, id=14732, stack(0x000000129e400000,0x000000129e500000) (1024K)]
  0x00000144c2c3e790 JavaThread "WorkerExecutor Queue Thread 2"        [_thread_blocked, id=9828, stack(0x000000129e600000,0x000000129e700000) (1024K)]
  0x00000144c4afd280 JavaThread "WorkerExecutor Queue Thread 4"        [_thread_blocked, id=9784, stack(0x000000129e900000,0x000000129ea00000) (1024K)]
  0x00000144d2aefc10 JavaThread "WorkerExecutor Queue Thread 6"        [_thread_blocked, id=16632, stack(0x000000129eb00000,0x000000129ec00000) (1024K)]
  0x00000144d2944af0 JavaThread "WorkerExecutor Queue Thread 9"        [_thread_blocked, id=7456, stack(0x000000129ef00000,0x000000129f000000) (1024K)]
  0x00000144d2942a20 JavaThread "RMI RenewClean-[127.0.0.1:17100,org.jetbrains.kotlin.daemon.common.LoopbackNetworkInterface$ClientLoopbackSocketFactory@3e49eda4]" daemon [_thread_blocked, id=17836, stack(0x000000129f000000,0x000000129f100000) (1024K)]
  0x00000144cb805be0 JavaThread "pool-11-thread-1"                  [_thread_blocked, id=10252, stack(0x000000129f900000,0x000000129fa00000) (1024K)]
  0x00000144c230de70 JavaThread "stderr"                            [_thread_in_native, id=8892, stack(0x000000129fa00000,0x000000129fb00000) (1024K)]
  0x00000144c4afa490 JavaThread "stdout"                            [_thread_in_native, id=18992, stack(0x000000129fb00000,0x000000129fc00000) (1024K)]
  0x00000144cbbe0fd0 JavaThread "Build operations"                  [_thread_blocked, id=16404, stack(0x000000129e700000,0x000000129e800000) (1024K)]
  0x00000144cbbe4450 JavaThread "Build operations Thread 2"         [_thread_blocked, id=13484, stack(0x000000129fd00000,0x000000129fe00000) (1024K)]
  0x00000144cbbe1660 JavaThread "Build operations Thread 3"         [_thread_blocked, id=15772, stack(0x000000129fe00000,0x000000129ff00000) (1024K)]
  0x00000144d54e1ec0 JavaThread "Build operations Thread 4"         [_thread_blocked, id=172, stack(0x000000129ff00000,0x00000012a0000000) (1024K)]
  0x00000144d54e0480 JavaThread "Build operations Thread 5"         [_thread_blocked, id=20072, stack(0x00000012a0000000,0x00000012a0100000) (1024K)]
  0x00000144d54e0b10 JavaThread "Build operations Thread 6"         [_thread_blocked, id=9896, stack(0x00000012a0100000,0x00000012a0200000) (1024K)]
  0x00000144c2f0df60 JavaThread "Build operations Thread 7"         [_thread_blocked, id=19676, stack(0x00000012a0200000,0x00000012a0300000) (1024K)]
  0x00000144d2945180 JavaThread "stderr"                            [_thread_in_native, id=20208, stack(0x00000012a0b00000,0x00000012a0c00000) (1024K)]
  0x00000144d2945810 JavaThread "stdout"                            [_thread_in_native, id=20020, stack(0x00000012a0c00000,0x00000012a0d00000) (1024K)]
  0x00000144d0628590 JavaThread "WorkerExecutor Queue Thread 11"        [_thread_blocked, id=6584, stack(0x000000129e800000,0x000000129e900000) (1024K)]
  0x00000144c4afb1b0 JavaThread "Build operations Thread 8"         [_thread_blocked, id=10664, stack(0x000000129f100000,0x000000129f200000) (1024K)]
  0x00000144c2ea5e40 JavaThread "RMI TCP Connection(idle)"   daemon [_thread_blocked, id=4944, stack(0x000000129f400000,0x000000129f500000) (1024K)]
  0x00000144c2ea71f0 JavaThread "RMI TCP Connection(49)-127.0.0.1" daemon [_thread_in_native, id=4996, stack(0x000000129f500000,0x000000129f600000) (1024K)]
  0x00000144d2943740 JavaThread "Unconstrained build operations"        [_thread_blocked, id=12964, stack(0x000000129ed00000,0x000000129ee00000) (1024K)]
  0x00000144d43032b0 JavaThread "Unconstrained build operations Thread 2"        [_thread_blocked, id=14828, stack(0x000000129f800000,0x000000129f900000) (1024K)]
  0x00000144d2943dd0 JavaThread "RMI RenewClean-[127.0.0.1:17100,org.jetbrains.kotlin.daemon.common.LoopbackNetworkInterface$ClientLoopbackSocketFactory@316a183a]" daemon [_thread_blocked, id=1388, stack(0x00000012a0300000,0x00000012a0400000) (1024K)]
  0x00000144cba62120 JavaThread "WorkerExecutor Queue Thread 12"        [_thread_blocked, id=15416, stack(0x000000129f700000,0x000000129f800000) (1024K)]
  0x00000144c2306ee0 JavaThread "RMI RenewClean-[127.0.0.1:17100,org.jetbrains.kotlin.daemon.common.LoopbackNetworkInterface$ClientLoopbackSocketFactory@493c055d]" daemon [_thread_blocked, id=20452, stack(0x000000129ea00000,0x000000129eb00000) (1024K)]
  0x00000144c46c05c0 JavaThread "WorkerExecutor Queue Thread 14"        [_thread_blocked, id=17312, stack(0x000000129c000000,0x000000129c100000) (1024K)]
  0x00000144d4304cf0 JavaThread "RMI TCP Connection(idle)"   daemon [_thread_blocked, id=19900, stack(0x000000129f200000,0x000000129f300000) (1024K)]
  0x00000144d068e4e0 JavaThread "RMI TCP Connection(idle)"   daemon [_thread_blocked, id=4464, stack(0x000000129c100000,0x000000129c200000) (1024K)]
  0x00000144d4305380 JavaThread "RMI TCP Connection(idle)"   daemon [_thread_blocked, id=20184, stack(0x000000129e500000,0x000000129e600000) (1024K)]
  0x00000144d29430b0 JavaThread "Unconstrained build operations Thread 3"        [_thread_blocked, id=17676, stack(0x000000129fc00000,0x000000129fd00000) (1024K)]
  0x00000144d2944460 JavaThread "Unconstrained build operations Thread 4"        [_thread_blocked, id=17360, stack(0x00000012a0400000,0x00000012a0500000) (1024K)]
  0x00000144ca382180 JavaThread "Unconstrained build operations Thread 5"        [_thread_blocked, id=18396, stack(0x00000012a0500000,0x00000012a0600000) (1024K)]
  0x00000144c230b080 JavaThread "Unconstrained build operations Thread 6"        [_thread_blocked, id=16704, stack(0x00000012a0600000,0x00000012a0700000) (1024K)]
  0x00000144ca2948a0 JavaThread "WorkerExecutor Queue Thread 15"        [_thread_blocked, id=5704, stack(0x000000129f300000,0x000000129f400000) (1024K)]
  0x00000144d6db34b0 JavaThread "Unconstrained build operations Thread 7"        [_thread_blocked, id=16720, stack(0x000000129f600000,0x000000129f700000) (1024K)]
  0x00000144d6db2790 JavaThread "Unconstrained build operations Thread 8"        [_thread_blocked, id=2180, stack(0x00000012a0700000,0x00000012a0800000) (1024K)]
  0x00000144c2307c00 JavaThread "Unconstrained build operations Thread 9"        [_thread_blocked, id=8932, stack(0x00000012a0800000,0x00000012a0900000) (1024K)]
  0x00000144c2308290 JavaThread "Unconstrained build operations Thread 10"        [_thread_blocked, id=18820, stack(0x00000012a0900000,0x00000012a0a00000) (1024K)]
  0x00000144c230e500 JavaThread "Unconstrained build operations Thread 11"        [_thread_blocked, id=9236, stack(0x00000012a0a00000,0x00000012a0b00000) (1024K)]
  0x00000144c230f220 JavaThread "Unconstrained build operations Thread 12"        [_thread_blocked, id=1344, stack(0x00000012a0d00000,0x00000012a0e00000) (1024K)]
  0x00000144d62c8510 JavaThread "Unconstrained build operations Thread 13"        [_thread_blocked, id=8264, stack(0x00000012a0e00000,0x00000012a0f00000) (1024K)]
  0x00000144c46c2d20 JavaThread "ForkJoinPool-13-worker-1"   daemon [_thread_blocked, id=13832, stack(0x000000129ee00000,0x000000129ef00000) (1024K)]
  0x00000144c46c2000 JavaThread "ForkJoinPool-13-worker-2"   daemon [_thread_blocked, id=19504, stack(0x00000012a0f00000,0x00000012a1000000) (1024K)]
  0x00000144c46c2690 JavaThread "ForkJoinPool-13-worker-3"   daemon [_thread_blocked, id=18900, stack(0x00000012a1000000,0x00000012a1100000) (1024K)]
  0x00000144c46c0c50 JavaThread "ForkJoinPool-13-worker-4"   daemon [_thread_blocked, id=10188, stack(0x00000012a1100000,0x00000012a1200000) (1024K)]
  0x00000144d068caa0 JavaThread "Unconstrained build operations Thread 14"        [_thread_blocked, id=17392, stack(0x00000012a1200000,0x00000012a1300000) (1024K)]
  0x00000144d068d130 JavaThread "Unconstrained build operations Thread 15"        [_thread_blocked, id=6572, stack(0x00000012a1300000,0x00000012a1400000) (1024K)]
  0x00000144d068c410 JavaThread "Unconstrained build operations Thread 16"        [_thread_blocked, id=19132, stack(0x00000012a1400000,0x00000012a1500000) (1024K)]
  0x00000144c46c3a40 JavaThread "Unconstrained build operations Thread 17"        [_thread_blocked, id=15724, stack(0x00000012a1500000,0x00000012a1600000) (1024K)]
  0x00000144c46c1970 JavaThread "Unconstrained build operations Thread 18"        [_thread_blocked, id=17708, stack(0x00000012a1600000,0x00000012a1700000) (1024K)]
  0x00000144c26b4d90 JavaThread "Unconstrained build operations Thread 19"        [_thread_blocked, id=17040, stack(0x00000012a1700000,0x00000012a1800000) (1024K)]
  0x00000144d068d7c0 JavaThread "Unconstrained build operations Thread 20"        [_thread_blocked, id=18348, stack(0x00000012a1800000,0x00000012a1900000) (1024K)]
  0x00000144b986afc0 JavaThread "C2 CompilerThread1"         daemon [_thread_blocked, id=19752, stack(0x00000012a1900000,0x00000012a1a00000) (1024K)]
Total: 110

Other Threads:
=>0x00000144b1a26ab0 VMThread "VM Thread"                           [id=18480, stack(0x000000129ac00000,0x000000129ad00000) (1024K)]
  0x00000144b11fb110 WatcherThread "VM Periodic Task Thread"        [id=15888, stack(0x000000129ab00000,0x000000129ac00000) (1024K)]
  0x000001449524d750 WorkerThread "GC Thread#0"                     [id=19332, stack(0x000000129a600000,0x000000129a700000) (1024K)]
  0x00000144b6b36b20 WorkerThread "GC Thread#1"                     [id=6484, stack(0x000000129b900000,0x000000129ba00000) (1024K)]
  0x00000144b62f4790 WorkerThread "GC Thread#2"                     [id=17388, stack(0x000000129ba00000,0x000000129bb00000) (1024K)]
  0x00000144b6543250 WorkerThread "GC Thread#3"                     [id=18148, stack(0x000000129bb00000,0x000000129bc00000) (1024K)]
  0x00000144b6c1d0d0 WorkerThread "GC Thread#4"                     [id=17812, stack(0x000000129bc00000,0x000000129bd00000) (1024K)]
  0x00000144b78c46a0 WorkerThread "GC Thread#5"                     [id=5196, stack(0x000000129c500000,0x000000129c600000) (1024K)]
  0x00000144b78c4a40 WorkerThread "GC Thread#6"                     [id=16968, stack(0x000000129c600000,0x000000129c700000) (1024K)]
  0x00000144b78c4de0 WorkerThread "GC Thread#7"                     [id=13244, stack(0x000000129c700000,0x000000129c800000) (1024K)]
  0x000001449525b480 ConcurrentGCThread "G1 Main Marker"            [id=17820, stack(0x000000129a700000,0x000000129a800000) (1024K)]
  0x000001449525c630 WorkerThread "G1 Conc#0"                       [id=17500, stack(0x000000129a800000,0x000000129a900000) (1024K)]
  0x00000144b7b67950 WorkerThread "G1 Conc#1"                       [id=19556, stack(0x000000129c800000,0x000000129c900000) (1024K)]
  0x00000144952880d0 ConcurrentGCThread "G1 Refine#0"               [id=18676, stack(0x000000129a900000,0x000000129aa00000) (1024K)]
  0x00000144c3abe3e0 ConcurrentGCThread "G1 Refine#1"               [id=10468, stack(0x00000012a6400000,0x00000012a6500000) (1024K)]
  0x0000014495289a00 ConcurrentGCThread "G1 Service"                [id=3284, stack(0x000000129aa00000,0x000000129ab00000) (1024K)]
Total: 16

Threads with active compile tasks:
C2 CompilerThread0  1012737 91067       4       org.jetbrains.org.objectweb.asm.ClassReader::accept (1381 bytes)
C2 CompilerThread1  1012737 90722       4       org.jetbrains.kotlin.incremental.classpathDiff.ClassFile::<init> (39 bytes)
Total: 2

VM state: at safepoint (normal execution)

VM Mutex/Monitor currently owned by a thread:  ([mutex/lock_event])
[0x00007fffed4a85b8] Threads_lock - owner thread: 0x00000144b1a26ab0
[0x00007fffed4a86b8] Heap_lock - owner thread: 0x00000144cb804ec0

Heap address: 0x0000000680000000, size: 6144 MB, Compressed Oops mode: Zero based, Oop shift amount: 3

CDS archive(s) not mapped
Compressed class space mapped at: 0x0000000800000000-0x0000000840000000, reserved size: 1073741824
Narrow klass base: 0x0000000800000000, Narrow klass shift: 0, Narrow klass range: 0x40000000

GC Precious Log:
 CardTable entry size: 512
 Card Set container configuration: InlinePtr #cards 4 size 8 Array Of Cards #cards 32 size 80 Howl #buckets 8 coarsen threshold 7372 Howl Bitmap #cards 1024 size 144 coarsen threshold 921 Card regions per heap region 1 cards per card region 8192
 CPUs: 8 total, 8 available
 Memory: 8031M
 Large Page Support: Disabled
 NUMA Support: Disabled
 Compressed Oops: Enabled (Zero based)
 Heap Region Size: 4M
 Heap Min Capacity: 8M
 Heap Initial Capacity: 128M
 Heap Max Capacity: 6G
 Pre-touch: Disabled
 Parallel Workers: 8
 Concurrent Workers: 2
 Concurrent Refinement Workers: 8
 Periodic GC: Disabled

Heap:
 garbage-first heap   total 5685248K, used 2276791K [0x0000000680000000, 0x0000000800000000)
  region size 4096K, 9 young (36864K), 9 survivors (36864K)
 Metaspace       used 268999K, committed 272640K, reserved 1310720K
  class space    used 34507K, committed 36288K, reserved 1048576K

Heap Regions: E=young(eden), S=young(survivor), O=old, HS=humongous(starts), HC=humongous(continues), CS=collection set, F=free, TAMS=top-at-mark-start, PB=parsable bottom
|   0|0x0000000680000000, 0x0000000680400000, 0x0000000680400000|100%|HS|  |TAMS 0x0000000680000000| PB 0x0000000680000000| Complete 
|   1|0x0000000680400000, 0x0000000680800000, 0x0000000680800000|100%| O|  |TAMS 0x0000000680400000| PB 0x0000000680400000| Untracked 
|   2|0x0000000680800000, 0x0000000680c00000, 0x0000000680c00000|100%| O|  |TAMS 0x0000000680800000| PB 0x0000000680800000| Untracked 
|   3|0x0000000680c00000, 0x0000000681000000, 0x0000000681000000|100%| O|  |TAMS 0x0000000680c00000| PB 0x0000000680c00000| Untracked 
|   4|0x0000000681000000, 0x0000000681400000, 0x0000000681400000|100%| O|  |TAMS 0x0000000681000000| PB 0x0000000681000000| Untracked 
|   5|0x0000000681400000, 0x0000000681800000, 0x0000000681800000|100%| O|  |TAMS 0x0000000681400000| PB 0x0000000681400000| Untracked 
|   6|0x0000000681800000, 0x0000000681c00000, 0x0000000681c00000|100%| O|  |TAMS 0x0000000681800000| PB 0x0000000681800000| Untracked 
|   7|0x0000000681c00000, 0x0000000682000000, 0x0000000682000000|100%| O|  |TAMS 0x0000000681c00000| PB 0x0000000681c00000| Untracked 
|   8|0x0000000682000000, 0x0000000682400000, 0x0000000682400000|100%| O|  |TAMS 0x0000000682000000| PB 0x0000000682000000| Untracked 
|   9|0x0000000682400000, 0x0000000682800000, 0x0000000682800000|100%| O|  |TAMS 0x0000000682400000| PB 0x0000000682400000| Untracked 
|  10|0x0000000682800000, 0x0000000682c00000, 0x0000000682c00000|100%|HS|  |TAMS 0x0000000682800000| PB 0x0000000682800000| Complete 
|  11|0x0000000682c00000, 0x0000000683000000, 0x0000000683000000|100%|HS|  |TAMS 0x0000000682c00000| PB 0x0000000682c00000| Complete 
|  12|0x0000000683000000, 0x0000000683400000, 0x0000000683400000|100%| O|  |TAMS 0x0000000683000000| PB 0x0000000683000000| Untracked 
|  13|0x0000000683400000, 0x0000000683800000, 0x0000000683800000|100%| O|  |TAMS 0x0000000683400000| PB 0x0000000683400000| Untracked 
|  14|0x0000000683800000, 0x0000000683c00000, 0x0000000683c00000|100%| O|  |TAMS 0x0000000683800000| PB 0x0000000683800000| Untracked 
|  15|0x0000000683c00000, 0x0000000684000000, 0x0000000684000000|100%| O|  |TAMS 0x0000000683c00000| PB 0x0000000683c00000| Untracked 
|  16|0x0000000684000000, 0x0000000684400000, 0x0000000684400000|100%| O|  |TAMS 0x0000000684000000| PB 0x0000000684000000| Untracked 
|  17|0x0000000684400000, 0x0000000684800000, 0x0000000684800000|100%| O|  |TAMS 0x0000000684400000| PB 0x0000000684400000| Untracked 
|  18|0x0000000684800000, 0x0000000684c00000, 0x0000000684c00000|100%| O|  |TAMS 0x0000000684800000| PB 0x0000000684800000| Untracked 
|  19|0x0000000684c00000, 0x0000000685000000, 0x0000000685000000|100%|HS|  |TAMS 0x0000000684c00000| PB 0x0000000684c00000| Complete 
|  20|0x0000000685000000, 0x0000000685400000, 0x0000000685400000|100%| O|  |TAMS 0x0000000685000000| PB 0x0000000685000000| Untracked 
|  21|0x0000000685400000, 0x0000000685800000, 0x0000000685800000|100%| O|  |TAMS 0x0000000685400000| PB 0x0000000685400000| Untracked 
|  22|0x0000000685800000, 0x0000000685c00000, 0x0000000685c00000|100%| O|  |TAMS 0x0000000685800000| PB 0x0000000685800000| Untracked 
|  23|0x0000000685c00000, 0x0000000686000000, 0x0000000686000000|100%| O|  |TAMS 0x0000000685c00000| PB 0x0000000685c00000| Untracked 
|  24|0x0000000686000000, 0x0000000686400000, 0x0000000686400000|100%| O|  |TAMS 0x0000000686000000| PB 0x0000000686000000| Untracked 
|  25|0x0000000686400000, 0x0000000686800000, 0x0000000686800000|100%| O|  |TAMS 0x0000000686400000| PB 0x0000000686400000| Untracked 
|  26|0x0000000686800000, 0x0000000686c00000, 0x0000000686c00000|100%| O|  |TAMS 0x0000000686800000| PB 0x0000000686800000| Untracked 
|  27|0x0000000686c00000, 0x0000000687000000, 0x0000000687000000|100%| O|  |TAMS 0x0000000686c00000| PB 0x0000000686c00000| Untracked 
|  28|0x0000000687000000, 0x0000000687400000, 0x0000000687400000|100%| O|  |TAMS 0x0000000687000000| PB 0x0000000687000000| Untracked 
|  29|0x0000000687400000, 0x0000000687800000, 0x0000000687800000|100%| O|  |TAMS 0x0000000687400000| PB 0x0000000687400000| Untracked 
|  30|0x0000000687800000, 0x0000000687c00000, 0x0000000687c00000|100%| O|  |TAMS 0x0000000687800000| PB 0x0000000687800000| Untracked 
|  31|0x0000000687c00000, 0x0000000688000000, 0x0000000688000000|100%| O|  |TAMS 0x0000000687c00000| PB 0x0000000687c00000| Untracked 
|  32|0x0000000688000000, 0x0000000688400000, 0x0000000688400000|100%| O|  |TAMS 0x0000000688000000| PB 0x0000000688000000| Untracked 
|  33|0x0000000688400000, 0x0000000688800000, 0x0000000688800000|100%| O|  |TAMS 0x0000000688400000| PB 0x0000000688400000| Untracked 
|  34|0x0000000688800000, 0x0000000688c00000, 0x0000000688c00000|100%| O|  |TAMS 0x0000000688800000| PB 0x0000000688800000| Untracked 
|  35|0x0000000688c00000, 0x0000000689000000, 0x0000000689000000|100%| O|  |TAMS 0x0000000688c00000| PB 0x0000000688c00000| Untracked 
|  36|0x0000000689000000, 0x0000000689400000, 0x0000000689400000|100%|HS|  |TAMS 0x0000000689000000| PB 0x0000000689000000| Complete 
|  37|0x0000000689400000, 0x0000000689800000, 0x0000000689800000|100%| O|  |TAMS 0x0000000689400000| PB 0x0000000689400000| Untracked 
|  38|0x0000000689800000, 0x0000000689c00000, 0x0000000689c00000|100%| O|  |TAMS 0x0000000689800000| PB 0x0000000689800000| Untracked 
|  39|0x0000000689c00000, 0x000000068a000000, 0x000000068a000000|100%| O|  |TAMS 0x0000000689c00000| PB 0x0000000689c00000| Untracked 
|  40|0x000000068a000000, 0x000000068a400000, 0x000000068a400000|100%| O|  |TAMS 0x000000068a000000| PB 0x000000068a000000| Untracked 
|  41|0x000000068a400000, 0x000000068a800000, 0x000000068a800000|100%| O|  |TAMS 0x000000068a400000| PB 0x000000068a400000| Untracked 
|  42|0x000000068a800000, 0x000000068ac00000, 0x000000068ac00000|100%| O|  |TAMS 0x000000068a800000| PB 0x000000068a800000| Untracked 
|  43|0x000000068ac00000, 0x000000068b000000, 0x000000068b000000|100%| O|  |TAMS 0x000000068ac00000| PB 0x000000068ac00000| Untracked 
|  44|0x000000068b000000, 0x000000068b400000, 0x000000068b400000|100%| O|  |TAMS 0x000000068b000000| PB 0x000000068b000000| Untracked 
|  45|0x000000068b400000, 0x000000068b800000, 0x000000068b800000|100%| O|  |TAMS 0x000000068b400000| PB 0x000000068b400000| Untracked 
|  46|0x000000068b800000, 0x000000068bc00000, 0x000000068bc00000|100%| O|  |TAMS 0x000000068b800000| PB 0x000000068b800000| Untracked 
|  47|0x000000068bc00000, 0x000000068c000000, 0x000000068c000000|100%| O|  |TAMS 0x000000068bc00000| PB 0x000000068bc00000| Untracked 
|  48|0x000000068c000000, 0x000000068c400000, 0x000000068c400000|100%| O|  |TAMS 0x000000068c000000| PB 0x000000068c000000| Untracked 
|  49|0x000000068c400000, 0x000000068c800000, 0x000000068c800000|100%| O|  |TAMS 0x000000068c400000| PB 0x000000068c400000| Untracked 
|  50|0x000000068c800000, 0x000000068cc00000, 0x000000068cc00000|100%| O|  |TAMS 0x000000068c800000| PB 0x000000068c800000| Untracked 
|  51|0x000000068cc00000, 0x000000068d000000, 0x000000068d000000|100%| O|  |TAMS 0x000000068cc00000| PB 0x000000068cc00000| Untracked 
|  52|0x000000068d000000, 0x000000068d400000, 0x000000068d400000|100%| O|  |TAMS 0x000000068d000000| PB 0x000000068d000000| Untracked 
|  53|0x000000068d400000, 0x000000068d800000, 0x000000068d800000|100%| O|  |TAMS 0x000000068d400000| PB 0x000000068d400000| Untracked 
|  54|0x000000068d800000, 0x000000068dc00000, 0x000000068dc00000|100%| O|  |TAMS 0x000000068d800000| PB 0x000000068d800000| Untracked 
|  55|0x000000068dc00000, 0x000000068e000000, 0x000000068e000000|100%| O|  |TAMS 0x000000068dc00000| PB 0x000000068dc00000| Untracked 
|  56|0x000000068e000000, 0x000000068e400000, 0x000000068e400000|100%| O|  |TAMS 0x000000068e000000| PB 0x000000068e000000| Untracked 
|  57|0x000000068e400000, 0x000000068e800000, 0x000000068e800000|100%| O|  |TAMS 0x000000068e400000| PB 0x000000068e400000| Untracked 
|  58|0x000000068e800000, 0x000000068ec00000, 0x000000068ec00000|100%| O|  |TAMS 0x000000068e800000| PB 0x000000068e800000| Untracked 
|  59|0x000000068ec00000, 0x000000068f000000, 0x000000068f000000|100%| O|  |TAMS 0x000000068ec00000| PB 0x000000068ec00000| Untracked 
|  60|0x000000068f000000, 0x000000068f400000, 0x000000068f400000|100%| O|  |TAMS 0x000000068f000000| PB 0x000000068f000000| Untracked 
|  61|0x000000068f400000, 0x000000068f800000, 0x000000068f800000|100%| O|  |TAMS 0x000000068f400000| PB 0x000000068f400000| Untracked 
|  62|0x000000068f800000, 0x000000068fc00000, 0x000000068fc00000|100%| O|  |TAMS 0x000000068f800000| PB 0x000000068f800000| Untracked 
|  63|0x000000068fc00000, 0x0000000690000000, 0x0000000690000000|100%| O|  |TAMS 0x000000068fc00000| PB 0x000000068fc00000| Untracked 
|  64|0x0000000690000000, 0x0000000690400000, 0x0000000690400000|100%| O|  |TAMS 0x0000000690000000| PB 0x0000000690000000| Untracked 
|  65|0x0000000690400000, 0x0000000690800000, 0x0000000690800000|100%| O|  |TAMS 0x0000000690400000| PB 0x0000000690400000| Untracked 
|  66|0x0000000690800000, 0x0000000690c00000, 0x0000000690c00000|100%| O|  |TAMS 0x0000000690800000| PB 0x0000000690800000| Untracked 
|  67|0x0000000690c00000, 0x0000000691000000, 0x0000000691000000|100%| O|  |TAMS 0x0000000690c00000| PB 0x0000000690c00000| Untracked 
|  68|0x0000000691000000, 0x0000000691400000, 0x0000000691400000|100%| O|  |TAMS 0x0000000691000000| PB 0x0000000691000000| Untracked 
|  69|0x0000000691400000, 0x0000000691800000, 0x0000000691800000|100%| O|  |TAMS 0x0000000691400000| PB 0x0000000691400000| Untracked 
|  70|0x0000000691800000, 0x0000000691c00000, 0x0000000691c00000|100%| O|  |TAMS 0x0000000691800000| PB 0x0000000691800000| Untracked 
|  71|0x0000000691c00000, 0x0000000692000000, 0x0000000692000000|100%| O|  |TAMS 0x0000000691c00000| PB 0x0000000691c00000| Untracked 
|  72|0x0000000692000000, 0x0000000692400000, 0x0000000692400000|100%| O|  |TAMS 0x0000000692000000| PB 0x0000000692000000| Untracked 
|  73|0x0000000692400000, 0x0000000692800000, 0x0000000692800000|100%| O|  |TAMS 0x0000000692400000| PB 0x0000000692400000| Untracked 
|  74|0x0000000692800000, 0x0000000692c00000, 0x0000000692c00000|100%| O|  |TAMS 0x0000000692800000| PB 0x0000000692800000| Untracked 
|  75|0x0000000692c00000, 0x0000000693000000, 0x0000000693000000|100%| O|  |TAMS 0x0000000692c00000| PB 0x0000000692c00000| Untracked 
|  76|0x0000000693000000, 0x0000000693400000, 0x0000000693400000|100%|HS|  |TAMS 0x0000000693000000| PB 0x0000000693000000| Complete 
|  77|0x0000000693400000, 0x0000000693800000, 0x0000000693800000|100%|HC|  |TAMS 0x0000000693400000| PB 0x0000000693400000| Complete 
|  78|0x0000000693800000, 0x0000000693c00000, 0x0000000693c00000|100%| O|  |TAMS 0x0000000693800000| PB 0x0000000693800000| Untracked 
|  79|0x0000000693c00000, 0x0000000694000000, 0x0000000694000000|100%| O|  |TAMS 0x0000000693c00000| PB 0x0000000693c00000| Untracked 
|  80|0x0000000694000000, 0x0000000694400000, 0x0000000694400000|100%| O|  |TAMS 0x0000000694000000| PB 0x0000000694000000| Untracked 
|  81|0x0000000694400000, 0x0000000694800000, 0x0000000694800000|100%|HS|  |TAMS 0x0000000694400000| PB 0x0000000694400000| Complete 
|  82|0x0000000694800000, 0x0000000694c00000, 0x0000000694c00000|100%| O|  |TAMS 0x0000000694800000| PB 0x0000000694800000| Untracked 
|  83|0x0000000694c00000, 0x0000000695000000, 0x0000000695000000|100%| O|  |TAMS 0x0000000694c00000| PB 0x0000000694c00000| Untracked 
|  84|0x0000000695000000, 0x0000000695400000, 0x0000000695400000|100%| O|  |TAMS 0x0000000695000000| PB 0x0000000695000000| Untracked 
|  85|0x0000000695400000, 0x0000000695800000, 0x0000000695800000|100%| O|  |TAMS 0x0000000695400000| PB 0x0000000695400000| Untracked 
|  86|0x0000000695800000, 0x0000000695c00000, 0x0000000695c00000|100%| O|  |TAMS 0x0000000695800000| PB 0x0000000695800000| Untracked 
|  87|0x0000000695c00000, 0x0000000696000000, 0x0000000696000000|100%| O|  |TAMS 0x0000000695c00000| PB 0x0000000695c00000| Untracked 
|  88|0x0000000696000000, 0x0000000696400000, 0x0000000696400000|100%| O|  |TAMS 0x0000000696000000| PB 0x0000000696000000| Untracked 
|  89|0x0000000696400000, 0x0000000696800000, 0x0000000696800000|100%| O|  |TAMS 0x0000000696400000| PB 0x0000000696400000| Untracked 
|  90|0x0000000696800000, 0x0000000696c00000, 0x0000000696c00000|100%|HS|  |TAMS 0x0000000696800000| PB 0x0000000696800000| Complete 
|  91|0x0000000696c00000, 0x0000000697000000, 0x0000000697000000|100%| O|  |TAMS 0x0000000696c00000| PB 0x0000000696c00000| Untracked 
|  92|0x0000000697000000, 0x0000000697400000, 0x0000000697400000|100%| O|  |TAMS 0x0000000697000000| PB 0x0000000697000000| Untracked 
|  93|0x0000000697400000, 0x0000000697800000, 0x0000000697800000|100%| O|  |TAMS 0x0000000697400000| PB 0x0000000697400000| Untracked 
|  94|0x0000000697800000, 0x0000000697c00000, 0x0000000697c00000|100%| O|  |TAMS 0x0000000697800000| PB 0x0000000697800000| Untracked 
|  95|0x0000000697c00000, 0x0000000698000000, 0x0000000698000000|100%|HS|  |TAMS 0x0000000697c00000| PB 0x0000000697c00000| Complete 
|  96|0x0000000698000000, 0x0000000698400000, 0x0000000698400000|100%| O|  |TAMS 0x0000000698000000| PB 0x0000000698000000| Untracked 
|  97|0x0000000698400000, 0x0000000698800000, 0x0000000698800000|100%| O|  |TAMS 0x0000000698400000| PB 0x0000000698400000| Untracked 
|  98|0x0000000698800000, 0x0000000698c00000, 0x0000000698c00000|100%| O|  |TAMS 0x0000000698800000| PB 0x0000000698800000| Untracked 
|  99|0x0000000698c00000, 0x0000000699000000, 0x0000000699000000|100%| O|  |TAMS 0x0000000698c00000| PB 0x0000000698c00000| Untracked 
| 100|0x0000000699000000, 0x0000000699400000, 0x0000000699400000|100%| O|  |TAMS 0x0000000699000000| PB 0x0000000699000000| Untracked 
| 101|0x0000000699400000, 0x0000000699800000, 0x0000000699800000|100%| O|  |TAMS 0x0000000699400000| PB 0x0000000699400000| Untracked 
| 102|0x0000000699800000, 0x0000000699c00000, 0x0000000699c00000|100%| O|  |TAMS 0x0000000699800000| PB 0x0000000699800000| Untracked 
| 103|0x0000000699c00000, 0x000000069a000000, 0x000000069a000000|100%| O|  |TAMS 0x0000000699c00000| PB 0x0000000699c00000| Untracked 
| 104|0x000000069a000000, 0x000000069a400000, 0x000000069a400000|100%| O|  |TAMS 0x000000069a000000| PB 0x000000069a000000| Untracked 
| 105|0x000000069a400000, 0x000000069a800000, 0x000000069a800000|100%| O|  |TAMS 0x000000069a400000| PB 0x000000069a400000| Untracked 
| 106|0x000000069a800000, 0x000000069ac00000, 0x000000069ac00000|100%| O|  |TAMS 0x000000069a800000| PB 0x000000069a800000| Untracked 
| 107|0x000000069ac00000, 0x000000069b000000, 0x000000069b000000|100%| O|  |TAMS 0x000000069ac00000| PB 0x000000069ac00000| Untracked 
| 108|0x000000069b000000, 0x000000069b400000, 0x000000069b400000|100%| O|  |TAMS 0x000000069b000000| PB 0x000000069b000000| Untracked 
| 109|0x000000069b400000, 0x000000069b800000, 0x000000069b800000|100%| O|  |TAMS 0x000000069b400000| PB 0x000000069b400000| Untracked 
| 110|0x000000069b800000, 0x000000069bc00000, 0x000000069bc00000|100%| O|  |TAMS 0x000000069b800000| PB 0x000000069b800000| Untracked 
| 111|0x000000069bc00000, 0x000000069c000000, 0x000000069c000000|100%| O|  |TAMS 0x000000069bc00000| PB 0x000000069bc00000| Untracked 
| 112|0x000000069c000000, 0x000000069c400000, 0x000000069c400000|100%| O|  |TAMS 0x000000069c000000| PB 0x000000069c000000| Untracked 
| 113|0x000000069c400000, 0x000000069c800000, 0x000000069c800000|100%| O|  |TAMS 0x000000069c400000| PB 0x000000069c400000| Untracked 
| 114|0x000000069c800000, 0x000000069cc00000, 0x000000069cc00000|100%| O|  |TAMS 0x000000069c800000| PB 0x000000069c800000| Untracked 
| 115|0x000000069cc00000, 0x000000069d000000, 0x000000069d000000|100%| O|  |TAMS 0x000000069cc00000| PB 0x000000069cc00000| Untracked 
| 116|0x000000069d000000, 0x000000069d400000, 0x000000069d400000|100%| O|  |TAMS 0x000000069d000000| PB 0x000000069d000000| Untracked 
| 117|0x000000069d400000, 0x000000069d800000, 0x000000069d800000|100%|HS|  |TAMS 0x000000069d400000| PB 0x000000069d400000| Complete 
| 118|0x000000069d800000, 0x000000069dc00000, 0x000000069dc00000|100%| O|  |TAMS 0x000000069d800000| PB 0x000000069d800000| Untracked 
| 119|0x000000069dc00000, 0x000000069e000000, 0x000000069e000000|100%| O|  |TAMS 0x000000069dc00000| PB 0x000000069dc00000| Untracked 
| 120|0x000000069e000000, 0x000000069e400000, 0x000000069e400000|100%| O|  |TAMS 0x000000069e000000| PB 0x000000069e000000| Untracked 
| 121|0x000000069e400000, 0x000000069e800000, 0x000000069e800000|100%| O|  |TAMS 0x000000069e400000| PB 0x000000069e400000| Untracked 
| 122|0x000000069e800000, 0x000000069ec00000, 0x000000069ec00000|100%| O|  |TAMS 0x000000069e800000| PB 0x000000069e800000| Untracked 
| 123|0x000000069ec00000, 0x000000069f000000, 0x000000069f000000|100%| O|  |TAMS 0x000000069ec00000| PB 0x000000069ec00000| Untracked 
| 124|0x000000069f000000, 0x000000069f400000, 0x000000069f400000|100%|HS|  |TAMS 0x000000069f000000| PB 0x000000069f000000| Complete 
| 125|0x000000069f400000, 0x000000069f800000, 0x000000069f800000|100%|HC|  |TAMS 0x000000069f400000| PB 0x000000069f400000| Complete 
| 126|0x000000069f800000, 0x000000069fc00000, 0x000000069fc00000|100%| O|  |TAMS 0x000000069f800000| PB 0x000000069f800000| Untracked 
| 127|0x000000069fc00000, 0x00000006a0000000, 0x00000006a0000000|100%| O|  |TAMS 0x000000069fc00000| PB 0x000000069fc00000| Untracked 
| 128|0x00000006a0000000, 0x00000006a0400000, 0x00000006a0400000|100%| O|  |TAMS 0x00000006a0000000| PB 0x00000006a0000000| Untracked 
| 129|0x00000006a0400000, 0x00000006a0800000, 0x00000006a0800000|100%| O|  |TAMS 0x00000006a0400000| PB 0x00000006a0400000| Untracked 
| 130|0x00000006a0800000, 0x00000006a0c00000, 0x00000006a0c00000|100%| O|  |TAMS 0x00000006a0800000| PB 0x00000006a0800000| Untracked 
| 131|0x00000006a0c00000, 0x00000006a1000000, 0x00000006a1000000|100%| O|  |TAMS 0x00000006a0c00000| PB 0x00000006a0c00000| Untracked 
| 132|0x00000006a1000000, 0x00000006a1400000, 0x00000006a1400000|100%| O|  |TAMS 0x00000006a1000000| PB 0x00000006a1000000| Untracked 
| 133|0x00000006a1400000, 0x00000006a1800000, 0x00000006a1800000|100%| O|  |TAMS 0x00000006a1400000| PB 0x00000006a1400000| Untracked 
| 134|0x00000006a1800000, 0x00000006a1c00000, 0x00000006a1c00000|100%| O|  |TAMS 0x00000006a1800000| PB 0x00000006a1800000| Untracked 
| 135|0x00000006a1c00000, 0x00000006a2000000, 0x00000006a2000000|100%| O|  |TAMS 0x00000006a1c00000| PB 0x00000006a1c00000| Untracked 
| 136|0x00000006a2000000, 0x00000006a2400000, 0x00000006a2400000|100%| O|  |TAMS 0x00000006a2000000| PB 0x00000006a2000000| Untracked 
| 137|0x00000006a2400000, 0x00000006a2800000, 0x00000006a2800000|100%| O|  |TAMS 0x00000006a2400000| PB 0x00000006a2400000| Untracked 
| 138|0x00000006a2800000, 0x00000006a2c00000, 0x00000006a2c00000|100%| O|  |TAMS 0x00000006a2800000| PB 0x00000006a2800000| Untracked 
| 139|0x00000006a2c00000, 0x00000006a3000000, 0x00000006a3000000|100%| O|  |TAMS 0x00000006a2c00000| PB 0x00000006a2c00000| Untracked 
| 140|0x00000006a3000000, 0x00000006a3400000, 0x00000006a3400000|100%| O|  |TAMS 0x00000006a3000000| PB 0x00000006a3000000| Untracked 
| 141|0x00000006a3400000, 0x00000006a3800000, 0x00000006a3800000|100%|HS|  |TAMS 0x00000006a3400000| PB 0x00000006a3400000| Complete 
| 142|0x00000006a3800000, 0x00000006a3c00000, 0x00000006a3c00000|100%| O|  |TAMS 0x00000006a3800000| PB 0x00000006a3800000| Untracked 
| 143|0x00000006a3c00000, 0x00000006a4000000, 0x00000006a4000000|100%| O|  |TAMS 0x00000006a3c00000| PB 0x00000006a3c00000| Untracked 
| 144|0x00000006a4000000, 0x00000006a4400000, 0x00000006a4400000|100%| O|  |TAMS 0x00000006a4000000| PB 0x00000006a4000000| Untracked 
| 145|0x00000006a4400000, 0x00000006a4800000, 0x00000006a4800000|100%| O|  |TAMS 0x00000006a4400000| PB 0x00000006a4400000| Untracked 
| 146|0x00000006a4800000, 0x00000006a4c00000, 0x00000006a4c00000|100%| O|  |TAMS 0x00000006a4800000| PB 0x00000006a4800000| Untracked 
| 147|0x00000006a4c00000, 0x00000006a5000000, 0x00000006a5000000|100%| O|  |TAMS 0x00000006a4c00000| PB 0x00000006a4c00000| Untracked 
| 148|0x00000006a5000000, 0x00000006a5400000, 0x00000006a5400000|100%| O|  |TAMS 0x00000006a5000000| PB 0x00000006a5000000| Untracked 
| 149|0x00000006a5400000, 0x00000006a5800000, 0x00000006a5800000|100%| O|  |TAMS 0x00000006a5400000| PB 0x00000006a5400000| Untracked 
| 150|0x00000006a5800000, 0x00000006a5c00000, 0x00000006a5c00000|100%|HS|  |TAMS 0x00000006a5800000| PB 0x00000006a5800000| Complete 
| 151|0x00000006a5c00000, 0x00000006a6000000, 0x00000006a6000000|100%| O|  |TAMS 0x00000006a5c00000| PB 0x00000006a5c00000| Untracked 
| 152|0x00000006a6000000, 0x00000006a6400000, 0x00000006a6400000|100%| O|  |TAMS 0x00000006a6000000| PB 0x00000006a6000000| Untracked 
| 153|0x00000006a6400000, 0x00000006a6800000, 0x00000006a6800000|100%| O|  |TAMS 0x00000006a6400000| PB 0x00000006a6400000| Untracked 
| 154|0x00000006a6800000, 0x00000006a6c00000, 0x00000006a6c00000|100%| O|  |TAMS 0x00000006a6800000| PB 0x00000006a6800000| Untracked 
| 155|0x00000006a6c00000, 0x00000006a7000000, 0x00000006a7000000|100%| O|  |TAMS 0x00000006a6c00000| PB 0x00000006a6c00000| Untracked 
| 156|0x00000006a7000000, 0x00000006a7400000, 0x00000006a7400000|100%| O|  |TAMS 0x00000006a7000000| PB 0x00000006a7000000| Untracked 
| 157|0x00000006a7400000, 0x00000006a7800000, 0x00000006a7800000|100%| O|  |TAMS 0x00000006a7400000| PB 0x00000006a7400000| Untracked 
| 158|0x00000006a7800000, 0x00000006a7c00000, 0x00000006a7c00000|100%| O|  |TAMS 0x00000006a7800000| PB 0x00000006a7800000| Untracked 
| 159|0x00000006a7c00000, 0x00000006a8000000, 0x00000006a8000000|100%| O|  |TAMS 0x00000006a7c00000| PB 0x00000006a7c00000| Untracked 
| 160|0x00000006a8000000, 0x00000006a8400000, 0x00000006a8400000|100%| O|  |TAMS 0x00000006a8000000| PB 0x00000006a8000000| Untracked 
| 161|0x00000006a8400000, 0x00000006a8800000, 0x00000006a8800000|100%| O|  |TAMS 0x00000006a8400000| PB 0x00000006a8400000| Untracked 
| 162|0x00000006a8800000, 0x00000006a8c00000, 0x00000006a8c00000|100%|HS|  |TAMS 0x00000006a8800000| PB 0x00000006a8800000| Complete 
| 163|0x00000006a8c00000, 0x00000006a9000000, 0x00000006a9000000|100%| O|  |TAMS 0x00000006a8c00000| PB 0x00000006a8c00000| Untracked 
| 164|0x00000006a9000000, 0x00000006a9400000, 0x00000006a9400000|100%| O|  |TAMS 0x00000006a9000000| PB 0x00000006a9000000| Untracked 
| 165|0x00000006a9400000, 0x00000006a9800000, 0x00000006a9800000|100%| O|  |TAMS 0x00000006a9400000| PB 0x00000006a9400000| Untracked 
| 166|0x00000006a9800000, 0x00000006a9c00000, 0x00000006a9c00000|100%| O|  |TAMS 0x00000006a9800000| PB 0x00000006a9800000| Untracked 
| 167|0x00000006a9c00000, 0x00000006aa000000, 0x00000006aa000000|100%| O|  |TAMS 0x00000006a9c00000| PB 0x00000006a9c00000| Untracked 
| 168|0x00000006aa000000, 0x00000006aa400000, 0x00000006aa400000|100%| O|  |TAMS 0x00000006aa000000| PB 0x00000006aa000000| Untracked 
| 169|0x00000006aa400000, 0x00000006aa800000, 0x00000006aa800000|100%| O|  |TAMS 0x00000006aa400000| PB 0x00000006aa400000| Untracked 
| 170|0x00000006aa800000, 0x00000006aac00000, 0x00000006aac00000|100%| O|  |TAMS 0x00000006aa800000| PB 0x00000006aa800000| Untracked 
| 171|0x00000006aac00000, 0x00000006ab000000, 0x00000006ab000000|100%| O|  |TAMS 0x00000006aac00000| PB 0x00000006aac00000| Untracked 
| 172|0x00000006ab000000, 0x00000006ab400000, 0x00000006ab400000|100%|HS|  |TAMS 0x00000006ab000000| PB 0x00000006ab000000| Complete 
| 173|0x00000006ab400000, 0x00000006ab800000, 0x00000006ab800000|100%| O|  |TAMS 0x00000006ab400000| PB 0x00000006ab400000| Untracked 
| 174|0x00000006ab800000, 0x00000006abc00000, 0x00000006abc00000|100%| O|  |TAMS 0x00000006ab800000| PB 0x00000006ab800000| Untracked 
| 175|0x00000006abc00000, 0x00000006ac000000, 0x00000006ac000000|100%|HS|  |TAMS 0x00000006abc00000| PB 0x00000006abc00000| Complete 
| 176|0x00000006ac000000, 0x00000006ac400000, 0x00000006ac400000|100%|HS|  |TAMS 0x00000006ac000000| PB 0x00000006ac000000| Complete 
| 177|0x00000006ac400000, 0x00000006ac800000, 0x00000006ac800000|100%|HS|  |TAMS 0x00000006ac400000| PB 0x00000006ac400000| Complete 
| 178|0x00000006ac800000, 0x00000006acc00000, 0x00000006acc00000|100%| O|  |TAMS 0x00000006ac800000| PB 0x00000006ac800000| Untracked 
| 179|0x00000006acc00000, 0x00000006ad000000, 0x00000006ad000000|100%| O|  |TAMS 0x00000006acc00000| PB 0x00000006acc00000| Untracked 
| 180|0x00000006ad000000, 0x00000006ad400000, 0x00000006ad400000|100%| O|  |TAMS 0x00000006ad000000| PB 0x00000006ad000000| Untracked 
| 181|0x00000006ad400000, 0x00000006ad800000, 0x00000006ad800000|100%|HS|  |TAMS 0x00000006ad400000| PB 0x00000006ad400000| Complete 
| 182|0x00000006ad800000, 0x00000006adc00000, 0x00000006adc00000|100%| O|  |TAMS 0x00000006ad800000| PB 0x00000006ad800000| Untracked 
| 183|0x00000006adc00000, 0x00000006ae000000, 0x00000006ae000000|100%| O|  |TAMS 0x00000006adc00000| PB 0x00000006adc00000| Untracked 
| 184|0x00000006ae000000, 0x00000006ae400000, 0x00000006ae400000|100%| O|  |TAMS 0x00000006ae000000| PB 0x00000006ae000000| Untracked 
| 185|0x00000006ae400000, 0x00000006ae800000, 0x00000006ae800000|100%| O|  |TAMS 0x00000006ae400000| PB 0x00000006ae400000| Untracked 
| 186|0x00000006ae800000, 0x00000006aec00000, 0x00000006aec00000|100%| O|  |TAMS 0x00000006ae800000| PB 0x00000006ae800000| Untracked 
| 187|0x00000006aec00000, 0x00000006af000000, 0x00000006af000000|100%| O|  |TAMS 0x00000006aec00000| PB 0x00000006aec00000| Untracked 
| 188|0x00000006af000000, 0x00000006af400000, 0x00000006af400000|100%| O|  |TAMS 0x00000006af000000| PB 0x00000006af000000| Untracked 
| 189|0x00000006af400000, 0x00000006af800000, 0x00000006af800000|100%| O|  |TAMS 0x00000006af400000| PB 0x00000006af400000| Untracked 
| 190|0x00000006af800000, 0x00000006afc00000, 0x00000006afc00000|100%| O|  |TAMS 0x00000006af800000| PB 0x00000006af800000| Untracked 
| 191|0x00000006afc00000, 0x00000006b0000000, 0x00000006b0000000|100%| O|  |TAMS 0x00000006afc00000| PB 0x00000006afc00000| Untracked 
| 192|0x00000006b0000000, 0x00000006b0400000, 0x00000006b0400000|100%| O|  |TAMS 0x00000006b0000000| PB 0x00000006b0000000| Untracked 
| 193|0x00000006b0400000, 0x00000006b0800000, 0x00000006b0800000|100%| O|  |TAMS 0x00000006b0400000| PB 0x00000006b0400000| Untracked 
| 194|0x00000006b0800000, 0x00000006b0c00000, 0x00000006b0c00000|100%| O|  |TAMS 0x00000006b0800000| PB 0x00000006b0800000| Untracked 
| 195|0x00000006b0c00000, 0x00000006b1000000, 0x00000006b1000000|100%| O|  |TAMS 0x00000006b0c00000| PB 0x00000006b0c00000| Untracked 
| 196|0x00000006b1000000, 0x00000006b1400000, 0x00000006b1400000|100%| O|  |TAMS 0x00000006b1000000| PB 0x00000006b1000000| Untracked 
| 197|0x00000006b1400000, 0x00000006b1800000, 0x00000006b1800000|100%| O|  |TAMS 0x00000006b1400000| PB 0x00000006b1400000| Untracked 
| 198|0x00000006b1800000, 0x00000006b1c00000, 0x00000006b1c00000|100%| O|  |TAMS 0x00000006b1800000| PB 0x00000006b1800000| Untracked 
| 199|0x00000006b1c00000, 0x00000006b2000000, 0x00000006b2000000|100%| O|  |TAMS 0x00000006b1c00000| PB 0x00000006b1c00000| Untracked 
| 200|0x00000006b2000000, 0x00000006b2400000, 0x00000006b2400000|100%| O|  |TAMS 0x00000006b2000000| PB 0x00000006b2000000| Untracked 
| 201|0x00000006b2400000, 0x00000006b2800000, 0x00000006b2800000|100%| O|  |TAMS 0x00000006b2400000| PB 0x00000006b2400000| Untracked 
| 202|0x00000006b2800000, 0x00000006b2c00000, 0x00000006b2c00000|100%|HS|  |TAMS 0x00000006b2800000| PB 0x00000006b2800000| Complete 
| 203|0x00000006b2c00000, 0x00000006b3000000, 0x00000006b3000000|100%| O|  |TAMS 0x00000006b2c00000| PB 0x00000006b2c00000| Untracked 
| 204|0x00000006b3000000, 0x00000006b3400000, 0x00000006b3400000|100%| O|  |TAMS 0x00000006b3000000| PB 0x00000006b3000000| Untracked 
| 205|0x00000006b3400000, 0x00000006b3800000, 0x00000006b3800000|100%| O|  |TAMS 0x00000006b3400000| PB 0x00000006b3400000| Untracked 
| 206|0x00000006b3800000, 0x00000006b3c00000, 0x00000006b3c00000|100%| O|  |TAMS 0x00000006b3800000| PB 0x00000006b3800000| Untracked 
| 207|0x00000006b3c00000, 0x00000006b4000000, 0x00000006b4000000|100%| O|  |TAMS 0x00000006b3c00000| PB 0x00000006b3c00000| Untracked 
| 208|0x00000006b4000000, 0x00000006b4400000, 0x00000006b4400000|100%| O|  |TAMS 0x00000006b4000000| PB 0x00000006b4000000| Untracked 
| 209|0x00000006b4400000, 0x00000006b4800000, 0x00000006b4800000|100%| O|  |TAMS 0x00000006b4400000| PB 0x00000006b4400000| Untracked 
| 210|0x00000006b4800000, 0x00000006b4c00000, 0x00000006b4c00000|100%|HS|  |TAMS 0x00000006b4800000| PB 0x00000006b4800000| Complete 
| 211|0x00000006b4c00000, 0x00000006b5000000, 0x00000006b5000000|100%| O|  |TAMS 0x00000006b4c00000| PB 0x00000006b4c00000| Untracked 
| 212|0x00000006b5000000, 0x00000006b5400000, 0x00000006b5400000|100%|HS|  |TAMS 0x00000006b5000000| PB 0x00000006b5000000| Complete 
| 213|0x00000006b5400000, 0x00000006b5800000, 0x00000006b5800000|100%| O|  |TAMS 0x00000006b5400000| PB 0x00000006b5400000| Untracked 
| 214|0x00000006b5800000, 0x00000006b5c00000, 0x00000006b5c00000|100%| O|  |TAMS 0x00000006b5800000| PB 0x00000006b5800000| Untracked 
| 215|0x00000006b5c00000, 0x00000006b6000000, 0x00000006b6000000|100%| O|  |TAMS 0x00000006b5c00000| PB 0x00000006b5c00000| Untracked 
| 216|0x00000006b6000000, 0x00000006b6400000, 0x00000006b6400000|100%| O|  |TAMS 0x00000006b6000000| PB 0x00000006b6000000| Untracked 
| 217|0x00000006b6400000, 0x00000006b6800000, 0x00000006b6800000|100%| O|  |TAMS 0x00000006b6400000| PB 0x00000006b6400000| Untracked 
| 218|0x00000006b6800000, 0x00000006b6c00000, 0x00000006b6c00000|100%| O|  |TAMS 0x00000006b6800000| PB 0x00000006b6800000| Untracked 
| 219|0x00000006b6c00000, 0x00000006b7000000, 0x00000006b7000000|100%| O|  |TAMS 0x00000006b6c00000| PB 0x00000006b6c00000| Untracked 
| 220|0x00000006b7000000, 0x00000006b7400000, 0x00000006b7400000|100%| O|  |TAMS 0x00000006b7000000| PB 0x00000006b7000000| Untracked 
| 221|0x00000006b7400000, 0x00000006b7800000, 0x00000006b7800000|100%| O|  |TAMS 0x00000006b7400000| PB 0x00000006b7400000| Untracked 
| 222|0x00000006b7800000, 0x00000006b7c00000, 0x00000006b7c00000|100%| O|  |TAMS 0x00000006b7800000| PB 0x00000006b7800000| Untracked 
| 223|0x00000006b7c00000, 0x00000006b8000000, 0x00000006b8000000|100%| O|  |TAMS 0x00000006b7c00000| PB 0x00000006b7c00000| Untracked 
| 224|0x00000006b8000000, 0x00000006b8400000, 0x00000006b8400000|100%| O|  |TAMS 0x00000006b8000000| PB 0x00000006b8000000| Untracked 
| 225|0x00000006b8400000, 0x00000006b8800000, 0x00000006b8800000|100%| O|  |TAMS 0x00000006b8400000| PB 0x00000006b8400000| Untracked 
| 226|0x00000006b8800000, 0x00000006b8c00000, 0x00000006b8c00000|100%| O|  |TAMS 0x00000006b8800000| PB 0x00000006b8800000| Untracked 
| 227|0x00000006b8c00000, 0x00000006b9000000, 0x00000006b9000000|100%| O|  |TAMS 0x00000006b8c00000| PB 0x00000006b8c00000| Untracked 
| 228|0x00000006b9000000, 0x00000006b9400000, 0x00000006b9400000|100%| O|  |TAMS 0x00000006b9000000| PB 0x00000006b9000000| Untracked 
| 229|0x00000006b9400000, 0x00000006b9800000, 0x00000006b9800000|100%| O|  |TAMS 0x00000006b9400000| PB 0x00000006b9400000| Untracked 
| 230|0x00000006b9800000, 0x00000006b9c00000, 0x00000006b9c00000|100%| O|  |TAMS 0x00000006b9800000| PB 0x00000006b9800000| Untracked 
| 231|0x00000006b9c00000, 0x00000006ba000000, 0x00000006ba000000|100%| O|  |TAMS 0x00000006b9c00000| PB 0x00000006b9c00000| Untracked 
| 232|0x00000006ba000000, 0x00000006ba400000, 0x00000006ba400000|100%| O|  |TAMS 0x00000006ba000000| PB 0x00000006ba000000| Untracked 
| 233|0x00000006ba400000, 0x00000006ba800000, 0x00000006ba800000|100%| O|  |TAMS 0x00000006ba400000| PB 0x00000006ba400000| Untracked 
| 234|0x00000006ba800000, 0x00000006bac00000, 0x00000006bac00000|100%| O|  |TAMS 0x00000006ba800000| PB 0x00000006ba800000| Untracked 
| 235|0x00000006bac00000, 0x00000006bb000000, 0x00000006bb000000|100%| O|  |TAMS 0x00000006bac00000| PB 0x00000006bac00000| Untracked 
| 236|0x00000006bb000000, 0x00000006bb400000, 0x00000006bb400000|100%|HS|  |TAMS 0x00000006bb000000| PB 0x00000006bb000000| Complete 
| 237|0x00000006bb400000, 0x00000006bb800000, 0x00000006bb800000|100%| O|  |TAMS 0x00000006bb400000| PB 0x00000006bb400000| Untracked 
| 238|0x00000006bb800000, 0x00000006bbc00000, 0x00000006bbc00000|100%| O|  |TAMS 0x00000006bb800000| PB 0x00000006bb800000| Untracked 
| 239|0x00000006bbc00000, 0x00000006bc000000, 0x00000006bc000000|100%| O|  |TAMS 0x00000006bbc00000| PB 0x00000006bbc00000| Untracked 
| 240|0x00000006bc000000, 0x00000006bc400000, 0x00000006bc400000|100%| O|  |TAMS 0x00000006bc000000| PB 0x00000006bc000000| Untracked 
| 241|0x00000006bc400000, 0x00000006bc800000, 0x00000006bc800000|100%| O|  |TAMS 0x00000006bc400000| PB 0x00000006bc400000| Untracked 
| 242|0x00000006bc800000, 0x00000006bcc00000, 0x00000006bcc00000|100%| O|  |TAMS 0x00000006bc800000| PB 0x00000006bc800000| Untracked 
| 243|0x00000006bcc00000, 0x00000006bd000000, 0x00000006bd000000|100%| O|  |TAMS 0x00000006bcc00000| PB 0x00000006bcc00000| Untracked 
| 244|0x00000006bd000000, 0x00000006bd400000, 0x00000006bd400000|100%| O|  |TAMS 0x00000006bd000000| PB 0x00000006bd000000| Untracked 
| 245|0x00000006bd400000, 0x00000006bd800000, 0x00000006bd800000|100%| O|  |TAMS 0x00000006bd400000| PB 0x00000006bd400000| Untracked 
| 246|0x00000006bd800000, 0x00000006bdc00000, 0x00000006bdc00000|100%| O|  |TAMS 0x00000006bd800000| PB 0x00000006bd800000| Untracked 
| 247|0x00000006bdc00000, 0x00000006be000000, 0x00000006be000000|100%| O|  |TAMS 0x00000006bdc00000| PB 0x00000006bdc00000| Untracked 
| 248|0x00000006be000000, 0x00000006be400000, 0x00000006be400000|100%| O|  |TAMS 0x00000006be000000| PB 0x00000006be000000| Untracked 
| 249|0x00000006be400000, 0x00000006be800000, 0x00000006be800000|100%| O|  |TAMS 0x00000006be400000| PB 0x00000006be400000| Untracked 
| 250|0x00000006be800000, 0x00000006bec00000, 0x00000006bec00000|100%| O|  |TAMS 0x00000006be800000| PB 0x00000006be800000| Untracked 
| 251|0x00000006bec00000, 0x00000006bf000000, 0x00000006bf000000|100%| O|  |TAMS 0x00000006bec00000| PB 0x00000006bec00000| Untracked 
| 252|0x00000006bf000000, 0x00000006bf400000, 0x00000006bf400000|100%| O|  |TAMS 0x00000006bf000000| PB 0x00000006bf000000| Untracked 
| 253|0x00000006bf400000, 0x00000006bf800000, 0x00000006bf800000|100%| O|  |TAMS 0x00000006bf400000| PB 0x00000006bf400000| Untracked 
| 254|0x00000006bf800000, 0x00000006bfc00000, 0x00000006bfc00000|100%| O|  |TAMS 0x00000006bf800000| PB 0x00000006bf800000| Untracked 
| 255|0x00000006bfc00000, 0x00000006c0000000, 0x00000006c0000000|100%| O|  |TAMS 0x00000006bfc00000| PB 0x00000006bfc00000| Untracked 
| 256|0x00000006c0000000, 0x00000006c0400000, 0x00000006c0400000|100%| O|  |TAMS 0x00000006c0000000| PB 0x00000006c0000000| Untracked 
| 257|0x00000006c0400000, 0x00000006c0800000, 0x00000006c0800000|100%| O|  |TAMS 0x00000006c0400000| PB 0x00000006c0400000| Untracked 
| 258|0x00000006c0800000, 0x00000006c0c00000, 0x00000006c0c00000|100%| O|  |TAMS 0x00000006c0800000| PB 0x00000006c0800000| Untracked 
| 259|0x00000006c0c00000, 0x00000006c1000000, 0x00000006c1000000|100%| O|  |TAMS 0x00000006c0c00000| PB 0x00000006c0c00000| Untracked 
| 260|0x00000006c1000000, 0x00000006c1400000, 0x00000006c1400000|100%| O|  |TAMS 0x00000006c1000000| PB 0x00000006c1000000| Untracked 
| 261|0x00000006c1400000, 0x00000006c1800000, 0x00000006c1800000|100%| O|  |TAMS 0x00000006c1400000| PB 0x00000006c1400000| Untracked 
| 262|0x00000006c1800000, 0x00000006c1c00000, 0x00000006c1c00000|100%| O|  |TAMS 0x00000006c1800000| PB 0x00000006c1800000| Untracked 
| 263|0x00000006c1c00000, 0x00000006c2000000, 0x00000006c2000000|100%| O|  |TAMS 0x00000006c1c00000| PB 0x00000006c1c00000| Untracked 
| 264|0x00000006c2000000, 0x00000006c2400000, 0x00000006c2400000|100%| O|  |TAMS 0x00000006c2000000| PB 0x00000006c2000000| Untracked 
| 265|0x00000006c2400000, 0x00000006c2800000, 0x00000006c2800000|100%| O|  |TAMS 0x00000006c2400000| PB 0x00000006c2400000| Untracked 
| 266|0x00000006c2800000, 0x00000006c2c00000, 0x00000006c2c00000|100%| O|  |TAMS 0x00000006c2800000| PB 0x00000006c2800000| Untracked 
| 267|0x00000006c2c00000, 0x00000006c3000000, 0x00000006c3000000|100%| O|  |TAMS 0x00000006c2c00000| PB 0x00000006c2c00000| Untracked 
| 268|0x00000006c3000000, 0x00000006c3400000, 0x00000006c3400000|100%| O|  |TAMS 0x00000006c3000000| PB 0x00000006c3000000| Untracked 
| 269|0x00000006c3400000, 0x00000006c3800000, 0x00000006c3800000|100%| O|  |TAMS 0x00000006c3400000| PB 0x00000006c3400000| Untracked 
| 270|0x00000006c3800000, 0x00000006c3c00000, 0x00000006c3c00000|100%| O|  |TAMS 0x00000006c3800000| PB 0x00000006c3800000| Untracked 
| 271|0x00000006c3c00000, 0x00000006c4000000, 0x00000006c4000000|100%| O|  |TAMS 0x00000006c3c00000| PB 0x00000006c3c00000| Untracked 
| 272|0x00000006c4000000, 0x00000006c4400000, 0x00000006c4400000|100%| O|  |TAMS 0x00000006c4000000| PB 0x00000006c4000000| Untracked 
| 273|0x00000006c4400000, 0x00000006c4800000, 0x00000006c4800000|100%| O|  |TAMS 0x00000006c4400000| PB 0x00000006c4400000| Untracked 
| 274|0x00000006c4800000, 0x00000006c4c00000, 0x00000006c4c00000|100%| O|  |TAMS 0x00000006c4800000| PB 0x00000006c4800000| Untracked 
| 275|0x00000006c4c00000, 0x00000006c5000000, 0x00000006c5000000|100%| O|  |TAMS 0x00000006c4c00000| PB 0x00000006c4c00000| Untracked 
| 276|0x00000006c5000000, 0x00000006c5400000, 0x00000006c5400000|100%| O|  |TAMS 0x00000006c5000000| PB 0x00000006c5000000| Untracked 
| 277|0x00000006c5400000, 0x00000006c5800000, 0x00000006c5800000|100%| O|  |TAMS 0x00000006c5400000| PB 0x00000006c5400000| Untracked 
| 278|0x00000006c5800000, 0x00000006c5c00000, 0x00000006c5c00000|100%| O|  |TAMS 0x00000006c5800000| PB 0x00000006c5800000| Untracked 
| 279|0x00000006c5c00000, 0x00000006c6000000, 0x00000006c6000000|100%| O|  |TAMS 0x00000006c5c00000| PB 0x00000006c5c00000| Untracked 
| 280|0x00000006c6000000, 0x00000006c6400000, 0x00000006c6400000|100%| O|  |TAMS 0x00000006c6000000| PB 0x00000006c6000000| Untracked 
| 281|0x00000006c6400000, 0x00000006c6800000, 0x00000006c6800000|100%| O|  |TAMS 0x00000006c6400000| PB 0x00000006c6400000| Untracked 
| 282|0x00000006c6800000, 0x00000006c6c00000, 0x00000006c6c00000|100%| O|  |TAMS 0x00000006c6800000| PB 0x00000006c6800000| Untracked 
| 283|0x00000006c6c00000, 0x00000006c7000000, 0x00000006c7000000|100%| O|  |TAMS 0x00000006c6c00000| PB 0x00000006c6c00000| Untracked 
| 284|0x00000006c7000000, 0x00000006c7400000, 0x00000006c7400000|100%| O|  |TAMS 0x00000006c7000000| PB 0x00000006c7000000| Untracked 
| 285|0x00000006c7400000, 0x00000006c7800000, 0x00000006c7800000|100%| O|  |TAMS 0x00000006c7400000| PB 0x00000006c7400000| Untracked 
| 286|0x00000006c7800000, 0x00000006c7c00000, 0x00000006c7c00000|100%| O|  |TAMS 0x00000006c7800000| PB 0x00000006c7800000| Untracked 
| 287|0x00000006c7c00000, 0x00000006c8000000, 0x00000006c8000000|100%| O|  |TAMS 0x00000006c7c00000| PB 0x00000006c7c00000| Untracked 
| 288|0x00000006c8000000, 0x00000006c8400000, 0x00000006c8400000|100%| O|  |TAMS 0x00000006c8000000| PB 0x00000006c8000000| Untracked 
| 289|0x00000006c8400000, 0x00000006c8800000, 0x00000006c8800000|100%| O|  |TAMS 0x00000006c8400000| PB 0x00000006c8400000| Untracked 
| 290|0x00000006c8800000, 0x00000006c8c00000, 0x00000006c8c00000|100%| O|  |TAMS 0x00000006c8800000| PB 0x00000006c8800000| Untracked 
| 291|0x00000006c8c00000, 0x00000006c9000000, 0x00000006c9000000|100%| O|  |TAMS 0x00000006c8c00000| PB 0x00000006c8c00000| Untracked 
| 292|0x00000006c9000000, 0x00000006c9400000, 0x00000006c9400000|100%| O|  |TAMS 0x00000006c9000000| PB 0x00000006c9000000| Untracked 
| 293|0x00000006c9400000, 0x00000006c9800000, 0x00000006c9800000|100%| O|  |TAMS 0x00000006c9400000| PB 0x00000006c9400000| Untracked 
| 294|0x00000006c9800000, 0x00000006c9c00000, 0x00000006c9c00000|100%| O|  |TAMS 0x00000006c9800000| PB 0x00000006c9800000| Untracked 
| 295|0x00000006c9c00000, 0x00000006ca000000, 0x00000006ca000000|100%| O|  |TAMS 0x00000006c9c00000| PB 0x00000006c9c00000| Untracked 
| 296|0x00000006ca000000, 0x00000006ca400000, 0x00000006ca400000|100%| O|  |TAMS 0x00000006ca000000| PB 0x00000006ca000000| Untracked 
| 297|0x00000006ca400000, 0x00000006ca800000, 0x00000006ca800000|100%| O|  |TAMS 0x00000006ca400000| PB 0x00000006ca400000| Untracked 
| 298|0x00000006ca800000, 0x00000006cac00000, 0x00000006cac00000|100%| O|  |TAMS 0x00000006ca800000| PB 0x00000006ca800000| Untracked 
| 299|0x00000006cac00000, 0x00000006cb000000, 0x00000006cb000000|100%| O|  |TAMS 0x00000006cac00000| PB 0x00000006cac00000| Untracked 
| 300|0x00000006cb000000, 0x00000006cb400000, 0x00000006cb400000|100%| O|  |TAMS 0x00000006cb000000| PB 0x00000006cb000000| Untracked 
| 301|0x00000006cb400000, 0x00000006cb800000, 0x00000006cb800000|100%| O|  |TAMS 0x00000006cb400000| PB 0x00000006cb400000| Untracked 
| 302|0x00000006cb800000, 0x00000006cbc00000, 0x00000006cbc00000|100%| O|  |TAMS 0x00000006cb800000| PB 0x00000006cb800000| Untracked 
| 303|0x00000006cbc00000, 0x00000006cc000000, 0x00000006cc000000|100%| O|  |TAMS 0x00000006cbc00000| PB 0x00000006cbc00000| Untracked 
| 304|0x00000006cc000000, 0x00000006cc400000, 0x00000006cc400000|100%| O|  |TAMS 0x00000006cc000000| PB 0x00000006cc000000| Untracked 
| 305|0x00000006cc400000, 0x00000006cc800000, 0x00000006cc800000|100%| O|  |TAMS 0x00000006cc400000| PB 0x00000006cc400000| Untracked 
| 306|0x00000006cc800000, 0x00000006ccc00000, 0x00000006ccc00000|100%| O|  |TAMS 0x00000006cc800000| PB 0x00000006cc800000| Untracked 
| 307|0x00000006ccc00000, 0x00000006cd000000, 0x00000006cd000000|100%| O|  |TAMS 0x00000006ccc00000| PB 0x00000006ccc00000| Untracked 
| 308|0x00000006cd000000, 0x00000006cd400000, 0x00000006cd400000|100%| O|  |TAMS 0x00000006cd000000| PB 0x00000006cd000000| Untracked 
| 309|0x00000006cd400000, 0x00000006cd800000, 0x00000006cd800000|100%| O|  |TAMS 0x00000006cd400000| PB 0x00000006cd400000| Untracked 
| 310|0x00000006cd800000, 0x00000006cdc00000, 0x00000006cdc00000|100%| O|  |TAMS 0x00000006cd800000| PB 0x00000006cd800000| Untracked 
| 311|0x00000006cdc00000, 0x00000006ce000000, 0x00000006ce000000|100%| O|  |TAMS 0x00000006cdc00000| PB 0x00000006cdc00000| Untracked 
| 312|0x00000006ce000000, 0x00000006ce400000, 0x00000006ce400000|100%| O|  |TAMS 0x00000006ce000000| PB 0x00000006ce000000| Untracked 
| 313|0x00000006ce400000, 0x00000006ce800000, 0x00000006ce800000|100%| O|  |TAMS 0x00000006ce400000| PB 0x00000006ce400000| Untracked 
| 314|0x00000006ce800000, 0x00000006cec00000, 0x00000006cec00000|100%| O|  |TAMS 0x00000006ce800000| PB 0x00000006ce800000| Untracked 
| 315|0x00000006cec00000, 0x00000006cf000000, 0x00000006cf000000|100%| O|  |TAMS 0x00000006cec00000| PB 0x00000006cec00000| Untracked 
| 316|0x00000006cf000000, 0x00000006cf400000, 0x00000006cf400000|100%| O|  |TAMS 0x00000006cf000000| PB 0x00000006cf000000| Untracked 
| 317|0x00000006cf400000, 0x00000006cf800000, 0x00000006cf800000|100%| O|  |TAMS 0x00000006cf400000| PB 0x00000006cf400000| Untracked 
| 318|0x00000006cf800000, 0x00000006cfc00000, 0x00000006cfc00000|100%| O|  |TAMS 0x00000006cf800000| PB 0x00000006cf800000| Untracked 
| 319|0x00000006cfc00000, 0x00000006d0000000, 0x00000006d0000000|100%| O|  |TAMS 0x00000006cfc00000| PB 0x00000006cfc00000| Untracked 
| 320|0x00000006d0000000, 0x00000006d0400000, 0x00000006d0400000|100%| O|  |TAMS 0x00000006d0000000| PB 0x00000006d0000000| Untracked 
| 321|0x00000006d0400000, 0x00000006d0800000, 0x00000006d0800000|100%| O|  |TAMS 0x00000006d0400000| PB 0x00000006d0400000| Untracked 
| 322|0x00000006d0800000, 0x00000006d0c00000, 0x00000006d0c00000|100%| O|  |TAMS 0x00000006d0800000| PB 0x00000006d0800000| Untracked 
| 323|0x00000006d0c00000, 0x00000006d1000000, 0x00000006d1000000|100%| O|  |TAMS 0x00000006d0c00000| PB 0x00000006d0c00000| Untracked 
| 324|0x00000006d1000000, 0x00000006d1400000, 0x00000006d1400000|100%| O|  |TAMS 0x00000006d1000000| PB 0x00000006d1000000| Untracked 
| 325|0x00000006d1400000, 0x00000006d1800000, 0x00000006d1800000|100%| O|  |TAMS 0x00000006d1400000| PB 0x00000006d1400000| Untracked 
| 326|0x00000006d1800000, 0x00000006d1c00000, 0x00000006d1c00000|100%| O|  |TAMS 0x00000006d1800000| PB 0x00000006d1800000| Untracked 
| 327|0x00000006d1c00000, 0x00000006d2000000, 0x00000006d2000000|100%| O|  |TAMS 0x00000006d1c00000| PB 0x00000006d1c00000| Untracked 
| 328|0x00000006d2000000, 0x00000006d2400000, 0x00000006d2400000|100%| O|  |TAMS 0x00000006d2000000| PB 0x00000006d2000000| Untracked 
| 329|0x00000006d2400000, 0x00000006d2800000, 0x00000006d2800000|100%| O|  |TAMS 0x00000006d2400000| PB 0x00000006d2400000| Untracked 
| 330|0x00000006d2800000, 0x00000006d2c00000, 0x00000006d2c00000|100%| O|  |TAMS 0x00000006d2800000| PB 0x00000006d2800000| Untracked 
| 331|0x00000006d2c00000, 0x00000006d3000000, 0x00000006d3000000|100%| O|  |TAMS 0x00000006d2c00000| PB 0x00000006d2c00000| Untracked 
| 332|0x00000006d3000000, 0x00000006d3400000, 0x00000006d3400000|100%| O|  |TAMS 0x00000006d3000000| PB 0x00000006d3000000| Untracked 
| 333|0x00000006d3400000, 0x00000006d3800000, 0x00000006d3800000|100%| O|  |TAMS 0x00000006d3400000| PB 0x00000006d3400000| Untracked 
| 334|0x00000006d3800000, 0x00000006d3c00000, 0x00000006d3c00000|100%| O|  |TAMS 0x00000006d3800000| PB 0x00000006d3800000| Untracked 
| 335|0x00000006d3c00000, 0x00000006d4000000, 0x00000006d4000000|100%| O|  |TAMS 0x00000006d3c00000| PB 0x00000006d3c00000| Untracked 
| 336|0x00000006d4000000, 0x00000006d4400000, 0x00000006d4400000|100%| O|  |TAMS 0x00000006d4000000| PB 0x00000006d4000000| Untracked 
| 337|0x00000006d4400000, 0x00000006d4800000, 0x00000006d4800000|100%| O|  |TAMS 0x00000006d4400000| PB 0x00000006d4400000| Untracked 
| 338|0x00000006d4800000, 0x00000006d4c00000, 0x00000006d4c00000|100%| O|  |TAMS 0x00000006d4800000| PB 0x00000006d4800000| Untracked 
| 339|0x00000006d4c00000, 0x00000006d5000000, 0x00000006d5000000|100%| O|  |TAMS 0x00000006d4c00000| PB 0x00000006d4c00000| Untracked 
| 340|0x00000006d5000000, 0x00000006d5400000, 0x00000006d5400000|100%| O|  |TAMS 0x00000006d5000000| PB 0x00000006d5000000| Untracked 
| 341|0x00000006d5400000, 0x00000006d5800000, 0x00000006d5800000|100%| O|  |TAMS 0x00000006d5400000| PB 0x00000006d5400000| Untracked 
| 342|0x00000006d5800000, 0x00000006d5c00000, 0x00000006d5c00000|100%| O|  |TAMS 0x00000006d5800000| PB 0x00000006d5800000| Untracked 
| 343|0x00000006d5c00000, 0x00000006d6000000, 0x00000006d6000000|100%| O|  |TAMS 0x00000006d5c00000| PB 0x00000006d5c00000| Untracked 
| 344|0x00000006d6000000, 0x00000006d6400000, 0x00000006d6400000|100%| O|  |TAMS 0x00000006d6000000| PB 0x00000006d6000000| Untracked 
| 345|0x00000006d6400000, 0x00000006d6800000, 0x00000006d6800000|100%| O|  |TAMS 0x00000006d6400000| PB 0x00000006d6400000| Untracked 
| 346|0x00000006d6800000, 0x00000006d6c00000, 0x00000006d6c00000|100%| O|  |TAMS 0x00000006d6800000| PB 0x00000006d6800000| Untracked 
| 347|0x00000006d6c00000, 0x00000006d7000000, 0x00000006d7000000|100%| O|  |TAMS 0x00000006d6c00000| PB 0x00000006d6c00000| Untracked 
| 348|0x00000006d7000000, 0x00000006d7400000, 0x00000006d7400000|100%| O|  |TAMS 0x00000006d7000000| PB 0x00000006d7000000| Untracked 
| 349|0x00000006d7400000, 0x00000006d7800000, 0x00000006d7800000|100%| O|  |TAMS 0x00000006d7400000| PB 0x00000006d7400000| Untracked 
| 350|0x00000006d7800000, 0x00000006d7c00000, 0x00000006d7c00000|100%| O|  |TAMS 0x00000006d7800000| PB 0x00000006d7800000| Untracked 
| 351|0x00000006d7c00000, 0x00000006d8000000, 0x00000006d8000000|100%| O|  |TAMS 0x00000006d7c00000| PB 0x00000006d7c00000| Untracked 
| 352|0x00000006d8000000, 0x00000006d8400000, 0x00000006d8400000|100%| O|  |TAMS 0x00000006d8000000| PB 0x00000006d8000000| Untracked 
| 353|0x00000006d8400000, 0x00000006d8800000, 0x00000006d8800000|100%| O|  |TAMS 0x00000006d8400000| PB 0x00000006d8400000| Untracked 
| 354|0x00000006d8800000, 0x00000006d8c00000, 0x00000006d8c00000|100%| O|  |TAMS 0x00000006d8800000| PB 0x00000006d8800000| Untracked 
| 355|0x00000006d8c00000, 0x00000006d9000000, 0x00000006d9000000|100%| O|  |TAMS 0x00000006d8c00000| PB 0x00000006d8c00000| Untracked 
| 356|0x00000006d9000000, 0x00000006d9400000, 0x00000006d9400000|100%| O|  |TAMS 0x00000006d9000000| PB 0x00000006d9000000| Untracked 
| 357|0x00000006d9400000, 0x00000006d9800000, 0x00000006d9800000|100%| O|  |TAMS 0x00000006d9400000| PB 0x00000006d9400000| Untracked 
| 358|0x00000006d9800000, 0x00000006d9c00000, 0x00000006d9c00000|100%| O|  |TAMS 0x00000006d9800000| PB 0x00000006d9800000| Untracked 
| 359|0x00000006d9c00000, 0x00000006da000000, 0x00000006da000000|100%| O|  |TAMS 0x00000006d9c00000| PB 0x00000006d9c00000| Untracked 
| 360|0x00000006da000000, 0x00000006da400000, 0x00000006da400000|100%| O|  |TAMS 0x00000006da000000| PB 0x00000006da000000| Untracked 
| 361|0x00000006da400000, 0x00000006da800000, 0x00000006da800000|100%| O|  |TAMS 0x00000006da400000| PB 0x00000006da400000| Untracked 
| 362|0x00000006da800000, 0x00000006dac00000, 0x00000006dac00000|100%| O|  |TAMS 0x00000006da800000| PB 0x00000006da800000| Untracked 
| 363|0x00000006dac00000, 0x00000006db000000, 0x00000006db000000|100%| O|  |TAMS 0x00000006dac00000| PB 0x00000006dac00000| Untracked 
| 364|0x00000006db000000, 0x00000006db400000, 0x00000006db400000|100%| O|  |TAMS 0x00000006db000000| PB 0x00000006db000000| Untracked 
| 365|0x00000006db400000, 0x00000006db800000, 0x00000006db800000|100%| O|  |TAMS 0x00000006db400000| PB 0x00000006db400000| Untracked 
| 366|0x00000006db800000, 0x00000006dbc00000, 0x00000006dbc00000|100%| O|  |TAMS 0x00000006db800000| PB 0x00000006db800000| Untracked 
| 367|0x00000006dbc00000, 0x00000006dc000000, 0x00000006dc000000|100%| O|  |TAMS 0x00000006dbc00000| PB 0x00000006dbc00000| Untracked 
| 368|0x00000006dc000000, 0x00000006dc400000, 0x00000006dc400000|100%| O|  |TAMS 0x00000006dc000000| PB 0x00000006dc000000| Untracked 
| 369|0x00000006dc400000, 0x00000006dc800000, 0x00000006dc800000|100%| O|  |TAMS 0x00000006dc400000| PB 0x00000006dc400000| Untracked 
| 370|0x00000006dc800000, 0x00000006dcc00000, 0x00000006dcc00000|100%| O|  |TAMS 0x00000006dc800000| PB 0x00000006dc800000| Untracked 
| 371|0x00000006dcc00000, 0x00000006dd000000, 0x00000006dd000000|100%| O|  |TAMS 0x00000006dcc00000| PB 0x00000006dcc00000| Untracked 
| 372|0x00000006dd000000, 0x00000006dd400000, 0x00000006dd400000|100%| O|  |TAMS 0x00000006dd000000| PB 0x00000006dd000000| Untracked 
| 373|0x00000006dd400000, 0x00000006dd800000, 0x00000006dd800000|100%| O|  |TAMS 0x00000006dd400000| PB 0x00000006dd400000| Untracked 
| 374|0x00000006dd800000, 0x00000006ddc00000, 0x00000006ddc00000|100%| O|  |TAMS 0x00000006dd800000| PB 0x00000006dd800000| Untracked 
| 375|0x00000006ddc00000, 0x00000006de000000, 0x00000006de000000|100%| O|  |TAMS 0x00000006ddc00000| PB 0x00000006ddc00000| Untracked 
| 376|0x00000006de000000, 0x00000006de400000, 0x00000006de400000|100%| O|  |TAMS 0x00000006de000000| PB 0x00000006de000000| Untracked 
| 377|0x00000006de400000, 0x00000006de800000, 0x00000006de800000|100%| O|  |TAMS 0x00000006de400000| PB 0x00000006de400000| Untracked 
| 378|0x00000006de800000, 0x00000006dec00000, 0x00000006dec00000|100%| O|  |TAMS 0x00000006de800000| PB 0x00000006de800000| Untracked 
| 379|0x00000006dec00000, 0x00000006df000000, 0x00000006df000000|100%|HS|  |TAMS 0x00000006dec00000| PB 0x00000006dec00000| Complete 
| 380|0x00000006df000000, 0x00000006df400000, 0x00000006df400000|100%|HC|  |TAMS 0x00000006df000000| PB 0x00000006df000000| Complete 
| 381|0x00000006df400000, 0x00000006df800000, 0x00000006df800000|100%|HC|  |TAMS 0x00000006df400000| PB 0x00000006df400000| Complete 
| 382|0x00000006df800000, 0x00000006dfc00000, 0x00000006dfc00000|100%|HS|  |TAMS 0x00000006df800000| PB 0x00000006df800000| Complete 
| 383|0x00000006dfc00000, 0x00000006e0000000, 0x00000006e0000000|100%|HC|  |TAMS 0x00000006dfc00000| PB 0x00000006dfc00000| Complete 
| 384|0x00000006e0000000, 0x00000006e0400000, 0x00000006e0400000|100%|HC|  |TAMS 0x00000006e0000000| PB 0x00000006e0000000| Complete 
| 385|0x00000006e0400000, 0x00000006e0800000, 0x00000006e0800000|100%|HS|  |TAMS 0x00000006e0400000| PB 0x00000006e0400000| Complete 
| 386|0x00000006e0800000, 0x00000006e0c00000, 0x00000006e0c00000|100%|HC|  |TAMS 0x00000006e0800000| PB 0x00000006e0800000| Complete 
| 387|0x00000006e0c00000, 0x00000006e1000000, 0x00000006e1000000|100%|HC|  |TAMS 0x00000006e0c00000| PB 0x00000006e0c00000| Complete 
| 388|0x00000006e1000000, 0x00000006e1400000, 0x00000006e1400000|100%| O|  |TAMS 0x00000006e1000000| PB 0x00000006e1000000| Untracked 
| 389|0x00000006e1400000, 0x00000006e1800000, 0x00000006e1800000|100%| O|  |TAMS 0x00000006e1400000| PB 0x00000006e1400000| Untracked 
| 390|0x00000006e1800000, 0x00000006e1c00000, 0x00000006e1c00000|100%| O|  |TAMS 0x00000006e1800000| PB 0x00000006e1800000| Untracked 
| 391|0x00000006e1c00000, 0x00000006e2000000, 0x00000006e2000000|100%| O|  |TAMS 0x00000006e1c00000| PB 0x00000006e1c00000| Untracked 
| 392|0x00000006e2000000, 0x00000006e2400000, 0x00000006e2400000|100%| O|  |TAMS 0x00000006e2000000| PB 0x00000006e2000000| Untracked 
| 393|0x00000006e2400000, 0x00000006e2800000, 0x00000006e2800000|100%| O|  |TAMS 0x00000006e2400000| PB 0x00000006e2400000| Untracked 
| 394|0x00000006e2800000, 0x00000006e2c00000, 0x00000006e2c00000|100%| O|  |TAMS 0x00000006e2800000| PB 0x00000006e2800000| Untracked 
| 395|0x00000006e2c00000, 0x00000006e3000000, 0x00000006e3000000|100%| O|  |TAMS 0x00000006e2c00000| PB 0x00000006e2c00000| Untracked 
| 396|0x00000006e3000000, 0x00000006e3400000, 0x00000006e3400000|100%| O|  |TAMS 0x00000006e3000000| PB 0x00000006e3000000| Untracked 
| 397|0x00000006e3400000, 0x00000006e3800000, 0x00000006e3800000|100%| O|  |TAMS 0x00000006e3400000| PB 0x00000006e3400000| Untracked 
| 398|0x00000006e3800000, 0x00000006e3c00000, 0x00000006e3c00000|100%| O|  |TAMS 0x00000006e3800000| PB 0x00000006e3800000| Untracked 
| 399|0x00000006e3c00000, 0x00000006e4000000, 0x00000006e4000000|100%| O|  |TAMS 0x00000006e3c00000| PB 0x00000006e3c00000| Untracked 
| 400|0x00000006e4000000, 0x00000006e4400000, 0x00000006e4400000|100%| O|  |TAMS 0x00000006e4000000| PB 0x00000006e4000000| Untracked 
| 401|0x00000006e4400000, 0x00000006e4800000, 0x00000006e4800000|100%| O|  |TAMS 0x00000006e4400000| PB 0x00000006e4400000| Untracked 
| 402|0x00000006e4800000, 0x00000006e4c00000, 0x00000006e4c00000|100%| O|  |TAMS 0x00000006e4800000| PB 0x00000006e4800000| Untracked 
| 403|0x00000006e4c00000, 0x00000006e5000000, 0x00000006e5000000|100%| O|  |TAMS 0x00000006e4c00000| PB 0x00000006e4c00000| Untracked 
| 404|0x00000006e5000000, 0x00000006e5400000, 0x00000006e5400000|100%| O|  |TAMS 0x00000006e5000000| PB 0x00000006e5000000| Untracked 
| 405|0x00000006e5400000, 0x00000006e5800000, 0x00000006e5800000|100%| O|  |TAMS 0x00000006e5400000| PB 0x00000006e5400000| Untracked 
| 406|0x00000006e5800000, 0x00000006e5c00000, 0x00000006e5c00000|100%| O|  |TAMS 0x00000006e5800000| PB 0x00000006e5800000| Untracked 
| 407|0x00000006e5c00000, 0x00000006e6000000, 0x00000006e6000000|100%| O|  |TAMS 0x00000006e5c00000| PB 0x00000006e5c00000| Untracked 
| 408|0x00000006e6000000, 0x00000006e6400000, 0x00000006e6400000|100%| O|  |TAMS 0x00000006e6000000| PB 0x00000006e6000000| Untracked 
| 409|0x00000006e6400000, 0x00000006e6800000, 0x00000006e6800000|100%|HS|  |TAMS 0x00000006e6400000| PB 0x00000006e6400000| Complete 
| 410|0x00000006e6800000, 0x00000006e6c00000, 0x00000006e6c00000|100%|HC|  |TAMS 0x00000006e6800000| PB 0x00000006e6800000| Complete 
| 411|0x00000006e6c00000, 0x00000006e7000000, 0x00000006e7000000|100%|HC|  |TAMS 0x00000006e6c00000| PB 0x00000006e6c00000| Complete 
| 412|0x00000006e7000000, 0x00000006e7400000, 0x00000006e7400000|100%| O|  |TAMS 0x00000006e7000000| PB 0x00000006e7000000| Untracked 
| 413|0x00000006e7400000, 0x00000006e7800000, 0x00000006e7800000|100%| O|  |TAMS 0x00000006e7400000| PB 0x00000006e7400000| Untracked 
| 414|0x00000006e7800000, 0x00000006e7c00000, 0x00000006e7c00000|100%| O|  |TAMS 0x00000006e7800000| PB 0x00000006e7800000| Untracked 
| 415|0x00000006e7c00000, 0x00000006e8000000, 0x00000006e8000000|100%| O|  |TAMS 0x00000006e7c00000| PB 0x00000006e7c00000| Untracked 
| 416|0x00000006e8000000, 0x00000006e8400000, 0x00000006e8400000|100%| O|  |TAMS 0x00000006e8000000| PB 0x00000006e8000000| Untracked 
| 417|0x00000006e8400000, 0x00000006e8800000, 0x00000006e8800000|100%| O|  |TAMS 0x00000006e8400000| PB 0x00000006e8400000| Untracked 
| 418|0x00000006e8800000, 0x00000006e8c00000, 0x00000006e8c00000|100%| O|  |TAMS 0x00000006e8800000| PB 0x00000006e8800000| Untracked 
| 419|0x00000006e8c00000, 0x00000006e9000000, 0x00000006e9000000|100%| O|  |TAMS 0x00000006e8c00000| PB 0x00000006e8c00000| Untracked 
| 420|0x00000006e9000000, 0x00000006e9400000, 0x00000006e9400000|100%| O|  |TAMS 0x00000006e9000000| PB 0x00000006e9000000| Untracked 
| 421|0x00000006e9400000, 0x00000006e9800000, 0x00000006e9800000|100%| O|  |TAMS 0x00000006e9400000| PB 0x00000006e9400000| Untracked 
| 422|0x00000006e9800000, 0x00000006e9c00000, 0x00000006e9c00000|100%| O|  |TAMS 0x00000006e9800000| PB 0x00000006e9800000| Untracked 
| 423|0x00000006e9c00000, 0x00000006ea000000, 0x00000006ea000000|100%| O|  |TAMS 0x00000006e9c00000| PB 0x00000006e9c00000| Untracked 
| 424|0x00000006ea000000, 0x00000006ea400000, 0x00000006ea400000|100%| O|  |TAMS 0x00000006ea000000| PB 0x00000006ea000000| Untracked 
| 425|0x00000006ea400000, 0x00000006ea800000, 0x00000006ea800000|100%| O|  |TAMS 0x00000006ea400000| PB 0x00000006ea400000| Untracked 
| 426|0x00000006ea800000, 0x00000006eac00000, 0x00000006eac00000|100%| O|  |TAMS 0x00000006ea800000| PB 0x00000006ea800000| Untracked 
| 427|0x00000006eac00000, 0x00000006eb000000, 0x00000006eb000000|100%| O|  |TAMS 0x00000006eac00000| PB 0x00000006eac00000| Untracked 
| 428|0x00000006eb000000, 0x00000006eb400000, 0x00000006eb400000|100%| O|  |TAMS 0x00000006eb000000| PB 0x00000006eb000000| Untracked 
| 429|0x00000006eb400000, 0x00000006eb800000, 0x00000006eb800000|100%| O|  |TAMS 0x00000006eb400000| PB 0x00000006eb400000| Untracked 
| 430|0x00000006eb800000, 0x00000006ebc00000, 0x00000006ebc00000|100%| O|  |TAMS 0x00000006eb800000| PB 0x00000006eb800000| Untracked 
| 431|0x00000006ebc00000, 0x00000006ec000000, 0x00000006ec000000|100%| O|  |TAMS 0x00000006ebc00000| PB 0x00000006ebc00000| Untracked 
| 432|0x00000006ec000000, 0x00000006ec400000, 0x00000006ec400000|100%| O|  |TAMS 0x00000006ec000000| PB 0x00000006ec000000| Untracked 
| 433|0x00000006ec400000, 0x00000006ec800000, 0x00000006ec800000|100%| O|  |TAMS 0x00000006ec400000| PB 0x00000006ec400000| Untracked 
| 434|0x00000006ec800000, 0x00000006ecc00000, 0x00000006ecc00000|100%| O|  |TAMS 0x00000006ec800000| PB 0x00000006ec800000| Untracked 
| 435|0x00000006ecc00000, 0x00000006ed000000, 0x00000006ed000000|100%| O|  |TAMS 0x00000006ecc00000| PB 0x00000006ecc00000| Untracked 
| 436|0x00000006ed000000, 0x00000006ed400000, 0x00000006ed400000|100%| O|  |TAMS 0x00000006ed000000| PB 0x00000006ed000000| Untracked 
| 437|0x00000006ed400000, 0x00000006ed800000, 0x00000006ed800000|100%| O|  |TAMS 0x00000006ed400000| PB 0x00000006ed400000| Untracked 
| 438|0x00000006ed800000, 0x00000006edc00000, 0x00000006edc00000|100%| O|  |TAMS 0x00000006ed800000| PB 0x00000006ed800000| Untracked 
| 439|0x00000006edc00000, 0x00000006ee000000, 0x00000006ee000000|100%| O|  |TAMS 0x00000006edc00000| PB 0x00000006edc00000| Untracked 
| 440|0x00000006ee000000, 0x00000006ee400000, 0x00000006ee400000|100%| O|  |TAMS 0x00000006ee000000| PB 0x00000006ee000000| Untracked 
| 441|0x00000006ee400000, 0x00000006ee800000, 0x00000006ee800000|100%| O|  |TAMS 0x00000006ee400000| PB 0x00000006ee400000| Untracked 
| 442|0x00000006ee800000, 0x00000006eec00000, 0x00000006eec00000|100%| O|  |TAMS 0x00000006ee800000| PB 0x00000006ee800000| Untracked 
| 443|0x00000006eec00000, 0x00000006ef000000, 0x00000006ef000000|100%| O|  |TAMS 0x00000006eec00000| PB 0x00000006eec00000| Untracked 
| 444|0x00000006ef000000, 0x00000006ef400000, 0x00000006ef400000|100%| O|  |TAMS 0x00000006ef000000| PB 0x00000006ef000000| Untracked 
| 445|0x00000006ef400000, 0x00000006ef800000, 0x00000006ef800000|100%| O|  |TAMS 0x00000006ef400000| PB 0x00000006ef400000| Untracked 
| 446|0x00000006ef800000, 0x00000006efc00000, 0x00000006efc00000|100%| O|  |TAMS 0x00000006ef800000| PB 0x00000006ef800000| Untracked 
| 447|0x00000006efc00000, 0x00000006f0000000, 0x00000006f0000000|100%| O|  |TAMS 0x00000006efc00000| PB 0x00000006efc00000| Untracked 
| 448|0x00000006f0000000, 0x00000006f0400000, 0x00000006f0400000|100%| O|  |TAMS 0x00000006f0000000| PB 0x00000006f0000000| Untracked 
| 449|0x00000006f0400000, 0x00000006f0800000, 0x00000006f0800000|100%| O|  |TAMS 0x00000006f0400000| PB 0x00000006f0400000| Untracked 
| 450|0x00000006f0800000, 0x00000006f0c00000, 0x00000006f0c00000|100%| O|  |TAMS 0x00000006f0800000| PB 0x00000006f0800000| Untracked 
| 451|0x00000006f0c00000, 0x00000006f1000000, 0x00000006f1000000|100%| O|  |TAMS 0x00000006f0c00000| PB 0x00000006f0c00000| Untracked 
| 452|0x00000006f1000000, 0x00000006f1400000, 0x00000006f1400000|100%| O|  |TAMS 0x00000006f1000000| PB 0x00000006f1000000| Untracked 
| 453|0x00000006f1400000, 0x00000006f1800000, 0x00000006f1800000|100%| O|  |TAMS 0x00000006f1400000| PB 0x00000006f1400000| Untracked 
| 454|0x00000006f1800000, 0x00000006f1c00000, 0x00000006f1c00000|100%| O|  |TAMS 0x00000006f1800000| PB 0x00000006f1800000| Untracked 
| 455|0x00000006f1c00000, 0x00000006f2000000, 0x00000006f2000000|100%| O|  |TAMS 0x00000006f1c00000| PB 0x00000006f1c00000| Untracked 
| 456|0x00000006f2000000, 0x00000006f2400000, 0x00000006f2400000|100%| O|  |TAMS 0x00000006f2000000| PB 0x00000006f2000000| Untracked 
| 457|0x00000006f2400000, 0x00000006f2800000, 0x00000006f2800000|100%| O|  |TAMS 0x00000006f2400000| PB 0x00000006f2400000| Untracked 
| 458|0x00000006f2800000, 0x00000006f2c00000, 0x00000006f2c00000|100%|HS|  |TAMS 0x00000006f2800000| PB 0x00000006f2800000| Complete 
| 459|0x00000006f2c00000, 0x00000006f3000000, 0x00000006f3000000|100%|HC|  |TAMS 0x00000006f2c00000| PB 0x00000006f2c00000| Complete 
| 460|0x00000006f3000000, 0x00000006f3400000, 0x00000006f3400000|100%| O|  |TAMS 0x00000006f3000000| PB 0x00000006f3000000| Untracked 
| 461|0x00000006f3400000, 0x00000006f3800000, 0x00000006f3800000|100%| O|  |TAMS 0x00000006f3400000| PB 0x00000006f3400000| Untracked 
| 462|0x00000006f3800000, 0x00000006f3c00000, 0x00000006f3c00000|100%| O|  |TAMS 0x00000006f3800000| PB 0x00000006f3800000| Untracked 
| 463|0x00000006f3c00000, 0x00000006f4000000, 0x00000006f4000000|100%| O|  |TAMS 0x00000006f3c00000| PB 0x00000006f3c00000| Untracked 
| 464|0x00000006f4000000, 0x00000006f4400000, 0x00000006f4400000|100%| O|  |TAMS 0x00000006f4000000| PB 0x00000006f4000000| Untracked 
| 465|0x00000006f4400000, 0x00000006f4800000, 0x00000006f4800000|100%| O|  |TAMS 0x00000006f4400000| PB 0x00000006f4400000| Untracked 
| 466|0x00000006f4800000, 0x00000006f4c00000, 0x00000006f4c00000|100%| O|  |TAMS 0x00000006f4800000| PB 0x00000006f4800000| Untracked 
| 467|0x00000006f4c00000, 0x00000006f5000000, 0x00000006f5000000|100%| O|  |TAMS 0x00000006f4c00000| PB 0x00000006f4c00000| Untracked 
| 468|0x00000006f5000000, 0x00000006f5400000, 0x00000006f5400000|100%| O|  |TAMS 0x00000006f5000000| PB 0x00000006f5000000| Untracked 
| 469|0x00000006f5400000, 0x00000006f5800000, 0x00000006f5800000|100%| O|  |TAMS 0x00000006f5400000| PB 0x00000006f5400000| Untracked 
| 470|0x00000006f5800000, 0x00000006f5c00000, 0x00000006f5c00000|100%| O|  |TAMS 0x00000006f5800000| PB 0x00000006f5800000| Untracked 
| 471|0x00000006f5c00000, 0x00000006f6000000, 0x00000006f6000000|100%| O|  |TAMS 0x00000006f5c00000| PB 0x00000006f5c00000| Untracked 
| 472|0x00000006f6000000, 0x00000006f6400000, 0x00000006f6400000|100%| O|  |TAMS 0x00000006f6000000| PB 0x00000006f6000000| Untracked 
| 473|0x00000006f6400000, 0x00000006f6800000, 0x00000006f6800000|100%| O|  |TAMS 0x00000006f6400000| PB 0x00000006f6400000| Untracked 
| 474|0x00000006f6800000, 0x00000006f6c00000, 0x00000006f6c00000|100%| O|  |TAMS 0x00000006f6800000| PB 0x00000006f6800000| Untracked 
| 475|0x00000006f6c00000, 0x00000006f7000000, 0x00000006f7000000|100%| O|  |TAMS 0x00000006f6c00000| PB 0x00000006f6c00000| Untracked 
| 476|0x00000006f7000000, 0x00000006f7400000, 0x00000006f7400000|100%| O|  |TAMS 0x00000006f7000000| PB 0x00000006f7000000| Untracked 
| 477|0x00000006f7400000, 0x00000006f7800000, 0x00000006f7800000|100%| O|  |TAMS 0x00000006f7400000| PB 0x00000006f7400000| Untracked 
| 478|0x00000006f7800000, 0x00000006f7c00000, 0x00000006f7c00000|100%| O|  |TAMS 0x00000006f7800000| PB 0x00000006f7800000| Untracked 
| 479|0x00000006f7c00000, 0x00000006f8000000, 0x00000006f8000000|100%| O|  |TAMS 0x00000006f7c00000| PB 0x00000006f7c00000| Untracked 
| 480|0x00000006f8000000, 0x00000006f8400000, 0x00000006f8400000|100%| O|  |TAMS 0x00000006f8000000| PB 0x00000006f8000000| Untracked 
| 481|0x00000006f8400000, 0x00000006f8800000, 0x00000006f8800000|100%| O|  |TAMS 0x00000006f8400000| PB 0x00000006f8400000| Untracked 
| 482|0x00000006f8800000, 0x00000006f8c00000, 0x00000006f8c00000|100%| O|  |TAMS 0x00000006f8800000| PB 0x00000006f8800000| Untracked 
| 483|0x00000006f8c00000, 0x00000006f9000000, 0x00000006f9000000|100%| O|  |TAMS 0x00000006f8c00000| PB 0x00000006f8c00000| Untracked 
| 484|0x00000006f9000000, 0x00000006f9400000, 0x00000006f9400000|100%| O|  |TAMS 0x00000006f9000000| PB 0x00000006f9000000| Untracked 
| 485|0x00000006f9400000, 0x00000006f9800000, 0x00000006f9800000|100%| O|  |TAMS 0x00000006f9400000| PB 0x00000006f9400000| Untracked 
| 486|0x00000006f9800000, 0x00000006f9c00000, 0x00000006f9c00000|100%| O|  |TAMS 0x00000006f9800000| PB 0x00000006f9800000| Untracked 
| 487|0x00000006f9c00000, 0x00000006fa000000, 0x00000006fa000000|100%| O|  |TAMS 0x00000006f9c00000| PB 0x00000006f9c00000| Untracked 
| 488|0x00000006fa000000, 0x00000006fa400000, 0x00000006fa400000|100%| O|  |TAMS 0x00000006fa000000| PB 0x00000006fa000000| Untracked 
| 489|0x00000006fa400000, 0x00000006fa800000, 0x00000006fa800000|100%|HS|  |TAMS 0x00000006fa400000| PB 0x00000006fa400000| Complete 
| 490|0x00000006fa800000, 0x00000006fac00000, 0x00000006fac00000|100%| O|  |TAMS 0x00000006fa800000| PB 0x00000006fa800000| Untracked 
| 491|0x00000006fac00000, 0x00000006fb000000, 0x00000006fb000000|100%| O|  |TAMS 0x00000006fac00000| PB 0x00000006fac00000| Untracked 
| 492|0x00000006fb000000, 0x00000006fb400000, 0x00000006fb400000|100%| O|  |TAMS 0x00000006fb000000| PB 0x00000006fb000000| Untracked 
| 493|0x00000006fb400000, 0x00000006fb800000, 0x00000006fb800000|100%| O|  |TAMS 0x00000006fb400000| PB 0x00000006fb400000| Untracked 
| 494|0x00000006fb800000, 0x00000006fbc00000, 0x00000006fbc00000|100%| O|  |TAMS 0x00000006fb800000| PB 0x00000006fb800000| Untracked 
| 495|0x00000006fbc00000, 0x00000006fc000000, 0x00000006fc000000|100%| O|  |TAMS 0x00000006fbc00000| PB 0x00000006fbc00000| Untracked 
| 496|0x00000006fc000000, 0x00000006fc400000, 0x00000006fc400000|100%| O|  |TAMS 0x00000006fc000000| PB 0x00000006fc000000| Untracked 
| 497|0x00000006fc400000, 0x00000006fc800000, 0x00000006fc800000|100%| O|  |TAMS 0x00000006fc400000| PB 0x00000006fc400000| Untracked 
| 498|0x00000006fc800000, 0x00000006fcc00000, 0x00000006fcc00000|100%| O|  |TAMS 0x00000006fc800000| PB 0x00000006fc800000| Untracked 
| 499|0x00000006fcc00000, 0x00000006fd000000, 0x00000006fd000000|100%| O|  |TAMS 0x00000006fcc00000| PB 0x00000006fcc00000| Untracked 
| 500|0x00000006fd000000, 0x00000006fd400000, 0x00000006fd400000|100%| O|  |TAMS 0x00000006fd000000| PB 0x00000006fd000000| Untracked 
| 501|0x00000006fd400000, 0x00000006fd800000, 0x00000006fd800000|100%| O|  |TAMS 0x00000006fd400000| PB 0x00000006fd400000| Untracked 
| 502|0x00000006fd800000, 0x00000006fdc00000, 0x00000006fdc00000|100%| O|  |TAMS 0x00000006fd800000| PB 0x00000006fd800000| Untracked 
| 503|0x00000006fdc00000, 0x00000006fe000000, 0x00000006fe000000|100%| O|  |TAMS 0x00000006fdc00000| PB 0x00000006fdc00000| Untracked 
| 504|0x00000006fe000000, 0x00000006fe400000, 0x00000006fe400000|100%| O|  |TAMS 0x00000006fe000000| PB 0x00000006fe000000| Untracked 
| 505|0x00000006fe400000, 0x00000006fe800000, 0x00000006fe800000|100%|HS|  |TAMS 0x00000006fe400000| PB 0x00000006fe400000| Complete 
| 506|0x00000006fe800000, 0x00000006fec00000, 0x00000006fec00000|100%|HS|  |TAMS 0x00000006fe800000| PB 0x00000006fe800000| Complete 
| 507|0x00000006fec00000, 0x00000006ff000000, 0x00000006ff000000|100%|HS|  |TAMS 0x00000006fec00000| PB 0x00000006fec00000| Complete 
| 508|0x00000006ff000000, 0x00000006ff400000, 0x00000006ff400000|100%|HS|  |TAMS 0x00000006ff000000| PB 0x00000006ff000000| Complete 
| 509|0x00000006ff400000, 0x00000006ff800000, 0x00000006ff800000|100%|HS|  |TAMS 0x00000006ff400000| PB 0x00000006ff400000| Complete 
| 510|0x00000006ff800000, 0x00000006ffc00000, 0x00000006ffc00000|100%| O|  |TAMS 0x00000006ff800000| PB 0x00000006ff800000| Untracked 
| 511|0x00000006ffc00000, 0x0000000700000000, 0x0000000700000000|100%| O|  |TAMS 0x00000006ffc00000| PB 0x00000006ffc00000| Untracked 
| 512|0x0000000700000000, 0x0000000700400000, 0x0000000700400000|100%| O|  |TAMS 0x0000000700000000| PB 0x0000000700000000| Untracked 
| 513|0x0000000700400000, 0x0000000700800000, 0x0000000700800000|100%| O|  |TAMS 0x0000000700400000| PB 0x0000000700400000| Untracked 
| 514|0x0000000700800000, 0x0000000700c00000, 0x0000000700c00000|100%| O|  |TAMS 0x0000000700800000| PB 0x0000000700800000| Untracked 
| 515|0x0000000700c00000, 0x0000000701000000, 0x0000000701000000|100%| O|  |TAMS 0x0000000700c00000| PB 0x0000000700c00000| Untracked 
| 516|0x0000000701000000, 0x0000000701400000, 0x0000000701400000|100%| O|  |TAMS 0x0000000701000000| PB 0x0000000701000000| Untracked 
| 517|0x0000000701400000, 0x0000000701800000, 0x0000000701800000|100%| O|  |TAMS 0x0000000701400000| PB 0x0000000701400000| Untracked 
| 518|0x0000000701800000, 0x0000000701c00000, 0x0000000701c00000|100%| O|  |TAMS 0x0000000701800000| PB 0x0000000701800000| Untracked 
| 519|0x0000000701c00000, 0x0000000702000000, 0x0000000702000000|100%| O|  |TAMS 0x0000000701c00000| PB 0x0000000701c00000| Untracked 
| 520|0x0000000702000000, 0x0000000702400000, 0x0000000702400000|100%| O|  |TAMS 0x0000000702000000| PB 0x0000000702000000| Untracked 
| 521|0x0000000702400000, 0x0000000702800000, 0x0000000702800000|100%| O|  |TAMS 0x0000000702400000| PB 0x0000000702400000| Untracked 
| 522|0x0000000702800000, 0x0000000702c00000, 0x0000000702c00000|100%| O|  |TAMS 0x0000000702800000| PB 0x0000000702800000| Untracked 
| 523|0x0000000702c00000, 0x0000000703000000, 0x0000000703000000|100%| O|  |TAMS 0x0000000702c00000| PB 0x0000000702c00000| Untracked 
| 524|0x0000000703000000, 0x0000000703400000, 0x0000000703400000|100%| O|  |TAMS 0x0000000703000000| PB 0x0000000703000000| Untracked 
| 525|0x0000000703400000, 0x0000000703800000, 0x0000000703800000|100%|HS|  |TAMS 0x0000000703400000| PB 0x0000000703400000| Complete 
| 526|0x0000000703800000, 0x0000000703800000, 0x0000000703c00000|  0%| F|  |TAMS 0x0000000703800000| PB 0x0000000703800000| Untracked 
| 527|0x0000000703c00000, 0x0000000704000000, 0x0000000704000000|100%|HS|  |TAMS 0x0000000703c00000| PB 0x0000000703c00000| Complete 
| 528|0x0000000704000000, 0x0000000704000000, 0x0000000704400000|  0%| F|  |TAMS 0x0000000704000000| PB 0x0000000704000000| Untracked 
| 529|0x0000000704400000, 0x0000000704800000, 0x0000000704800000|100%|HS|  |TAMS 0x0000000704400000| PB 0x0000000704400000| Complete 
| 530|0x0000000704800000, 0x0000000704c00000, 0x0000000704c00000|100%| O|  |TAMS 0x0000000704800000| PB 0x0000000704800000| Untracked 
| 531|0x0000000704c00000, 0x0000000705000000, 0x0000000705000000|100%| O|  |TAMS 0x0000000704c00000| PB 0x0000000704c00000| Untracked 
| 532|0x0000000705000000, 0x0000000705400000, 0x0000000705400000|100%| O|  |TAMS 0x0000000705000000| PB 0x0000000705000000| Untracked 
| 533|0x0000000705400000, 0x0000000705800000, 0x0000000705800000|100%| O|  |TAMS 0x0000000705400000| PB 0x0000000705400000| Untracked 
| 534|0x0000000705800000, 0x0000000705c00000, 0x0000000705c00000|100%| O|  |TAMS 0x0000000705800000| PB 0x0000000705800000| Untracked 
| 535|0x0000000705c00000, 0x0000000706000000, 0x0000000706000000|100%| O|  |TAMS 0x0000000705c00000| PB 0x0000000705c00000| Untracked 
| 536|0x0000000706000000, 0x0000000706400000, 0x0000000706400000|100%| O|  |TAMS 0x0000000706000000| PB 0x0000000706000000| Untracked 
| 537|0x0000000706400000, 0x0000000706800000, 0x0000000706800000|100%| O|  |TAMS 0x0000000706400000| PB 0x0000000706400000| Untracked 
| 538|0x0000000706800000, 0x0000000706c00000, 0x0000000706c00000|100%| O|  |TAMS 0x0000000706800000| PB 0x0000000706800000| Untracked 
| 539|0x0000000706c00000, 0x0000000707000000, 0x0000000707000000|100%| O|  |TAMS 0x0000000706c00000| PB 0x0000000706c00000| Untracked 
| 540|0x0000000707000000, 0x0000000707400000, 0x0000000707400000|100%| O|  |TAMS 0x0000000707000000| PB 0x0000000707000000| Untracked 
| 541|0x0000000707400000, 0x0000000707800000, 0x0000000707800000|100%| O|  |TAMS 0x0000000707400000| PB 0x0000000707400000| Untracked 
| 542|0x0000000707800000, 0x0000000707c00000, 0x0000000707c00000|100%| O|  |TAMS 0x0000000707800000| PB 0x0000000707800000| Untracked 
| 543|0x0000000707c00000, 0x0000000708000000, 0x0000000708000000|100%| O|  |TAMS 0x0000000707c00000| PB 0x0000000707c00000| Untracked 
| 544|0x0000000708000000, 0x0000000708400000, 0x0000000708400000|100%| O|  |TAMS 0x0000000708000000| PB 0x0000000708000000| Untracked 
| 545|0x0000000708400000, 0x0000000708800000, 0x0000000708800000|100%| O|  |TAMS 0x0000000708400000| PB 0x0000000708400000| Untracked 
| 546|0x0000000708800000, 0x0000000708c00000, 0x0000000708c00000|100%| O|  |TAMS 0x0000000708800000| PB 0x0000000708800000| Untracked 
| 547|0x0000000708c00000, 0x0000000709000000, 0x0000000709000000|100%| O|  |TAMS 0x0000000708c00000| PB 0x0000000708c00000| Untracked 
| 548|0x0000000709000000, 0x000000070936dda8, 0x0000000709400000| 85%| O|  |TAMS 0x0000000709000000| PB 0x0000000709000000| Untracked 
| 549|0x0000000709400000, 0x0000000709400000, 0x0000000709800000|  0%| F|  |TAMS 0x0000000709400000| PB 0x0000000709400000| Untracked 
| 550|0x0000000709800000, 0x0000000709800000, 0x0000000709c00000|  0%| F|  |TAMS 0x0000000709800000| PB 0x0000000709800000| Untracked 
| 551|0x0000000709c00000, 0x0000000709c00000, 0x000000070a000000|  0%| F|  |TAMS 0x0000000709c00000| PB 0x0000000709c00000| Untracked 
| 552|0x000000070a000000, 0x000000070a000000, 0x000000070a400000|  0%| F|  |TAMS 0x000000070a000000| PB 0x000000070a000000| Untracked 
| 553|0x000000070a400000, 0x000000070a400000, 0x000000070a800000|  0%| F|  |TAMS 0x000000070a400000| PB 0x000000070a400000| Untracked 
| 554|0x000000070a800000, 0x000000070a800000, 0x000000070ac00000|  0%| F|  |TAMS 0x000000070a800000| PB 0x000000070a800000| Untracked 
| 555|0x000000070ac00000, 0x000000070ac00000, 0x000000070b000000|  0%| F|  |TAMS 0x000000070ac00000| PB 0x000000070ac00000| Untracked 
| 556|0x000000070b000000, 0x000000070b000000, 0x000000070b400000|  0%| F|  |TAMS 0x000000070b000000| PB 0x000000070b000000| Untracked 
| 557|0x000000070b400000, 0x000000070b400000, 0x000000070b800000|  0%| F|  |TAMS 0x000000070b400000| PB 0x000000070b400000| Untracked 
| 558|0x000000070b800000, 0x000000070b800000, 0x000000070bc00000|  0%| F|  |TAMS 0x000000070b800000| PB 0x000000070b800000| Untracked 
| 559|0x000000070bc00000, 0x000000070bc00000, 0x000000070c000000|  0%| F|  |TAMS 0x000000070bc00000| PB 0x000000070bc00000| Untracked 
| 560|0x000000070c000000, 0x000000070c000000, 0x000000070c400000|  0%| F|  |TAMS 0x000000070c000000| PB 0x000000070c000000| Untracked 
| 561|0x000000070c400000, 0x000000070c400000, 0x000000070c800000|  0%| F|  |TAMS 0x000000070c400000| PB 0x000000070c400000| Untracked 
| 562|0x000000070c800000, 0x000000070c800000, 0x000000070cc00000|  0%| F|  |TAMS 0x000000070c800000| PB 0x000000070c800000| Untracked 
| 563|0x000000070cc00000, 0x000000070cc00000, 0x000000070d000000|  0%| F|  |TAMS 0x000000070cc00000| PB 0x000000070cc00000| Untracked 
| 564|0x000000070d000000, 0x000000070d000000, 0x000000070d400000|  0%| F|  |TAMS 0x000000070d000000| PB 0x000000070d000000| Untracked 
| 565|0x000000070d400000, 0x000000070d400000, 0x000000070d800000|  0%| F|  |TAMS 0x000000070d400000| PB 0x000000070d400000| Untracked 
| 566|0x000000070d800000, 0x000000070d800000, 0x000000070dc00000|  0%| F|  |TAMS 0x000000070d800000| PB 0x000000070d800000| Untracked 
| 567|0x000000070dc00000, 0x000000070dc00000, 0x000000070e000000|  0%| F|  |TAMS 0x000000070dc00000| PB 0x000000070dc00000| Untracked 
| 568|0x000000070e000000, 0x000000070e000000, 0x000000070e400000|  0%| F|  |TAMS 0x000000070e000000| PB 0x000000070e000000| Untracked 
| 569|0x000000070e400000, 0x000000070e400000, 0x000000070e800000|  0%| F|  |TAMS 0x000000070e400000| PB 0x000000070e400000| Untracked 
| 570|0x000000070e800000, 0x000000070e800000, 0x000000070ec00000|  0%| F|  |TAMS 0x000000070e800000| PB 0x000000070e800000| Untracked 
| 571|0x000000070ec00000, 0x000000070ec00000, 0x000000070f000000|  0%| F|  |TAMS 0x000000070ec00000| PB 0x000000070ec00000| Untracked 
| 572|0x000000070f000000, 0x000000070f000000, 0x000000070f400000|  0%| F|  |TAMS 0x000000070f000000| PB 0x000000070f000000| Untracked 
| 573|0x000000070f400000, 0x000000070f400000, 0x000000070f800000|  0%| F|  |TAMS 0x000000070f400000| PB 0x000000070f400000| Untracked 
| 574|0x000000070f800000, 0x000000070f800000, 0x000000070fc00000|  0%| F|  |TAMS 0x000000070f800000| PB 0x000000070f800000| Untracked 
| 575|0x000000070fc00000, 0x000000070fc00000, 0x0000000710000000|  0%| F|  |TAMS 0x000000070fc00000| PB 0x000000070fc00000| Untracked 
| 576|0x0000000710000000, 0x0000000710000000, 0x0000000710400000|  0%| F|  |TAMS 0x0000000710000000| PB 0x0000000710000000| Untracked 
| 577|0x0000000710400000, 0x0000000710400000, 0x0000000710800000|  0%| F|  |TAMS 0x0000000710400000| PB 0x0000000710400000| Untracked 
| 578|0x0000000710800000, 0x0000000710800000, 0x0000000710c00000|  0%| F|  |TAMS 0x0000000710800000| PB 0x0000000710800000| Untracked 
| 579|0x0000000710c00000, 0x0000000710c00000, 0x0000000711000000|  0%| F|  |TAMS 0x0000000710c00000| PB 0x0000000710c00000| Untracked 
| 580|0x0000000711000000, 0x0000000711000000, 0x0000000711400000|  0%| F|  |TAMS 0x0000000711000000| PB 0x0000000711000000| Untracked 
| 581|0x0000000711400000, 0x0000000711400000, 0x0000000711800000|  0%| F|  |TAMS 0x0000000711400000| PB 0x0000000711400000| Untracked 
| 582|0x0000000711800000, 0x0000000711800000, 0x0000000711c00000|  0%| F|  |TAMS 0x0000000711800000| PB 0x0000000711800000| Untracked 
| 583|0x0000000711c00000, 0x0000000711c00000, 0x0000000712000000|  0%| F|  |TAMS 0x0000000711c00000| PB 0x0000000711c00000| Untracked 
| 584|0x0000000712000000, 0x0000000712000000, 0x0000000712400000|  0%| F|  |TAMS 0x0000000712000000| PB 0x0000000712000000| Untracked 
| 585|0x0000000712400000, 0x0000000712400000, 0x0000000712800000|  0%| F|  |TAMS 0x0000000712400000| PB 0x0000000712400000| Untracked 
| 586|0x0000000712800000, 0x0000000712800000, 0x0000000712c00000|  0%| F|  |TAMS 0x0000000712800000| PB 0x0000000712800000| Untracked 
| 587|0x0000000712c00000, 0x0000000712c00000, 0x0000000713000000|  0%| F|  |TAMS 0x0000000712c00000| PB 0x0000000712c00000| Untracked 
| 588|0x0000000713000000, 0x0000000713000000, 0x0000000713400000|  0%| F|  |TAMS 0x0000000713000000| PB 0x0000000713000000| Untracked 
| 589|0x0000000713400000, 0x0000000713400000, 0x0000000713800000|  0%| F|  |TAMS 0x0000000713400000| PB 0x0000000713400000| Untracked 
| 590|0x0000000713800000, 0x0000000713800000, 0x0000000713c00000|  0%| F|  |TAMS 0x0000000713800000| PB 0x0000000713800000| Untracked 
| 591|0x0000000713c00000, 0x0000000713c00000, 0x0000000714000000|  0%| F|  |TAMS 0x0000000713c00000| PB 0x0000000713c00000| Untracked 
| 592|0x0000000714000000, 0x0000000714000000, 0x0000000714400000|  0%| F|  |TAMS 0x0000000714000000| PB 0x0000000714000000| Untracked 
| 593|0x0000000714400000, 0x0000000714400000, 0x0000000714800000|  0%| F|  |TAMS 0x0000000714400000| PB 0x0000000714400000| Untracked 
| 594|0x0000000714800000, 0x0000000714800000, 0x0000000714c00000|  0%| F|  |TAMS 0x0000000714800000| PB 0x0000000714800000| Untracked 
| 595|0x0000000714c00000, 0x0000000714c00000, 0x0000000715000000|  0%| F|  |TAMS 0x0000000714c00000| PB 0x0000000714c00000| Untracked 
| 596|0x0000000715000000, 0x0000000715000000, 0x0000000715400000|  0%| F|  |TAMS 0x0000000715000000| PB 0x0000000715000000| Untracked 
| 597|0x0000000715400000, 0x0000000715400000, 0x0000000715800000|  0%| F|  |TAMS 0x0000000715400000| PB 0x0000000715400000| Untracked 
| 598|0x0000000715800000, 0x0000000715800000, 0x0000000715c00000|  0%| F|  |TAMS 0x0000000715800000| PB 0x0000000715800000| Untracked 
| 599|0x0000000715c00000, 0x0000000715c00000, 0x0000000716000000|  0%| F|  |TAMS 0x0000000715c00000| PB 0x0000000715c00000| Untracked 
| 600|0x0000000716000000, 0x0000000716000000, 0x0000000716400000|  0%| F|  |TAMS 0x0000000716000000| PB 0x0000000716000000| Untracked 
| 601|0x0000000716400000, 0x0000000716400000, 0x0000000716800000|  0%| F|  |TAMS 0x0000000716400000| PB 0x0000000716400000| Untracked 
| 602|0x0000000716800000, 0x0000000716800000, 0x0000000716c00000|  0%| F|  |TAMS 0x0000000716800000| PB 0x0000000716800000| Untracked 
| 603|0x0000000716c00000, 0x0000000716c00000, 0x0000000717000000|  0%| F|  |TAMS 0x0000000716c00000| PB 0x0000000716c00000| Untracked 
| 604|0x0000000717000000, 0x0000000717000000, 0x0000000717400000|  0%| F|  |TAMS 0x0000000717000000| PB 0x0000000717000000| Untracked 
| 605|0x0000000717400000, 0x0000000717400000, 0x0000000717800000|  0%| F|  |TAMS 0x0000000717400000| PB 0x0000000717400000| Untracked 
| 606|0x0000000717800000, 0x0000000717800000, 0x0000000717c00000|  0%| F|  |TAMS 0x0000000717800000| PB 0x0000000717800000| Untracked 
| 607|0x0000000717c00000, 0x0000000717c00000, 0x0000000718000000|  0%| F|  |TAMS 0x0000000717c00000| PB 0x0000000717c00000| Untracked 
| 608|0x0000000718000000, 0x0000000718000000, 0x0000000718400000|  0%| F|  |TAMS 0x0000000718000000| PB 0x0000000718000000| Untracked 
| 609|0x0000000718400000, 0x0000000718400000, 0x0000000718800000|  0%| F|  |TAMS 0x0000000718400000| PB 0x0000000718400000| Untracked 
| 610|0x0000000718800000, 0x0000000718800000, 0x0000000718c00000|  0%| F|  |TAMS 0x0000000718800000| PB 0x0000000718800000| Untracked 
| 611|0x0000000718c00000, 0x0000000718c00000, 0x0000000719000000|  0%| F|  |TAMS 0x0000000718c00000| PB 0x0000000718c00000| Untracked 
| 612|0x0000000719000000, 0x0000000719000000, 0x0000000719400000|  0%| F|  |TAMS 0x0000000719000000| PB 0x0000000719000000| Untracked 
| 613|0x0000000719400000, 0x0000000719400000, 0x0000000719800000|  0%| F|  |TAMS 0x0000000719400000| PB 0x0000000719400000| Untracked 
| 614|0x0000000719800000, 0x0000000719800000, 0x0000000719c00000|  0%| F|  |TAMS 0x0000000719800000| PB 0x0000000719800000| Untracked 
| 615|0x0000000719c00000, 0x0000000719c00000, 0x000000071a000000|  0%| F|  |TAMS 0x0000000719c00000| PB 0x0000000719c00000| Untracked 
| 616|0x000000071a000000, 0x000000071a000000, 0x000000071a400000|  0%| F|  |TAMS 0x000000071a000000| PB 0x000000071a000000| Untracked 
| 617|0x000000071a400000, 0x000000071a400000, 0x000000071a800000|  0%| F|  |TAMS 0x000000071a400000| PB 0x000000071a400000| Untracked 
| 618|0x000000071a800000, 0x000000071a800000, 0x000000071ac00000|  0%| F|  |TAMS 0x000000071a800000| PB 0x000000071a800000| Untracked 
| 619|0x000000071ac00000, 0x000000071ac00000, 0x000000071b000000|  0%| F|  |TAMS 0x000000071ac00000| PB 0x000000071ac00000| Untracked 
| 620|0x000000071b000000, 0x000000071b000000, 0x000000071b400000|  0%| F|  |TAMS 0x000000071b000000| PB 0x000000071b000000| Untracked 
| 621|0x000000071b400000, 0x000000071b400000, 0x000000071b800000|  0%| F|  |TAMS 0x000000071b400000| PB 0x000000071b400000| Untracked 
| 622|0x000000071b800000, 0x000000071b800000, 0x000000071bc00000|  0%| F|  |TAMS 0x000000071b800000| PB 0x000000071b800000| Untracked 
| 623|0x000000071bc00000, 0x000000071bc00000, 0x000000071c000000|  0%| F|  |TAMS 0x000000071bc00000| PB 0x000000071bc00000| Untracked 
| 624|0x000000071c000000, 0x000000071c000000, 0x000000071c400000|  0%| F|  |TAMS 0x000000071c000000| PB 0x000000071c000000| Untracked 
| 625|0x000000071c400000, 0x000000071c400000, 0x000000071c800000|  0%| F|  |TAMS 0x000000071c400000| PB 0x000000071c400000| Untracked 
| 626|0x000000071c800000, 0x000000071c800000, 0x000000071cc00000|  0%| F|  |TAMS 0x000000071c800000| PB 0x000000071c800000| Untracked 
| 627|0x000000071cc00000, 0x000000071cc00000, 0x000000071d000000|  0%| F|  |TAMS 0x000000071cc00000| PB 0x000000071cc00000| Untracked 
| 628|0x000000071d000000, 0x000000071d000000, 0x000000071d400000|  0%| F|  |TAMS 0x000000071d000000| PB 0x000000071d000000| Untracked 
| 629|0x000000071d400000, 0x000000071d400000, 0x000000071d800000|  0%| F|  |TAMS 0x000000071d400000| PB 0x000000071d400000| Untracked 
| 630|0x000000071d800000, 0x000000071d800000, 0x000000071dc00000|  0%| F|  |TAMS 0x000000071d800000| PB 0x000000071d800000| Untracked 
| 631|0x000000071dc00000, 0x000000071dc00000, 0x000000071e000000|  0%| F|  |TAMS 0x000000071dc00000| PB 0x000000071dc00000| Untracked 
| 632|0x000000071e000000, 0x000000071e000000, 0x000000071e400000|  0%| F|  |TAMS 0x000000071e000000| PB 0x000000071e000000| Untracked 
| 633|0x000000071e400000, 0x000000071e400000, 0x000000071e800000|  0%| F|  |TAMS 0x000000071e400000| PB 0x000000071e400000| Untracked 
| 634|0x000000071e800000, 0x000000071e800000, 0x000000071ec00000|  0%| F|  |TAMS 0x000000071e800000| PB 0x000000071e800000| Untracked 
| 635|0x000000071ec00000, 0x000000071ec00000, 0x000000071f000000|  0%| F|  |TAMS 0x000000071ec00000| PB 0x000000071ec00000| Untracked 
| 636|0x000000071f000000, 0x000000071f000000, 0x000000071f400000|  0%| F|  |TAMS 0x000000071f000000| PB 0x000000071f000000| Untracked 
| 637|0x000000071f400000, 0x000000071f400000, 0x000000071f800000|  0%| F|  |TAMS 0x000000071f400000| PB 0x000000071f400000| Untracked 
| 638|0x000000071f800000, 0x000000071f800000, 0x000000071fc00000|  0%| F|  |TAMS 0x000000071f800000| PB 0x000000071f800000| Untracked 
| 639|0x000000071fc00000, 0x000000071fc00000, 0x0000000720000000|  0%| F|  |TAMS 0x000000071fc00000| PB 0x000000071fc00000| Untracked 
| 640|0x0000000720000000, 0x0000000720000000, 0x0000000720400000|  0%| F|  |TAMS 0x0000000720000000| PB 0x0000000720000000| Untracked 
| 641|0x0000000720400000, 0x0000000720400000, 0x0000000720800000|  0%| F|  |TAMS 0x0000000720400000| PB 0x0000000720400000| Untracked 
| 642|0x0000000720800000, 0x0000000720800000, 0x0000000720c00000|  0%| F|  |TAMS 0x0000000720800000| PB 0x0000000720800000| Untracked 
| 643|0x0000000720c00000, 0x0000000720c00000, 0x0000000721000000|  0%| F|  |TAMS 0x0000000720c00000| PB 0x0000000720c00000| Untracked 
| 644|0x0000000721000000, 0x0000000721000000, 0x0000000721400000|  0%| F|  |TAMS 0x0000000721000000| PB 0x0000000721000000| Untracked 
| 645|0x0000000721400000, 0x0000000721400000, 0x0000000721800000|  0%| F|  |TAMS 0x0000000721400000| PB 0x0000000721400000| Untracked 
| 646|0x0000000721800000, 0x0000000721800000, 0x0000000721c00000|  0%| F|  |TAMS 0x0000000721800000| PB 0x0000000721800000| Untracked 
| 647|0x0000000721c00000, 0x0000000721c00000, 0x0000000722000000|  0%| F|  |TAMS 0x0000000721c00000| PB 0x0000000721c00000| Untracked 
| 648|0x0000000722000000, 0x0000000722000000, 0x0000000722400000|  0%| F|  |TAMS 0x0000000722000000| PB 0x0000000722000000| Untracked 
| 649|0x0000000722400000, 0x0000000722400000, 0x0000000722800000|  0%| F|  |TAMS 0x0000000722400000| PB 0x0000000722400000| Untracked 
| 650|0x0000000722800000, 0x0000000722800000, 0x0000000722c00000|  0%| F|  |TAMS 0x0000000722800000| PB 0x0000000722800000| Untracked 
| 651|0x0000000722c00000, 0x0000000722c00000, 0x0000000723000000|  0%| F|  |TAMS 0x0000000722c00000| PB 0x0000000722c00000| Untracked 
| 652|0x0000000723000000, 0x0000000723000000, 0x0000000723400000|  0%| F|  |TAMS 0x0000000723000000| PB 0x0000000723000000| Untracked 
| 653|0x0000000723400000, 0x0000000723400000, 0x0000000723800000|  0%| F|  |TAMS 0x0000000723400000| PB 0x0000000723400000| Untracked 
| 654|0x0000000723800000, 0x0000000723800000, 0x0000000723c00000|  0%| F|  |TAMS 0x0000000723800000| PB 0x0000000723800000| Untracked 
| 655|0x0000000723c00000, 0x0000000723c00000, 0x0000000724000000|  0%| F|  |TAMS 0x0000000723c00000| PB 0x0000000723c00000| Untracked 
| 656|0x0000000724000000, 0x0000000724000000, 0x0000000724400000|  0%| F|  |TAMS 0x0000000724000000| PB 0x0000000724000000| Untracked 
| 657|0x0000000724400000, 0x0000000724400000, 0x0000000724800000|  0%| F|  |TAMS 0x0000000724400000| PB 0x0000000724400000| Untracked 
| 658|0x0000000724800000, 0x0000000724800000, 0x0000000724c00000|  0%| F|  |TAMS 0x0000000724800000| PB 0x0000000724800000| Untracked 
| 659|0x0000000724c00000, 0x0000000724c00000, 0x0000000725000000|  0%| F|  |TAMS 0x0000000724c00000| PB 0x0000000724c00000| Untracked 
| 660|0x0000000725000000, 0x0000000725000000, 0x0000000725400000|  0%| F|  |TAMS 0x0000000725000000| PB 0x0000000725000000| Untracked 
| 661|0x0000000725400000, 0x0000000725400000, 0x0000000725800000|  0%| F|  |TAMS 0x0000000725400000| PB 0x0000000725400000| Untracked 
| 662|0x0000000725800000, 0x0000000725800000, 0x0000000725c00000|  0%| F|  |TAMS 0x0000000725800000| PB 0x0000000725800000| Untracked 
| 663|0x0000000725c00000, 0x0000000725c00000, 0x0000000726000000|  0%| F|  |TAMS 0x0000000725c00000| PB 0x0000000725c00000| Untracked 
| 664|0x0000000726000000, 0x0000000726000000, 0x0000000726400000|  0%| F|  |TAMS 0x0000000726000000| PB 0x0000000726000000| Untracked 
| 665|0x0000000726400000, 0x0000000726400000, 0x0000000726800000|  0%| F|  |TAMS 0x0000000726400000| PB 0x0000000726400000| Untracked 
| 666|0x0000000726800000, 0x0000000726800000, 0x0000000726c00000|  0%| F|  |TAMS 0x0000000726800000| PB 0x0000000726800000| Untracked 
| 667|0x0000000726c00000, 0x0000000726c00000, 0x0000000727000000|  0%| F|  |TAMS 0x0000000726c00000| PB 0x0000000726c00000| Untracked 
| 668|0x0000000727000000, 0x0000000727000000, 0x0000000727400000|  0%| F|  |TAMS 0x0000000727000000| PB 0x0000000727000000| Untracked 
| 669|0x0000000727400000, 0x0000000727400000, 0x0000000727800000|  0%| F|  |TAMS 0x0000000727400000| PB 0x0000000727400000| Untracked 
| 670|0x0000000727800000, 0x0000000727800000, 0x0000000727c00000|  0%| F|  |TAMS 0x0000000727800000| PB 0x0000000727800000| Untracked 
| 671|0x0000000727c00000, 0x0000000727c00000, 0x0000000728000000|  0%| F|  |TAMS 0x0000000727c00000| PB 0x0000000727c00000| Untracked 
| 672|0x0000000728000000, 0x0000000728000000, 0x0000000728400000|  0%| F|  |TAMS 0x0000000728000000| PB 0x0000000728000000| Untracked 
| 673|0x0000000728400000, 0x0000000728400000, 0x0000000728800000|  0%| F|  |TAMS 0x0000000728400000| PB 0x0000000728400000| Untracked 
| 674|0x0000000728800000, 0x0000000728800000, 0x0000000728c00000|  0%| F|  |TAMS 0x0000000728800000| PB 0x0000000728800000| Untracked 
| 675|0x0000000728c00000, 0x0000000728c00000, 0x0000000729000000|  0%| F|  |TAMS 0x0000000728c00000| PB 0x0000000728c00000| Untracked 
| 676|0x0000000729000000, 0x0000000729000000, 0x0000000729400000|  0%| F|  |TAMS 0x0000000729000000| PB 0x0000000729000000| Untracked 
| 677|0x0000000729400000, 0x0000000729400000, 0x0000000729800000|  0%| F|  |TAMS 0x0000000729400000| PB 0x0000000729400000| Untracked 
| 678|0x0000000729800000, 0x0000000729800000, 0x0000000729c00000|  0%| F|  |TAMS 0x0000000729800000| PB 0x0000000729800000| Untracked 
| 679|0x0000000729c00000, 0x0000000729c00000, 0x000000072a000000|  0%| F|  |TAMS 0x0000000729c00000| PB 0x0000000729c00000| Untracked 
| 680|0x000000072a000000, 0x000000072a000000, 0x000000072a400000|  0%| F|  |TAMS 0x000000072a000000| PB 0x000000072a000000| Untracked 
| 681|0x000000072a400000, 0x000000072a400000, 0x000000072a800000|  0%| F|  |TAMS 0x000000072a400000| PB 0x000000072a400000| Untracked 
| 682|0x000000072a800000, 0x000000072a800000, 0x000000072ac00000|  0%| F|  |TAMS 0x000000072a800000| PB 0x000000072a800000| Untracked 
| 683|0x000000072ac00000, 0x000000072ac00000, 0x000000072b000000|  0%| F|  |TAMS 0x000000072ac00000| PB 0x000000072ac00000| Untracked 
| 684|0x000000072b000000, 0x000000072b000000, 0x000000072b400000|  0%| F|  |TAMS 0x000000072b000000| PB 0x000000072b000000| Untracked 
| 685|0x000000072b400000, 0x000000072b400000, 0x000000072b800000|  0%| F|  |TAMS 0x000000072b400000| PB 0x000000072b400000| Untracked 
| 686|0x000000072b800000, 0x000000072b800000, 0x000000072bc00000|  0%| F|  |TAMS 0x000000072b800000| PB 0x000000072b800000| Untracked 
| 687|0x000000072bc00000, 0x000000072bc00000, 0x000000072c000000|  0%| F|  |TAMS 0x000000072bc00000| PB 0x000000072bc00000| Untracked 
| 688|0x000000072c000000, 0x000000072c000000, 0x000000072c400000|  0%| F|  |TAMS 0x000000072c000000| PB 0x000000072c000000| Untracked 
| 689|0x000000072c400000, 0x000000072c400000, 0x000000072c800000|  0%| F|  |TAMS 0x000000072c400000| PB 0x000000072c400000| Untracked 
| 690|0x000000072c800000, 0x000000072c800000, 0x000000072cc00000|  0%| F|  |TAMS 0x000000072c800000| PB 0x000000072c800000| Untracked 
| 691|0x000000072cc00000, 0x000000072cc00000, 0x000000072d000000|  0%| F|  |TAMS 0x000000072cc00000| PB 0x000000072cc00000| Untracked 
| 692|0x000000072d000000, 0x000000072d000000, 0x000000072d400000|  0%| F|  |TAMS 0x000000072d000000| PB 0x000000072d000000| Untracked 
| 693|0x000000072d400000, 0x000000072d400000, 0x000000072d800000|  0%| F|  |TAMS 0x000000072d400000| PB 0x000000072d400000| Untracked 
| 694|0x000000072d800000, 0x000000072d800000, 0x000000072dc00000|  0%| F|  |TAMS 0x000000072d800000| PB 0x000000072d800000| Untracked 
| 695|0x000000072dc00000, 0x000000072dc00000, 0x000000072e000000|  0%| F|  |TAMS 0x000000072dc00000| PB 0x000000072dc00000| Untracked 
| 696|0x000000072e000000, 0x000000072e000000, 0x000000072e400000|  0%| F|  |TAMS 0x000000072e000000| PB 0x000000072e000000| Untracked 
| 697|0x000000072e400000, 0x000000072e400000, 0x000000072e800000|  0%| F|  |TAMS 0x000000072e400000| PB 0x000000072e400000| Untracked 
| 698|0x000000072e800000, 0x000000072e800000, 0x000000072ec00000|  0%| F|  |TAMS 0x000000072e800000| PB 0x000000072e800000| Untracked 
| 699|0x000000072ec00000, 0x000000072ec00000, 0x000000072f000000|  0%| F|  |TAMS 0x000000072ec00000| PB 0x000000072ec00000| Untracked 
| 700|0x000000072f000000, 0x000000072f000000, 0x000000072f400000|  0%| F|  |TAMS 0x000000072f000000| PB 0x000000072f000000| Untracked 
| 701|0x000000072f400000, 0x000000072f400000, 0x000000072f800000|  0%| F|  |TAMS 0x000000072f400000| PB 0x000000072f400000| Untracked 
| 702|0x000000072f800000, 0x000000072f800000, 0x000000072fc00000|  0%| F|  |TAMS 0x000000072f800000| PB 0x000000072f800000| Untracked 
| 703|0x000000072fc00000, 0x000000072fc00000, 0x0000000730000000|  0%| F|  |TAMS 0x000000072fc00000| PB 0x000000072fc00000| Untracked 
| 704|0x0000000730000000, 0x0000000730000000, 0x0000000730400000|  0%| F|  |TAMS 0x0000000730000000| PB 0x0000000730000000| Untracked 
| 705|0x0000000730400000, 0x0000000730400000, 0x0000000730800000|  0%| F|  |TAMS 0x0000000730400000| PB 0x0000000730400000| Untracked 
| 706|0x0000000730800000, 0x0000000730800000, 0x0000000730c00000|  0%| F|  |TAMS 0x0000000730800000| PB 0x0000000730800000| Untracked 
| 707|0x0000000730c00000, 0x0000000730c00000, 0x0000000731000000|  0%| F|  |TAMS 0x0000000730c00000| PB 0x0000000730c00000| Untracked 
| 708|0x0000000731000000, 0x0000000731000000, 0x0000000731400000|  0%| F|  |TAMS 0x0000000731000000| PB 0x0000000731000000| Untracked 
| 709|0x0000000731400000, 0x0000000731400000, 0x0000000731800000|  0%| F|  |TAMS 0x0000000731400000| PB 0x0000000731400000| Untracked 
| 710|0x0000000731800000, 0x0000000731800000, 0x0000000731c00000|  0%| F|  |TAMS 0x0000000731800000| PB 0x0000000731800000| Untracked 
| 711|0x0000000731c00000, 0x0000000731c00000, 0x0000000732000000|  0%| F|  |TAMS 0x0000000731c00000| PB 0x0000000731c00000| Untracked 
| 712|0x0000000732000000, 0x0000000732000000, 0x0000000732400000|  0%| F|  |TAMS 0x0000000732000000| PB 0x0000000732000000| Untracked 
| 713|0x0000000732400000, 0x0000000732400000, 0x0000000732800000|  0%| F|  |TAMS 0x0000000732400000| PB 0x0000000732400000| Untracked 
| 714|0x0000000732800000, 0x0000000732800000, 0x0000000732c00000|  0%| F|  |TAMS 0x0000000732800000| PB 0x0000000732800000| Untracked 
| 715|0x0000000732c00000, 0x0000000732c00000, 0x0000000733000000|  0%| F|  |TAMS 0x0000000732c00000| PB 0x0000000732c00000| Untracked 
| 716|0x0000000733000000, 0x0000000733000000, 0x0000000733400000|  0%| F|  |TAMS 0x0000000733000000| PB 0x0000000733000000| Untracked 
| 717|0x0000000733400000, 0x0000000733400000, 0x0000000733800000|  0%| F|  |TAMS 0x0000000733400000| PB 0x0000000733400000| Untracked 
| 718|0x0000000733800000, 0x0000000733800000, 0x0000000733c00000|  0%| F|  |TAMS 0x0000000733800000| PB 0x0000000733800000| Untracked 
| 719|0x0000000733c00000, 0x0000000733c00000, 0x0000000734000000|  0%| F|  |TAMS 0x0000000733c00000| PB 0x0000000733c00000| Untracked 
| 720|0x0000000734000000, 0x0000000734000000, 0x0000000734400000|  0%| F|  |TAMS 0x0000000734000000| PB 0x0000000734000000| Untracked 
| 721|0x0000000734400000, 0x0000000734400000, 0x0000000734800000|  0%| F|  |TAMS 0x0000000734400000| PB 0x0000000734400000| Untracked 
| 722|0x0000000734800000, 0x0000000734800000, 0x0000000734c00000|  0%| F|  |TAMS 0x0000000734800000| PB 0x0000000734800000| Untracked 
| 723|0x0000000734c00000, 0x0000000734c00000, 0x0000000735000000|  0%| F|  |TAMS 0x0000000734c00000| PB 0x0000000734c00000| Untracked 
| 724|0x0000000735000000, 0x0000000735000000, 0x0000000735400000|  0%| F|  |TAMS 0x0000000735000000| PB 0x0000000735000000| Untracked 
| 725|0x0000000735400000, 0x0000000735400000, 0x0000000735800000|  0%| F|  |TAMS 0x0000000735400000| PB 0x0000000735400000| Untracked 
| 726|0x0000000735800000, 0x0000000735800000, 0x0000000735c00000|  0%| F|  |TAMS 0x0000000735800000| PB 0x0000000735800000| Untracked 
| 727|0x0000000735c00000, 0x0000000735c00000, 0x0000000736000000|  0%| F|  |TAMS 0x0000000735c00000| PB 0x0000000735c00000| Untracked 
| 728|0x0000000736000000, 0x0000000736000000, 0x0000000736400000|  0%| F|  |TAMS 0x0000000736000000| PB 0x0000000736000000| Untracked 
| 729|0x0000000736400000, 0x0000000736400000, 0x0000000736800000|  0%| F|  |TAMS 0x0000000736400000| PB 0x0000000736400000| Untracked 
| 730|0x0000000736800000, 0x0000000736800000, 0x0000000736c00000|  0%| F|  |TAMS 0x0000000736800000| PB 0x0000000736800000| Untracked 
| 731|0x0000000736c00000, 0x0000000736c00000, 0x0000000737000000|  0%| F|  |TAMS 0x0000000736c00000| PB 0x0000000736c00000| Untracked 
| 732|0x0000000737000000, 0x0000000737000000, 0x0000000737400000|  0%| F|  |TAMS 0x0000000737000000| PB 0x0000000737000000| Untracked 
| 733|0x0000000737400000, 0x0000000737400000, 0x0000000737800000|  0%| F|  |TAMS 0x0000000737400000| PB 0x0000000737400000| Untracked 
| 734|0x0000000737800000, 0x0000000737800000, 0x0000000737c00000|  0%| F|  |TAMS 0x0000000737800000| PB 0x0000000737800000| Untracked 
| 735|0x0000000737c00000, 0x0000000737c00000, 0x0000000738000000|  0%| F|  |TAMS 0x0000000737c00000| PB 0x0000000737c00000| Untracked 
| 736|0x0000000738000000, 0x0000000738000000, 0x0000000738400000|  0%| F|  |TAMS 0x0000000738000000| PB 0x0000000738000000| Untracked 
| 737|0x0000000738400000, 0x0000000738400000, 0x0000000738800000|  0%| F|  |TAMS 0x0000000738400000| PB 0x0000000738400000| Untracked 
| 738|0x0000000738800000, 0x0000000738800000, 0x0000000738c00000|  0%| F|  |TAMS 0x0000000738800000| PB 0x0000000738800000| Untracked 
| 739|0x0000000738c00000, 0x0000000738c00000, 0x0000000739000000|  0%| F|  |TAMS 0x0000000738c00000| PB 0x0000000738c00000| Untracked 
| 740|0x0000000739000000, 0x0000000739000000, 0x0000000739400000|  0%| F|  |TAMS 0x0000000739000000| PB 0x0000000739000000| Untracked 
| 741|0x0000000739400000, 0x0000000739400000, 0x0000000739800000|  0%| F|  |TAMS 0x0000000739400000| PB 0x0000000739400000| Untracked 
| 742|0x0000000739800000, 0x0000000739800000, 0x0000000739c00000|  0%| F|  |TAMS 0x0000000739800000| PB 0x0000000739800000| Untracked 
| 743|0x0000000739c00000, 0x0000000739c00000, 0x000000073a000000|  0%| F|  |TAMS 0x0000000739c00000| PB 0x0000000739c00000| Untracked 
| 744|0x000000073a000000, 0x000000073a000000, 0x000000073a400000|  0%| F|  |TAMS 0x000000073a000000| PB 0x000000073a000000| Untracked 
| 745|0x000000073a400000, 0x000000073a400000, 0x000000073a800000|  0%| F|  |TAMS 0x000000073a400000| PB 0x000000073a400000| Untracked 
| 746|0x000000073a800000, 0x000000073a800000, 0x000000073ac00000|  0%| F|  |TAMS 0x000000073a800000| PB 0x000000073a800000| Untracked 
| 747|0x000000073ac00000, 0x000000073ac00000, 0x000000073b000000|  0%| F|  |TAMS 0x000000073ac00000| PB 0x000000073ac00000| Untracked 
| 748|0x000000073b000000, 0x000000073b000000, 0x000000073b400000|  0%| F|  |TAMS 0x000000073b000000| PB 0x000000073b000000| Untracked 
| 749|0x000000073b400000, 0x000000073b400000, 0x000000073b800000|  0%| F|  |TAMS 0x000000073b400000| PB 0x000000073b400000| Untracked 
| 750|0x000000073b800000, 0x000000073b800000, 0x000000073bc00000|  0%| F|  |TAMS 0x000000073b800000| PB 0x000000073b800000| Untracked 
| 751|0x000000073bc00000, 0x000000073bc00000, 0x000000073c000000|  0%| F|  |TAMS 0x000000073bc00000| PB 0x000000073bc00000| Untracked 
| 752|0x000000073c000000, 0x000000073c000000, 0x000000073c400000|  0%| F|  |TAMS 0x000000073c000000| PB 0x000000073c000000| Untracked 
| 753|0x000000073c400000, 0x000000073c400000, 0x000000073c800000|  0%| F|  |TAMS 0x000000073c400000| PB 0x000000073c400000| Untracked 
| 754|0x000000073c800000, 0x000000073c800000, 0x000000073cc00000|  0%| F|  |TAMS 0x000000073c800000| PB 0x000000073c800000| Untracked 
| 755|0x000000073cc00000, 0x000000073cc00000, 0x000000073d000000|  0%| F|  |TAMS 0x000000073cc00000| PB 0x000000073cc00000| Untracked 
| 756|0x000000073d000000, 0x000000073d000000, 0x000000073d400000|  0%| F|  |TAMS 0x000000073d000000| PB 0x000000073d000000| Untracked 
| 757|0x000000073d400000, 0x000000073d400000, 0x000000073d800000|  0%| F|  |TAMS 0x000000073d400000| PB 0x000000073d400000| Untracked 
| 758|0x000000073d800000, 0x000000073d800000, 0x000000073dc00000|  0%| F|  |TAMS 0x000000073d800000| PB 0x000000073d800000| Untracked 
| 759|0x000000073dc00000, 0x000000073dc00000, 0x000000073e000000|  0%| F|  |TAMS 0x000000073dc00000| PB 0x000000073dc00000| Untracked 
| 760|0x000000073e000000, 0x000000073e000000, 0x000000073e400000|  0%| F|  |TAMS 0x000000073e000000| PB 0x000000073e000000| Untracked 
| 761|0x000000073e400000, 0x000000073e400000, 0x000000073e800000|  0%| F|  |TAMS 0x000000073e400000| PB 0x000000073e400000| Untracked 
| 762|0x000000073e800000, 0x000000073e800000, 0x000000073ec00000|  0%| F|  |TAMS 0x000000073e800000| PB 0x000000073e800000| Untracked 
| 763|0x000000073ec00000, 0x000000073ec00000, 0x000000073f000000|  0%| F|  |TAMS 0x000000073ec00000| PB 0x000000073ec00000| Untracked 
| 764|0x000000073f000000, 0x000000073f000000, 0x000000073f400000|  0%| F|  |TAMS 0x000000073f000000| PB 0x000000073f000000| Untracked 
| 765|0x000000073f400000, 0x000000073f400000, 0x000000073f800000|  0%| F|  |TAMS 0x000000073f400000| PB 0x000000073f400000| Untracked 
| 766|0x000000073f800000, 0x000000073f800000, 0x000000073fc00000|  0%| F|  |TAMS 0x000000073f800000| PB 0x000000073f800000| Untracked 
| 767|0x000000073fc00000, 0x000000073fc00000, 0x0000000740000000|  0%| F|  |TAMS 0x000000073fc00000| PB 0x000000073fc00000| Untracked 
| 768|0x0000000740000000, 0x0000000740000000, 0x0000000740400000|  0%| F|  |TAMS 0x0000000740000000| PB 0x0000000740000000| Untracked 
| 769|0x0000000740400000, 0x0000000740400000, 0x0000000740800000|  0%| F|  |TAMS 0x0000000740400000| PB 0x0000000740400000| Untracked 
| 770|0x0000000740800000, 0x0000000740800000, 0x0000000740c00000|  0%| F|  |TAMS 0x0000000740800000| PB 0x0000000740800000| Untracked 
| 771|0x0000000740c00000, 0x0000000740c00000, 0x0000000741000000|  0%| F|  |TAMS 0x0000000740c00000| PB 0x0000000740c00000| Untracked 
| 772|0x0000000741000000, 0x0000000741000000, 0x0000000741400000|  0%| F|  |TAMS 0x0000000741000000| PB 0x0000000741000000| Untracked 
| 773|0x0000000741400000, 0x0000000741400000, 0x0000000741800000|  0%| F|  |TAMS 0x0000000741400000| PB 0x0000000741400000| Untracked 
| 774|0x0000000741800000, 0x0000000741800000, 0x0000000741c00000|  0%| F|  |TAMS 0x0000000741800000| PB 0x0000000741800000| Untracked 
| 775|0x0000000741c00000, 0x0000000741c00000, 0x0000000742000000|  0%| F|  |TAMS 0x0000000741c00000| PB 0x0000000741c00000| Untracked 
| 776|0x0000000742000000, 0x0000000742000000, 0x0000000742400000|  0%| F|  |TAMS 0x0000000742000000| PB 0x0000000742000000| Untracked 
| 777|0x0000000742400000, 0x0000000742400000, 0x0000000742800000|  0%| F|  |TAMS 0x0000000742400000| PB 0x0000000742400000| Untracked 
| 778|0x0000000742800000, 0x0000000742800000, 0x0000000742c00000|  0%| F|  |TAMS 0x0000000742800000| PB 0x0000000742800000| Untracked 
| 779|0x0000000742c00000, 0x0000000742c00000, 0x0000000743000000|  0%| F|  |TAMS 0x0000000742c00000| PB 0x0000000742c00000| Untracked 
| 780|0x0000000743000000, 0x0000000743000000, 0x0000000743400000|  0%| F|  |TAMS 0x0000000743000000| PB 0x0000000743000000| Untracked 
| 781|0x0000000743400000, 0x0000000743400000, 0x0000000743800000|  0%| F|  |TAMS 0x0000000743400000| PB 0x0000000743400000| Untracked 
| 782|0x0000000743800000, 0x0000000743800000, 0x0000000743c00000|  0%| F|  |TAMS 0x0000000743800000| PB 0x0000000743800000| Untracked 
| 783|0x0000000743c00000, 0x0000000743c00000, 0x0000000744000000|  0%| F|  |TAMS 0x0000000743c00000| PB 0x0000000743c00000| Untracked 
| 784|0x0000000744000000, 0x0000000744000000, 0x0000000744400000|  0%| F|  |TAMS 0x0000000744000000| PB 0x0000000744000000| Untracked 
| 785|0x0000000744400000, 0x0000000744400000, 0x0000000744800000|  0%| F|  |TAMS 0x0000000744400000| PB 0x0000000744400000| Untracked 
| 786|0x0000000744800000, 0x0000000744800000, 0x0000000744c00000|  0%| F|  |TAMS 0x0000000744800000| PB 0x0000000744800000| Untracked 
| 787|0x0000000744c00000, 0x0000000744c00000, 0x0000000745000000|  0%| F|  |TAMS 0x0000000744c00000| PB 0x0000000744c00000| Untracked 
| 788|0x0000000745000000, 0x0000000745000000, 0x0000000745400000|  0%| F|  |TAMS 0x0000000745000000| PB 0x0000000745000000| Untracked 
| 789|0x0000000745400000, 0x0000000745400000, 0x0000000745800000|  0%| F|  |TAMS 0x0000000745400000| PB 0x0000000745400000| Untracked 
| 790|0x0000000745800000, 0x0000000745800000, 0x0000000745c00000|  0%| F|  |TAMS 0x0000000745800000| PB 0x0000000745800000| Untracked 
| 791|0x0000000745c00000, 0x0000000745c00000, 0x0000000746000000|  0%| F|  |TAMS 0x0000000745c00000| PB 0x0000000745c00000| Untracked 
| 792|0x0000000746000000, 0x0000000746000000, 0x0000000746400000|  0%| F|  |TAMS 0x0000000746000000| PB 0x0000000746000000| Untracked 
| 793|0x0000000746400000, 0x0000000746400000, 0x0000000746800000|  0%| F|  |TAMS 0x0000000746400000| PB 0x0000000746400000| Untracked 
| 794|0x0000000746800000, 0x0000000746800000, 0x0000000746c00000|  0%| F|  |TAMS 0x0000000746800000| PB 0x0000000746800000| Untracked 
| 795|0x0000000746c00000, 0x0000000746c00000, 0x0000000747000000|  0%| F|  |TAMS 0x0000000746c00000| PB 0x0000000746c00000| Untracked 
| 796|0x0000000747000000, 0x0000000747000000, 0x0000000747400000|  0%| F|  |TAMS 0x0000000747000000| PB 0x0000000747000000| Untracked 
| 797|0x0000000747400000, 0x0000000747400000, 0x0000000747800000|  0%| F|  |TAMS 0x0000000747400000| PB 0x0000000747400000| Untracked 
| 798|0x0000000747800000, 0x0000000747800000, 0x0000000747c00000|  0%| F|  |TAMS 0x0000000747800000| PB 0x0000000747800000| Untracked 
| 799|0x0000000747c00000, 0x0000000747c00000, 0x0000000748000000|  0%| F|  |TAMS 0x0000000747c00000| PB 0x0000000747c00000| Untracked 
| 800|0x0000000748000000, 0x0000000748000000, 0x0000000748400000|  0%| F|  |TAMS 0x0000000748000000| PB 0x0000000748000000| Untracked 
| 801|0x0000000748400000, 0x0000000748400000, 0x0000000748800000|  0%| F|  |TAMS 0x0000000748400000| PB 0x0000000748400000| Untracked 
| 802|0x0000000748800000, 0x0000000748800000, 0x0000000748c00000|  0%| F|  |TAMS 0x0000000748800000| PB 0x0000000748800000| Untracked 
| 803|0x0000000748c00000, 0x0000000748c00000, 0x0000000749000000|  0%| F|  |TAMS 0x0000000748c00000| PB 0x0000000748c00000| Untracked 
| 804|0x0000000749000000, 0x0000000749000000, 0x0000000749400000|  0%| F|  |TAMS 0x0000000749000000| PB 0x0000000749000000| Untracked 
| 805|0x0000000749400000, 0x0000000749400000, 0x0000000749800000|  0%| F|  |TAMS 0x0000000749400000| PB 0x0000000749400000| Untracked 
| 806|0x0000000749800000, 0x0000000749800000, 0x0000000749c00000|  0%| F|  |TAMS 0x0000000749800000| PB 0x0000000749800000| Untracked 
| 807|0x0000000749c00000, 0x0000000749c00000, 0x000000074a000000|  0%| F|  |TAMS 0x0000000749c00000| PB 0x0000000749c00000| Untracked 
| 808|0x000000074a000000, 0x000000074a000000, 0x000000074a400000|  0%| F|  |TAMS 0x000000074a000000| PB 0x000000074a000000| Untracked 
| 809|0x000000074a400000, 0x000000074a400000, 0x000000074a800000|  0%| F|  |TAMS 0x000000074a400000| PB 0x000000074a400000| Untracked 
| 810|0x000000074a800000, 0x000000074a800000, 0x000000074ac00000|  0%| F|  |TAMS 0x000000074a800000| PB 0x000000074a800000| Untracked 
| 811|0x000000074ac00000, 0x000000074ac00000, 0x000000074b000000|  0%| F|  |TAMS 0x000000074ac00000| PB 0x000000074ac00000| Untracked 
| 812|0x000000074b000000, 0x000000074b000000, 0x000000074b400000|  0%| F|  |TAMS 0x000000074b000000| PB 0x000000074b000000| Untracked 
| 813|0x000000074b400000, 0x000000074b400000, 0x000000074b800000|  0%| F|  |TAMS 0x000000074b400000| PB 0x000000074b400000| Untracked 
| 814|0x000000074b800000, 0x000000074b800000, 0x000000074bc00000|  0%| F|  |TAMS 0x000000074b800000| PB 0x000000074b800000| Untracked 
| 815|0x000000074bc00000, 0x000000074bc00000, 0x000000074c000000|  0%| F|  |TAMS 0x000000074bc00000| PB 0x000000074bc00000| Untracked 
| 816|0x000000074c000000, 0x000000074c000000, 0x000000074c400000|  0%| F|  |TAMS 0x000000074c000000| PB 0x000000074c000000| Untracked 
| 817|0x000000074c400000, 0x000000074c400000, 0x000000074c800000|  0%| F|  |TAMS 0x000000074c400000| PB 0x000000074c400000| Untracked 
| 818|0x000000074c800000, 0x000000074c800000, 0x000000074cc00000|  0%| F|  |TAMS 0x000000074c800000| PB 0x000000074c800000| Untracked 
| 819|0x000000074cc00000, 0x000000074cc00000, 0x000000074d000000|  0%| F|  |TAMS 0x000000074cc00000| PB 0x000000074cc00000| Untracked 
| 820|0x000000074d000000, 0x000000074d000000, 0x000000074d400000|  0%| F|  |TAMS 0x000000074d000000| PB 0x000000074d000000| Untracked 
| 821|0x000000074d400000, 0x000000074d400000, 0x000000074d800000|  0%| F|  |TAMS 0x000000074d400000| PB 0x000000074d400000| Untracked 
| 822|0x000000074d800000, 0x000000074d800000, 0x000000074dc00000|  0%| F|  |TAMS 0x000000074d800000| PB 0x000000074d800000| Untracked 
| 823|0x000000074dc00000, 0x000000074dc00000, 0x000000074e000000|  0%| F|  |TAMS 0x000000074dc00000| PB 0x000000074dc00000| Untracked 
| 824|0x000000074e000000, 0x000000074e000000, 0x000000074e400000|  0%| F|  |TAMS 0x000000074e000000| PB 0x000000074e000000| Untracked 
| 825|0x000000074e400000, 0x000000074e400000, 0x000000074e800000|  0%| F|  |TAMS 0x000000074e400000| PB 0x000000074e400000| Untracked 
| 826|0x000000074e800000, 0x000000074e800000, 0x000000074ec00000|  0%| F|  |TAMS 0x000000074e800000| PB 0x000000074e800000| Untracked 
| 827|0x000000074ec00000, 0x000000074ec00000, 0x000000074f000000|  0%| F|  |TAMS 0x000000074ec00000| PB 0x000000074ec00000| Untracked 
| 828|0x000000074f000000, 0x000000074f000000, 0x000000074f400000|  0%| F|  |TAMS 0x000000074f000000| PB 0x000000074f000000| Untracked 
| 829|0x000000074f400000, 0x000000074f400000, 0x000000074f800000|  0%| F|  |TAMS 0x000000074f400000| PB 0x000000074f400000| Untracked 
| 830|0x000000074f800000, 0x000000074f800000, 0x000000074fc00000|  0%| F|  |TAMS 0x000000074f800000| PB 0x000000074f800000| Untracked 
| 831|0x000000074fc00000, 0x000000074fc00000, 0x0000000750000000|  0%| F|  |TAMS 0x000000074fc00000| PB 0x000000074fc00000| Untracked 
| 832|0x0000000750000000, 0x0000000750000000, 0x0000000750400000|  0%| F|  |TAMS 0x0000000750000000| PB 0x0000000750000000| Untracked 
| 833|0x0000000750400000, 0x0000000750400000, 0x0000000750800000|  0%| F|  |TAMS 0x0000000750400000| PB 0x0000000750400000| Untracked 
| 834|0x0000000750800000, 0x0000000750800000, 0x0000000750c00000|  0%| F|  |TAMS 0x0000000750800000| PB 0x0000000750800000| Untracked 
| 835|0x0000000750c00000, 0x0000000750c00000, 0x0000000751000000|  0%| F|  |TAMS 0x0000000750c00000| PB 0x0000000750c00000| Untracked 
| 836|0x0000000751000000, 0x0000000751000000, 0x0000000751400000|  0%| F|  |TAMS 0x0000000751000000| PB 0x0000000751000000| Untracked 
| 837|0x0000000751400000, 0x0000000751400000, 0x0000000751800000|  0%| F|  |TAMS 0x0000000751400000| PB 0x0000000751400000| Untracked 
| 838|0x0000000751800000, 0x0000000751800000, 0x0000000751c00000|  0%| F|  |TAMS 0x0000000751800000| PB 0x0000000751800000| Untracked 
| 839|0x0000000751c00000, 0x0000000751c00000, 0x0000000752000000|  0%| F|  |TAMS 0x0000000751c00000| PB 0x0000000751c00000| Untracked 
| 840|0x0000000752000000, 0x0000000752000000, 0x0000000752400000|  0%| F|  |TAMS 0x0000000752000000| PB 0x0000000752000000| Untracked 
| 841|0x0000000752400000, 0x0000000752400000, 0x0000000752800000|  0%| F|  |TAMS 0x0000000752400000| PB 0x0000000752400000| Untracked 
| 842|0x0000000752800000, 0x0000000752800000, 0x0000000752c00000|  0%| F|  |TAMS 0x0000000752800000| PB 0x0000000752800000| Untracked 
| 843|0x0000000752c00000, 0x0000000752c00000, 0x0000000753000000|  0%| F|  |TAMS 0x0000000752c00000| PB 0x0000000752c00000| Untracked 
| 844|0x0000000753000000, 0x0000000753000000, 0x0000000753400000|  0%| F|  |TAMS 0x0000000753000000| PB 0x0000000753000000| Untracked 
| 845|0x0000000753400000, 0x0000000753400000, 0x0000000753800000|  0%| F|  |TAMS 0x0000000753400000| PB 0x0000000753400000| Untracked 
| 846|0x0000000753800000, 0x0000000753800000, 0x0000000753c00000|  0%| F|  |TAMS 0x0000000753800000| PB 0x0000000753800000| Untracked 
| 847|0x0000000753c00000, 0x0000000753c00000, 0x0000000754000000|  0%| F|  |TAMS 0x0000000753c00000| PB 0x0000000753c00000| Untracked 
| 848|0x0000000754000000, 0x0000000754000000, 0x0000000754400000|  0%| F|  |TAMS 0x0000000754000000| PB 0x0000000754000000| Untracked 
| 849|0x0000000754400000, 0x0000000754400000, 0x0000000754800000|  0%| F|  |TAMS 0x0000000754400000| PB 0x0000000754400000| Untracked 
| 850|0x0000000754800000, 0x0000000754800000, 0x0000000754c00000|  0%| F|  |TAMS 0x0000000754800000| PB 0x0000000754800000| Untracked 
| 851|0x0000000754c00000, 0x0000000754c00000, 0x0000000755000000|  0%| F|  |TAMS 0x0000000754c00000| PB 0x0000000754c00000| Untracked 
| 852|0x0000000755000000, 0x0000000755000000, 0x0000000755400000|  0%| F|  |TAMS 0x0000000755000000| PB 0x0000000755000000| Untracked 
| 853|0x0000000755400000, 0x0000000755400000, 0x0000000755800000|  0%| F|  |TAMS 0x0000000755400000| PB 0x0000000755400000| Untracked 
| 854|0x0000000755800000, 0x0000000755800000, 0x0000000755c00000|  0%| F|  |TAMS 0x0000000755800000| PB 0x0000000755800000| Untracked 
| 855|0x0000000755c00000, 0x0000000755c00000, 0x0000000756000000|  0%| F|  |TAMS 0x0000000755c00000| PB 0x0000000755c00000| Untracked 
| 856|0x0000000756000000, 0x0000000756000000, 0x0000000756400000|  0%| F|  |TAMS 0x0000000756000000| PB 0x0000000756000000| Untracked 
| 857|0x0000000756400000, 0x0000000756400000, 0x0000000756800000|  0%| F|  |TAMS 0x0000000756400000| PB 0x0000000756400000| Untracked 
| 858|0x0000000756800000, 0x0000000756800000, 0x0000000756c00000|  0%| F|  |TAMS 0x0000000756800000| PB 0x0000000756800000| Untracked 
| 859|0x0000000756c00000, 0x0000000756c00000, 0x0000000757000000|  0%| F|  |TAMS 0x0000000756c00000| PB 0x0000000756c00000| Untracked 
| 860|0x0000000757000000, 0x0000000757000000, 0x0000000757400000|  0%| F|  |TAMS 0x0000000757000000| PB 0x0000000757000000| Untracked 
| 861|0x0000000757400000, 0x0000000757400000, 0x0000000757800000|  0%| F|  |TAMS 0x0000000757400000| PB 0x0000000757400000| Untracked 
| 862|0x0000000757800000, 0x0000000757800000, 0x0000000757c00000|  0%| F|  |TAMS 0x0000000757800000| PB 0x0000000757800000| Untracked 
| 863|0x0000000757c00000, 0x0000000757c00000, 0x0000000758000000|  0%| F|  |TAMS 0x0000000757c00000| PB 0x0000000757c00000| Untracked 
| 864|0x0000000758000000, 0x0000000758000000, 0x0000000758400000|  0%| F|  |TAMS 0x0000000758000000| PB 0x0000000758000000| Untracked 
| 865|0x0000000758400000, 0x0000000758400000, 0x0000000758800000|  0%| F|  |TAMS 0x0000000758400000| PB 0x0000000758400000| Untracked 
| 866|0x0000000758800000, 0x0000000758800000, 0x0000000758c00000|  0%| F|  |TAMS 0x0000000758800000| PB 0x0000000758800000| Untracked 
| 867|0x0000000758c00000, 0x0000000758c00000, 0x0000000759000000|  0%| F|  |TAMS 0x0000000758c00000| PB 0x0000000758c00000| Untracked 
| 868|0x0000000759000000, 0x0000000759000000, 0x0000000759400000|  0%| F|  |TAMS 0x0000000759000000| PB 0x0000000759000000| Untracked 
| 869|0x0000000759400000, 0x0000000759400000, 0x0000000759800000|  0%| F|  |TAMS 0x0000000759400000| PB 0x0000000759400000| Untracked 
| 870|0x0000000759800000, 0x0000000759800000, 0x0000000759c00000|  0%| F|  |TAMS 0x0000000759800000| PB 0x0000000759800000| Untracked 
| 871|0x0000000759c00000, 0x0000000759c00000, 0x000000075a000000|  0%| F|  |TAMS 0x0000000759c00000| PB 0x0000000759c00000| Untracked 
| 872|0x000000075a000000, 0x000000075a000000, 0x000000075a400000|  0%| F|  |TAMS 0x000000075a000000| PB 0x000000075a000000| Untracked 
| 873|0x000000075a400000, 0x000000075a400000, 0x000000075a800000|  0%| F|  |TAMS 0x000000075a400000| PB 0x000000075a400000| Untracked 
| 874|0x000000075a800000, 0x000000075a800000, 0x000000075ac00000|  0%| F|  |TAMS 0x000000075a800000| PB 0x000000075a800000| Untracked 
| 875|0x000000075ac00000, 0x000000075ac00000, 0x000000075b000000|  0%| F|  |TAMS 0x000000075ac00000| PB 0x000000075ac00000| Untracked 
| 876|0x000000075b000000, 0x000000075b000000, 0x000000075b400000|  0%| F|  |TAMS 0x000000075b000000| PB 0x000000075b000000| Untracked 
| 877|0x000000075b400000, 0x000000075b400000, 0x000000075b800000|  0%| F|  |TAMS 0x000000075b400000| PB 0x000000075b400000| Untracked 
| 878|0x000000075b800000, 0x000000075b800000, 0x000000075bc00000|  0%| F|  |TAMS 0x000000075b800000| PB 0x000000075b800000| Untracked 
| 879|0x000000075bc00000, 0x000000075bc00000, 0x000000075c000000|  0%| F|  |TAMS 0x000000075bc00000| PB 0x000000075bc00000| Untracked 
| 880|0x000000075c000000, 0x000000075c000000, 0x000000075c400000|  0%| F|  |TAMS 0x000000075c000000| PB 0x000000075c000000| Untracked 
| 881|0x000000075c400000, 0x000000075c400000, 0x000000075c800000|  0%| F|  |TAMS 0x000000075c400000| PB 0x000000075c400000| Untracked 
| 882|0x000000075c800000, 0x000000075c800000, 0x000000075cc00000|  0%| F|  |TAMS 0x000000075c800000| PB 0x000000075c800000| Untracked 
| 883|0x000000075cc00000, 0x000000075cc00000, 0x000000075d000000|  0%| F|  |TAMS 0x000000075cc00000| PB 0x000000075cc00000| Untracked 
| 884|0x000000075d000000, 0x000000075d000000, 0x000000075d400000|  0%| F|  |TAMS 0x000000075d000000| PB 0x000000075d000000| Untracked 
| 885|0x000000075d400000, 0x000000075d400000, 0x000000075d800000|  0%| F|  |TAMS 0x000000075d400000| PB 0x000000075d400000| Untracked 
| 886|0x000000075d800000, 0x000000075d800000, 0x000000075dc00000|  0%| F|  |TAMS 0x000000075d800000| PB 0x000000075d800000| Untracked 
| 887|0x000000075dc00000, 0x000000075dc00000, 0x000000075e000000|  0%| F|  |TAMS 0x000000075dc00000| PB 0x000000075dc00000| Untracked 
| 888|0x000000075e000000, 0x000000075e000000, 0x000000075e400000|  0%| F|  |TAMS 0x000000075e000000| PB 0x000000075e000000| Untracked 
| 889|0x000000075e400000, 0x000000075e400000, 0x000000075e800000|  0%| F|  |TAMS 0x000000075e400000| PB 0x000000075e400000| Untracked 
| 890|0x000000075e800000, 0x000000075e800000, 0x000000075ec00000|  0%| F|  |TAMS 0x000000075e800000| PB 0x000000075e800000| Untracked 
| 891|0x000000075ec00000, 0x000000075ec00000, 0x000000075f000000|  0%| F|  |TAMS 0x000000075ec00000| PB 0x000000075ec00000| Untracked 
| 892|0x000000075f000000, 0x000000075f000000, 0x000000075f400000|  0%| F|  |TAMS 0x000000075f000000| PB 0x000000075f000000| Untracked 
| 893|0x000000075f400000, 0x000000075f400000, 0x000000075f800000|  0%| F|  |TAMS 0x000000075f400000| PB 0x000000075f400000| Untracked 
| 894|0x000000075f800000, 0x000000075f800000, 0x000000075fc00000|  0%| F|  |TAMS 0x000000075f800000| PB 0x000000075f800000| Untracked 
| 895|0x000000075fc00000, 0x000000075fc00000, 0x0000000760000000|  0%| F|  |TAMS 0x000000075fc00000| PB 0x000000075fc00000| Untracked 
| 896|0x0000000760000000, 0x0000000760000000, 0x0000000760400000|  0%| F|  |TAMS 0x0000000760000000| PB 0x0000000760000000| Untracked 
| 897|0x0000000760400000, 0x0000000760400000, 0x0000000760800000|  0%| F|  |TAMS 0x0000000760400000| PB 0x0000000760400000| Untracked 
| 898|0x0000000760800000, 0x0000000760800000, 0x0000000760c00000|  0%| F|  |TAMS 0x0000000760800000| PB 0x0000000760800000| Untracked 
| 899|0x0000000760c00000, 0x0000000760c00000, 0x0000000761000000|  0%| F|  |TAMS 0x0000000760c00000| PB 0x0000000760c00000| Untracked 
| 900|0x0000000761000000, 0x0000000761000000, 0x0000000761400000|  0%| F|  |TAMS 0x0000000761000000| PB 0x0000000761000000| Untracked 
| 901|0x0000000761400000, 0x0000000761400000, 0x0000000761800000|  0%| F|  |TAMS 0x0000000761400000| PB 0x0000000761400000| Untracked 
| 902|0x0000000761800000, 0x0000000761800000, 0x0000000761c00000|  0%| F|  |TAMS 0x0000000761800000| PB 0x0000000761800000| Untracked 
| 903|0x0000000761c00000, 0x0000000761c00000, 0x0000000762000000|  0%| F|  |TAMS 0x0000000761c00000| PB 0x0000000761c00000| Untracked 
| 904|0x0000000762000000, 0x0000000762000000, 0x0000000762400000|  0%| F|  |TAMS 0x0000000762000000| PB 0x0000000762000000| Untracked 
| 905|0x0000000762400000, 0x0000000762400000, 0x0000000762800000|  0%| F|  |TAMS 0x0000000762400000| PB 0x0000000762400000| Untracked 
| 906|0x0000000762800000, 0x0000000762800000, 0x0000000762c00000|  0%| F|  |TAMS 0x0000000762800000| PB 0x0000000762800000| Untracked 
| 907|0x0000000762c00000, 0x0000000762c00000, 0x0000000763000000|  0%| F|  |TAMS 0x0000000762c00000| PB 0x0000000762c00000| Untracked 
| 908|0x0000000763000000, 0x0000000763000000, 0x0000000763400000|  0%| F|  |TAMS 0x0000000763000000| PB 0x0000000763000000| Untracked 
| 909|0x0000000763400000, 0x0000000763400000, 0x0000000763800000|  0%| F|  |TAMS 0x0000000763400000| PB 0x0000000763400000| Untracked 
| 910|0x0000000763800000, 0x0000000763800000, 0x0000000763c00000|  0%| F|  |TAMS 0x0000000763800000| PB 0x0000000763800000| Untracked 
| 911|0x0000000763c00000, 0x0000000763c00000, 0x0000000764000000|  0%| F|  |TAMS 0x0000000763c00000| PB 0x0000000763c00000| Untracked 
| 912|0x0000000764000000, 0x0000000764000000, 0x0000000764400000|  0%| F|  |TAMS 0x0000000764000000| PB 0x0000000764000000| Untracked 
| 913|0x0000000764400000, 0x0000000764400000, 0x0000000764800000|  0%| F|  |TAMS 0x0000000764400000| PB 0x0000000764400000| Untracked 
| 914|0x0000000764800000, 0x0000000764800000, 0x0000000764c00000|  0%| F|  |TAMS 0x0000000764800000| PB 0x0000000764800000| Untracked 
| 915|0x0000000764c00000, 0x0000000764c00000, 0x0000000765000000|  0%| F|  |TAMS 0x0000000764c00000| PB 0x0000000764c00000| Untracked 
| 916|0x0000000765000000, 0x0000000765000000, 0x0000000765400000|  0%| F|  |TAMS 0x0000000765000000| PB 0x0000000765000000| Untracked 
| 917|0x0000000765400000, 0x0000000765400000, 0x0000000765800000|  0%| F|  |TAMS 0x0000000765400000| PB 0x0000000765400000| Untracked 
| 918|0x0000000765800000, 0x0000000765800000, 0x0000000765c00000|  0%| F|  |TAMS 0x0000000765800000| PB 0x0000000765800000| Untracked 
| 919|0x0000000765c00000, 0x0000000765c00000, 0x0000000766000000|  0%| F|  |TAMS 0x0000000765c00000| PB 0x0000000765c00000| Untracked 
| 920|0x0000000766000000, 0x0000000766000000, 0x0000000766400000|  0%| F|  |TAMS 0x0000000766000000| PB 0x0000000766000000| Untracked 
| 921|0x0000000766400000, 0x0000000766400000, 0x0000000766800000|  0%| F|  |TAMS 0x0000000766400000| PB 0x0000000766400000| Untracked 
| 922|0x0000000766800000, 0x0000000766800000, 0x0000000766c00000|  0%| F|  |TAMS 0x0000000766800000| PB 0x0000000766800000| Untracked 
| 923|0x0000000766c00000, 0x0000000766c00000, 0x0000000767000000|  0%| F|  |TAMS 0x0000000766c00000| PB 0x0000000766c00000| Untracked 
| 924|0x0000000767000000, 0x0000000767000000, 0x0000000767400000|  0%| F|  |TAMS 0x0000000767000000| PB 0x0000000767000000| Untracked 
| 925|0x0000000767400000, 0x0000000767400000, 0x0000000767800000|  0%| F|  |TAMS 0x0000000767400000| PB 0x0000000767400000| Untracked 
| 926|0x0000000767800000, 0x0000000767800000, 0x0000000767c00000|  0%| F|  |TAMS 0x0000000767800000| PB 0x0000000767800000| Untracked 
| 927|0x0000000767c00000, 0x0000000767c00000, 0x0000000768000000|  0%| F|  |TAMS 0x0000000767c00000| PB 0x0000000767c00000| Untracked 
| 928|0x0000000768000000, 0x0000000768000000, 0x0000000768400000|  0%| F|  |TAMS 0x0000000768000000| PB 0x0000000768000000| Untracked 
| 929|0x0000000768400000, 0x0000000768400000, 0x0000000768800000|  0%| F|  |TAMS 0x0000000768400000| PB 0x0000000768400000| Untracked 
| 930|0x0000000768800000, 0x0000000768800000, 0x0000000768c00000|  0%| F|  |TAMS 0x0000000768800000| PB 0x0000000768800000| Untracked 
| 931|0x0000000768c00000, 0x0000000768c00000, 0x0000000769000000|  0%| F|  |TAMS 0x0000000768c00000| PB 0x0000000768c00000| Untracked 
| 932|0x0000000769000000, 0x0000000769000000, 0x0000000769400000|  0%| F|  |TAMS 0x0000000769000000| PB 0x0000000769000000| Untracked 
| 933|0x0000000769400000, 0x0000000769400000, 0x0000000769800000|  0%| F|  |TAMS 0x0000000769400000| PB 0x0000000769400000| Untracked 
| 934|0x0000000769800000, 0x0000000769800000, 0x0000000769c00000|  0%| F|  |TAMS 0x0000000769800000| PB 0x0000000769800000| Untracked 
| 935|0x0000000769c00000, 0x0000000769c00000, 0x000000076a000000|  0%| F|  |TAMS 0x0000000769c00000| PB 0x0000000769c00000| Untracked 
| 936|0x000000076a000000, 0x000000076a000000, 0x000000076a400000|  0%| F|  |TAMS 0x000000076a000000| PB 0x000000076a000000| Untracked 
| 937|0x000000076a400000, 0x000000076a400000, 0x000000076a800000|  0%| F|  |TAMS 0x000000076a400000| PB 0x000000076a400000| Untracked 
| 938|0x000000076a800000, 0x000000076a800000, 0x000000076ac00000|  0%| F|  |TAMS 0x000000076a800000| PB 0x000000076a800000| Untracked 
| 939|0x000000076ac00000, 0x000000076ac00000, 0x000000076b000000|  0%| F|  |TAMS 0x000000076ac00000| PB 0x000000076ac00000| Untracked 
| 940|0x000000076b000000, 0x000000076b000000, 0x000000076b400000|  0%| F|  |TAMS 0x000000076b000000| PB 0x000000076b000000| Untracked 
| 941|0x000000076b400000, 0x000000076b400000, 0x000000076b800000|  0%| F|  |TAMS 0x000000076b400000| PB 0x000000076b400000| Untracked 
| 942|0x000000076b800000, 0x000000076b800000, 0x000000076bc00000|  0%| F|  |TAMS 0x000000076b800000| PB 0x000000076b800000| Untracked 
| 943|0x000000076bc00000, 0x000000076bc00000, 0x000000076c000000|  0%| F|  |TAMS 0x000000076bc00000| PB 0x000000076bc00000| Untracked 
| 944|0x000000076c000000, 0x000000076c000000, 0x000000076c400000|  0%| F|  |TAMS 0x000000076c000000| PB 0x000000076c000000| Untracked 
| 945|0x000000076c400000, 0x000000076c400000, 0x000000076c800000|  0%| F|  |TAMS 0x000000076c400000| PB 0x000000076c400000| Untracked 
| 946|0x000000076c800000, 0x000000076c800000, 0x000000076cc00000|  0%| F|  |TAMS 0x000000076c800000| PB 0x000000076c800000| Untracked 
| 947|0x000000076cc00000, 0x000000076cc00000, 0x000000076d000000|  0%| F|  |TAMS 0x000000076cc00000| PB 0x000000076cc00000| Untracked 
| 948|0x000000076d000000, 0x000000076d000000, 0x000000076d400000|  0%| F|  |TAMS 0x000000076d000000| PB 0x000000076d000000| Untracked 
| 949|0x000000076d400000, 0x000000076d400000, 0x000000076d800000|  0%| F|  |TAMS 0x000000076d400000| PB 0x000000076d400000| Untracked 
| 950|0x000000076d800000, 0x000000076d800000, 0x000000076dc00000|  0%| F|  |TAMS 0x000000076d800000| PB 0x000000076d800000| Untracked 
| 951|0x000000076dc00000, 0x000000076dc00000, 0x000000076e000000|  0%| F|  |TAMS 0x000000076dc00000| PB 0x000000076dc00000| Untracked 
| 952|0x000000076e000000, 0x000000076e000000, 0x000000076e400000|  0%| F|  |TAMS 0x000000076e000000| PB 0x000000076e000000| Untracked 
| 953|0x000000076e400000, 0x000000076e400000, 0x000000076e800000|  0%| F|  |TAMS 0x000000076e400000| PB 0x000000076e400000| Untracked 
| 954|0x000000076e800000, 0x000000076e800000, 0x000000076ec00000|  0%| F|  |TAMS 0x000000076e800000| PB 0x000000076e800000| Untracked 
| 955|0x000000076ec00000, 0x000000076ec00000, 0x000000076f000000|  0%| F|  |TAMS 0x000000076ec00000| PB 0x000000076ec00000| Untracked 
| 956|0x000000076f000000, 0x000000076f000000, 0x000000076f400000|  0%| F|  |TAMS 0x000000076f000000| PB 0x000000076f000000| Untracked 
| 957|0x000000076f400000, 0x000000076f400000, 0x000000076f800000|  0%| F|  |TAMS 0x000000076f400000| PB 0x000000076f400000| Untracked 
| 958|0x000000076f800000, 0x000000076f800000, 0x000000076fc00000|  0%| F|  |TAMS 0x000000076f800000| PB 0x000000076f800000| Untracked 
| 959|0x000000076fc00000, 0x000000076fc00000, 0x0000000770000000|  0%| F|  |TAMS 0x000000076fc00000| PB 0x000000076fc00000| Untracked 
| 960|0x0000000770000000, 0x0000000770000000, 0x0000000770400000|  0%| F|  |TAMS 0x0000000770000000| PB 0x0000000770000000| Untracked 
| 961|0x0000000770400000, 0x0000000770400000, 0x0000000770800000|  0%| F|  |TAMS 0x0000000770400000| PB 0x0000000770400000| Untracked 
| 962|0x0000000770800000, 0x0000000770800000, 0x0000000770c00000|  0%| F|  |TAMS 0x0000000770800000| PB 0x0000000770800000| Untracked 
| 963|0x0000000770c00000, 0x0000000770c00000, 0x0000000771000000|  0%| F|  |TAMS 0x0000000770c00000| PB 0x0000000770c00000| Untracked 
| 964|0x0000000771000000, 0x0000000771000000, 0x0000000771400000|  0%| F|  |TAMS 0x0000000771000000| PB 0x0000000771000000| Untracked 
| 965|0x0000000771400000, 0x0000000771400000, 0x0000000771800000|  0%| F|  |TAMS 0x0000000771400000| PB 0x0000000771400000| Untracked 
| 966|0x0000000771800000, 0x0000000771800000, 0x0000000771c00000|  0%| F|  |TAMS 0x0000000771800000| PB 0x0000000771800000| Untracked 
| 967|0x0000000771c00000, 0x0000000771c00000, 0x0000000772000000|  0%| F|  |TAMS 0x0000000771c00000| PB 0x0000000771c00000| Untracked 
| 968|0x0000000772000000, 0x0000000772000000, 0x0000000772400000|  0%| F|  |TAMS 0x0000000772000000| PB 0x0000000772000000| Untracked 
| 969|0x0000000772400000, 0x0000000772400000, 0x0000000772800000|  0%| F|  |TAMS 0x0000000772400000| PB 0x0000000772400000| Untracked 
| 970|0x0000000772800000, 0x0000000772800000, 0x0000000772c00000|  0%| F|  |TAMS 0x0000000772800000| PB 0x0000000772800000| Untracked 
| 971|0x0000000772c00000, 0x0000000772c00000, 0x0000000773000000|  0%| F|  |TAMS 0x0000000772c00000| PB 0x0000000772c00000| Untracked 
| 972|0x0000000773000000, 0x0000000773000000, 0x0000000773400000|  0%| F|  |TAMS 0x0000000773000000| PB 0x0000000773000000| Untracked 
| 973|0x0000000773400000, 0x0000000773400000, 0x0000000773800000|  0%| F|  |TAMS 0x0000000773400000| PB 0x0000000773400000| Untracked 
| 974|0x0000000773800000, 0x0000000773800000, 0x0000000773c00000|  0%| F|  |TAMS 0x0000000773800000| PB 0x0000000773800000| Untracked 
| 975|0x0000000773c00000, 0x0000000773c00000, 0x0000000774000000|  0%| F|  |TAMS 0x0000000773c00000| PB 0x0000000773c00000| Untracked 
| 976|0x0000000774000000, 0x0000000774000000, 0x0000000774400000|  0%| F|  |TAMS 0x0000000774000000| PB 0x0000000774000000| Untracked 
| 977|0x0000000774400000, 0x0000000774400000, 0x0000000774800000|  0%| F|  |TAMS 0x0000000774400000| PB 0x0000000774400000| Untracked 
| 978|0x0000000774800000, 0x0000000774800000, 0x0000000774c00000|  0%| F|  |TAMS 0x0000000774800000| PB 0x0000000774800000| Untracked 
| 979|0x0000000774c00000, 0x0000000774c00000, 0x0000000775000000|  0%| F|  |TAMS 0x0000000774c00000| PB 0x0000000774c00000| Untracked 
| 980|0x0000000775000000, 0x0000000775000000, 0x0000000775400000|  0%| F|  |TAMS 0x0000000775000000| PB 0x0000000775000000| Untracked 
| 981|0x0000000775400000, 0x0000000775400000, 0x0000000775800000|  0%| F|  |TAMS 0x0000000775400000| PB 0x0000000775400000| Untracked 
| 982|0x0000000775800000, 0x0000000775800000, 0x0000000775c00000|  0%| F|  |TAMS 0x0000000775800000| PB 0x0000000775800000| Untracked 
| 983|0x0000000775c00000, 0x0000000775c00000, 0x0000000776000000|  0%| F|  |TAMS 0x0000000775c00000| PB 0x0000000775c00000| Untracked 
| 984|0x0000000776000000, 0x0000000776000000, 0x0000000776400000|  0%| F|  |TAMS 0x0000000776000000| PB 0x0000000776000000| Untracked 
| 985|0x0000000776400000, 0x0000000776400000, 0x0000000776800000|  0%| F|  |TAMS 0x0000000776400000| PB 0x0000000776400000| Untracked 
| 986|0x0000000776800000, 0x0000000776800000, 0x0000000776c00000|  0%| F|  |TAMS 0x0000000776800000| PB 0x0000000776800000| Untracked 
| 987|0x0000000776c00000, 0x0000000776c00000, 0x0000000777000000|  0%| F|  |TAMS 0x0000000776c00000| PB 0x0000000776c00000| Untracked 
| 988|0x0000000777000000, 0x0000000777000000, 0x0000000777400000|  0%| F|  |TAMS 0x0000000777000000| PB 0x0000000777000000| Untracked 
| 989|0x0000000777400000, 0x0000000777400000, 0x0000000777800000|  0%| F|  |TAMS 0x0000000777400000| PB 0x0000000777400000| Untracked 
| 990|0x0000000777800000, 0x0000000777800000, 0x0000000777c00000|  0%| F|  |TAMS 0x0000000777800000| PB 0x0000000777800000| Untracked 
| 991|0x0000000777c00000, 0x0000000777c00000, 0x0000000778000000|  0%| F|  |TAMS 0x0000000777c00000| PB 0x0000000777c00000| Untracked 
| 992|0x0000000778000000, 0x0000000778000000, 0x0000000778400000|  0%| F|  |TAMS 0x0000000778000000| PB 0x0000000778000000| Untracked 
| 993|0x0000000778400000, 0x0000000778400000, 0x0000000778800000|  0%| F|  |TAMS 0x0000000778400000| PB 0x0000000778400000| Untracked 
| 994|0x0000000778800000, 0x0000000778800000, 0x0000000778c00000|  0%| F|  |TAMS 0x0000000778800000| PB 0x0000000778800000| Untracked 
| 995|0x0000000778c00000, 0x0000000778c00000, 0x0000000779000000|  0%| F|  |TAMS 0x0000000778c00000| PB 0x0000000778c00000| Untracked 
| 996|0x0000000779000000, 0x0000000779000000, 0x0000000779400000|  0%| F|  |TAMS 0x0000000779000000| PB 0x0000000779000000| Untracked 
| 997|0x0000000779400000, 0x0000000779400000, 0x0000000779800000|  0%| F|  |TAMS 0x0000000779400000| PB 0x0000000779400000| Untracked 
| 998|0x0000000779800000, 0x0000000779800000, 0x0000000779c00000|  0%| F|  |TAMS 0x0000000779800000| PB 0x0000000779800000| Untracked 
| 999|0x0000000779c00000, 0x0000000779c00000, 0x000000077a000000|  0%| F|  |TAMS 0x0000000779c00000| PB 0x0000000779c00000| Untracked 
|1000|0x000000077a000000, 0x000000077a000000, 0x000000077a400000|  0%| F|  |TAMS 0x000000077a000000| PB 0x000000077a000000| Untracked 
|1001|0x000000077a400000, 0x000000077a400000, 0x000000077a800000|  0%| F|  |TAMS 0x000000077a400000| PB 0x000000077a400000| Untracked 
|1002|0x000000077a800000, 0x000000077a800000, 0x000000077ac00000|  0%| F|  |TAMS 0x000000077a800000| PB 0x000000077a800000| Untracked 
|1003|0x000000077ac00000, 0x000000077ac00000, 0x000000077b000000|  0%| F|  |TAMS 0x000000077ac00000| PB 0x000000077ac00000| Untracked 
|1004|0x000000077b000000, 0x000000077b000000, 0x000000077b400000|  0%| F|  |TAMS 0x000000077b000000| PB 0x000000077b000000| Untracked 
|1005|0x000000077b400000, 0x000000077b400000, 0x000000077b800000|  0%| F|  |TAMS 0x000000077b400000| PB 0x000000077b400000| Untracked 
|1006|0x000000077b800000, 0x000000077b800000, 0x000000077bc00000|  0%| F|  |TAMS 0x000000077b800000| PB 0x000000077b800000| Untracked 
|1007|0x000000077bc00000, 0x000000077bc00000, 0x000000077c000000|  0%| F|  |TAMS 0x000000077bc00000| PB 0x000000077bc00000| Untracked 
|1008|0x000000077c000000, 0x000000077c000000, 0x000000077c400000|  0%| F|  |TAMS 0x000000077c000000| PB 0x000000077c000000| Untracked 
|1009|0x000000077c400000, 0x000000077c400000, 0x000000077c800000|  0%| F|  |TAMS 0x000000077c400000| PB 0x000000077c400000| Untracked 
|1010|0x000000077c800000, 0x000000077c800000, 0x000000077cc00000|  0%| F|  |TAMS 0x000000077c800000| PB 0x000000077c800000| Untracked 
|1011|0x000000077cc00000, 0x000000077cc00000, 0x000000077d000000|  0%| F|  |TAMS 0x000000077cc00000| PB 0x000000077cc00000| Untracked 
|1012|0x000000077d000000, 0x000000077d000000, 0x000000077d400000|  0%| F|  |TAMS 0x000000077d000000| PB 0x000000077d000000| Untracked 
|1013|0x000000077d400000, 0x000000077d400000, 0x000000077d800000|  0%| F|  |TAMS 0x000000077d400000| PB 0x000000077d400000| Untracked 
|1014|0x000000077d800000, 0x000000077d800000, 0x000000077dc00000|  0%| F|  |TAMS 0x000000077d800000| PB 0x000000077d800000| Untracked 
|1015|0x000000077dc00000, 0x000000077dc00000, 0x000000077e000000|  0%| F|  |TAMS 0x000000077dc00000| PB 0x000000077dc00000| Untracked 
|1016|0x000000077e000000, 0x000000077e000000, 0x000000077e400000|  0%| F|  |TAMS 0x000000077e000000| PB 0x000000077e000000| Untracked 
|1017|0x000000077e400000, 0x000000077e400000, 0x000000077e800000|  0%| F|  |TAMS 0x000000077e400000| PB 0x000000077e400000| Untracked 
|1018|0x000000077e800000, 0x000000077e800000, 0x000000077ec00000|  0%| F|  |TAMS 0x000000077e800000| PB 0x000000077e800000| Untracked 
|1019|0x000000077ec00000, 0x000000077ec00000, 0x000000077f000000|  0%| F|  |TAMS 0x000000077ec00000| PB 0x000000077ec00000| Untracked 
|1020|0x000000077f000000, 0x000000077f000000, 0x000000077f400000|  0%| F|  |TAMS 0x000000077f000000| PB 0x000000077f000000| Untracked 
|1021|0x000000077f400000, 0x000000077f400000, 0x000000077f800000|  0%| F|  |TAMS 0x000000077f400000| PB 0x000000077f400000| Untracked 
|1022|0x000000077f800000, 0x000000077f800000, 0x000000077fc00000|  0%| F|  |TAMS 0x000000077f800000| PB 0x000000077f800000| Untracked 
|1023|0x000000077fc00000, 0x000000077fc00000, 0x0000000780000000|  0%| F|  |TAMS 0x000000077fc00000| PB 0x000000077fc00000| Untracked 
|1024|0x0000000780000000, 0x0000000780000000, 0x0000000780400000|  0%| F|  |TAMS 0x0000000780000000| PB 0x0000000780000000| Untracked 
|1025|0x0000000780400000, 0x0000000780400000, 0x0000000780800000|  0%| F|  |TAMS 0x0000000780400000| PB 0x0000000780400000| Untracked 
|1026|0x0000000780800000, 0x0000000780800000, 0x0000000780c00000|  0%| F|  |TAMS 0x0000000780800000| PB 0x0000000780800000| Untracked 
|1027|0x0000000780c00000, 0x0000000780c00000, 0x0000000781000000|  0%| F|  |TAMS 0x0000000780c00000| PB 0x0000000780c00000| Untracked 
|1028|0x0000000781000000, 0x0000000781000000, 0x0000000781400000|  0%| F|  |TAMS 0x0000000781000000| PB 0x0000000781000000| Untracked 
|1029|0x0000000781400000, 0x0000000781400000, 0x0000000781800000|  0%| F|  |TAMS 0x0000000781400000| PB 0x0000000781400000| Untracked 
|1030|0x0000000781800000, 0x0000000781800000, 0x0000000781c00000|  0%| F|  |TAMS 0x0000000781800000| PB 0x0000000781800000| Untracked 
|1031|0x0000000781c00000, 0x0000000781c00000, 0x0000000782000000|  0%| F|  |TAMS 0x0000000781c00000| PB 0x0000000781c00000| Untracked 
|1032|0x0000000782000000, 0x0000000782000000, 0x0000000782400000|  0%| F|  |TAMS 0x0000000782000000| PB 0x0000000782000000| Untracked 
|1033|0x0000000782400000, 0x0000000782400000, 0x0000000782800000|  0%| F|  |TAMS 0x0000000782400000| PB 0x0000000782400000| Untracked 
|1034|0x0000000782800000, 0x0000000782800000, 0x0000000782c00000|  0%| F|  |TAMS 0x0000000782800000| PB 0x0000000782800000| Untracked 
|1035|0x0000000782c00000, 0x0000000782c00000, 0x0000000783000000|  0%| F|  |TAMS 0x0000000782c00000| PB 0x0000000782c00000| Untracked 
|1036|0x0000000783000000, 0x0000000783000000, 0x0000000783400000|  0%| F|  |TAMS 0x0000000783000000| PB 0x0000000783000000| Untracked 
|1037|0x0000000783400000, 0x0000000783400000, 0x0000000783800000|  0%| F|  |TAMS 0x0000000783400000| PB 0x0000000783400000| Untracked 
|1038|0x0000000783800000, 0x0000000783800000, 0x0000000783c00000|  0%| F|  |TAMS 0x0000000783800000| PB 0x0000000783800000| Untracked 
|1039|0x0000000783c00000, 0x0000000783c00000, 0x0000000784000000|  0%| F|  |TAMS 0x0000000783c00000| PB 0x0000000783c00000| Untracked 
|1040|0x0000000784000000, 0x0000000784000000, 0x0000000784400000|  0%| F|  |TAMS 0x0000000784000000| PB 0x0000000784000000| Untracked 
|1041|0x0000000784400000, 0x0000000784400000, 0x0000000784800000|  0%| F|  |TAMS 0x0000000784400000| PB 0x0000000784400000| Untracked 
|1042|0x0000000784800000, 0x0000000784800000, 0x0000000784c00000|  0%| F|  |TAMS 0x0000000784800000| PB 0x0000000784800000| Untracked 
|1043|0x0000000784c00000, 0x0000000784c00000, 0x0000000785000000|  0%| F|  |TAMS 0x0000000784c00000| PB 0x0000000784c00000| Untracked 
|1044|0x0000000785000000, 0x0000000785000000, 0x0000000785400000|  0%| F|  |TAMS 0x0000000785000000| PB 0x0000000785000000| Untracked 
|1045|0x0000000785400000, 0x0000000785400000, 0x0000000785800000|  0%| F|  |TAMS 0x0000000785400000| PB 0x0000000785400000| Untracked 
|1046|0x0000000785800000, 0x0000000785800000, 0x0000000785c00000|  0%| F|  |TAMS 0x0000000785800000| PB 0x0000000785800000| Untracked 
|1047|0x0000000785c00000, 0x0000000785c00000, 0x0000000786000000|  0%| F|  |TAMS 0x0000000785c00000| PB 0x0000000785c00000| Untracked 
|1048|0x0000000786000000, 0x0000000786000000, 0x0000000786400000|  0%| F|  |TAMS 0x0000000786000000| PB 0x0000000786000000| Untracked 
|1049|0x0000000786400000, 0x0000000786400000, 0x0000000786800000|  0%| F|  |TAMS 0x0000000786400000| PB 0x0000000786400000| Untracked 
|1050|0x0000000786800000, 0x0000000786800000, 0x0000000786c00000|  0%| F|  |TAMS 0x0000000786800000| PB 0x0000000786800000| Untracked 
|1051|0x0000000786c00000, 0x0000000786c00000, 0x0000000787000000|  0%| F|  |TAMS 0x0000000786c00000| PB 0x0000000786c00000| Untracked 
|1052|0x0000000787000000, 0x0000000787000000, 0x0000000787400000|  0%| F|  |TAMS 0x0000000787000000| PB 0x0000000787000000| Untracked 
|1053|0x0000000787400000, 0x0000000787400000, 0x0000000787800000|  0%| F|  |TAMS 0x0000000787400000| PB 0x0000000787400000| Untracked 
|1054|0x0000000787800000, 0x0000000787800000, 0x0000000787c00000|  0%| F|  |TAMS 0x0000000787800000| PB 0x0000000787800000| Untracked 
|1055|0x0000000787c00000, 0x0000000787c00000, 0x0000000788000000|  0%| F|  |TAMS 0x0000000787c00000| PB 0x0000000787c00000| Untracked 
|1056|0x0000000788000000, 0x0000000788000000, 0x0000000788400000|  0%| F|  |TAMS 0x0000000788000000| PB 0x0000000788000000| Untracked 
|1057|0x0000000788400000, 0x0000000788400000, 0x0000000788800000|  0%| F|  |TAMS 0x0000000788400000| PB 0x0000000788400000| Untracked 
|1058|0x0000000788800000, 0x0000000788800000, 0x0000000788c00000|  0%| F|  |TAMS 0x0000000788800000| PB 0x0000000788800000| Untracked 
|1059|0x0000000788c00000, 0x0000000788c00000, 0x0000000789000000|  0%| F|  |TAMS 0x0000000788c00000| PB 0x0000000788c00000| Untracked 
|1060|0x0000000789000000, 0x0000000789000000, 0x0000000789400000|  0%| F|  |TAMS 0x0000000789000000| PB 0x0000000789000000| Untracked 
|1061|0x0000000789400000, 0x0000000789400000, 0x0000000789800000|  0%| F|  |TAMS 0x0000000789400000| PB 0x0000000789400000| Untracked 
|1062|0x0000000789800000, 0x0000000789800000, 0x0000000789c00000|  0%| F|  |TAMS 0x0000000789800000| PB 0x0000000789800000| Untracked 
|1063|0x0000000789c00000, 0x0000000789c00000, 0x000000078a000000|  0%| F|  |TAMS 0x0000000789c00000| PB 0x0000000789c00000| Untracked 
|1064|0x000000078a000000, 0x000000078a000000, 0x000000078a400000|  0%| F|  |TAMS 0x000000078a000000| PB 0x000000078a000000| Untracked 
|1065|0x000000078a400000, 0x000000078a400000, 0x000000078a800000|  0%| F|  |TAMS 0x000000078a400000| PB 0x000000078a400000| Untracked 
|1066|0x000000078a800000, 0x000000078a800000, 0x000000078ac00000|  0%| F|  |TAMS 0x000000078a800000| PB 0x000000078a800000| Untracked 
|1067|0x000000078ac00000, 0x000000078ac00000, 0x000000078b000000|  0%| F|  |TAMS 0x000000078ac00000| PB 0x000000078ac00000| Untracked 
|1068|0x000000078b000000, 0x000000078b000000, 0x000000078b400000|  0%| F|  |TAMS 0x000000078b000000| PB 0x000000078b000000| Untracked 
|1069|0x000000078b400000, 0x000000078b400000, 0x000000078b800000|  0%| F|  |TAMS 0x000000078b400000| PB 0x000000078b400000| Untracked 
|1070|0x000000078b800000, 0x000000078b800000, 0x000000078bc00000|  0%| F|  |TAMS 0x000000078b800000| PB 0x000000078b800000| Untracked 
|1071|0x000000078bc00000, 0x000000078bc00000, 0x000000078c000000|  0%| F|  |TAMS 0x000000078bc00000| PB 0x000000078bc00000| Untracked 
|1072|0x000000078c000000, 0x000000078c000000, 0x000000078c400000|  0%| F|  |TAMS 0x000000078c000000| PB 0x000000078c000000| Untracked 
|1073|0x000000078c400000, 0x000000078c400000, 0x000000078c800000|  0%| F|  |TAMS 0x000000078c400000| PB 0x000000078c400000| Untracked 
|1074|0x000000078c800000, 0x000000078c800000, 0x000000078cc00000|  0%| F|  |TAMS 0x000000078c800000| PB 0x000000078c800000| Untracked 
|1075|0x000000078cc00000, 0x000000078cc00000, 0x000000078d000000|  0%| F|  |TAMS 0x000000078cc00000| PB 0x000000078cc00000| Untracked 
|1076|0x000000078d000000, 0x000000078d000000, 0x000000078d400000|  0%| F|  |TAMS 0x000000078d000000| PB 0x000000078d000000| Untracked 
|1077|0x000000078d400000, 0x000000078d400000, 0x000000078d800000|  0%| F|  |TAMS 0x000000078d400000| PB 0x000000078d400000| Untracked 
|1078|0x000000078d800000, 0x000000078d800000, 0x000000078dc00000|  0%| F|  |TAMS 0x000000078d800000| PB 0x000000078d800000| Untracked 
|1079|0x000000078dc00000, 0x000000078dc00000, 0x000000078e000000|  0%| F|  |TAMS 0x000000078dc00000| PB 0x000000078dc00000| Untracked 
|1080|0x000000078e000000, 0x000000078e000000, 0x000000078e400000|  0%| F|  |TAMS 0x000000078e000000| PB 0x000000078e000000| Untracked 
|1081|0x000000078e400000, 0x000000078e400000, 0x000000078e800000|  0%| F|  |TAMS 0x000000078e400000| PB 0x000000078e400000| Untracked 
|1082|0x000000078e800000, 0x000000078e800000, 0x000000078ec00000|  0%| F|  |TAMS 0x000000078e800000| PB 0x000000078e800000| Untracked 
|1083|0x000000078ec00000, 0x000000078ec00000, 0x000000078f000000|  0%| F|  |TAMS 0x000000078ec00000| PB 0x000000078ec00000| Untracked 
|1084|0x000000078f000000, 0x000000078f000000, 0x000000078f400000|  0%| F|  |TAMS 0x000000078f000000| PB 0x000000078f000000| Untracked 
|1085|0x000000078f400000, 0x000000078f400000, 0x000000078f800000|  0%| F|  |TAMS 0x000000078f400000| PB 0x000000078f400000| Untracked 
|1086|0x000000078f800000, 0x000000078f800000, 0x000000078fc00000|  0%| F|  |TAMS 0x000000078f800000| PB 0x000000078f800000| Untracked 
|1087|0x000000078fc00000, 0x000000078fc00000, 0x0000000790000000|  0%| F|  |TAMS 0x000000078fc00000| PB 0x000000078fc00000| Untracked 
|1088|0x0000000790000000, 0x0000000790000000, 0x0000000790400000|  0%| F|  |TAMS 0x0000000790000000| PB 0x0000000790000000| Untracked 
|1089|0x0000000790400000, 0x0000000790400000, 0x0000000790800000|  0%| F|  |TAMS 0x0000000790400000| PB 0x0000000790400000| Untracked 
|1090|0x0000000790800000, 0x0000000790800000, 0x0000000790c00000|  0%| F|  |TAMS 0x0000000790800000| PB 0x0000000790800000| Untracked 
|1091|0x0000000790c00000, 0x0000000790c00000, 0x0000000791000000|  0%| F|  |TAMS 0x0000000790c00000| PB 0x0000000790c00000| Untracked 
|1092|0x0000000791000000, 0x0000000791000000, 0x0000000791400000|  0%| F|  |TAMS 0x0000000791000000| PB 0x0000000791000000| Untracked 
|1093|0x0000000791400000, 0x0000000791400000, 0x0000000791800000|  0%| F|  |TAMS 0x0000000791400000| PB 0x0000000791400000| Untracked 
|1094|0x0000000791800000, 0x0000000791800000, 0x0000000791c00000|  0%| F|  |TAMS 0x0000000791800000| PB 0x0000000791800000| Untracked 
|1095|0x0000000791c00000, 0x0000000791c00000, 0x0000000792000000|  0%| F|  |TAMS 0x0000000791c00000| PB 0x0000000791c00000| Untracked 
|1096|0x0000000792000000, 0x0000000792000000, 0x0000000792400000|  0%| F|  |TAMS 0x0000000792000000| PB 0x0000000792000000| Untracked 
|1097|0x0000000792400000, 0x0000000792400000, 0x0000000792800000|  0%| F|  |TAMS 0x0000000792400000| PB 0x0000000792400000| Untracked 
|1098|0x0000000792800000, 0x0000000792800000, 0x0000000792c00000|  0%| F|  |TAMS 0x0000000792800000| PB 0x0000000792800000| Untracked 
|1099|0x0000000792c00000, 0x0000000792c00000, 0x0000000793000000|  0%| F|  |TAMS 0x0000000792c00000| PB 0x0000000792c00000| Untracked 
|1100|0x0000000793000000, 0x0000000793000000, 0x0000000793400000|  0%| F|  |TAMS 0x0000000793000000| PB 0x0000000793000000| Untracked 
|1101|0x0000000793400000, 0x0000000793400000, 0x0000000793800000|  0%| F|  |TAMS 0x0000000793400000| PB 0x0000000793400000| Untracked 
|1102|0x0000000793800000, 0x0000000793800000, 0x0000000793c00000|  0%| F|  |TAMS 0x0000000793800000| PB 0x0000000793800000| Untracked 
|1103|0x0000000793c00000, 0x0000000793c00000, 0x0000000794000000|  0%| F|  |TAMS 0x0000000793c00000| PB 0x0000000793c00000| Untracked 
|1104|0x0000000794000000, 0x0000000794000000, 0x0000000794400000|  0%| F|  |TAMS 0x0000000794000000| PB 0x0000000794000000| Untracked 
|1105|0x0000000794400000, 0x0000000794400000, 0x0000000794800000|  0%| F|  |TAMS 0x0000000794400000| PB 0x0000000794400000| Untracked 
|1106|0x0000000794800000, 0x0000000794800000, 0x0000000794c00000|  0%| F|  |TAMS 0x0000000794800000| PB 0x0000000794800000| Untracked 
|1107|0x0000000794c00000, 0x0000000794c00000, 0x0000000795000000|  0%| F|  |TAMS 0x0000000794c00000| PB 0x0000000794c00000| Untracked 
|1108|0x0000000795000000, 0x0000000795000000, 0x0000000795400000|  0%| F|  |TAMS 0x0000000795000000| PB 0x0000000795000000| Untracked 
|1109|0x0000000795400000, 0x0000000795400000, 0x0000000795800000|  0%| F|  |TAMS 0x0000000795400000| PB 0x0000000795400000| Untracked 
|1110|0x0000000795800000, 0x0000000795800000, 0x0000000795c00000|  0%| F|  |TAMS 0x0000000795800000| PB 0x0000000795800000| Untracked 
|1111|0x0000000795c00000, 0x0000000795c00000, 0x0000000796000000|  0%| F|  |TAMS 0x0000000795c00000| PB 0x0000000795c00000| Untracked 
|1112|0x0000000796000000, 0x0000000796000000, 0x0000000796400000|  0%| F|  |TAMS 0x0000000796000000| PB 0x0000000796000000| Untracked 
|1113|0x0000000796400000, 0x0000000796400000, 0x0000000796800000|  0%| F|  |TAMS 0x0000000796400000| PB 0x0000000796400000| Untracked 
|1114|0x0000000796800000, 0x0000000796800000, 0x0000000796c00000|  0%| F|  |TAMS 0x0000000796800000| PB 0x0000000796800000| Untracked 
|1115|0x0000000796c00000, 0x0000000796c00000, 0x0000000797000000|  0%| F|  |TAMS 0x0000000796c00000| PB 0x0000000796c00000| Untracked 
|1116|0x0000000797000000, 0x0000000797000000, 0x0000000797400000|  0%| F|  |TAMS 0x0000000797000000| PB 0x0000000797000000| Untracked 
|1117|0x0000000797400000, 0x0000000797400000, 0x0000000797800000|  0%| F|  |TAMS 0x0000000797400000| PB 0x0000000797400000| Untracked 
|1118|0x0000000797800000, 0x0000000797800000, 0x0000000797c00000|  0%| F|  |TAMS 0x0000000797800000| PB 0x0000000797800000| Untracked 
|1119|0x0000000797c00000, 0x0000000797c00000, 0x0000000798000000|  0%| F|  |TAMS 0x0000000797c00000| PB 0x0000000797c00000| Untracked 
|1120|0x0000000798000000, 0x0000000798000000, 0x0000000798400000|  0%| F|  |TAMS 0x0000000798000000| PB 0x0000000798000000| Untracked 
|1121|0x0000000798400000, 0x0000000798400000, 0x0000000798800000|  0%| F|  |TAMS 0x0000000798400000| PB 0x0000000798400000| Untracked 
|1122|0x0000000798800000, 0x0000000798800000, 0x0000000798c00000|  0%| F|  |TAMS 0x0000000798800000| PB 0x0000000798800000| Untracked 
|1123|0x0000000798c00000, 0x0000000798c00000, 0x0000000799000000|  0%| F|  |TAMS 0x0000000798c00000| PB 0x0000000798c00000| Untracked 
|1124|0x0000000799000000, 0x0000000799000000, 0x0000000799400000|  0%| F|  |TAMS 0x0000000799000000| PB 0x0000000799000000| Untracked 
|1125|0x0000000799400000, 0x0000000799400000, 0x0000000799800000|  0%| F|  |TAMS 0x0000000799400000| PB 0x0000000799400000| Untracked 
|1126|0x0000000799800000, 0x0000000799800000, 0x0000000799c00000|  0%| F|  |TAMS 0x0000000799800000| PB 0x0000000799800000| Untracked 
|1127|0x0000000799c00000, 0x0000000799c00000, 0x000000079a000000|  0%| F|  |TAMS 0x0000000799c00000| PB 0x0000000799c00000| Untracked 
|1128|0x000000079a000000, 0x000000079a000000, 0x000000079a400000|  0%| F|  |TAMS 0x000000079a000000| PB 0x000000079a000000| Untracked 
|1129|0x000000079a400000, 0x000000079a400000, 0x000000079a800000|  0%| F|  |TAMS 0x000000079a400000| PB 0x000000079a400000| Untracked 
|1130|0x000000079a800000, 0x000000079a800000, 0x000000079ac00000|  0%| F|  |TAMS 0x000000079a800000| PB 0x000000079a800000| Untracked 
|1131|0x000000079ac00000, 0x000000079ac00000, 0x000000079b000000|  0%| F|  |TAMS 0x000000079ac00000| PB 0x000000079ac00000| Untracked 
|1132|0x000000079b000000, 0x000000079b000000, 0x000000079b400000|  0%| F|  |TAMS 0x000000079b000000| PB 0x000000079b000000| Untracked 
|1133|0x000000079b400000, 0x000000079b400000, 0x000000079b800000|  0%| F|  |TAMS 0x000000079b400000| PB 0x000000079b400000| Untracked 
|1134|0x000000079b800000, 0x000000079b800000, 0x000000079bc00000|  0%| F|  |TAMS 0x000000079b800000| PB 0x000000079b800000| Untracked 
|1135|0x000000079bc00000, 0x000000079bc00000, 0x000000079c000000|  0%| F|  |TAMS 0x000000079bc00000| PB 0x000000079bc00000| Untracked 
|1136|0x000000079c000000, 0x000000079c000000, 0x000000079c400000|  0%| F|  |TAMS 0x000000079c000000| PB 0x000000079c000000| Untracked 
|1137|0x000000079c400000, 0x000000079c400000, 0x000000079c800000|  0%| F|  |TAMS 0x000000079c400000| PB 0x000000079c400000| Untracked 
|1138|0x000000079c800000, 0x000000079c800000, 0x000000079cc00000|  0%| F|  |TAMS 0x000000079c800000| PB 0x000000079c800000| Untracked 
|1139|0x000000079cc00000, 0x000000079cc00000, 0x000000079d000000|  0%| F|  |TAMS 0x000000079cc00000| PB 0x000000079cc00000| Untracked 
|1140|0x000000079d000000, 0x000000079d000000, 0x000000079d400000|  0%| F|  |TAMS 0x000000079d000000| PB 0x000000079d000000| Untracked 
|1141|0x000000079d400000, 0x000000079d400000, 0x000000079d800000|  0%| F|  |TAMS 0x000000079d400000| PB 0x000000079d400000| Untracked 
|1142|0x000000079d800000, 0x000000079d800000, 0x000000079dc00000|  0%| F|  |TAMS 0x000000079d800000| PB 0x000000079d800000| Untracked 
|1143|0x000000079dc00000, 0x000000079dc00000, 0x000000079e000000|  0%| F|  |TAMS 0x000000079dc00000| PB 0x000000079dc00000| Untracked 
|1144|0x000000079e000000, 0x000000079e000000, 0x000000079e400000|  0%| F|  |TAMS 0x000000079e000000| PB 0x000000079e000000| Untracked 
|1145|0x000000079e400000, 0x000000079e400000, 0x000000079e800000|  0%| F|  |TAMS 0x000000079e400000| PB 0x000000079e400000| Untracked 
|1146|0x000000079e800000, 0x000000079e800000, 0x000000079ec00000|  0%| F|  |TAMS 0x000000079e800000| PB 0x000000079e800000| Untracked 
|1147|0x000000079ec00000, 0x000000079ec00000, 0x000000079f000000|  0%| F|  |TAMS 0x000000079ec00000| PB 0x000000079ec00000| Untracked 
|1148|0x000000079f000000, 0x000000079f000000, 0x000000079f400000|  0%| F|  |TAMS 0x000000079f000000| PB 0x000000079f000000| Untracked 
|1149|0x000000079f400000, 0x000000079f400000, 0x000000079f800000|  0%| F|  |TAMS 0x000000079f400000| PB 0x000000079f400000| Untracked 
|1150|0x000000079f800000, 0x000000079f800000, 0x000000079fc00000|  0%| F|  |TAMS 0x000000079f800000| PB 0x000000079f800000| Untracked 
|1151|0x000000079fc00000, 0x000000079fc00000, 0x00000007a0000000|  0%| F|  |TAMS 0x000000079fc00000| PB 0x000000079fc00000| Untracked 
|1152|0x00000007a0000000, 0x00000007a0000000, 0x00000007a0400000|  0%| F|  |TAMS 0x00000007a0000000| PB 0x00000007a0000000| Untracked 
|1153|0x00000007a0400000, 0x00000007a0400000, 0x00000007a0800000|  0%| F|  |TAMS 0x00000007a0400000| PB 0x00000007a0400000| Untracked 
|1154|0x00000007a0800000, 0x00000007a0800000, 0x00000007a0c00000|  0%| F|  |TAMS 0x00000007a0800000| PB 0x00000007a0800000| Untracked 
|1155|0x00000007a0c00000, 0x00000007a0c00000, 0x00000007a1000000|  0%| F|  |TAMS 0x00000007a0c00000| PB 0x00000007a0c00000| Untracked 
|1156|0x00000007a1000000, 0x00000007a1000000, 0x00000007a1400000|  0%| F|  |TAMS 0x00000007a1000000| PB 0x00000007a1000000| Untracked 
|1157|0x00000007a1400000, 0x00000007a1400000, 0x00000007a1800000|  0%| F|  |TAMS 0x00000007a1400000| PB 0x00000007a1400000| Untracked 
|1158|0x00000007a1800000, 0x00000007a1800000, 0x00000007a1c00000|  0%| F|  |TAMS 0x00000007a1800000| PB 0x00000007a1800000| Untracked 
|1159|0x00000007a1c00000, 0x00000007a1c00000, 0x00000007a2000000|  0%| F|  |TAMS 0x00000007a1c00000| PB 0x00000007a1c00000| Untracked 
|1160|0x00000007a2000000, 0x00000007a2000000, 0x00000007a2400000|  0%| F|  |TAMS 0x00000007a2000000| PB 0x00000007a2000000| Untracked 
|1161|0x00000007a2400000, 0x00000007a2400000, 0x00000007a2800000|  0%| F|  |TAMS 0x00000007a2400000| PB 0x00000007a2400000| Untracked 
|1162|0x00000007a2800000, 0x00000007a2800000, 0x00000007a2c00000|  0%| F|  |TAMS 0x00000007a2800000| PB 0x00000007a2800000| Untracked 
|1163|0x00000007a2c00000, 0x00000007a2c00000, 0x00000007a3000000|  0%| F|  |TAMS 0x00000007a2c00000| PB 0x00000007a2c00000| Untracked 
|1164|0x00000007a3000000, 0x00000007a3000000, 0x00000007a3400000|  0%| F|  |TAMS 0x00000007a3000000| PB 0x00000007a3000000| Untracked 
|1165|0x00000007a3400000, 0x00000007a3400000, 0x00000007a3800000|  0%| F|  |TAMS 0x00000007a3400000| PB 0x00000007a3400000| Untracked 
|1166|0x00000007a3800000, 0x00000007a3800000, 0x00000007a3c00000|  0%| F|  |TAMS 0x00000007a3800000| PB 0x00000007a3800000| Untracked 
|1167|0x00000007a3c00000, 0x00000007a3c00000, 0x00000007a4000000|  0%| F|  |TAMS 0x00000007a3c00000| PB 0x00000007a3c00000| Untracked 
|1168|0x00000007a4000000, 0x00000007a4000000, 0x00000007a4400000|  0%| F|  |TAMS 0x00000007a4000000| PB 0x00000007a4000000| Untracked 
|1169|0x00000007a4400000, 0x00000007a4400000, 0x00000007a4800000|  0%| F|  |TAMS 0x00000007a4400000| PB 0x00000007a4400000| Untracked 
|1170|0x00000007a4800000, 0x00000007a4800000, 0x00000007a4c00000|  0%| F|  |TAMS 0x00000007a4800000| PB 0x00000007a4800000| Untracked 
|1171|0x00000007a4c00000, 0x00000007a4c00000, 0x00000007a5000000|  0%| F|  |TAMS 0x00000007a4c00000| PB 0x00000007a4c00000| Untracked 
|1172|0x00000007a5000000, 0x00000007a5000000, 0x00000007a5400000|  0%| F|  |TAMS 0x00000007a5000000| PB 0x00000007a5000000| Untracked 
|1173|0x00000007a5400000, 0x00000007a5400000, 0x00000007a5800000|  0%| F|  |TAMS 0x00000007a5400000| PB 0x00000007a5400000| Untracked 
|1174|0x00000007a5800000, 0x00000007a5800000, 0x00000007a5c00000|  0%| F|  |TAMS 0x00000007a5800000| PB 0x00000007a5800000| Untracked 
|1175|0x00000007a5c00000, 0x00000007a5c00000, 0x00000007a6000000|  0%| F|  |TAMS 0x00000007a5c00000| PB 0x00000007a5c00000| Untracked 
|1176|0x00000007a6000000, 0x00000007a6000000, 0x00000007a6400000|  0%| F|  |TAMS 0x00000007a6000000| PB 0x00000007a6000000| Untracked 
|1177|0x00000007a6400000, 0x00000007a6400000, 0x00000007a6800000|  0%| F|  |TAMS 0x00000007a6400000| PB 0x00000007a6400000| Untracked 
|1178|0x00000007a6800000, 0x00000007a6800000, 0x00000007a6c00000|  0%| F|  |TAMS 0x00000007a6800000| PB 0x00000007a6800000| Untracked 
|1179|0x00000007a6c00000, 0x00000007a6c00000, 0x00000007a7000000|  0%| F|  |TAMS 0x00000007a6c00000| PB 0x00000007a6c00000| Untracked 
|1180|0x00000007a7000000, 0x00000007a7000000, 0x00000007a7400000|  0%| F|  |TAMS 0x00000007a7000000| PB 0x00000007a7000000| Untracked 
|1181|0x00000007a7400000, 0x00000007a7400000, 0x00000007a7800000|  0%| F|  |TAMS 0x00000007a7400000| PB 0x00000007a7400000| Untracked 
|1182|0x00000007a7800000, 0x00000007a7800000, 0x00000007a7c00000|  0%| F|  |TAMS 0x00000007a7800000| PB 0x00000007a7800000| Untracked 
|1183|0x00000007a7c00000, 0x00000007a7c00000, 0x00000007a8000000|  0%| F|  |TAMS 0x00000007a7c00000| PB 0x00000007a7c00000| Untracked 
|1184|0x00000007a8000000, 0x00000007a8000000, 0x00000007a8400000|  0%| F|  |TAMS 0x00000007a8000000| PB 0x00000007a8000000| Untracked 
|1185|0x00000007a8400000, 0x00000007a8400000, 0x00000007a8800000|  0%| F|  |TAMS 0x00000007a8400000| PB 0x00000007a8400000| Untracked 
|1186|0x00000007a8800000, 0x00000007a8800000, 0x00000007a8c00000|  0%| F|  |TAMS 0x00000007a8800000| PB 0x00000007a8800000| Untracked 
|1187|0x00000007a8c00000, 0x00000007a8c00000, 0x00000007a9000000|  0%| F|  |TAMS 0x00000007a8c00000| PB 0x00000007a8c00000| Untracked 
|1188|0x00000007a9000000, 0x00000007a9000000, 0x00000007a9400000|  0%| F|  |TAMS 0x00000007a9000000| PB 0x00000007a9000000| Untracked 
|1189|0x00000007a9400000, 0x00000007a9400000, 0x00000007a9800000|  0%| F|  |TAMS 0x00000007a9400000| PB 0x00000007a9400000| Untracked 
|1190|0x00000007a9800000, 0x00000007a9800000, 0x00000007a9c00000|  0%| F|  |TAMS 0x00000007a9800000| PB 0x00000007a9800000| Untracked 
|1191|0x00000007a9c00000, 0x00000007a9c00000, 0x00000007aa000000|  0%| F|  |TAMS 0x00000007a9c00000| PB 0x00000007a9c00000| Untracked 
|1192|0x00000007aa000000, 0x00000007aa000000, 0x00000007aa400000|  0%| F|  |TAMS 0x00000007aa000000| PB 0x00000007aa000000| Untracked 
|1193|0x00000007aa400000, 0x00000007aa400000, 0x00000007aa800000|  0%| F|  |TAMS 0x00000007aa400000| PB 0x00000007aa400000| Untracked 
|1194|0x00000007aa800000, 0x00000007aa800000, 0x00000007aac00000|  0%| F|  |TAMS 0x00000007aa800000| PB 0x00000007aa800000| Untracked 
|1195|0x00000007aac00000, 0x00000007aac00000, 0x00000007ab000000|  0%| F|  |TAMS 0x00000007aac00000| PB 0x00000007aac00000| Untracked 
|1196|0x00000007ab000000, 0x00000007ab000000, 0x00000007ab400000|  0%| F|  |TAMS 0x00000007ab000000| PB 0x00000007ab000000| Untracked 
|1197|0x00000007ab400000, 0x00000007ab400000, 0x00000007ab800000|  0%| F|  |TAMS 0x00000007ab400000| PB 0x00000007ab400000| Untracked 
|1198|0x00000007ab800000, 0x00000007ab800000, 0x00000007abc00000|  0%| F|  |TAMS 0x00000007ab800000| PB 0x00000007ab800000| Untracked 
|1199|0x00000007abc00000, 0x00000007abc00000, 0x00000007ac000000|  0%| F|  |TAMS 0x00000007abc00000| PB 0x00000007abc00000| Untracked 
|1200|0x00000007ac000000, 0x00000007ac000000, 0x00000007ac400000|  0%| F|  |TAMS 0x00000007ac000000| PB 0x00000007ac000000| Untracked 
|1201|0x00000007ac400000, 0x00000007ac400000, 0x00000007ac800000|  0%| F|  |TAMS 0x00000007ac400000| PB 0x00000007ac400000| Untracked 
|1202|0x00000007ac800000, 0x00000007ac800000, 0x00000007acc00000|  0%| F|  |TAMS 0x00000007ac800000| PB 0x00000007ac800000| Untracked 
|1203|0x00000007acc00000, 0x00000007acc00000, 0x00000007ad000000|  0%| F|  |TAMS 0x00000007acc00000| PB 0x00000007acc00000| Untracked 
|1204|0x00000007ad000000, 0x00000007ad000000, 0x00000007ad400000|  0%| F|  |TAMS 0x00000007ad000000| PB 0x00000007ad000000| Untracked 
|1205|0x00000007ad400000, 0x00000007ad400000, 0x00000007ad800000|  0%| F|  |TAMS 0x00000007ad400000| PB 0x00000007ad400000| Untracked 
|1206|0x00000007ad800000, 0x00000007ad800000, 0x00000007adc00000|  0%| F|  |TAMS 0x00000007ad800000| PB 0x00000007ad800000| Untracked 
|1207|0x00000007adc00000, 0x00000007adc00000, 0x00000007ae000000|  0%| F|  |TAMS 0x00000007adc00000| PB 0x00000007adc00000| Untracked 
|1208|0x00000007ae000000, 0x00000007ae000000, 0x00000007ae400000|  0%| F|  |TAMS 0x00000007ae000000| PB 0x00000007ae000000| Untracked 
|1209|0x00000007ae400000, 0x00000007ae400000, 0x00000007ae800000|  0%| F|  |TAMS 0x00000007ae400000| PB 0x00000007ae400000| Untracked 
|1210|0x00000007ae800000, 0x00000007ae800000, 0x00000007aec00000|  0%| F|  |TAMS 0x00000007ae800000| PB 0x00000007ae800000| Untracked 
|1211|0x00000007aec00000, 0x00000007aec00000, 0x00000007af000000|  0%| F|  |TAMS 0x00000007aec00000| PB 0x00000007aec00000| Untracked 
|1212|0x00000007af000000, 0x00000007af000000, 0x00000007af400000|  0%| F|  |TAMS 0x00000007af000000| PB 0x00000007af000000| Untracked 
|1213|0x00000007af400000, 0x00000007af400000, 0x00000007af800000|  0%| F|  |TAMS 0x00000007af400000| PB 0x00000007af400000| Untracked 
|1214|0x00000007af800000, 0x00000007af800000, 0x00000007afc00000|  0%| F|  |TAMS 0x00000007af800000| PB 0x00000007af800000| Untracked 
|1215|0x00000007afc00000, 0x00000007afc00000, 0x00000007b0000000|  0%| F|  |TAMS 0x00000007afc00000| PB 0x00000007afc00000| Untracked 
|1216|0x00000007b0000000, 0x00000007b0000000, 0x00000007b0400000|  0%| F|  |TAMS 0x00000007b0000000| PB 0x00000007b0000000| Untracked 
|1217|0x00000007b0400000, 0x00000007b0400000, 0x00000007b0800000|  0%| F|  |TAMS 0x00000007b0400000| PB 0x00000007b0400000| Untracked 
|1218|0x00000007b0800000, 0x00000007b0800000, 0x00000007b0c00000|  0%| F|  |TAMS 0x00000007b0800000| PB 0x00000007b0800000| Untracked 
|1219|0x00000007b0c00000, 0x00000007b0c00000, 0x00000007b1000000|  0%| F|  |TAMS 0x00000007b0c00000| PB 0x00000007b0c00000| Untracked 
|1220|0x00000007b1000000, 0x00000007b1000000, 0x00000007b1400000|  0%| F|  |TAMS 0x00000007b1000000| PB 0x00000007b1000000| Untracked 
|1221|0x00000007b1400000, 0x00000007b1400000, 0x00000007b1800000|  0%| F|  |TAMS 0x00000007b1400000| PB 0x00000007b1400000| Untracked 
|1222|0x00000007b1800000, 0x00000007b1800000, 0x00000007b1c00000|  0%| F|  |TAMS 0x00000007b1800000| PB 0x00000007b1800000| Untracked 
|1223|0x00000007b1c00000, 0x00000007b1c00000, 0x00000007b2000000|  0%| F|  |TAMS 0x00000007b1c00000| PB 0x00000007b1c00000| Untracked 
|1224|0x00000007b2000000, 0x00000007b2000000, 0x00000007b2400000|  0%| F|  |TAMS 0x00000007b2000000| PB 0x00000007b2000000| Untracked 
|1225|0x00000007b2400000, 0x00000007b2400000, 0x00000007b2800000|  0%| F|  |TAMS 0x00000007b2400000| PB 0x00000007b2400000| Untracked 
|1226|0x00000007b2800000, 0x00000007b2800000, 0x00000007b2c00000|  0%| F|  |TAMS 0x00000007b2800000| PB 0x00000007b2800000| Untracked 
|1227|0x00000007b2c00000, 0x00000007b2c00000, 0x00000007b3000000|  0%| F|  |TAMS 0x00000007b2c00000| PB 0x00000007b2c00000| Untracked 
|1228|0x00000007b3000000, 0x00000007b3000000, 0x00000007b3400000|  0%| F|  |TAMS 0x00000007b3000000| PB 0x00000007b3000000| Untracked 
|1229|0x00000007b3400000, 0x00000007b3400000, 0x00000007b3800000|  0%| F|  |TAMS 0x00000007b3400000| PB 0x00000007b3400000| Untracked 
|1230|0x00000007b3800000, 0x00000007b3800000, 0x00000007b3c00000|  0%| F|  |TAMS 0x00000007b3800000| PB 0x00000007b3800000| Untracked 
|1231|0x00000007b3c00000, 0x00000007b3c00000, 0x00000007b4000000|  0%| F|  |TAMS 0x00000007b3c00000| PB 0x00000007b3c00000| Untracked 
|1232|0x00000007b4000000, 0x00000007b4000000, 0x00000007b4400000|  0%| F|  |TAMS 0x00000007b4000000| PB 0x00000007b4000000| Untracked 
|1233|0x00000007b4400000, 0x00000007b4400000, 0x00000007b4800000|  0%| F|  |TAMS 0x00000007b4400000| PB 0x00000007b4400000| Untracked 
|1234|0x00000007b4800000, 0x00000007b4800000, 0x00000007b4c00000|  0%| F|  |TAMS 0x00000007b4800000| PB 0x00000007b4800000| Untracked 
|1235|0x00000007b4c00000, 0x00000007b4c00000, 0x00000007b5000000|  0%| F|  |TAMS 0x00000007b4c00000| PB 0x00000007b4c00000| Untracked 
|1236|0x00000007b5000000, 0x00000007b5000000, 0x00000007b5400000|  0%| F|  |TAMS 0x00000007b5000000| PB 0x00000007b5000000| Untracked 
|1237|0x00000007b5400000, 0x00000007b5400000, 0x00000007b5800000|  0%| F|  |TAMS 0x00000007b5400000| PB 0x00000007b5400000| Untracked 
|1238|0x00000007b5800000, 0x00000007b5800000, 0x00000007b5c00000|  0%| F|  |TAMS 0x00000007b5800000| PB 0x00000007b5800000| Untracked 
|1239|0x00000007b5c00000, 0x00000007b5c00000, 0x00000007b6000000|  0%| F|  |TAMS 0x00000007b5c00000| PB 0x00000007b5c00000| Untracked 
|1240|0x00000007b6000000, 0x00000007b6000000, 0x00000007b6400000|  0%| F|  |TAMS 0x00000007b6000000| PB 0x00000007b6000000| Untracked 
|1241|0x00000007b6400000, 0x00000007b6400000, 0x00000007b6800000|  0%| F|  |TAMS 0x00000007b6400000| PB 0x00000007b6400000| Untracked 
|1242|0x00000007b6800000, 0x00000007b6800000, 0x00000007b6c00000|  0%| F|  |TAMS 0x00000007b6800000| PB 0x00000007b6800000| Untracked 
|1243|0x00000007b6c00000, 0x00000007b6c00000, 0x00000007b7000000|  0%| F|  |TAMS 0x00000007b6c00000| PB 0x00000007b6c00000| Untracked 
|1244|0x00000007b7000000, 0x00000007b7000000, 0x00000007b7400000|  0%| F|  |TAMS 0x00000007b7000000| PB 0x00000007b7000000| Untracked 
|1245|0x00000007b7400000, 0x00000007b7400000, 0x00000007b7800000|  0%| F|  |TAMS 0x00000007b7400000| PB 0x00000007b7400000| Untracked 
|1246|0x00000007b7800000, 0x00000007b7800000, 0x00000007b7c00000|  0%| F|  |TAMS 0x00000007b7800000| PB 0x00000007b7800000| Untracked 
|1247|0x00000007b7c00000, 0x00000007b7c00000, 0x00000007b8000000|  0%| F|  |TAMS 0x00000007b7c00000| PB 0x00000007b7c00000| Untracked 
|1248|0x00000007b8000000, 0x00000007b8000000, 0x00000007b8400000|  0%| F|  |TAMS 0x00000007b8000000| PB 0x00000007b8000000| Untracked 
|1249|0x00000007b8400000, 0x00000007b8400000, 0x00000007b8800000|  0%| F|  |TAMS 0x00000007b8400000| PB 0x00000007b8400000| Untracked 
|1250|0x00000007b8800000, 0x00000007b8800000, 0x00000007b8c00000|  0%| F|  |TAMS 0x00000007b8800000| PB 0x00000007b8800000| Untracked 
|1251|0x00000007b8c00000, 0x00000007b8c00000, 0x00000007b9000000|  0%| F|  |TAMS 0x00000007b8c00000| PB 0x00000007b8c00000| Untracked 
|1252|0x00000007b9000000, 0x00000007b9000000, 0x00000007b9400000|  0%| F|  |TAMS 0x00000007b9000000| PB 0x00000007b9000000| Untracked 
|1253|0x00000007b9400000, 0x00000007b9400000, 0x00000007b9800000|  0%| F|  |TAMS 0x00000007b9400000| PB 0x00000007b9400000| Untracked 
|1254|0x00000007b9800000, 0x00000007b9800000, 0x00000007b9c00000|  0%| F|  |TAMS 0x00000007b9800000| PB 0x00000007b9800000| Untracked 
|1255|0x00000007b9c00000, 0x00000007b9c00000, 0x00000007ba000000|  0%| F|  |TAMS 0x00000007b9c00000| PB 0x00000007b9c00000| Untracked 
|1256|0x00000007ba000000, 0x00000007ba000000, 0x00000007ba400000|  0%| F|  |TAMS 0x00000007ba000000| PB 0x00000007ba000000| Untracked 
|1257|0x00000007ba400000, 0x00000007ba400000, 0x00000007ba800000|  0%| F|  |TAMS 0x00000007ba400000| PB 0x00000007ba400000| Untracked 
|1258|0x00000007ba800000, 0x00000007ba800000, 0x00000007bac00000|  0%| F|  |TAMS 0x00000007ba800000| PB 0x00000007ba800000| Untracked 
|1259|0x00000007bac00000, 0x00000007bac00000, 0x00000007bb000000|  0%| F|  |TAMS 0x00000007bac00000| PB 0x00000007bac00000| Untracked 
|1260|0x00000007bb000000, 0x00000007bb000000, 0x00000007bb400000|  0%| F|  |TAMS 0x00000007bb000000| PB 0x00000007bb000000| Untracked 
|1261|0x00000007bb400000, 0x00000007bb400000, 0x00000007bb800000|  0%| F|  |TAMS 0x00000007bb400000| PB 0x00000007bb400000| Untracked 
|1262|0x00000007bb800000, 0x00000007bb800000, 0x00000007bbc00000|  0%| F|  |TAMS 0x00000007bb800000| PB 0x00000007bb800000| Untracked 
|1263|0x00000007bbc00000, 0x00000007bbc00000, 0x00000007bc000000|  0%| F|  |TAMS 0x00000007bbc00000| PB 0x00000007bbc00000| Untracked 
|1264|0x00000007bc000000, 0x00000007bc000000, 0x00000007bc400000|  0%| F|  |TAMS 0x00000007bc000000| PB 0x00000007bc000000| Untracked 
|1265|0x00000007bc400000, 0x00000007bc400000, 0x00000007bc800000|  0%| F|  |TAMS 0x00000007bc400000| PB 0x00000007bc400000| Untracked 
|1266|0x00000007bc800000, 0x00000007bc800000, 0x00000007bcc00000|  0%| F|  |TAMS 0x00000007bc800000| PB 0x00000007bc800000| Untracked 
|1267|0x00000007bcc00000, 0x00000007bcc00000, 0x00000007bd000000|  0%| F|  |TAMS 0x00000007bcc00000| PB 0x00000007bcc00000| Untracked 
|1268|0x00000007bd000000, 0x00000007bd000000, 0x00000007bd400000|  0%| F|  |TAMS 0x00000007bd000000| PB 0x00000007bd000000| Untracked 
|1269|0x00000007bd400000, 0x00000007bd400000, 0x00000007bd800000|  0%| F|  |TAMS 0x00000007bd400000| PB 0x00000007bd400000| Untracked 
|1270|0x00000007bd800000, 0x00000007bd800000, 0x00000007bdc00000|  0%| F|  |TAMS 0x00000007bd800000| PB 0x00000007bd800000| Untracked 
|1271|0x00000007bdc00000, 0x00000007bdc00000, 0x00000007be000000|  0%| F|  |TAMS 0x00000007bdc00000| PB 0x00000007bdc00000| Untracked 
|1272|0x00000007be000000, 0x00000007be000000, 0x00000007be400000|  0%| F|  |TAMS 0x00000007be000000| PB 0x00000007be000000| Untracked 
|1273|0x00000007be400000, 0x00000007be400000, 0x00000007be800000|  0%| F|  |TAMS 0x00000007be400000| PB 0x00000007be400000| Untracked 
|1274|0x00000007be800000, 0x00000007be800000, 0x00000007bec00000|  0%| F|  |TAMS 0x00000007be800000| PB 0x00000007be800000| Untracked 
|1275|0x00000007bec00000, 0x00000007bec00000, 0x00000007bf000000|  0%| F|  |TAMS 0x00000007bec00000| PB 0x00000007bec00000| Untracked 
|1276|0x00000007bf000000, 0x00000007bf000000, 0x00000007bf400000|  0%| F|  |TAMS 0x00000007bf000000| PB 0x00000007bf000000| Untracked 
|1277|0x00000007bf400000, 0x00000007bf400000, 0x00000007bf800000|  0%| F|  |TAMS 0x00000007bf400000| PB 0x00000007bf400000| Untracked 
|1278|0x00000007bf800000, 0x00000007bf800000, 0x00000007bfc00000|  0%| F|  |TAMS 0x00000007bf800000| PB 0x00000007bf800000| Untracked 
|1279|0x00000007bfc00000, 0x00000007bfc00000, 0x00000007c0000000|  0%| F|  |TAMS 0x00000007bfc00000| PB 0x00000007bfc00000| Untracked 
|1280|0x00000007c0000000, 0x00000007c0000000, 0x00000007c0400000|  0%| F|  |TAMS 0x00000007c0000000| PB 0x00000007c0000000| Untracked 
|1281|0x00000007c0400000, 0x00000007c0400000, 0x00000007c0800000|  0%| F|  |TAMS 0x00000007c0400000| PB 0x00000007c0400000| Untracked 
|1282|0x00000007c0800000, 0x00000007c0800000, 0x00000007c0c00000|  0%| F|  |TAMS 0x00000007c0800000| PB 0x00000007c0800000| Untracked 
|1283|0x00000007c0c00000, 0x00000007c0c00000, 0x00000007c1000000|  0%| F|  |TAMS 0x00000007c0c00000| PB 0x00000007c0c00000| Untracked 
|1284|0x00000007c1000000, 0x00000007c1000000, 0x00000007c1400000|  0%| F|  |TAMS 0x00000007c1000000| PB 0x00000007c1000000| Untracked 
|1285|0x00000007c1400000, 0x00000007c1400000, 0x00000007c1800000|  0%| F|  |TAMS 0x00000007c1400000| PB 0x00000007c1400000| Untracked 
|1286|0x00000007c1800000, 0x00000007c1800000, 0x00000007c1c00000|  0%| F|  |TAMS 0x00000007c1800000| PB 0x00000007c1800000| Untracked 
|1287|0x00000007c1c00000, 0x00000007c1c00000, 0x00000007c2000000|  0%| F|  |TAMS 0x00000007c1c00000| PB 0x00000007c1c00000| Untracked 
|1288|0x00000007c2000000, 0x00000007c2000000, 0x00000007c2400000|  0%| F|  |TAMS 0x00000007c2000000| PB 0x00000007c2000000| Untracked 
|1289|0x00000007c2400000, 0x00000007c2400000, 0x00000007c2800000|  0%| F|  |TAMS 0x00000007c2400000| PB 0x00000007c2400000| Untracked 
|1290|0x00000007c2800000, 0x00000007c2800000, 0x00000007c2c00000|  0%| F|  |TAMS 0x00000007c2800000| PB 0x00000007c2800000| Untracked 
|1291|0x00000007c2c00000, 0x00000007c2c00000, 0x00000007c3000000|  0%| F|  |TAMS 0x00000007c2c00000| PB 0x00000007c2c00000| Untracked 
|1292|0x00000007c3000000, 0x00000007c3000000, 0x00000007c3400000|  0%| F|  |TAMS 0x00000007c3000000| PB 0x00000007c3000000| Untracked 
|1293|0x00000007c3400000, 0x00000007c3400000, 0x00000007c3800000|  0%| F|  |TAMS 0x00000007c3400000| PB 0x00000007c3400000| Untracked 
|1294|0x00000007c3800000, 0x00000007c3800000, 0x00000007c3c00000|  0%| F|  |TAMS 0x00000007c3800000| PB 0x00000007c3800000| Untracked 
|1295|0x00000007c3c00000, 0x00000007c3c00000, 0x00000007c4000000|  0%| F|  |TAMS 0x00000007c3c00000| PB 0x00000007c3c00000| Untracked 
|1296|0x00000007c4000000, 0x00000007c4000000, 0x00000007c4400000|  0%| F|  |TAMS 0x00000007c4000000| PB 0x00000007c4000000| Untracked 
|1297|0x00000007c4400000, 0x00000007c4400000, 0x00000007c4800000|  0%| F|  |TAMS 0x00000007c4400000| PB 0x00000007c4400000| Untracked 
|1298|0x00000007c4800000, 0x00000007c4800000, 0x00000007c4c00000|  0%| F|  |TAMS 0x00000007c4800000| PB 0x00000007c4800000| Untracked 
|1299|0x00000007c4c00000, 0x00000007c4c00000, 0x00000007c5000000|  0%| F|  |TAMS 0x00000007c4c00000| PB 0x00000007c4c00000| Untracked 
|1300|0x00000007c5000000, 0x00000007c5000000, 0x00000007c5400000|  0%| F|  |TAMS 0x00000007c5000000| PB 0x00000007c5000000| Untracked 
|1301|0x00000007c5400000, 0x00000007c5400000, 0x00000007c5800000|  0%| F|  |TAMS 0x00000007c5400000| PB 0x00000007c5400000| Untracked 
|1302|0x00000007c5800000, 0x00000007c5800000, 0x00000007c5c00000|  0%| F|  |TAMS 0x00000007c5800000| PB 0x00000007c5800000| Untracked 
|1303|0x00000007c5c00000, 0x00000007c5c00000, 0x00000007c6000000|  0%| F|  |TAMS 0x00000007c5c00000| PB 0x00000007c5c00000| Untracked 
|1304|0x00000007c6000000, 0x00000007c6000000, 0x00000007c6400000|  0%| F|  |TAMS 0x00000007c6000000| PB 0x00000007c6000000| Untracked 
|1305|0x00000007c6400000, 0x00000007c6400000, 0x00000007c6800000|  0%| F|  |TAMS 0x00000007c6400000| PB 0x00000007c6400000| Untracked 
|1306|0x00000007c6800000, 0x00000007c6800000, 0x00000007c6c00000|  0%| F|  |TAMS 0x00000007c6800000| PB 0x00000007c6800000| Untracked 
|1307|0x00000007c6c00000, 0x00000007c6c00000, 0x00000007c7000000|  0%| F|  |TAMS 0x00000007c6c00000| PB 0x00000007c6c00000| Untracked 
|1308|0x00000007c7000000, 0x00000007c7000000, 0x00000007c7400000|  0%| F|  |TAMS 0x00000007c7000000| PB 0x00000007c7000000| Untracked 
|1309|0x00000007c7400000, 0x00000007c7400000, 0x00000007c7800000|  0%| F|  |TAMS 0x00000007c7400000| PB 0x00000007c7400000| Untracked 
|1310|0x00000007c7800000, 0x00000007c7800000, 0x00000007c7c00000|  0%| F|  |TAMS 0x00000007c7800000| PB 0x00000007c7800000| Untracked 
|1311|0x00000007c7c00000, 0x00000007c7c00000, 0x00000007c8000000|  0%| F|  |TAMS 0x00000007c7c00000| PB 0x00000007c7c00000| Untracked 
|1312|0x00000007c8000000, 0x00000007c8000000, 0x00000007c8400000|  0%| F|  |TAMS 0x00000007c8000000| PB 0x00000007c8000000| Untracked 
|1313|0x00000007c8400000, 0x00000007c8400000, 0x00000007c8800000|  0%| F|  |TAMS 0x00000007c8400000| PB 0x00000007c8400000| Untracked 
|1314|0x00000007c8800000, 0x00000007c8800000, 0x00000007c8c00000|  0%| F|  |TAMS 0x00000007c8800000| PB 0x00000007c8800000| Untracked 
|1315|0x00000007c8c00000, 0x00000007c8c00000, 0x00000007c9000000|  0%| F|  |TAMS 0x00000007c8c00000| PB 0x00000007c8c00000| Untracked 
|1316|0x00000007c9000000, 0x00000007c9000000, 0x00000007c9400000|  0%| F|  |TAMS 0x00000007c9000000| PB 0x00000007c9000000| Untracked 
|1317|0x00000007c9400000, 0x00000007c9400000, 0x00000007c9800000|  0%| F|  |TAMS 0x00000007c9400000| PB 0x00000007c9400000| Untracked 
|1318|0x00000007c9800000, 0x00000007c9800000, 0x00000007c9c00000|  0%| F|  |TAMS 0x00000007c9800000| PB 0x00000007c9800000| Untracked 
|1319|0x00000007c9c00000, 0x00000007c9c00000, 0x00000007ca000000|  0%| F|  |TAMS 0x00000007c9c00000| PB 0x00000007c9c00000| Untracked 
|1320|0x00000007ca000000, 0x00000007ca000000, 0x00000007ca400000|  0%| F|  |TAMS 0x00000007ca000000| PB 0x00000007ca000000| Untracked 
|1321|0x00000007ca400000, 0x00000007ca400000, 0x00000007ca800000|  0%| F|  |TAMS 0x00000007ca400000| PB 0x00000007ca400000| Untracked 
|1322|0x00000007ca800000, 0x00000007cac00000, 0x00000007cac00000|100%| S|CS|TAMS 0x00000007ca800000| PB 0x00000007ca800000| Complete 
|1323|0x00000007cac00000, 0x00000007cb000000, 0x00000007cb000000|100%| S|CS|TAMS 0x00000007cac00000| PB 0x00000007cac00000| Complete 
|1324|0x00000007cb000000, 0x00000007cb400000, 0x00000007cb400000|100%| S|CS|TAMS 0x00000007cb000000| PB 0x00000007cb000000| Complete 
|1325|0x00000007cb400000, 0x00000007cb800000, 0x00000007cb800000|100%| S|CS|TAMS 0x00000007cb400000| PB 0x00000007cb400000| Complete 
|1326|0x00000007cb800000, 0x00000007cbc00000, 0x00000007cbc00000|100%| S|CS|TAMS 0x00000007cb800000| PB 0x00000007cb800000| Complete 
|1327|0x00000007cbc00000, 0x00000007cc000000, 0x00000007cc000000|100%| S|CS|TAMS 0x00000007cbc00000| PB 0x00000007cbc00000| Complete 
|1328|0x00000007cc000000, 0x00000007cc400000, 0x00000007cc400000|100%| S|CS|TAMS 0x00000007cc000000| PB 0x00000007cc000000| Complete 
|1329|0x00000007cc400000, 0x00000007cc800000, 0x00000007cc800000|100%| S|CS|TAMS 0x00000007cc400000| PB 0x00000007cc400000| Complete 
|1330|0x00000007cc800000, 0x00000007ccc00000, 0x00000007ccc00000|100%| S|CS|TAMS 0x00000007cc800000| PB 0x00000007cc800000| Complete 
|1331|0x00000007ccc00000, 0x00000007ccc00000, 0x00000007cd000000|  0%| F|  |TAMS 0x00000007ccc00000| PB 0x00000007ccc00000| Untracked 
|1332|0x00000007cd000000, 0x00000007cd000000, 0x00000007cd400000|  0%| F|  |TAMS 0x00000007cd000000| PB 0x00000007cd000000| Untracked 
|1333|0x00000007cd400000, 0x00000007cd400000, 0x00000007cd800000|  0%| F|  |TAMS 0x00000007cd400000| PB 0x00000007cd400000| Untracked 
|1334|0x00000007cd800000, 0x00000007cd800000, 0x00000007cdc00000|  0%| F|  |TAMS 0x00000007cd800000| PB 0x00000007cd800000| Untracked 
|1335|0x00000007cdc00000, 0x00000007cdc00000, 0x00000007ce000000|  0%| F|  |TAMS 0x00000007cdc00000| PB 0x00000007cdc00000| Untracked 
|1336|0x00000007ce000000, 0x00000007ce000000, 0x00000007ce400000|  0%| F|  |TAMS 0x00000007ce000000| PB 0x00000007ce000000| Untracked 
|1337|0x00000007ce400000, 0x00000007ce400000, 0x00000007ce800000|  0%| F|  |TAMS 0x00000007ce400000| PB 0x00000007ce400000| Untracked 
|1338|0x00000007ce800000, 0x00000007ce800000, 0x00000007cec00000|  0%| F|  |TAMS 0x00000007ce800000| PB 0x00000007ce800000| Untracked 
|1339|0x00000007cec00000, 0x00000007cec00000, 0x00000007cf000000|  0%| F|  |TAMS 0x00000007cec00000| PB 0x00000007cec00000| Untracked 
|1340|0x00000007cf000000, 0x00000007cf000000, 0x00000007cf400000|  0%| F|  |TAMS 0x00000007cf000000| PB 0x00000007cf000000| Untracked 
|1341|0x00000007cf400000, 0x00000007cf400000, 0x00000007cf800000|  0%| F|  |TAMS 0x00000007cf400000| PB 0x00000007cf400000| Untracked 
|1342|0x00000007cf800000, 0x00000007cf800000, 0x00000007cfc00000|  0%| F|  |TAMS 0x00000007cf800000| PB 0x00000007cf800000| Untracked 
|1343|0x00000007cfc00000, 0x00000007cfc00000, 0x00000007d0000000|  0%| F|  |TAMS 0x00000007cfc00000| PB 0x00000007cfc00000| Untracked 
|1344|0x00000007d0000000, 0x00000007d0000000, 0x00000007d0400000|  0%| F|  |TAMS 0x00000007d0000000| PB 0x00000007d0000000| Untracked 
|1345|0x00000007d0400000, 0x00000007d0400000, 0x00000007d0800000|  0%| F|  |TAMS 0x00000007d0400000| PB 0x00000007d0400000| Untracked 
|1346|0x00000007d0800000, 0x00000007d0800000, 0x00000007d0c00000|  0%| F|  |TAMS 0x00000007d0800000| PB 0x00000007d0800000| Untracked 
|1347|0x00000007d0c00000, 0x00000007d0c00000, 0x00000007d1000000|  0%| F|  |TAMS 0x00000007d0c00000| PB 0x00000007d0c00000| Untracked 
|1348|0x00000007d1000000, 0x00000007d1000000, 0x00000007d1400000|  0%| F|  |TAMS 0x00000007d1000000| PB 0x00000007d1000000| Untracked 
|1349|0x00000007d1400000, 0x00000007d1400000, 0x00000007d1800000|  0%| F|  |TAMS 0x00000007d1400000| PB 0x00000007d1400000| Untracked 
|1350|0x00000007d1800000, 0x00000007d1800000, 0x00000007d1c00000|  0%| F|  |TAMS 0x00000007d1800000| PB 0x00000007d1800000| Untracked 
|1351|0x00000007d1c00000, 0x00000007d1c00000, 0x00000007d2000000|  0%| F|  |TAMS 0x00000007d1c00000| PB 0x00000007d1c00000| Untracked 
|1352|0x00000007d2000000, 0x00000007d2000000, 0x00000007d2400000|  0%| F|  |TAMS 0x00000007d2000000| PB 0x00000007d2000000| Untracked 
|1353|0x00000007d2400000, 0x00000007d2400000, 0x00000007d2800000|  0%| F|  |TAMS 0x00000007d2400000| PB 0x00000007d2400000| Untracked 
|1354|0x00000007d2800000, 0x00000007d2800000, 0x00000007d2c00000|  0%| F|  |TAMS 0x00000007d2800000| PB 0x00000007d2800000| Untracked 
|1355|0x00000007d2c00000, 0x00000007d2c00000, 0x00000007d3000000|  0%| F|  |TAMS 0x00000007d2c00000| PB 0x00000007d2c00000| Untracked 
|1356|0x00000007d3000000, 0x00000007d3000000, 0x00000007d3400000|  0%| F|  |TAMS 0x00000007d3000000| PB 0x00000007d3000000| Untracked 
|1357|0x00000007d3400000, 0x00000007d3400000, 0x00000007d3800000|  0%| F|  |TAMS 0x00000007d3400000| PB 0x00000007d3400000| Untracked 
|1358|0x00000007d3800000, 0x00000007d3800000, 0x00000007d3c00000|  0%| F|  |TAMS 0x00000007d3800000| PB 0x00000007d3800000| Untracked 
|1359|0x00000007d3c00000, 0x00000007d3c00000, 0x00000007d4000000|  0%| F|  |TAMS 0x00000007d3c00000| PB 0x00000007d3c00000| Untracked 
|1360|0x00000007d4000000, 0x00000007d4000000, 0x00000007d4400000|  0%| F|  |TAMS 0x00000007d4000000| PB 0x00000007d4000000| Untracked 
|1361|0x00000007d4400000, 0x00000007d4400000, 0x00000007d4800000|  0%| F|  |TAMS 0x00000007d4400000| PB 0x00000007d4400000| Untracked 
|1498|0x00000007f6800000, 0x00000007f6800000, 0x00000007f6c00000|  0%| F|  |TAMS 0x00000007f6800000| PB 0x00000007f6800000| Untracked 
|1499|0x00000007f6c00000, 0x00000007f6c00000, 0x00000007f7000000|  0%| F|  |TAMS 0x00000007f6c00000| PB 0x00000007f6c00000| Untracked 
|1500|0x00000007f7000000, 0x00000007f7000000, 0x00000007f7400000|  0%| F|  |TAMS 0x00000007f7000000| PB 0x00000007f7000000| Untracked 
|1501|0x00000007f7400000, 0x00000007f7400000, 0x00000007f7800000|  0%| F|  |TAMS 0x00000007f7400000| PB 0x00000007f7400000| Untracked 
|1502|0x00000007f7800000, 0x00000007f7800000, 0x00000007f7c00000|  0%| F|  |TAMS 0x00000007f7800000| PB 0x00000007f7800000| Untracked 
|1504|0x00000007f8000000, 0x00000007f8000000, 0x00000007f8400000|  0%| F|  |TAMS 0x00000007f8000000| PB 0x00000007f8000000| Untracked 
|1505|0x00000007f8400000, 0x00000007f8400000, 0x00000007f8800000|  0%| F|  |TAMS 0x00000007f8400000| PB 0x00000007f8400000| Untracked 
|1506|0x00000007f8800000, 0x00000007f8800000, 0x00000007f8c00000|  0%| F|  |TAMS 0x00000007f8800000| PB 0x00000007f8800000| Untracked 
|1507|0x00000007f8c00000, 0x00000007f8c00000, 0x00000007f9000000|  0%| F|  |TAMS 0x00000007f8c00000| PB 0x00000007f8c00000| Untracked 
|1508|0x00000007f9000000, 0x00000007f9000000, 0x00000007f9400000|  0%| F|  |TAMS 0x00000007f9000000| PB 0x00000007f9000000| Untracked 
|1509|0x00000007f9400000, 0x00000007f9400000, 0x00000007f9800000|  0%| F|  |TAMS 0x00000007f9400000| PB 0x00000007f9400000| Untracked 
|1510|0x00000007f9800000, 0x00000007f9800000, 0x00000007f9c00000|  0%| F|  |TAMS 0x00000007f9800000| PB 0x00000007f9800000| Untracked 
|1511|0x00000007f9c00000, 0x00000007f9c00000, 0x00000007fa000000|  0%| F|  |TAMS 0x00000007f9c00000| PB 0x00000007f9c00000| Untracked 
|1512|0x00000007fa000000, 0x00000007fa000000, 0x00000007fa400000|  0%| F|  |TAMS 0x00000007fa000000| PB 0x00000007fa000000| Untracked 
|1515|0x00000007fac00000, 0x00000007fac00000, 0x00000007fb000000|  0%| F|  |TAMS 0x00000007fac00000| PB 0x00000007fac00000| Untracked 
|1518|0x00000007fb800000, 0x00000007fb800000, 0x00000007fbc00000|  0%| F|  |TAMS 0x00000007fb800000| PB 0x00000007fb800000| Untracked 
|1520|0x00000007fc000000, 0x00000007fc000000, 0x00000007fc400000|  0%| F|  |TAMS 0x00000007fc000000| PB 0x00000007fc000000| Untracked 
|1521|0x00000007fc400000, 0x00000007fc400000, 0x00000007fc800000|  0%| F|  |TAMS 0x00000007fc400000| PB 0x00000007fc400000| Untracked 
|1522|0x00000007fc800000, 0x00000007fc800000, 0x00000007fcc00000|  0%| F|  |TAMS 0x00000007fc800000| PB 0x00000007fc800000| Untracked 
|1523|0x00000007fcc00000, 0x00000007fcc00000, 0x00000007fd000000|  0%| F|  |TAMS 0x00000007fcc00000| PB 0x00000007fcc00000| Untracked 
|1529|0x00000007fe400000, 0x00000007fe400000, 0x00000007fe800000|  0%| F|  |TAMS 0x00000007fe400000| PB 0x00000007fe400000| Untracked 
|1530|0x00000007fe800000, 0x00000007fe800000, 0x00000007fec00000|  0%| F|  |TAMS 0x00000007fe800000| PB 0x00000007fe800000| Untracked 
|1532|0x00000007ff000000, 0x00000007ff000000, 0x00000007ff400000|  0%| F|  |TAMS 0x00000007ff000000| PB 0x00000007ff000000| Untracked 
|1533|0x00000007ff400000, 0x00000007ff400000, 0x00000007ff800000|  0%| F|  |TAMS 0x00000007ff400000| PB 0x00000007ff400000| Untracked 
|1534|0x00000007ff800000, 0x00000007ff800000, 0x00000007ffc00000|  0%| F|  |TAMS 0x00000007ff800000| PB 0x00000007ff800000| Untracked 
|1535|0x00000007ffc00000, 0x00000007ffc00000, 0x0000000800000000|  0%| F|  |TAMS 0x00000007ffc00000| PB 0x00000007ffc00000| Untracked 

Card table byte_map: [0x00000144a8260000,0x00000144a8e60000] _byte_map_base: 0x00000144a4e60000

Marking Bits: (CMBitMap*) 0x000001449524dd60
 Bits: [0x00000144a8e60000, 0x00000144aee60000)

Polling page: 0x0000014493190000

Metaspace:

Usage:
  Non-class:    229.00 MB used.
      Class:     33.70 MB used.
       Both:    262.69 MB used.

Virtual space:
  Non-class space:      256.00 MB reserved,     230.81 MB ( 90%) committed,  4 nodes.
      Class space:        1.00 GB reserved,      35.44 MB (  3%) committed,  1 nodes.
             Both:        1.25 GB reserved,     266.25 MB ( 21%) committed. 

Chunk freelists:
   Non-Class:  8.30 MB
       Class:  12.40 MB
        Both:  20.70 MB

MaxMetaspaceSize: unlimited
CompressedClassSpaceSize: 1.00 GB
Initial GC threshold: 21.00 MB
Current GC threshold: 438.44 MB
CDS: off
 - commit_granule_bytes: 65536.
 - commit_granule_words: 8192.
 - virtual_space_node_default_size: 8388608.
 - enlarge_chunks_in_place: 1.
 - use_allocation_guard: 0.


Internal statistics:

num_allocs_failed_limit: 12.
num_arena_births: 7366.
num_arena_deaths: 206.
num_vsnodes_births: 5.
num_vsnodes_deaths: 0.
num_space_committed: 4411.
num_space_uncommitted: 42.
num_chunks_returned_to_freelist: 723.
num_chunks_taken_from_freelist: 20356.
num_chunk_merges: 254.
num_chunk_splits: 13121.
num_chunks_enlarged: 8206.
num_inconsistent_stats: 0.

CodeHeap 'non-profiled nmethods': size=120000Kb used=60085Kb max_used=60085Kb free=59914Kb
 bounds [0x000001449fdf0000, 0x00000144a38a0000, 0x00000144a7320000]
CodeHeap 'profiled nmethods': size=120000Kb used=67312Kb max_used=75727Kb free=52687Kb
 bounds [0x0000014498320000, 0x000001449cd20000, 0x000001449f850000]
CodeHeap 'non-nmethods': size=5760Kb used=3193Kb max_used=3372Kb free=2566Kb
 bounds [0x000001449f850000, 0x000001449fbb0000, 0x000001449fdf0000]
CodeCache: size=245760Kb, used=130590Kb, max_used=139184Kb, free=115167Kb
 total_blobs=35713, nmethods=34495, adapters=1116, full_count=0
Compilation: enabled, stopped_count=0, restarted_count=0

Compilation events (20 events):
Event: 1009.964 Thread 0x00000144b986afc0 nmethod 90733 0x00000144a3894390 code [0x00000144a3894540, 0x00000144a3894688]
Event: 1009.964 Thread 0x00000144b986afc0 90711       4       org.jetbrains.kotlin.incremental.classpathDiff.ClassFileWithContents::<init> (40 bytes)
Event: 1009.972 Thread 0x00000144b986afc0 nmethod 90711 0x00000144a3894890 code [0x00000144a3894a40, 0x00000144a3895090]
Event: 1009.972 Thread 0x00000144b986afc0 90741       4       org.jetbrains.kotlin.incremental.classpathDiff.ClassSnapshotter::snapshot$getClassName (50 bytes)
Event: 1010.013 Thread 0x00000144b986afc0 nmethod 90741 0x00000144a3895290 code [0x00000144a38954a0, 0x00000144a3896030]
Event: 1010.013 Thread 0x00000144b986afc0 90742       4       kotlin.text.StringsKt___StringsKt::dropLast (74 bytes)
Event: 1010.025 Thread 0x00000144b986afc0 nmethod 90742 0x00000144a3896610 code [0x00000144a38967e0, 0x00000144a3896f18]
Event: 1010.025 Thread 0x00000144b986afc0 90743       4       kotlin.text.StringsKt___StringsKt::take (87 bytes)
Event: 1010.037 Thread 0x00000144b986afc0 nmethod 90743 0x00000144a3897310 code [0x00000144a38974e0, 0x00000144a3897bb0]
Event: 1010.037 Thread 0x00000144b986afc0 90704       4       org.jetbrains.kotlin.incremental.classpathDiff.ClasspathEntrySnapshotter$$Lambda/0x0000000801c56d00::invoke (12 bytes)
Event: 1010.072 Thread 0x00000144b986afc0 nmethod 90704 0x00000144a3897f10 code [0x00000144a38981a0, 0x00000144a38993e8]
Event: 1010.072 Thread 0x00000144b986afc0 90710   !   4       org.jetbrains.kotlin.incremental.classpathDiff.JarReader::readBytes (125 bytes)
Event: 1010.100 Thread 0x00000144b986afc0 nmethod 90710 0x00000144a3899d10 code [0x00000144a3899fa0, 0x00000144a389b1c8]
Event: 1010.100 Thread 0x00000144b986afc0 90714       4       kotlin.io.ByteStreamsKt::readBytes (47 bytes)
Event: 1010.106 Thread 0x00000144b1aa4ac0 91196       2       android.databinding.internal.org.antlr.v4.runtime.RuleContext::getText (54 bytes)
Event: 1010.106 Thread 0x00000144b1aa4ac0 nmethod 91196 0x000001449b507b90 code [0x000001449b507da0, 0x000001449b508178]
Event: 1010.117 Thread 0x00000144b986afc0 nmethod 90714 0x00000144a389bb10 code [0x00000144a389bd20, 0x00000144a389ca68]
Event: 1010.117 Thread 0x00000144b986afc0 90721       4       org.jetbrains.kotlin.incremental.classpathDiff.ClassFileWithContentsProvider::<init> (27 bytes)
Event: 1010.121 Thread 0x00000144b986afc0 nmethod 90721 0x00000144a389d010 code [0x00000144a389d1a0, 0x00000144a389d480]
Event: 1010.121 Thread 0x00000144b986afc0 90722       4       org.jetbrains.kotlin.incremental.classpathDiff.ClassFile::<init> (39 bytes)

GC Heap History (20 events):
Event: 970.321 GC heap after
{Heap after GC invocations=278 (full 0):
 garbage-first heap   total 5685248K, used 1870367K [0x0000000680000000, 0x0000000800000000)
  region size 4096K, 3 young (12288K), 3 survivors (12288K)
 Metaspace       used 268718K, committed 272320K, reserved 1310720K
  class space    used 34488K, committed 36288K, reserved 1048576K
}
Event: 992.386 GC heap before
{Heap before GC invocations=278 (full 0):
 garbage-first heap   total 5685248K, used 2136607K [0x0000000680000000, 0x0000000800000000)
  region size 4096K, 69 young (282624K), 3 survivors (12288K)
 Metaspace       used 268845K, committed 272448K, reserved 1310720K
  class space    used 34506K, committed 36288K, reserved 1048576K
}
Event: 992.408 GC heap after
{Heap after GC invocations=279 (full 0):
 garbage-first heap   total 5685248K, used 1888074K [0x0000000680000000, 0x0000000800000000)
  region size 4096K, 7 young (28672K), 7 survivors (28672K)
 Metaspace       used 268845K, committed 272448K, reserved 1310720K
  class space    used 34506K, committed 36288K, reserved 1048576K
}
Event: 996.463 GC heap before
{Heap before GC invocations=279 (full 0):
 garbage-first heap   total 5685248K, used 2137930K [0x0000000680000000, 0x0000000800000000)
  region size 4096K, 69 young (282624K), 7 survivors (28672K)
 Metaspace       used 268911K, committed 272512K, reserved 1310720K
  class space    used 34507K, committed 36288K, reserved 1048576K
}
Event: 996.504 GC heap after
{Heap after GC invocations=280 (full 0):
 garbage-first heap   total 5685248K, used 1887487K [0x0000000680000000, 0x0000000800000000)
  region size 4096K, 4 young (16384K), 4 survivors (16384K)
 Metaspace       used 268911K, committed 272512K, reserved 1310720K
  class space    used 34507K, committed 36288K, reserved 1048576K
}
Event: 1002.457 GC heap before
{Heap before GC invocations=280 (full 0):
 garbage-first heap   total 5685248K, used 2391295K [0x0000000680000000, 0x0000000800000000)
  region size 4096K, 125 young (512000K), 4 survivors (16384K)
 Metaspace       used 268928K, committed 272576K, reserved 1310720K
  class space    used 34507K, committed 36288K, reserved 1048576K
}
Event: 1002.808 GC heap after
{Heap after GC invocations=281 (full 0):
 garbage-first heap   total 5685248K, used 1972203K [0x0000000680000000, 0x0000000800000000)
  region size 4096K, 16 young (65536K), 16 survivors (65536K)
 Metaspace       used 268928K, committed 272576K, reserved 1310720K
  class space    used 34507K, committed 36288K, reserved 1048576K
}
Event: 1003.793 GC heap before
{Heap before GC invocations=281 (full 0):
 garbage-first heap   total 5685248K, used 2185195K [0x0000000680000000, 0x0000000800000000)
  region size 4096K, 69 young (282624K), 16 survivors (65536K)
 Metaspace       used 268933K, committed 272576K, reserved 1310720K
  class space    used 34507K, committed 36288K, reserved 1048576K
}
Event: 1004.070 GC heap after
{Heap after GC invocations=282 (full 0):
 garbage-first heap   total 5685248K, used 1989338K [0x0000000680000000, 0x0000000800000000)
  region size 4096K, 6 young (24576K), 6 survivors (24576K)
 Metaspace       used 268933K, committed 272576K, reserved 1310720K
  class space    used 34507K, committed 36288K, reserved 1048576K
}
Event: 1005.076 GC heap before
{Heap before GC invocations=282 (full 0):
 garbage-first heap   total 5685248K, used 2243290K [0x0000000680000000, 0x0000000800000000)
  region size 4096K, 69 young (282624K), 6 survivors (24576K)
 Metaspace       used 268937K, committed 272576K, reserved 1310720K
  class space    used 34507K, committed 36288K, reserved 1048576K
}
Event: 1005.127 GC heap after
{Heap after GC invocations=283 (full 0):
 garbage-first heap   total 5685248K, used 2010629K [0x0000000680000000, 0x0000000800000000)
  region size 4096K, 6 young (24576K), 6 survivors (24576K)
 Metaspace       used 268937K, committed 272576K, reserved 1310720K
  class space    used 34507K, committed 36288K, reserved 1048576K
}
Event: 1005.939 GC heap before
{Heap before GC invocations=283 (full 0):
 garbage-first heap   total 5685248K, used 2330117K [0x0000000680000000, 0x0000000800000000)
  region size 4096K, 85 young (348160K), 6 survivors (24576K)
 Metaspace       used 268978K, committed 272576K, reserved 1310720K
  class space    used 34507K, committed 36288K, reserved 1048576K
}
Event: 1005.972 GC heap after
{Heap after GC invocations=284 (full 0):
 garbage-first heap   total 5685248K, used 2025648K [0x0000000680000000, 0x0000000800000000)
  region size 4096K, 10 young (40960K), 10 survivors (40960K)
 Metaspace       used 268978K, committed 272576K, reserved 1310720K
  class space    used 34507K, committed 36288K, reserved 1048576K
}
Event: 1007.144 GC heap before
{Heap before GC invocations=284 (full 0):
 garbage-first heap   total 5685248K, used 2410672K [0x0000000680000000, 0x0000000800000000)
  region size 4096K, 105 young (430080K), 10 survivors (40960K)
 Metaspace       used 268985K, committed 272576K, reserved 1310720K
  class space    used 34507K, committed 36288K, reserved 1048576K
}
Event: 1007.246 GC heap after
{Heap after GC invocations=285 (full 0):
 garbage-first heap   total 5685248K, used 2059049K [0x0000000680000000, 0x0000000800000000)
  region size 4096K, 14 young (57344K), 14 survivors (57344K)
 Metaspace       used 268985K, committed 272576K, reserved 1310720K
  class space    used 34507K, committed 36288K, reserved 1048576K
}
Event: 1008.472 GC heap before
{Heap before GC invocations=285 (full 0):
 garbage-first heap   total 5685248K, used 2386729K [0x0000000680000000, 0x0000000800000000)
  region size 4096K, 94 young (385024K), 14 survivors (57344K)
 Metaspace       used 268992K, committed 272576K, reserved 1310720K
  class space    used 34507K, committed 36288K, reserved 1048576K
}
Event: 1008.636 GC heap after
{Heap after GC invocations=286 (full 0):
 garbage-first heap   total 5685248K, used 2115181K [0x0000000680000000, 0x0000000800000000)
  region size 4096K, 12 young (49152K), 12 survivors (49152K)
 Metaspace       used 268992K, committed 272576K, reserved 1310720K
  class space    used 34507K, committed 36288K, reserved 1048576K
}
Event: 1009.429 GC heap before
{Heap before GC invocations=286 (full 0):
 garbage-first heap   total 5685248K, used 2446957K [0x0000000680000000, 0x0000000800000000)
  region size 4096K, 89 young (364544K), 12 survivors (49152K)
 Metaspace       used 268998K, committed 272640K, reserved 1310720K
  class space    used 34507K, committed 36288K, reserved 1048576K
}
Event: 1009.649 GC heap after
{Heap after GC invocations=287 (full 0):
 garbage-first heap   total 5685248K, used 2197800K [0x0000000680000000, 0x0000000800000000)
  region size 4096K, 12 young (49152K), 12 survivors (49152K)
 Metaspace       used 268998K, committed 272640K, reserved 1310720K
  class space    used 34507K, committed 36288K, reserved 1048576K
}
Event: 1010.190 GC heap before
{Heap before GC invocations=287 (full 0):
 garbage-first heap   total 5685248K, used 2447656K [0x0000000680000000, 0x0000000800000000)
  region size 4096K, 69 young (282624K), 12 survivors (49152K)
 Metaspace       used 268999K, committed 272640K, reserved 1310720K
  class space    used 34507K, committed 36288K, reserved 1048576K
}

Dll operation events (3 events):
Event: 0.019 Loaded shared library C:\Program Files\Android\Android Studio\jbr\bin\java.dll
Event: 0.027 Loaded shared library C:\Program Files\Android\Android Studio\jbr\bin\zip.dll
Event: 0.435 Loaded shared library C:\Program Files\Android\Android Studio\jbr\bin\verify.dll

Deoptimization events (20 events):
Event: 1007.031 Thread 0x00000144cb803480 DEOPT PACKING pc=0x000001449c273d05 sp=0x000000129dbf81e0
Event: 1007.031 Thread 0x00000144cb803480 DEOPT UNPACKING pc=0x000001449f8a4e42 sp=0x000000129dbf7670 mode 0
Event: 1007.063 Thread 0x00000144cb803480 DEOPT PACKING pc=0x000001449c273d05 sp=0x000000129dbf81e0
Event: 1007.063 Thread 0x00000144cb803480 DEOPT UNPACKING pc=0x000001449f8a4e42 sp=0x000000129dbf7670 mode 0
Event: 1007.248 Thread 0x00000144b1a71b10 DEOPT PACKING pc=0x000001449845d3d1 sp=0x000000129adfeea0
Event: 1007.248 Thread 0x00000144b1a71b10 DEOPT UNPACKING pc=0x000001449f8a4e42 sp=0x000000129adfe380 mode 0
Event: 1007.312 Thread 0x00000144cb803480 DEOPT PACKING pc=0x000001449c273d05 sp=0x000000129dbf81e0
Event: 1007.312 Thread 0x00000144cb803480 DEOPT UNPACKING pc=0x000001449f8a4e42 sp=0x000000129dbf7670 mode 0
Event: 1007.335 Thread 0x00000144cb803480 DEOPT PACKING pc=0x000001449c273d05 sp=0x000000129dbf81e0
Event: 1007.335 Thread 0x00000144cb803480 DEOPT UNPACKING pc=0x000001449f8a4e42 sp=0x000000129dbf7670 mode 0
Event: 1007.499 Thread 0x00000144cb803480 DEOPT PACKING pc=0x000001449c269c8d sp=0x000000129dbf82f0
Event: 1007.504 Thread 0x00000144cb803480 DEOPT UNPACKING pc=0x000001449f8a4e42 sp=0x000000129dbf7808 mode 0
Event: 1007.526 Thread 0x00000144cb803480 DEOPT PACKING pc=0x000001449c269c8d sp=0x000000129dbf82f0
Event: 1007.527 Thread 0x00000144cb803480 DEOPT UNPACKING pc=0x000001449f8a4e42 sp=0x000000129dbf7808 mode 0
Event: 1007.560 Thread 0x00000144d068caa0 DEOPT PACKING pc=0x000001449c269c8d sp=0x00000012a12fc1c0
Event: 1007.560 Thread 0x00000144d068caa0 DEOPT UNPACKING pc=0x000001449f8a4e42 sp=0x00000012a12fb6d8 mode 0
Event: 1008.993 Thread 0x00000144d2944af0 DEOPT PACKING pc=0x0000014499ec00ad sp=0x000000129effd900
Event: 1008.993 Thread 0x00000144d2944af0 DEOPT UNPACKING pc=0x000001449f8a4e42 sp=0x000000129effcdc0 mode 0
Event: 1010.012 Thread 0x00000144cb802df0 DEOPT PACKING pc=0x000001449872686c sp=0x000000129e1fa490
Event: 1010.012 Thread 0x00000144cb802df0 DEOPT UNPACKING pc=0x000001449f8a4e42 sp=0x000000129e1f9990 mode 0

Classes loaded (20 events):
Event: 628.069 Loading class sun/nio/fs/WindowsSecurity$Privilege
Event: 628.070 Loading class sun/nio/fs/WindowsSecurity$Privilege done
Event: 628.421 Loading class java/util/Collections$EmptyListIterator
Event: 628.423 Loading class java/util/Collections$EmptyListIterator done
Event: 628.511 Loading class java/net/UrlDeserializedState
Event: 628.513 Loading class java/net/UrlDeserializedState done
Event: 635.962 Loading class java/lang/StackStreamFactory
Event: 636.040 Loading class java/lang/StackStreamFactory done
Event: 636.040 Loading class java/lang/StackWalker$ExtendedOption
Event: 636.097 Loading class java/lang/StackWalker$ExtendedOption done
Event: 636.098 Loading class java/lang/StackStreamFactory$StackFrameTraverser
Event: 636.114 Loading class java/lang/StackStreamFactory$StackFrameTraverser done
Event: 636.114 Loading class java/lang/StackStreamFactory$WalkerState
Event: 636.114 Loading class java/lang/StackStreamFactory$WalkerState done
Event: 636.114 Loading class java/lang/StackStreamFactory$StackFrameTraverser$StackFrameBuffer
Event: 636.157 Loading class java/lang/StackStreamFactory$FrameBuffer
Event: 636.176 Loading class java/lang/StackStreamFactory$FrameBuffer done
Event: 636.176 Loading class java/lang/StackStreamFactory$StackFrameTraverser$StackFrameBuffer done
Event: 735.666 Loading class jdk/internal/math/FormattedFPDecimal
Event: 735.710 Loading class jdk/internal/math/FormattedFPDecimal done

Classes unloaded (20 events):
Event: 764.467 Thread 0x00000144b1a26ab0 Unloading class 0x0000000801d577e0 'com/google/common/collect/UnmodifiableIterator'
Event: 764.467 Thread 0x00000144b1a26ab0 Unloading class 0x0000000801d575b0 'com/google/common/collect/SortedMapDifference'
Event: 764.467 Thread 0x00000144b1a26ab0 Unloading class 0x0000000801e40470 'com/google/common/collect/MapDifference'
Event: 764.470 Thread 0x00000144b1a26ab0 Unloading class 0x0000000801d54d00 'com/google/common/collect/Maps'
Event: 764.471 Thread 0x00000144b1a26ab0 Unloading class 0x0000000801d57158 'com/google/common/collect/Sets$2'
Event: 764.471 Thread 0x00000144b1a26ab0 Unloading class 0x0000000801d56cc8 'com/google/common/collect/ImmutableEnumSet'
Event: 764.473 Thread 0x00000144b1a26ab0 Unloading class 0x0000000801d56840 'com/google/common/collect/ImmutableSet'
Event: 764.473 Thread 0x00000144b1a26ab0 Unloading class 0x0000000801d56458 'com/google/common/collect/ImmutableCollection'
Event: 764.473 Thread 0x00000144b1a26ab0 Unloading class 0x0000000801d56000 'com/google/common/collect/Sets$4'
Event: 764.473 Thread 0x00000144b1a26ab0 Unloading class 0x0000000801d548a8 'com/google/common/collect/Sets$3'
Event: 764.473 Thread 0x00000144b1a26ab0 Unloading class 0x0000000801d54450 'com/google/common/collect/Sets$1'
Event: 764.473 Thread 0x00000144b1a26ab0 Unloading class 0x0000000801d54000 'com/google/common/collect/Sets$SetView'
Event: 764.475 Thread 0x00000144b1a26ab0 Unloading class 0x0000000801e40238 'com/google/common/collect/Sets'
Event: 764.476 Thread 0x00000144b1a26ab0 Unloading class 0x0000000801e40000 'android/databinding/tool/CompilerArguments$Companion'
Event: 764.477 Thread 0x00000144b1a26ab0 Unloading class 0x00000008020e5c38 'android/databinding/tool/CompilerArguments'
Event: 764.477 Thread 0x00000144b1a26ab0 Unloading class 0x00000008020e59e0 'android/databinding/tool/writer/AnnotationJavaFileWriter'
Event: 764.478 Thread 0x00000144b1a26ab0 Unloading class 0x00000008020e5790 'android/databinding/tool/writer/JavaFileWriter'
Event: 764.478 Thread 0x00000144b1a26ab0 Unloading class 0x00000008020e5560 'android/databinding/annotationprocessor/ProcessDataBinding$Callback'
Event: 764.478 Thread 0x00000144b1a26ab0 Unloading class 0x00000008020e52b8 'javax/xml/bind/JAXBException'
Event: 764.478 Thread 0x00000144b1a26ab0 Unloading class 0x00000008020e5000 'android/databinding/annotationprocessor/ProcessDataBinding'

Classes redefined (0 events):
No events

Internal exceptions (20 events):
Event: 1009.876 Thread 0x00000144cb802df0 Exception <a 'sun/nio/fs/WindowsException'{0x00000007f8d21ca8}> (0x00000007f8d21ca8) 
thrown [s\src\hotspot\share\prims\jni.cpp, line 537]
Event: 1009.883 Thread 0x00000144cb802df0 Exception <a 'sun/nio/fs/WindowsException'{0x00000007f8d2e670}> (0x00000007f8d2e670) 
thrown [s\src\hotspot\share\prims\jni.cpp, line 537]
Event: 1009.892 Thread 0x00000144cb802df0 Exception <a 'sun/nio/fs/WindowsException'{0x00000007f8d2f8d8}> (0x00000007f8d2f8d8) 
thrown [s\src\hotspot\share\prims\jni.cpp, line 537]
Event: 1009.939 Thread 0x00000144cb802df0 Exception <a 'sun/nio/fs/WindowsException'{0x00000007d37d42d8}> (0x00000007d37d42d8) 
thrown [s\src\hotspot\share\prims\jni.cpp, line 537]
Event: 1009.955 Thread 0x00000144cb802df0 Exception <a 'sun/nio/fs/WindowsException'{0x00000007d37df2d0}> (0x00000007d37df2d0) 
thrown [s\src\hotspot\share\prims\jni.cpp, line 537]
Event: 1009.958 Thread 0x00000144cb802df0 Exception <a 'sun/nio/fs/WindowsException'{0x00000007d37e0578}> (0x00000007d37e0578) 
thrown [s\src\hotspot\share\prims\jni.cpp, line 537]
Event: 1009.965 Thread 0x00000144cb802df0 Exception <a 'sun/nio/fs/WindowsException'{0x00000007d37e17b0}> (0x00000007d37e17b0) 
thrown [s\src\hotspot\share\prims\jni.cpp, line 537]
Event: 1009.974 Thread 0x00000144cb802df0 Exception <a 'sun/nio/fs/WindowsException'{0x00000007d37e29d8}> (0x00000007d37e29d8) 
thrown [s\src\hotspot\share\prims\jni.cpp, line 537]
Event: 1009.979 Thread 0x00000144cb802df0 Exception <a 'sun/nio/fs/WindowsException'{0x00000007d37e3b88}> (0x00000007d37e3b88) 
thrown [s\src\hotspot\share\prims\jni.cpp, line 537]
Event: 1009.989 Thread 0x00000144cb802df0 Exception <a 'sun/nio/fs/WindowsException'{0x00000007d37e4d60}> (0x00000007d37e4d60) 
thrown [s\src\hotspot\share\prims\jni.cpp, line 537]
Event: 1009.995 Thread 0x00000144cb802df0 Exception <a 'sun/nio/fs/WindowsException'{0x00000007d37e5f50}> (0x00000007d37e5f50) 
thrown [s\src\hotspot\share\prims\jni.cpp, line 537]
Event: 1010.001 Thread 0x00000144cb802df0 Exception <a 'sun/nio/fs/WindowsException'{0x00000007d37e70e0}> (0x00000007d37e70e0) 
thrown [s\src\hotspot\share\prims\jni.cpp, line 537]
Event: 1010.005 Thread 0x00000144cb802df0 Exception <a 'sun/nio/fs/WindowsException'{0x00000007d37e8258}> (0x00000007d37e8258) 
thrown [s\src\hotspot\share\prims\jni.cpp, line 537]
Event: 1010.017 Thread 0x00000144cb802df0 Exception <a 'sun/nio/fs/WindowsException'{0x00000007d12a03f8}> (0x00000007d12a03f8) 
thrown [s\src\hotspot\share\prims\jni.cpp, line 537]
Event: 1010.024 Thread 0x00000144cb802df0 Exception <a 'sun/nio/fs/WindowsException'{0x00000007d12aaf90}> (0x00000007d12aaf90) 
thrown [s\src\hotspot\share\prims\jni.cpp, line 537]
Event: 1010.079 Thread 0x00000144cb802df0 Exception <a 'sun/nio/fs/WindowsException'{0x00000007d078ae00}> (0x00000007d078ae00) 
thrown [s\src\hotspot\share\prims\jni.cpp, line 537]
Event: 1010.083 Thread 0x00000144cb802df0 Exception <a 'sun/nio/fs/WindowsException'{0x00000007cdf9cc88}> (0x00000007cdf9cc88) 
thrown [s\src\hotspot\share\prims\jni.cpp, line 537]
Event: 1010.085 Thread 0x00000144cb802df0 Exception <a 'sun/nio/fs/WindowsException'{0x00000007cdf9dfa8}> (0x00000007cdf9dfa8) 
thrown [s\src\hotspot\share\prims\jni.cpp, line 537]
Event: 1010.106 Thread 0x00000144cb802df0 Exception <a 'sun/nio/fs/WindowsException'{0x00000007cd7db138}> (0x00000007cd7db138) 
thrown [s\src\hotspot\share\prims\jni.cpp, line 537]
Event: 1010.116 Thread 0x00000144cb802df0 Exception <a 'sun/nio/fs/WindowsException'{0x00000007cd2514c0}> (0x00000007cd2514c0) 
thrown [s\src\hotspot\share\prims\jni.cpp, line 537]

ZGC Phase Switch (0 events):
No events

VM Operations (20 events):
Event: 1002.808 Executing VM operation: G1CollectForAllocation (GCLocker Initiated GC) done
Event: 1003.790 Executing VM operation: G1CollectForAllocation (G1 Evacuation Pause)
Event: 1004.070 Executing VM operation: G1CollectForAllocation (G1 Evacuation Pause) done
Event: 1005.073 Executing VM operation: G1CollectForAllocation (G1 Evacuation Pause)
Event: 1005.127 Executing VM operation: G1CollectForAllocation (G1 Evacuation Pause) done
Event: 1005.936 Executing VM operation: G1CollectForAllocation (G1 Evacuation Pause)
Event: 1005.972 Executing VM operation: G1CollectForAllocation (G1 Evacuation Pause) done
Event: 1006.972 Executing VM operation: Cleanup
Event: 1006.973 Executing VM operation: Cleanup done
Event: 1007.144 Executing VM operation: G1CollectForAllocation (G1 Evacuation Pause)
Event: 1007.246 Executing VM operation: G1CollectForAllocation (G1 Evacuation Pause) done
Event: 1008.246 Executing VM operation: Cleanup
Event: 1008.249 Executing VM operation: Cleanup done
Event: 1008.472 Executing VM operation: G1CollectForAllocation (G1 Evacuation Pause)
Event: 1008.636 Executing VM operation: G1CollectForAllocation (G1 Evacuation Pause) done
Event: 1009.429 Executing VM operation: G1CollectForAllocation (G1 Evacuation Pause)
Event: 1009.649 Executing VM operation: G1CollectForAllocation (G1 Evacuation Pause) done
Event: 1010.135 Executing VM operation: G1CollectForAllocation (G1 Evacuation Pause)
Event: 1010.188 Executing VM operation: G1CollectForAllocation (G1 Evacuation Pause) done
Event: 1010.190 Executing VM operation: G1CollectForAllocation (GCLocker Initiated GC)

Memory protections (0 events):
No events

Nmethod flushes (20 events):
Event: 766.097 Thread 0x00000144b1a26ab0 flushing  nmethod 0x000001449b55ec10
Event: 766.097 Thread 0x00000144b1a26ab0 flushing  nmethod 0x000001449b560e90
Event: 766.097 Thread 0x00000144b1a26ab0 flushing  nmethod 0x000001449b587490
Event: 766.097 Thread 0x00000144b1a26ab0 flushing  nmethod 0x000001449b587a10
Event: 766.097 Thread 0x00000144b1a26ab0 flushing  nmethod 0x000001449b587f90
Event: 766.097 Thread 0x00000144b1a26ab0 flushing  nmethod 0x000001449b588510
Event: 766.097 Thread 0x00000144b1a26ab0 flushing  nmethod 0x000001449b588a90
Event: 766.097 Thread 0x00000144b1a26ab0 flushing  nmethod 0x000001449b589010
Event: 766.097 Thread 0x00000144b1a26ab0 flushing  nmethod 0x000001449b589590
Event: 766.097 Thread 0x00000144b1a26ab0 flushing  nmethod 0x000001449b58ad90
Event: 766.097 Thread 0x00000144b1a26ab0 flushing  nmethod 0x000001449b5a3190
Event: 766.097 Thread 0x00000144b1a26ab0 flushing  nmethod 0x000001449b5a7b90
Event: 766.099 Thread 0x00000144b1a26ab0 flushing  nmethod 0x000001449b5b9c10
Event: 766.099 Thread 0x00000144b1a26ab0 flushing  nmethod 0x000001449b5c0d90
Event: 766.099 Thread 0x00000144b1a26ab0 flushing  nmethod 0x000001449bbee690
Event: 766.099 Thread 0x00000144b1a26ab0 flushing  nmethod 0x000001449bca2c10
Event: 766.099 Thread 0x00000144b1a26ab0 flushing  nmethod 0x000001449bca9710
Event: 766.099 Thread 0x00000144b1a26ab0 flushing  nmethod 0x000001449be05210
Event: 766.100 Thread 0x00000144b1a26ab0 flushing  nmethod 0x000001449c3c2c90
Event: 766.100 Thread 0x00000144b1a26ab0 flushing  nmethod 0x000001449cc07b10

Events (20 events):
Event: 1003.171 Thread 0x00000144cb803480 Thread added: 0x00000144d6db34b0
Event: 1003.178 Thread 0x00000144cb803480 Thread added: 0x00000144d6db2790
Event: 1003.182 Thread 0x00000144cb803480 Thread added: 0x00000144c2307c00
Event: 1003.185 Thread 0x00000144cb803480 Thread added: 0x00000144c2308290
Event: 1003.188 Thread 0x00000144cb803480 Thread added: 0x00000144c230e500
Event: 1003.194 Thread 0x00000144cb803480 Thread added: 0x00000144c230f220
Event: 1003.223 Thread 0x00000144cb803480 Thread added: 0x00000144d62c8510
Event: 1004.075 Thread 0x00000144d2945ea0 Thread exited: 0x00000144d2945ea0
Event: 1005.776 Thread 0x00000144cba62120 Thread added: 0x00000144c46c2d20
Event: 1005.777 Thread 0x00000144cba62120 Thread added: 0x00000144c46c2000
Event: 1005.777 Thread 0x00000144cba62120 Thread added: 0x00000144c46c2690
Event: 1005.777 Thread 0x00000144cba62120 Thread added: 0x00000144c46c0c50
Event: 1006.755 Thread 0x00000144cb803480 Thread added: 0x00000144d068caa0
Event: 1006.755 Thread 0x00000144cb803480 Thread added: 0x00000144d068d130
Event: 1006.756 Thread 0x00000144cb803480 Thread added: 0x00000144d068c410
Event: 1006.756 Thread 0x00000144cb803480 Thread added: 0x00000144c46c3a40
Event: 1006.757 Thread 0x00000144cb803480 Thread added: 0x00000144c46c1970
Event: 1006.762 Thread 0x00000144cb803480 Thread added: 0x00000144c26b4d90
Event: 1006.773 Thread 0x00000144cb803480 Thread added: 0x00000144d068d7c0
Event: 1007.692 Thread 0x00000144b1aa4ac0 Thread added: 0x00000144b986afc0


Dynamic libraries:
0x00007ff6ab850000 - 0x00007ff6ab85a000 	C:\Program Files\Android\Android Studio\jbr\bin\java.exe
0x00007ff873960000 - 0x00007ff873bc8000 	C:\WINDOWS\SYSTEM32\ntdll.dll
0x00007ff873160000 - 0x00007ff873229000 	C:\WINDOWS\System32\KERNEL32.DLL
0x00007ff870d30000 - 0x00007ff871122000 	C:\WINDOWS\System32\KERNELBASE.dll
0x00007ff8711f0000 - 0x00007ff87133b000 	C:\WINDOWS\System32\ucrtbase.dll
0x00007ff837e20000 - 0x00007ff837e3b000 	C:\Program Files\Android\Android Studio\jbr\bin\VCRUNTIME140.dll
0x00007ff847a80000 - 0x00007ff847a98000 	C:\Program Files\Android\Android Studio\jbr\bin\jli.dll
0x00007ff871730000 - 0x00007ff8718f5000 	C:\WINDOWS\System32\USER32.dll
0x00007ff85bf00000 - 0x00007ff85c193000 	C:\WINDOWS\WinSxS\amd64_microsoft.windows.common-controls_6595b64144ccf1df_6.0.26100.6899_none_3e0efeeae32e88c1\COMCTL32.dll
0x00007ff870c70000 - 0x00007ff870c97000 	C:\WINDOWS\System32\win32u.dll
0x00007ff873770000 - 0x00007ff873819000 	C:\WINDOWS\System32\msvcrt.dll
0x00007ff872ea0000 - 0x00007ff872ecb000 	C:\WINDOWS\System32\GDI32.dll
0x00007ff8713e0000 - 0x00007ff87150d000 	C:\WINDOWS\System32\gdi32full.dll
0x00007ff871510000 - 0x00007ff8715b3000 	C:\WINDOWS\System32\msvcp_win.dll
0x00007ff8733e0000 - 0x00007ff87340f000 	C:\WINDOWS\System32\IMM32.DLL
0x00007ff867370000 - 0x00007ff86737c000 	C:\Program Files\Android\Android Studio\jbr\bin\vcruntime140_1.dll
0x00007ff83a840000 - 0x00007ff83a8cd000 	C:\Program Files\Android\Android Studio\jbr\bin\msvcp140.dll
0x00007fffec8f0000 - 0x00007fffed586000 	C:\Program Files\Android\Android Studio\jbr\bin\server\jvm.dll
0x00007ff8732f0000 - 0x00007ff8733a4000 	C:\WINDOWS\System32\ADVAPI32.dll
0x00007ff873230000 - 0x00007ff8732d6000 	C:\WINDOWS\System32\sechost.dll
0x00007ff872570000 - 0x00007ff872688000 	C:\WINDOWS\System32\RPCRT4.dll
0x00007ff871c80000 - 0x00007ff871cf4000 	C:\WINDOWS\System32\WS2_32.dll
0x00007ff870950000 - 0x00007ff8709ae000 	C:\WINDOWS\SYSTEM32\POWRPROF.dll
0x00007ff8647e0000 - 0x00007ff8647eb000 	C:\WINDOWS\SYSTEM32\VERSION.dll
0x00007ff85c310000 - 0x00007ff85c345000 	C:\WINDOWS\SYSTEM32\WINMM.dll
0x00007ff870930000 - 0x00007ff870944000 	C:\WINDOWS\SYSTEM32\UMPDC.dll
0x00007ff86f8c0000 - 0x00007ff86f8db000 	C:\WINDOWS\SYSTEM32\kernel.appcore.dll
0x00007ff863700000 - 0x00007ff86370a000 	C:\Program Files\Android\Android Studio\jbr\bin\jimage.dll
0x00007ff86e2e0000 - 0x00007ff86e522000 	C:\WINDOWS\SYSTEM32\DBGHELP.DLL
0x00007ff871900000 - 0x00007ff871c7b000 	C:\WINDOWS\System32\combase.dll
0x00007ff872ee0000 - 0x00007ff872fb7000 	C:\WINDOWS\System32\OLEAUT32.dll
0x00007ff84b320000 - 0x00007ff84b35c000 	C:\WINDOWS\SYSTEM32\dbgcore.DLL
0x00007ff871340000 - 0x00007ff8713d8000 	C:\WINDOWS\System32\bcryptPrimitives.dll
0x00007ff8676d0000 - 0x00007ff8676de000 	C:\Program Files\Android\Android Studio\jbr\bin\instrument.dll
0x00007ffffce50000 - 0x00007ffffce70000 	C:\Program Files\Android\Android Studio\jbr\bin\java.dll
0x00007ffffce30000 - 0x00007ffffce48000 	C:\Program Files\Android\Android Studio\jbr\bin\zip.dll
0x00007ff871d00000 - 0x00007ff87244d000 	C:\WINDOWS\System32\SHELL32.dll
0x00007ff8715c0000 - 0x00007ff87172b000 	C:\WINDOWS\System32\wintypes.dll
0x00007ff86e780000 - 0x00007ff86efdd000 	C:\WINDOWS\SYSTEM32\windows.storage.dll
0x00007ff873820000 - 0x00007ff873912000 	C:\WINDOWS\System32\SHCORE.dll
0x00007ff872790000 - 0x00007ff8727f2000 	C:\WINDOWS\System32\shlwapi.dll
0x00007ff8709e0000 - 0x00007ff870a09000 	C:\WINDOWS\SYSTEM32\profapi.dll
0x00007ff838ad0000 - 0x00007ff838ae0000 	C:\Program Files\Android\Android Studio\jbr\bin\net.dll
0x00007ff867180000 - 0x00007ff86729f000 	C:\WINDOWS\SYSTEM32\WINHTTP.dll
0x00007ff86fe30000 - 0x00007ff86fe9b000 	C:\WINDOWS\system32\mswsock.dll
0x00007ffff2330000 - 0x00007ffff2346000 	C:\Program Files\Android\Android Studio\jbr\bin\nio.dll
0x00007fffef3e0000 - 0x00007fffef3f0000 	C:\Program Files\Android\Android Studio\jbr\bin\verify.dll
0x00007ff864730000 - 0x00007ff864757000 	C:\Users\zs computer\.gradle\native\c067742578af261105cb4f569cf0c3c89f3d7b1fecec35dd04571415982c5e48\windows-amd64\native-platform.dll
0x00007ff803620000 - 0x00007ff803764000 	C:\Users\zs computer\.gradle\native\38dada09dfb8b06ba9b0570ebf7e218e3eb74d4ef43ca46872605cf95ebc2f47\windows-amd64\native-platform-file-events.dll
0x00007ffff17d0000 - 0x00007ffff17d9000 	C:\Program Files\Android\Android Studio\jbr\bin\management.dll
0x00007ffff17c0000 - 0x00007ffff17cb000 	C:\Program Files\Android\Android Studio\jbr\bin\management_ext.dll
0x00007ff873600000 - 0x00007ff873608000 	C:\WINDOWS\System32\PSAPI.DLL
0x00007ff8700e0000 - 0x00007ff8700fb000 	C:\WINDOWS\SYSTEM32\CRYPTSP.dll
0x00007ff86f820000 - 0x00007ff86f85b000 	C:\WINDOWS\system32\rsaenh.dll
0x00007ff86fed0000 - 0x00007ff86fefb000 	C:\WINDOWS\SYSTEM32\USERENV.dll
0x00007ff870a10000 - 0x00007ff870a36000 	C:\WINDOWS\SYSTEM32\bcrypt.dll
0x00007ff870100000 - 0x00007ff87010c000 	C:\WINDOWS\SYSTEM32\CRYPTBASE.dll
0x00007ff86f330000 - 0x00007ff86f364000 	C:\WINDOWS\SYSTEM32\IPHLPAPI.DLL
0x00007ff8732e0000 - 0x00007ff8732ea000 	C:\WINDOWS\System32\NSI.dll
0x00007ffff17e0000 - 0x00007ffff17e9000 	C:\Program Files\Android\Android Studio\jbr\bin\extnet.dll
0x00007ffffdb10000 - 0x00007ffffdb18000 	C:\WINDOWS\system32\wshunix.dll
0x00007ff86f3d0000 - 0x00007ff86f4f6000 	C:\WINDOWS\SYSTEM32\DNSAPI.dll
0x00007ff864810000 - 0x00007ff86481b000 	C:\Windows\System32\rasadhlp.dll
0x00007ff863a30000 - 0x00007ff863ab6000 	C:\WINDOWS\System32\fwpuclnt.dll
0x00007ff863730000 - 0x00007ff863748000 	C:\WINDOWS\system32\napinsp.dll
0x00007ff863710000 - 0x00007ff863722000 	C:\WINDOWS\System32\winrnr.dll
0x00007ff8428a0000 - 0x00007ff8428c8000 	C:\WINDOWS\system32\nlansp_c.dll
0x00007ff866650000 - 0x00007ff866666000 	C:\WINDOWS\system32\wshbth.dll
0x00007ff86f9e0000 - 0x00007ff86fa16000 	C:\WINDOWS\SYSTEM32\ntmarta.dll
0x00007ff864720000 - 0x00007ff864727000 	C:\Program Files\Android\Android Studio\jbr\bin\rmi.dll

JVMTI agents:
C:\Users\zs computer\.gradle\wrapper\dists\gradle-8.6-bin\afr5mpiioh2wthjmwnkmdsd5w\gradle-8.6\lib\agents\gradle-instrumentation-agent-8.6.jar path:C:\Program Files\Android\Android Studio\jbr\bin\instrument.dll, loaded, initialized, instrumentlib options:none

dbghelp: loaded successfully - version: 4.0.5 - missing functions: none
symbol engine: initialized successfully - sym options: 0x614 - pdb path: .;C:\Program Files\Android\Android Studio\jbr\bin;C:\WINDOWS\SYSTEM32;C:\WINDOWS\WinSxS\amd64_microsoft.windows.common-controls_6595b64144ccf1df_6.0.26100.6899_none_3e0efeeae32e88c1;C:\Program Files\Android\Android Studio\jbr\bin\server;C:\Users\zs computer\.gradle\native\c067742578af261105cb4f569cf0c3c89f3d7b1fecec35dd04571415982c5e48\windows-amd64;C:\Users\zs computer\.gradle\native\38dada09dfb8b06ba9b0570ebf7e218e3eb74d4ef43ca46872605cf95ebc2f47\windows-amd64

VM Arguments:
jvm_args: -XX:+HeapDumpOnOutOfMemoryError --add-opens=java.base/java.util=ALL-UNNAMED --add-opens=java.base/java.lang=ALL-UNNAMED --add-opens=java.base/java.lang.invoke=ALL-UNNAMED --add-opens=java.prefs/java.util.prefs=ALL-UNNAMED --add-opens=java.base/java.nio.charset=ALL-UNNAMED --add-opens=java.base/java.net=ALL-UNNAMED --add-opens=java.base/java.util.concurrent.atomic=ALL-UNNAMED -Xmx6144m -Dfile.encoding=UTF-8 -Duser.country=US -Duser.language=en -Duser.variant -javaagent:C:\Users\zs computer\.gradle\wrapper\dists\gradle-8.6-bin\afr5mpiioh2wthjmwnkmdsd5w\gradle-8.6\lib\agents\gradle-instrumentation-agent-8.6.jar 
java_command: org.gradle.launcher.daemon.bootstrap.GradleDaemon 8.6
java_class_path (initial): C:\Users\zs computer\.gradle\wrapper\dists\gradle-8.6-bin\afr5mpiioh2wthjmwnkmdsd5w\gradle-8.6\lib\gradle-launcher-8.6.jar
Launcher Type: SUN_STANDARD

[Global flags]
     intx CICompilerCount                          = 4                                         {product} {ergonomic}
     uint ConcGCThreads                            = 2                                         {product} {ergonomic}
     uint G1ConcRefinementThreads                  = 8                                         {product} {ergonomic}
   size_t G1HeapRegionSize                         = 4194304                                   {product} {ergonomic}
    uintx GCDrainStackTargetSize                   = 64                                        {product} {ergonomic}
     bool HeapDumpOnOutOfMemoryError               = true                                   {manageable} {command line}
   size_t InitialHeapSize                          = 134217728                                 {product} {ergonomic}
   size_t MarkStackSize                            = 4194304                                   {product} {ergonomic}
   size_t MaxHeapSize                              = 6442450944                                {product} {command line}
   size_t MaxNewSize                               = 3862953984                                {product} {ergonomic}
   size_t MinHeapDeltaBytes                        = 4194304                                   {product} {ergonomic}
   size_t MinHeapSize                              = 8388608                                   {product} {ergonomic}
    uintx NonNMethodCodeHeapSize                   = 5839372                                {pd product} {ergonomic}
    uintx NonProfiledCodeHeapSize                  = 122909434                              {pd product} {ergonomic}
    uintx ProfiledCodeHeapSize                     = 122909434                              {pd product} {ergonomic}
    uintx ReservedCodeCacheSize                    = 251658240                              {pd product} {ergonomic}
     bool SegmentedCodeCache                       = true                                      {product} {ergonomic}
   size_t SoftMaxHeapSize                          = 6442450944                             {manageable} {ergonomic}
     bool UseCompressedOops                        = true                           {product lp64_product} {ergonomic}
     bool UseG1GC                                  = true                                      {product} {ergonomic}
     bool UseLargePagesIndividualAllocation        = false                                  {pd product} {ergonomic}

Logging:
Log output configuration:
 #0: stdout all=warning uptime,level,tags foldmultilines=false
 #1: stderr all=off uptime,level,tags foldmultilines=false

Environment Variables:
PATH=C:\Program Files\Common Files\Oracle\Java\javapath;C:\WINDOWS\system32;C:\WINDOWS;C:\WINDOWS\System32\Wbem;C:\WINDOWS\System32\WindowsPowerShell\v1.0\;C:\WINDOWS\System32\OpenSSH\;C:\Program Files\Git\cmd;C:\Users\zs computer\AppData\Local\Microsoft\WindowsApps;;C:\Program Files\JetBrains\IntelliJ IDEA Community Edition 2025.1.3\bin;
USERNAME=zs computer
OS=Windows_NT
PROCESSOR_IDENTIFIER=Intel64 Family 6 Model 142 Stepping 10, GenuineIntel
TMP=C:\Users\ZSCOMP~1\AppData\Local\Temp
TEMP=C:\Users\ZSCOMP~1\AppData\Local\Temp




Periodic native trim disabled

JNI global refs:
JNI global refs: 30, weak refs: 14

JNI global refs memory usage: 835, weak refs: 833

Process memory usage:
Resident Set Size: 1059932K (12% of 8223956K total physical memory with 728984K free physical memory)

OOME stack traces (most recent first):
Classloader memory used:
Loader org.gradle.internal.classloader.VisitableURLClassLoader$InstrumentingVisitableURLClassLoader: 98445K
Loader org.gradle.internal.classloader.VisitableURLClassLoader                         : 47701K
Loader java.net.URLClassLoader                                                         : 44863K
Loader bootstrap                                                                       : 41914K
Loader org.gradle.initialization.MixInLegacyTypesClassLoader                           : 18865K
Loader jdk.internal.loader.ClassLoaders$AppClassLoader                                 : 11737K
Loader jdk.internal.reflect.DelegatingClassLoader                                      : 2426K
Loader jdk.internal.loader.ClassLoaders$PlatformClassLoader                            : 1243K
Loader org.gradle.groovy.scripts.internal.DefaultScriptCompilationHandler$ScriptClassLoader: 900K
Loader jdk.internal.jrtfs.JrtFileSystemProvider$JrtFsLoader                            : 550K
Loader org.codehaus.groovy.runtime.callsite.CallSiteClassLoader                        : 289K
Loader org.gradle.internal.classloader.VisitableURLClassLoader                         : 59776B
Loader sun.reflect.misc.MethodUtil                                                     : 2984B

Classes loaded by more than one classloader:
Class kotlin.jvm.functions.Function1                                                  : loaded 7 times (x 70B)
Class kotlin.jvm.internal.Intrinsics                                                  : loaded 7 times (x 71B)
Class kotlin.KotlinNullPointerException                                               : loaded 7 times (x 83B)
Class kotlin.UNINITIALIZED_VALUE                                                      : loaded 7 times (x 71B)
Class kotlin.LazyKt__LazyKt                                                           : loaded 7 times (x 71B)
Class kotlin.LazyKt                                                                   : loaded 7 times (x 71B)
Class kotlin.jvm.functions.Function0                                                  : loaded 7 times (x 70B)
Class kotlin.jvm.internal.Lambda                                                      : loaded 7 times (x 75B)
Class kotlin.Lazy                                                                     : loaded 7 times (x 70B)
Class kotlin.NoWhenBranchMatchedException                                             : loaded 7 times (x 82B)
Class kotlin.UninitializedPropertyAccessException                                     : loaded 7 times (x 82B)
Class kotlin.SynchronizedLazyImpl                                                     : loaded 7 times (x 76B)
Class kotlin.Function                                                                 : loaded 7 times (x 70B)
Class kotlin.LazyKt__LazyJVMKt                                                        : loaded 7 times (x 71B)
Class kotlin.jvm.internal.FunctionBase                                                : loaded 7 times (x 70B)
Class kotlin.collections.CollectionsKt__IteratorsKt                                   : loaded 6 times (x 71B)
Class kotlin.sequences.SequencesKt                                                    : loaded 6 times (x 71B)
Class kotlin.NotImplementedError                                                      : loaded 6 times (x 82B)
Class kotlin.text.StringsKt__StringsKt                                                : loaded 6 times (x 71B)
Class kotlin.internal.ProgressionUtilKt                                               : loaded 6 times (x 71B)
Class kotlin.sequences.Sequence                                                       : loaded 6 times (x 70B)
Class kotlin.jvm.internal.FunctionReference                                           : loaded 6 times (x 122B)
Class kotlin.text.StringsKt                                                           : loaded 6 times (x 71B)
Class kotlin._Assertions                                                              : loaded 6 times (x 71B)
Class kotlin.text.StringsKt__StringNumberConversionsJVMKt                             : loaded 6 times (x 71B)
Class kotlin.text.StringsKt__StringNumberConversionsKt                                : loaded 6 times (x 71B)
Class kotlin.jvm.internal.markers.KMappedMarker                                       : loaded 6 times (x 70B)
Class kotlin.jvm.internal.CallableReference                                           : loaded 6 times (x 106B)
Class kotlin.collections.SetsKt__SetsJVMKt                                            : loaded 6 times (x 71B)
Class kotlin.text.StringsKt__AppendableKt                                             : loaded 6 times (x 71B)
Class kotlin.enums.EnumEntries                                                        : loaded 6 times (x 70B)
Class kotlin.enums.EnumEntriesList                                                    : loaded 6 times (x 223B)
Class kotlin.collections.ArraysKt__ArraysKt                                           : loaded 6 times (x 71B)
Class kotlin.collections.CollectionsKt__CollectionsJVMKt                              : loaded 6 times (x 71B)
Class kotlin.collections.CollectionsKt__ReversedViewsKt                               : loaded 6 times (x 71B)
Class kotlin.collections.EmptyIterator                                                : loaded 6 times (x 89B)
Class kotlin.text.StringsKt__RegexExtensionsKt                                        : loaded 6 times (x 71B)
Class kotlin.collections.MapsKt__MapsKt                                               : loaded 6 times (x 71B)
Class kotlin.sequences.SequencesKt__SequenceBuilderKt                                 : loaded 6 times (x 71B)
Class kotlin.text.StringsKt__RegexExtensionsJVMKt                                     : loaded 6 times (x 71B)
Class kotlin.text.StringsKt__StringBuilderKt                                          : loaded 6 times (x 71B)
Class kotlin.collections.CollectionsKt                                                : loaded 6 times (x 71B)
Class kotlin.collections.ArraysKt__ArraysJVMKt                                        : loaded 6 times (x 71B)
Class kotlin.collections.AbstractList                                                 : loaded 6 times (x 197B)
Class kotlin.collections.AbstractCollection                                           : loaded 6 times (x 117B)
Class kotlin.sequences.SequencesKt__SequencesJVMKt                                    : loaded 6 times (x 71B)
Class kotlin.collections.SetsKt__SetsKt                                               : loaded 6 times (x 71B)
Class kotlin.comparisons.ComparisonsKt___ComparisonsJvmKt                             : loaded 6 times (x 71B)
Class kotlin.reflect.KFunction                                                        : loaded 6 times (x 70B)
Class kotlin.sequences.SequencesKt___SequencesKt                                      : loaded 6 times (x 71B)
Class kotlin.collections.ArraysKt                                                     : loaded 6 times (x 71B)
Class kotlin.collections.AbstractList$Companion                                       : loaded 6 times (x 71B)
Class kotlin.collections.MapsKt__MapsJVMKt                                            : loaded 6 times (x 71B)
Class kotlin.collections.ArraysKt___ArraysJvmKt                                       : loaded 6 times (x 71B)
Class kotlin.ranges.RangesKt___RangesKt                                               : loaded 6 times (x 71B)
Class kotlin.collections.EmptyList                                                    : loaded 6 times (x 174B)
Class kotlin.text.StringsKt__StringBuilderJVMKt                                       : loaded 6 times (x 71B)
Class kotlin.collections.CollectionsKt__CollectionsKt                                 : loaded 6 times (x 71B)
Class kotlin.collections.SetsKt___SetsKt                                              : loaded 6 times (x 71B)
Class kotlin.comparisons.ComparisonsKt__ComparisonsKt                                 : loaded 6 times (x 71B)
Class kotlin.ranges.RangesKt__RangesKt                                                : loaded 6 times (x 71B)
Class kotlin.collections.CollectionsKt__IteratorsJVMKt                                : loaded 6 times (x 71B)
Class kotlin.sequences.SequencesKt__SequencesKt                                       : loaded 6 times (x 71B)
Class kotlin.jvm.KotlinReflectionNotSupportedError                                    : loaded 6 times (x 82B)
Class kotlin.comparisons.ComparisonsKt                                                : loaded 6 times (x 71B)
Class kotlin.collections.MapsKt                                                       : loaded 6 times (x 71B)
Class kotlin.comparisons.ComparisonsKt___ComparisonsKt                                : loaded 6 times (x 71B)
Class kotlin.collections.CollectionsKt___CollectionsJvmKt                             : loaded 6 times (x 71B)
Class kotlin.collections.CollectionsKt__IterablesKt                                   : loaded 6 times (x 71B)
Class kotlin.reflect.KCallable                                                        : loaded 6 times (x 70B)
Class kotlin.Unit                                                                     : loaded 6 times (x 71B)
Class kotlin.reflect.KAnnotatedElement                                                : loaded 6 times (x 70B)
Class kotlin.TuplesKt                                                                 : loaded 6 times (x 71B)
Class kotlin.text.StringsKt__IndentKt                                                 : loaded 6 times (x 71B)
Class kotlin.sequences.SequencesKt___SequencesJvmKt                                   : loaded 6 times (x 71B)
Class kotlin.collections.CollectionsKt__MutableCollectionsKt                          : loaded 6 times (x 71B)
Class kotlin.text.StringsKt___StringsKt                                               : loaded 6 times (x 71B)
Class kotlin.enums.EnumEntriesKt                                                      : loaded 6 times (x 71B)
Class kotlin.collections.CollectionsKt__MutableCollectionsJVMKt                       : loaded 6 times (x 71B)
Class kotlin.ranges.RangesKt                                                          : loaded 6 times (x 71B)
Class kotlin.collections.MapsKt__MapWithDefaultKt                                     : loaded 6 times (x 71B)
Class kotlin.jvm.internal.CallableReference$NoReceiver                                : loaded 6 times (x 71B)
Class kotlin.collections.ArraysKt___ArraysKt                                          : loaded 6 times (x 71B)
Class kotlin.collections.MapsKt___MapsKt                                              : loaded 6 times (x 71B)
Class kotlin.collections.ArraysUtilJVM                                                : loaded 6 times (x 71B)
Class kotlin.text.StringsKt__StringsJVMKt                                             : loaded 6 times (x 71B)
Class kotlin.jvm.functions.Function2                                                  : loaded 6 times (x 70B)
Class kotlin.collections.MapsKt___MapsJvmKt                                           : loaded 6 times (x 71B)
Class kotlin.text.StringsKt___StringsJvmKt                                            : loaded 6 times (x 71B)
Class kotlin.collections.EmptySet                                                     : loaded 6 times (x 122B)
Class kotlin.collections.CollectionsKt___CollectionsKt                                : loaded 6 times (x 71B)
Class kotlin.Pair                                                                     : loaded 6 times (x 72B)
Class kotlin.reflect.KDeclarationContainer                                            : loaded 6 times (x 70B)
Class kotlin.collections.SetsKt                                                       : loaded 6 times (x 71B)
Class kotlin.sequences.TransformingSequence$iterator$1                                : loaded 5 times (x 79B)
Class com.google.common.collect.Sets$4                                                : loaded 5 times (x 139B)
Class kotlin.annotation.Target                                                        : loaded 5 times (x 70B)
Class com.google.common.collect.ImmutableEntry                                        : loaded 5 times (x 82B)
Class [Lcom.google.common.collect.AbstractMapEntry;                                   : loaded 5 times (x 69B)
Class kotlin.annotation.Retention                                                     : loaded 5 times (x 70B)
Class com.google.common.collect.ImmutableMap$MapViewOfValuesAsSingletonSets           : loaded 5 times (x 125B)
Class kotlin.io.FileTreeWalk$WalkState                                                : loaded 5 times (x 73B)
Class com.google.common.collect.ImmutableMap                                          : loaded 5 times (x 120B)
Class com.google.common.collect.RegularImmutableMap                                   : loaded 5 times (x 121B)
Class com.google.common.base.Predicate                                                : loaded 5 times (x 70B)
Class com.google.common.collect.Sets                                                  : loaded 5 times (x 71B)
Class com.google.common.collect.Sets$ImprovedAbstractSet                              : loaded 5 times (x 135B)
Class com.google.common.collect.AbstractMultimap                                      : loaded 5 times (x 123B)
Class com.google.common.collect.ImmutableList$Builder                                 : loaded 5 times (x 77B)
Class com.google.common.collect.UnmodifiableListIterator                              : loaded 5 times (x 95B)
Class kotlin.io.CloseableKt                                                           : loaded 5 times (x 71B)
Class com.google.common.collect.Maps$AbstractFilteredMap                              : loaded 5 times (x 127B)
Class kotlin.io.FilesKt                                                               : loaded 5 times (x 71B)
Class kotlin.sequences.TransformingSequence                                           : loaded 5 times (x 75B)
Class com.google.common.collect.SortedMapDifference                                   : loaded 5 times (x 70B)
Class com.google.common.collect.AbstractMapEntry                                      : loaded 5 times (x 81B)
Class kotlin.io.FileTreeWalk$DirectoryState                                           : loaded 5 times (x 73B)
Class com.google.common.collect.SingletonImmutableBiMap                               : loaded 5 times (x 143B)
Class com.google.common.collect.UnmodifiableIterator                                  : loaded 5 times (x 80B)
Class kotlin.collections.EmptyMap                                                     : loaded 5 times (x 109B)
Class com.google.common.collect.ImmutableMultisetGwtSerializationDependencies         : loaded 5 times (x 125B)
Class com.google.common.collect.Platform                                              : loaded 5 times (x 71B)
Class android.databinding.tool.writer.JavaFileWriter                                  : loaded 5 times (x 74B)
Class com.google.common.collect.RegularImmutableMap$BucketOverflowException           : loaded 5 times (x 82B)
Class com.google.common.collect.ImmutableEnumSet                                      : loaded 5 times (x 146B)
Class com.google.common.collect.ImmutableSet                                          : loaded 5 times (x 145B)
Class kotlin.io.TerminateException                                                    : loaded 5 times (x 82B)
Class com.google.common.base.Platform$JdkPatternCompiler                              : loaded 5 times (x 75B)
Class com.google.common.collect.RegularImmutableAsList                                : loaded 5 times (x 216B)
Class com.google.common.collect.RegularImmutableMap$Values                            : loaded 5 times (x 207B)
Class com.google.common.collect.Sets$FilteredSet                                      : loaded 5 times (x 137B)
Class kotlin.io.FilesKt__FilePathComponentsKt                                         : loaded 5 times (x 71B)
Class com.google.common.collect.Iterators                                             : loaded 5 times (x 71B)
Class kotlin.text.CharsKt__CharJVMKt                                                  : loaded 5 times (x 71B)
Class kotlin.sequences.FilteringSequence                                              : loaded 5 times (x 75B)
Class kotlin.io.FileTreeWalk$FileTreeWalkIterator$TopDownDirectoryState               : loaded 5 times (x 74B)
Class com.google.common.collect.ImmutableList$1                                       : loaded 5 times (x 97B)
Class kotlin.collections.AbstractIterator                                             : loaded 5 times (x 83B)
Class com.google.common.collect.ImmutableMultimap$1                                   : loaded 5 times (x 82B)
Class com.google.common.collect.BaseImmutableMultimap                                 : loaded 5 times (x 123B)
Class kotlin.text.CharsKt                                                             : loaded 5 times (x 71B)
Class com.google.common.collect.EmptyImmutableListMultimap                            : loaded 5 times (x 176B)
Class com.google.common.base.Joiner                                                   : loaded 5 times (x 79B)
Class com.google.common.collect.Sets$3                                                : loaded 5 times (x 139B)
Class com.google.common.collect.Lists$StringAsImmutableList                           : loaded 5 times (x 207B)
Class com.google.common.collect.AbstractIterator$State                                : loaded 5 times (x 79B)
Class com.google.common.collect.Sets$SetView                                          : loaded 5 times (x 138B)
Class com.google.common.collect.RegularImmutableBiMap                                 : loaded 5 times (x 148B)
Class kotlin.io.FileTreeWalk$FileTreeWalkIterator$WhenMappings                        : loaded 5 times (x 71B)
Class [Lcom.google.common.collect.AbstractIterator$State;                             : loaded 5 times (x 69B)
Class com.google.common.collect.ImmutableMultimap$2                                   : loaded 5 times (x 81B)
Class com.google.common.base.PatternCompiler                                          : loaded 5 times (x 70B)
Class com.google.common.collect.Hashing                                               : loaded 5 times (x 71B)
Class com.google.common.base.Preconditions                                            : loaded 5 times (x 71B)
Class kotlin.text.CharsKt__CharKt                                                     : loaded 5 times (x 71B)
Class com.google.common.collect.Maps$8                                                : loaded 5 times (x 82B)
Class com.google.common.collect.PeekingIterator                                       : loaded 5 times (x 70B)
Class com.google.common.base.Joiner$1                                                 : loaded 5 times (x 80B)
Class com.google.common.base.Joiner$2                                                 : loaded 5 times (x 79B)
Class com.google.common.collect.IndexedImmutableSet                                   : loaded 5 times (x 150B)
Class kotlin.io.FilesKt__FileTreeWalkKt                                               : loaded 5 times (x 71B)
Class kotlin.sequences.FilteringSequence$iterator$1                                   : loaded 5 times (x 79B)
Class com.google.common.base.Platform                                                 : loaded 5 times (x 71B)
Class com.google.common.collect.ImmutableMap$1                                        : loaded 5 times (x 81B)
Class com.google.common.collect.ImmutableMapEntrySet$RegularEntrySet                  : loaded 5 times (x 151B)
Class com.google.common.collect.BiMap                                                 : loaded 5 times (x 70B)
Class javax.xml.bind.JAXBException                                                    : loaded 5 times (x 85B)
Class com.google.common.collect.AbstractIterator                                      : loaded 5 times (x 82B)
Class com.google.common.primitives.Ints                                               : loaded 5 times (x 71B)
Class kotlin.collections.IndexingIterable                                             : loaded 5 times (x 79B)
Class [Lcom.google.common.collect.ImmutableEntry;                                     : loaded 5 times (x 69B)
Class com.google.common.collect.Maps                                                  : loaded 5 times (x 71B)
Class kotlin.jvm.internal.DefaultConstructorMarker                                    : loaded 5 times (x 71B)
Class com.google.common.collect.TransformedIterator                                   : loaded 5 times (x 80B)
Class com.google.common.collect.ObjectArrays                                          : loaded 5 times (x 71B)
Class com.google.common.collect.Multiset                                              : loaded 5 times (x 70B)
Class kotlin.io.FileSystemException                                                   : loaded 5 times (x 82B)
Class [Lcom.google.common.collect.ImmutableMapEntry;                                  : loaded 5 times (x 69B)
Class kotlin.io.FileTreeWalk$FileTreeWalkIterator                                     : loaded 5 times (x 83B)
Class com.google.common.collect.AbstractIndexedListIterator                           : loaded 5 times (x 96B)
Class com.google.common.collect.Maps$BiMapConverter                                   : loaded 5 times (x 90B)
Class com.google.common.collect.RegularImmutableList                                  : loaded 5 times (x 212B)
Class com.google.common.base.Function                                                 : loaded 5 times (x 70B)
Class com.google.common.collect.ImmutableCollection$Builder                           : loaded 5 times (x 76B)
Class com.google.common.collect.ImmutableMultimap                                     : loaded 5 times (x 147B)
Class com.google.common.collect.ImmutableMapEntry$NonTerminalImmutableMapEntry        : loaded 5 times (x 85B)
Class com.google.common.base.Equivalence                                              : loaded 5 times (x 82B)
Class kotlin.sequences.ConstrainedOnceSequence                                        : loaded 5 times (x 75B)
Class com.google.common.collect.ImmutableMapEntry                                     : loaded 5 times (x 85B)
Class com.google.common.collect.ImmutableListMultimap                                 : loaded 5 times (x 176B)
Class com.google.common.collect.Iterators$ArrayItr                                    : loaded 5 times (x 97B)
Class com.google.common.base.CommonPattern                                            : loaded 5 times (x 74B)
Class com.google.common.collect.ImmutableMapEntrySet                                  : loaded 5 times (x 151B)
Class com.google.common.collect.Sets$2                                                : loaded 5 times (x 139B)
Class com.google.common.collect.Maps$KeySet                                           : loaded 5 times (x 137B)
Class kotlin.jvm.internal.CollectionToArray                                           : loaded 5 times (x 71B)
Class kotlin.io.FilesKt__FileReadWriteKt                                              : loaded 5 times (x 71B)
Class com.google.common.collect.ImmutableMultiset                                     : loaded 5 times (x 163B)
Class com.google.common.collect.ImmutableMultimap$Builder                             : loaded 5 times (x 83B)
Class com.google.common.collect.ImmutableList                                         : loaded 5 times (x 206B)
Class com.google.common.collect.ImmutableAsList                                       : loaded 5 times (x 209B)
Class com.google.common.collect.Iterators$9                                           : loaded 5 times (x 81B)
Class [Lkotlin.io.FileWalkDirection;                                                  : loaded 5 times (x 69B)
Class kotlin.io.FileAlreadyExistsException                                            : loaded 5 times (x 82B)
Class com.google.common.base.Converter                                                : loaded 5 times (x 90B)
Class com.google.common.collect.Collections2$FilteredCollection                       : loaded 5 times (x 119B)
Class com.google.common.collect.ImmutableMultimap$EntryCollection                     : loaded 5 times (x 127B)
Class com.google.common.collect.Lists                                                 : loaded 5 times (x 71B)
Class com.google.common.collect.AbstractIterator$1                                    : loaded 5 times (x 71B)
Class com.google.common.collect.ImmutableSet$CachingAsList                            : loaded 5 times (x 147B)
Class com.google.common.collect.ListMultimap                                          : loaded 5 times (x 70B)
Class kotlin.io.FileTreeWalk                                                          : loaded 5 times (x 75B)
Class com.google.common.collect.Maps$ViewCachingAbstractMap                           : loaded 5 times (x 125B)
Class kotlin.collections.IndexingIterator                                             : loaded 5 times (x 79B)
Class com.google.common.collect.RegularImmutableMap$KeySet                            : loaded 5 times (x 150B)
Class com.google.common.collect.ImmutableEnumMap                                      : loaded 5 times (x 125B)
Class kotlin.collections.IndexedValue                                                 : loaded 5 times (x 72B)
Class com.google.common.collect.ImmutableCollection                                   : loaded 5 times (x 125B)
Class kotlin.io.FilesKt__UtilsKt                                                      : loaded 5 times (x 71B)
Class com.google.common.collect.MapDifference                                         : loaded 5 times (x 70B)
Class com.google.common.collect.ImmutableMultimap$Values                              : loaded 5 times (x 126B)
Class com.google.common.collect.ImmutableMap$Builder                                  : loaded 5 times (x 82B)
Class com.google.common.collect.Iterators$5                                           : loaded 5 times (x 82B)
Class com.google.common.collect.ImmutableBiMap                                        : loaded 5 times (x 143B)
Class com.google.common.collect.Iterators$4                                           : loaded 5 times (x 82B)
Class [Lkotlin.reflect.KAnnotatedElement;                                             : loaded 5 times (x 69B)
Class com.google.common.collect.ImmutableMap$IteratorBasedImmutableMap                : loaded 5 times (x 125B)
Class com.google.common.primitives.IntsMethodsForWeb                                  : loaded 5 times (x 71B)
Class [Lkotlin.reflect.KCallable;                                                     : loaded 5 times (x 69B)
Class kotlin.Metadata                                                                 : loaded 5 times (x 70B)
Class com.google.common.collect.ForwardingObject                                      : loaded 5 times (x 72B)
Class com.google.common.collect.Iterators$1                                           : loaded 5 times (x 81B)
Class com.google.common.collect.ImmutableList$SubList                                 : loaded 5 times (x 208B)
Class com.google.common.collect.ImmutableMultimap$Keys                                : loaded 5 times (x 166B)
Class com.google.common.collect.Multimap                                              : loaded 5 times (x 70B)
Class kotlin.io.NoSuchFileException                                                   : loaded 5 times (x 82B)
Class com.google.common.collect.ImmutableList$ReverseImmutableList                    : loaded 5 times (x 208B)
Class com.google.common.base.JdkPattern                                               : loaded 5 times (x 75B)
Class com.google.common.collect.Iterators$MergingIterator                             : loaded 5 times (x 81B)
Class com.google.common.collect.Sets$1                                                : loaded 5 times (x 139B)
Class kotlin.io.FileWalkDirection                                                     : loaded 5 times (x 79B)
Class com.google.common.collect.SingletonImmutableList                                : loaded 5 times (x 207B)
Class com.google.common.collect.CollectPreconditions                                  : loaded 5 times (x 71B)
Class com.google.common.collect.Maps$EntryTransformer                                 : loaded 5 times (x 70B)
Class com.google.common.collect.NullnessCasts                                         : loaded 5 times (x 71B)
Class org.apache.commons.io.IOUtils                                                   : loaded 4 times (x 71B)
Class com.google.common.base.ExtraObjectsMethodsForWeb                                : loaded 4 times (x 71B)
Class kotlin.ranges.ClosedRange                                                       : loaded 4 times (x 70B)
Class com.squareup.javapoet.ParameterSpec$Builder                                     : loaded 4 times (x 72B)
Class [Lkotlin.reflect.KDeclarationContainer;                                         : loaded 4 times (x 69B)
Class kotlin.reflect.KProperty$Accessor                                               : loaded 4 times (x 70B)
Class kotlin.reflect.KProperty                                                        : loaded 4 times (x 70B)
Class kotlin.jvm.internal.Reflection                                                  : loaded 4 times (x 71B)
Class com.squareup.javapoet.CodeBlock$Builder                                         : loaded 4 times (x 72B)
Class kotlin.reflect.KProperty$Getter                                                 : loaded 4 times (x 70B)
Class org.apache.commons.io.filefilter.IOFileFilter                                   : loaded 4 times (x 70B)
Class com.squareup.javapoet.JavaFile$1                                                : loaded 4 times (x 79B)
Class com.squareup.javapoet.TypeName                                                  : loaded 4 times (x 81B)
Class org.apache.commons.io.output.StringBuilderWriter                                : loaded 4 times (x 100B)
Class org.apache.commons.io.FilenameUtils                                             : loaded 4 times (x 71B)
Class kotlin.jvm.internal.PropertyReference                                           : loaded 4 times (x 115B)
Class [Lorg.apache.commons.io.StandardLineSeparator;                                  : loaded 4 times (x 69B)
Class com.squareup.javapoet.ParameterSpec                                             : loaded 4 times (x 72B)
Class kotlin.reflect.KMutableProperty                                                 : loaded 4 times (x 70B)
Class com.squareup.javapoet.AnnotationSpec$Builder                                    : loaded 4 times (x 72B)
Class com.squareup.javapoet.FieldSpec$Builder                                         : loaded 4 times (x 72B)
Class [Lkotlin.Pair;                                                                  : loaded 4 times (x 69B)
Class kotlin.ranges.IntProgression                                                    : loaded 4 times (x 81B)
Class org.apache.commons.io.output.NullOutputStream                                   : loaded 4 times (x 85B)
Class com.squareup.javapoet.LineWrapper                                               : loaded 4 times (x 72B)
Class com.google.common.collect.Iterators$10                                          : loaded 4 times (x 81B)
Class com.squareup.javapoet.ParameterizedTypeName                                     : loaded 4 times (x 81B)
Class kotlin.ranges.IntRange                                                          : loaded 4 times (x 93B)
Class org.apache.commons.io.output.AbstractByteArrayOutputStream                      : loaded 4 times (x 102B)
Class com.google.common.collect.ImmutableBiMapFauxverideShim                          : loaded 4 times (x 120B)
Class com.google.common.collect.Maps$FilteredEntryMap                                 : loaded 4 times (x 128B)
Class com.squareup.javapoet.TypeVariableName                                          : loaded 4 times (x 81B)
Class org.apache.commons.io.file.PathFilter                                           : loaded 4 times (x 70B)
Class com.squareup.javapoet.MethodSpec$Builder                                        : loaded 4 times (x 72B)
Class kotlin.UnsafeLazyImpl                                                           : loaded 4 times (x 76B)
Class com.squareup.javapoet.LineWrapper$1                                             : loaded 4 times (x 71B)
Class kotlin.LazyKt__LazyJVMKt$WhenMappings                                           : loaded 4 times (x 71B)
Class kotlin.LazyThreadSafetyMode                                                     : loaded 4 times (x 79B)
Class com.squareup.javapoet.ArrayTypeName                                             : loaded 4 times (x 81B)
Class com.google.common.primitives.Ints$IntConverter                                  : loaded 4 times (x 90B)
Class com.google.common.base.Objects                                                  : loaded 4 times (x 71B)
Class com.squareup.javapoet.JavaFile$Builder                                          : loaded 4 times (x 72B)
Class android.databinding.tool.writer.AnnotationJavaFileWriter                        : loaded 4 times (x 75B)
Class kotlin.collections.ArrayAsCollection                                            : loaded 4 times (x 105B)
Class kotlin.text.Regex                                                               : loaded 4 times (x 72B)
Class android.databinding.tool.CompilerArguments                                      : loaded 4 times (x 72B)
Class kotlin.text.DelimitedRangesSequence$iterator$1                                  : loaded 4 times (x 79B)
Class [Lcom.squareup.javapoet.LineWrapper$FlushType;                                  : loaded 4 times (x 69B)
Class kotlin.jvm.internal.ReflectionFactory                                           : loaded 4 times (x 91B)
Class org.apache.commons.io.FileUtils                                                 : loaded 4 times (x 71B)
Class com.squareup.javapoet.TypeSpec                                                  : loaded 4 times (x 72B)
Class kotlin.io.LinesSequence$iterator$1                                              : loaded 4 times (x 79B)
Class com.squareup.javapoet.JavaFile                                                  : loaded 4 times (x 72B)
Class com.squareup.javapoet.TypeSpec$Kind                                             : loaded 4 times (x 79B)
Class kotlin.reflect.KType                                                            : loaded 4 times (x 70B)
Class kotlin.io.LinesSequence                                                         : loaded 4 times (x 75B)
Class [Lkotlin.reflect.KClass;                                                        : loaded 4 times (x 69B)
Class kotlin.text.DelimitedRangesSequence                                             : loaded 4 times (x 75B)
Class com.squareup.javapoet.CodeWriter                                                : loaded 4 times (x 72B)
Class android.databinding.annotationprocessor.ProcessDataBinding                      : loaded 4 times (x 87B)
Class android.databinding.annotationprocessor.ProcessDataBinding$Callback             : loaded 4 times (x 70B)
Class com.google.common.collect.ForwardingSet                                         : loaded 4 times (x 151B)
Class com.squareup.javapoet.LineWrapper$FlushType                                     : loaded 4 times (x 79B)
Class com.squareup.javapoet.FieldSpec                                                 : loaded 4 times (x 72B)
Class org.apache.commons.io.function.IOFunction                                       : loaded 4 times (x 70B)
Class com.google.common.base.Strings                                                  : loaded 4 times (x 71B)
Class kotlin.reflect.KProperty2                                                       : loaded 4 times (x 70B)
Class kotlin.collections.CollectionsKt___CollectionsKt$withIndex$1                    : loaded 4 times (x 79B)
Class org.apache.commons.io.StandardLineSeparator                                     : loaded 4 times (x 79B)
Class android.databinding.tool.CompilerArguments$Companion                            : loaded 4 times (x 71B)
Class kotlin.ranges.IntProgression$Companion                                          : loaded 4 times (x 71B)
Class org.apache.commons.io.FileExistsException                                       : loaded 4 times (x 82B)
Class com.squareup.javapoet.Util                                                      : loaded 4 times (x 71B)
Class [Lkotlin.reflect.KClassifier;                                                   : loaded 4 times (x 69B)
Class kotlin.reflect.KProperty1                                                       : loaded 4 times (x 70B)
Class kotlin.reflect.KClass                                                           : loaded 4 times (x 70B)
Class [Lkotlin.LazyThreadSafetyMode;                                                  : loaded 4 times (x 69B)
Class kotlin.ranges.IntRange$Companion                                                : loaded 4 times (x 71B)
Class kotlin.reflect.KProperty0                                                       : loaded 4 times (x 70B)
Class kotlin.text.Charsets                                                            : loaded 4 times (x 71B)
Class org.apache.commons.io.output.ByteArrayOutputStream                              : loaded 4 times (x 102B)
Class kotlin.ranges.OpenEndRange                                                      : loaded 4 times (x 70B)
Class [Lcom.squareup.javapoet.TypeName;                                               : loaded 4 times (x 69B)
Class kotlin.jvm.internal.PropertyReference1Impl                                      : loaded 4 times (x 127B)
Class [Lcom.squareup.javapoet.TypeSpec$Kind;                                          : loaded 4 times (x 69B)
Class com.squareup.javapoet.TypeSpec$Builder                                          : loaded 4 times (x 72B)
Class com.squareup.javapoet.MethodSpec                                                : loaded 4 times (x 72B)
Class com.squareup.javapoet.AnnotationSpec                                            : loaded 4 times (x 72B)
Class org.apache.commons.io.output.UnsynchronizedByteArrayOutputStream                : loaded 4 times (x 102B)
Class com.squareup.javapoet.CodeBlock                                                 : loaded 4 times (x 72B)
Class [Lkotlin.reflect.KProperty;                                                     : loaded 4 times (x 69B)
Class org.apache.commons.io.output.AppendableWriter                                   : loaded 4 times (x 100B)
Class org.apache.commons.io.output.ThresholdingOutputStream                           : loaded 4 times (x 94B)
Class kotlin.reflect.KMutableProperty0                                                : loaded 4 times (x 70B)
Class kotlin.reflect.KClassifier                                                      : loaded 4 times (x 70B)
Class kotlin.io.TextStreamsKt                                                         : loaded 4 times (x 71B)
Class kotlin.text.Regex$Companion                                                     : loaded 4 times (x 71B)
Class kotlin.reflect.KMutableProperty1                                                : loaded 4 times (x 70B)
Class kotlin.reflect.KMutableProperty2                                                : loaded 4 times (x 70B)
Class com.squareup.javapoet.ClassName                                                 : loaded 4 times (x 84B)
Class com.google.common.collect.ForwardingCollection                                  : loaded 4 times (x 130B)
Class kotlin.jvm.internal.PropertyReference1                                          : loaded 4 times (x 127B)
Class kotlin.reflect.KTypeParameter                                                   : loaded 4 times (x 70B)
Class android.databinding.tool.LibTypes$observableMap$2                               : loaded 3 times (x 79B)
Class com.google.gson.ReflectionAccessFilter$FilterResult                             : loaded 3 times (x 79B)
Class com.google.gson.internal.UnsafeAllocator$4                                      : loaded 3 times (x 72B)
Class com.sun.xml.bind.v2.model.annotation.XmlTypeQuick                               : loaded 3 times (x 95B)
Class com.sun.xml.bind.v2.model.core.ReferencePropertyInfo                            : loaded 3 times (x 70B)
Class com.sun.xml.bind.v2.model.impl.RuntimeTypeRefImpl                               : loaded 3 times (x 96B)
Class android.databinding.internal.org.antlr.v4.runtime.atn.PredictionMode$AltAndContextMap: loaded 3 times (x 125B)
Class android.databinding.internal.org.antlr.v4.runtime.atn.ATNType                   : loaded 3 times (x 79B)
Class com.sun.xml.bind.v2.runtime.unmarshaller.LeafPropertyLoader                     : loaded 3 times (x 78B)
Class android.databinding.parser.BindingExpressionParser$RootExprContext              : loaded 3 times (x 134B)
Class javax.xml.bind.annotation.XmlAnyElement                                         : loaded 3 times (x 70B)
Class com.android.tools.build.jetifier.core.proguard.ProGuardType$Companion           : loaded 3 times (x 71B)
Class org.apache.commons.io.IOCase                                                    : loaded 3 times (x 80B)
Class com.google.common.cache.LocalCache$Strength$2                                   : loaded 3 times (x 81B)
Class android.databinding.internal.org.antlr.v4.runtime.dfa.DFAState$PredPrediction   : loaded 3 times (x 72B)
Class android.databinding.tool.LibTypes$observableFields$2                            : loaded 3 times (x 79B)
Class com.google.common.collect.Iterables                                             : loaded 3 times (x 71B)
Class org.apache.commons.io.output.QueueOutputStream                                  : loaded 3 times (x 87B)
Class com.google.common.collect.LexicographicalOrdering                               : loaded 3 times (x 115B)
Class com.google.common.base.Splitter$Strategy                                        : loaded 3 times (x 70B)
Class com.google.common.base.Splitter$1                                               : loaded 3 times (x 77B)
Class com.google.common.cache.LocalCache$Strength$3                                   : loaded 3 times (x 81B)
Class android.databinding.tool.LibTypes$mutableLiveData$2                             : loaded 3 times (x 79B)
Class com.google.common.collect.AllEqualOrdering                                      : loaded 3 times (x 114B)
Class [Lcom.google.common.collect.Maps$EntryFunction;                                 : loaded 3 times (x 69B)
Class com.google.gson.internal.ConstructorConstructor                                 : loaded 3 times (x 72B)
Class com.google.gson.Gson$4                                                          : loaded 3 times (x 76B)
Class com.google.gson.internal.UnsafeAllocator$3                                      : loaded 3 times (x 73B)
Class android.databinding.parser.BindingExpressionParser$ExpressionListContext        : loaded 3 times (x 133B)
Class com.sun.xml.bind.v2.runtime.JaxBeanInfo                                         : loaded 3 times (x 89B)
Class com.sun.xml.bind.v2.model.annotation.XmlElementRefQuick                         : loaded 3 times (x 94B)
Class com.sun.xml.bind.v2.runtime.property.ArrayElementNodeProperty                   : loaded 3 times (x 105B)
Class com.sun.xml.bind.v2.ClassFactory$1                                              : loaded 3 times (x 83B)
Class android.databinding.internal.org.antlr.v4.runtime.atn.SemanticContext$PrecedencePredicate: loaded 3 times (x 78B)
Class android.databinding.parser.BindingExpressionParser$LambdaExpressionContext      : loaded 3 times (x 133B)
Class android.databinding.tool.store.GenClassInfoLog$Companion                        : loaded 3 times (x 71B)
Class android.databinding.parser.BindingExpressionParser$BracketOpContext             : loaded 3 times (x 134B)
Class com.sun.xml.bind.v2.runtime.reflect.PrimitiveArrayListerInteger                 : loaded 3 times (x 76B)
Class com.sun.xml.bind.v2.runtime.IllegalAnnotationsException$Builder                 : loaded 3 times (x 77B)
Class com.sun.xml.bind.v2.model.annotation.RuntimeAnnotationReader                    : loaded 3 times (x 70B)
Class org.apache.commons.io.file.Counters$Counter                                     : loaded 3 times (x 70B)
Class android.databinding.internal.org.antlr.v4.runtime.atn.SingletonPredictionContext: loaded 3 times (x 80B)
Class com.google.gson.LongSerializationPolicy                                         : loaded 3 times (x 80B)
Class android.databinding.tool.util.L$Client                                          : loaded 3 times (x 70B)
Class [Landroid.databinding.internal.org.antlr.v4.runtime.atn.ATNConfig;              : loaded 3 times (x 69B)
Class jdk.internal.jimage.ImageReader$LinkNode                                        : loaded 3 times (x 84B)
Class com.google.common.cache.CacheBuilder$NullListener                               : loaded 3 times (x 82B)
Class android.databinding.internal.org.antlr.v4.runtime.tree.TerminalNode             : loaded 3 times (x 70B)
Class com.android.tools.build.jetifier.core.utils.StdOutLogConsumer                   : loaded 3 times (x 77B)
Class com.google.common.collect.RegularImmutableSet                                   : loaded 3 times (x 149B)
Class com.google.gson.Gson$3                                                          : loaded 3 times (x 75B)
Class com.google.gson.internal.bind.ReflectiveTypeAdapterFactory$BoundField           : loaded 3 times (x 75B)
Class com.sun.xml.bind.v2.model.impl.RuntimeArrayInfoImpl                             : loaded 3 times (x 107B)
Class kotlin.collections.AbstractIterator$WhenMappings                                : loaded 3 times (x 71B)
Class com.google.gson.internal.UnsafeAllocator$2                                      : loaded 3 times (x 73B)
Class android.databinding.internal.org.antlr.v4.runtime.misc.AbstractEqualityComparator: loaded 3 times (x 77B)
Class android.databinding.internal.org.antlr.v4.runtime.atn.Transition                : loaded 3 times (x 76B)
Class android.databinding.internal.org.antlr.v4.runtime.Lexer                         : loaded 3 times (x 141B)
Class javax.xml.bind.annotation.XmlID                                                 : loaded 3 times (x 70B)
Class android.databinding.tool.processing.scopes.ScopeProvider                        : loaded 3 times (x 70B)
Class android.databinding.parser.BindingExpressionParser$ComparisonOpContext          : loaded 3 times (x 134B)
Class com.sun.xml.bind.v2.util.XmlFactory                                             : loaded 3 times (x 71B)
Class com.sun.xml.bind.v2.runtime.output.C14nXmlOutput                                : loaded 3 times (x 101B)
Class com.sun.xml.bind.v2.runtime.unmarshaller.ProxyLoader                            : loaded 3 times (x 78B)
Class com.sun.xml.bind.v2.model.core.ArrayInfo                                        : loaded 3 times (x 70B)
Class com.sun.xml.bind.v2.util.CollisionCheckStack                                    : loaded 3 times (x 199B)
Class org.apache.commons.io.filefilter.AbstractFileFilter                             : loaded 3 times (x 116B)
Class com.sun.xml.bind.v2.runtime.unmarshaller.DefaultIDResolver                      : loaded 3 times (x 76B)
Class android.databinding.internal.org.antlr.v4.runtime.LexerNoViableAltException     : loaded 3 times (x 93B)
Class com.sun.xml.bind.v2.model.runtime.RuntimeBuiltinLeafInfo                        : loaded 3 times (x 70B)
Class javax.activation.DataSource                                                     : loaded 3 times (x 70B)
Class android.databinding.internal.org.antlr.v4.runtime.FailedPredicateException      : loaded 3 times (x 93B)
Class android.databinding.tool.util.L                                                 : loaded 3 times (x 71B)
Class jdk.internal.jrtfs.SystemImage$1                                                : loaded 3 times (x 78B)
Class com.google.common.cache.CacheLoader$FunctionToCacheLoader                       : loaded 3 times (x 75B)
Class android.databinding.internal.org.antlr.v4.runtime.Token                         : loaded 3 times (x 70B)
Class com.sun.xml.bind.v2.runtime.property.PropertyFactory                            : loaded 3 times (x 71B)
Class com.google.common.collect.Maps$IteratorBasedAbstractMap$1                       : loaded 3 times (x 138B)
Class javax.xml.bind.annotation.DomHandler                                            : loaded 3 times (x 70B)
Class android.databinding.internal.org.antlr.v4.runtime.ANTLRInputStream              : loaded 3 times (x 97B)
Class kotlin.ranges.IntProgressionIterator                                            : loaded 3 times (x 82B)
Class com.google.common.cache.AbstractCache$StatsCounter                              : loaded 3 times (x 70B)
Class com.google.gson.Gson$2                                                          : loaded 3 times (x 76B)
Class android.databinding.parser.BindingExpressionParser$BitShiftOpContext            : loaded 3 times (x 134B)
Class com.google.gson.internal.UnsafeAllocator$1                                      : loaded 3 times (x 73B)
Class [Ljavax.xml.bind.annotation.XmlAccessType;                                      : loaded 3 times (x 69B)
Class javax.xml.bind.annotation.XmlElementDecl                                        : loaded 3 times (x 70B)
Class com.sun.xml.bind.v2.model.impl.ClassInfoImpl$DuplicateException                 : loaded 3 times (x 82B)
Class com.android.tools.build.jetifier.core.proguard.ProGuardTypesMap$JsonData        : loaded 3 times (x 72B)
Class com.android.tools.build.jetifier.core.utils.LogConsumer                         : loaded 3 times (x 70B)
Class com.sun.xml.bind.v2.runtime.XMLSerializer                                       : loaded 3 times (x 84B)
Class [[Landroid.databinding.internal.org.antlr.v4.runtime.atn.ATNConfig;             : loaded 3 times (x 69B)
Class android.databinding.internal.org.antlr.v4.runtime.dfa.DFAState                  : loaded 3 times (x 73B)
Class android.databinding.internal.org.antlr.v4.runtime.TokenStream                   : loaded 3 times (x 70B)
Class com.sun.xml.bind.v2.runtime.reflect.PrimitiveArrayListerShort                   : loaded 3 times (x 76B)
Class com.sun.xml.bind.v2.runtime.reflect.NullSafeAccessor                            : loaded 3 times (x 85B)
Class com.sun.xml.bind.v2.runtime.property.AttributeProperty                          : loaded 3 times (x 105B)
Class android.databinding.tool.store.ResourceBundle$NameTypeLocation                  : loaded 3 times (x 72B)
Class com.sun.xml.bind.v2.model.annotation.LocatableAnnotation                        : loaded 3 times (x 85B)
Class com.android.tools.build.jetifier.core.proguard.ProGuardTypesMap$Companion       : loaded 3 times (x 71B)
Class javax.xml.bind.UnmarshallerHandler                                              : loaded 3 times (x 70B)
Class com.sun.xml.bind.v2.model.impl.PropertySeed                                     : loaded 3 times (x 70B)
Class android.databinding.internal.org.antlr.v4.runtime.atn.BlockEndState             : loaded 3 times (x 82B)
Class android.databinding.internal.org.antlr.v4.runtime.atn.RuleTransition            : loaded 3 times (x 77B)
Class com.google.common.cache.CacheLoader$1                                           : loaded 3 times (x 75B)
Class android.databinding.tool.LibTypes$lifecycleOwner$2                              : loaded 3 times (x 79B)
Class com.google.gson.internal.bind.DefaultDateTypeAdapter                            : loaded 3 times (x 74B)
Class com.google.gson.GsonBuilder                                                     : loaded 3 times (x 72B)
Class jdk.internal.jrtfs.SystemImage$2                                                : loaded 3 times (x 76B)
Class com.google.gson.Gson$1                                                          : loaded 3 times (x 76B)
Class [Lkotlin.collections.State;                                                     : loaded 3 times (x 69B)
Class com.google.gson.internal.UnsafeAllocator                                        : loaded 3 times (x 72B)
Class com.google.common.base.MoreObjects                                              : loaded 3 times (x 71B)
Class com.sun.xml.bind.v2.model.impl.RuntimeBuiltinLeafInfoImpl$StringImpl            : loaded 3 times (x 134B)
Class com.sun.xml.bind.v2.model.impl.ClassInfoImpl                                    : loaded 3 times (x 137B)
Class com.sun.xml.bind.v2.model.impl.TypeRefImpl                                      : loaded 3 times (x 87B)
Class com.sun.xml.bind.api.RawAccessor                                                : loaded 3 times (x 73B)
Class com.android.tools.build.jetifier.core.pom.DependencyVersionsMap$Companion       : loaded 3 times (x 71B)
Class com.android.tools.build.jetifier.core.PackageMap$Companion                      : loaded 3 times (x 71B)
Class android.databinding.internal.org.antlr.v4.runtime.CommonToken                   : loaded 3 times (x 110B)
Class android.databinding.internal.org.antlr.v4.runtime.atn.ATNConfig                 : loaded 3 times (x 74B)
Class android.databinding.internal.org.antlr.v4.runtime.atn.ActionTransition          : loaded 3 times (x 76B)
Class android.databinding.tool.ext.Collection_extKt                                   : loaded 3 times (x 71B)
Class com.android.tools.build.jetifier.core.rule.RewriteRulesMap                      : loaded 3 times (x 72B)
Class com.google.common.collect.ImmutableSet$SetBuilderImpl                           : loaded 3 times (x 76B)
Class com.sun.xml.bind.marshaller.NamespacePrefixMapper                               : loaded 3 times (x 75B)
Class com.sun.xml.bind.v2.runtime.property.ArrayElementLeafProperty                   : loaded 3 times (x 105B)
Class com.sun.xml.bind.v2.model.impl.ElementPropertyInfoImpl$1                        : loaded 3 times (x 200B)
Class com.sun.xml.bind.v2.model.impl.ERPropertyInfoImpl                               : loaded 3 times (x 108B)
Class com.sun.xml.bind.v2.model.impl.RuntimeBuiltinLeafInfoImpl$1                     : loaded 3 times (x 76B)
Class android.databinding.tool.util.FileUtil                                          : loaded 3 times (x 71B)
Class com.google.common.collect.Maps$EntrySet                                         : loaded 3 times (x 136B)
Class com.google.common.cache.LocalCache$EntryFactory$8                               : loaded 3 times (x 83B)
Class com.google.gson.internal.Primitives                                             : loaded 3 times (x 71B)
Class jdk.internal.jrtfs.JrtDirectoryStream                                           : loaded 3 times (x 89B)
Class com.google.gson.stream.JsonWriter                                               : loaded 3 times (x 98B)
Class com.google.gson.Gson                                                            : loaded 3 times (x 72B)
Class com.google.gson.internal.sql.SqlTypesSupport                                    : loaded 3 times (x 71B)
Class com.google.gson.Gson$FutureTypeAdapter                                          : loaded 3 times (x 76B)
Class com.google.gson.internal.bind.ObjectTypeAdapter$1                               : loaded 3 times (x 76B)
Class javax.xml.bind.annotation.XmlAttribute                                          : loaded 3 times (x 70B)
Class [Lcom.sun.xml.bind.v2.model.core.ID;                                            : loaded 3 times (x 69B)
Class android.databinding.tool.processing.ScopedException                             : loaded 3 times (x 86B)
Class android.databinding.internal.org.antlr.v4.runtime.atn.ATNConfigSet$ConfigHashSet: loaded 3 times (x 140B)
Class android.databinding.parser.BindingExpressionParser$ArgumentsContext             : loaded 3 times (x 132B)
Class android.databinding.tool.ext.XmlResourceReference                               : loaded 3 times (x 72B)
Class android.databinding.parser.BindingExpressionParser$PrimaryContext               : loaded 3 times (x 136B)
Class com.android.tools.build.jetifier.core.config.Config$Companion                   : loaded 3 times (x 71B)
Class com.google.common.collect.ImmutableSet$EmptySetBuilderImpl                      : loaded 3 times (x 76B)
Class com.sun.xml.bind.v2.runtime.CompositeStructureBeanInfo                          : loaded 3 times (x 98B)
Class com.sun.xml.bind.v2.runtime.property.ArrayERProperty                            : loaded 3 times (x 104B)
Class com.sun.xml.bind.v2.model.impl.RuntimeBuiltinLeafInfoImpl$2                     : loaded 3 times (x 136B)
Class com.sun.xml.bind.v2.util.QNameMap$Entry                                         : loaded 3 times (x 72B)
Class com.google.common.cache.LocalCache$EntryFactory$7                               : loaded 3 times (x 83B)
Class com.google.gson.ToNumberPolicy$4                                                : loaded 3 times (x 83B)
Class com.google.common.cache.LocalCache$Strength$1                                   : loaded 3 times (x 81B)
Class com.google.common.base.PairwiseEquivalence                                      : loaded 3 times (x 83B)
Class com.google.gson.internal.bind.TypeAdapterRuntimeTypeWrapper                     : loaded 3 times (x 74B)
Class android.databinding.tool.LibTypes$nullable$2                                    : loaded 3 times (x 79B)
Class [Lorg.apache.commons.io.IOCase;                                                 : loaded 3 times (x 69B)
Class com.sun.xml.bind.v2.runtime.JAXBContextImpl$JAXBContextBuilder                  : loaded 3 times (x 86B)
Class android.databinding.tool.CompilerArguments$Type                                 : loaded 3 times (x 79B)
Class jdk.internal.jrtfs.JrtFileSystemProvider                                        : loaded 3 times (x 101B)
Class com.google.common.base.Equivalence$Identity                                     : loaded 3 times (x 82B)
Class com.google.common.cache.LocalCache$1                                            : loaded 3 times (x 89B)
Class android.databinding.tool.store.GenClassInfoLog                                  : loaded 3 times (x 72B)
Class com.google.common.base.Ascii                                                    : loaded 3 times (x 71B)
Class org.apache.commons.io.file.SimplePathVisitor                                    : loaded 3 times (x 85B)
Class android.databinding.internal.org.antlr.v4.runtime.tree.ParseTree                : loaded 3 times (x 70B)
Class com.sun.xml.bind.v2.util.XmlFactory$1                                           : loaded 3 times (x 76B)
Class android.databinding.parser.BindingExpressionParser$MathOpContext                : loaded 3 times (x 134B)
Class com.sun.xml.bind.v2.model.annotation.XmlSchemaQuick                             : loaded 3 times (x 95B)
Class com.android.tools.build.jetifier.core.TypeRewriter$Companion                    : loaded 3 times (x 71B)
Class android.databinding.parser.BindingExpressionParser$ExplicitGenericInvocationSuffixContext: loaded 3 times (x 133B)
Class android.databinding.parser.BindingExpressionParser$TypeContext                  : loaded 3 times (x 133B)
Class android.databinding.internal.org.antlr.v4.runtime.atn.LexerATNSimulator$SimState: loaded 3 times (x 73B)
Class [Landroid.databinding.internal.org.antlr.v4.runtime.atn.RuleStopState;          : loaded 3 times (x 69B)
Class android.databinding.internal.org.antlr.v4.runtime.atn.EpsilonTransition         : loaded 3 times (x 76B)
Class com.sun.xml.bind.annotation.XmlLocation                                         : loaded 3 times (x 70B)
Class com.sun.xml.bind.v2.runtime.Name                                                : loaded 3 times (x 75B)
Class com.sun.xml.bind.v2.model.impl.RuntimeBuiltinLeafInfoImpl$3                     : loaded 3 times (x 136B)
Class com.sun.xml.bind.v2.model.core.BuiltinLeafInfo                                  : loaded 3 times (x 70B)
Class android.databinding.parser.BindingExpressionParser$LiteralContext               : loaded 3 times (x 133B)
Class android.databinding.internal.org.antlr.v4.runtime.atn.ATNConfigSet              : loaded 3 times (x 148B)
Class android.databinding.parser.BindingExpressionParser$ResourceContext              : loaded 3 times (x 133B)
Class [Landroid.databinding.internal.org.antlr.v4.runtime.dfa.DFAState;               : loaded 3 times (x 69B)
Class com.android.tools.build.jetifier.core.proguard.ProGuardTypesMap                 : loaded 3 times (x 72B)
Class com.google.common.collect.HashMultimap                                          : loaded 3 times (x 174B)
Class com.google.common.cache.LocalCache$EntryFactory$6                               : loaded 3 times (x 83B)
Class android.databinding.tool.LibTypes$bindingAdapter$2                              : loaded 3 times (x 79B)
Class com.google.gson.ToNumberPolicy$3                                                : loaded 3 times (x 83B)
Class com.google.common.cache.LocalCache$2                                            : loaded 3 times (x 142B)
Class com.google.common.collect.AbstractSetMultimap                                   : loaded 3 times (x 174B)
Class android.databinding.parser.BindingExpressionBaseVisitor                         : loaded 3 times (x 168B)
Class com.sun.xml.bind.api.JAXBRIContext                                              : loaded 3 times (x 89B)
Class [Lcom.sun.xml.bind.v2.runtime.Location;                                         : loaded 3 times (x 69B)
Class [Lcom.sun.xml.bind.v2.model.core.PropertyKind;                                  : loaded 3 times (x 69B)
Class com.sun.xml.bind.v2.model.impl.Util                                             : loaded 3 times (x 71B)
Class com.sun.xml.bind.v2.runtime.output.NamespaceContextImpl$Element                 : loaded 3 times (x 72B)
Class com.sun.xml.bind.IDResolver                                                     : loaded 3 times (x 75B)
Class android.databinding.internal.org.antlr.v4.runtime.atn.RuleStopState             : loaded 3 times (x 82B)
Class android.databinding.internal.org.antlr.v4.runtime.misc.ObjectEqualityComparator : loaded 3 times (x 77B)
Class android.databinding.internal.org.antlr.v4.runtime.atn.Transition$1              : loaded 3 times (x 134B)
Class android.databinding.internal.org.antlr.v4.runtime.atn.StarLoopbackState         : loaded 3 times (x 82B)
Class android.databinding.internal.org.antlr.v4.runtime.atn.PredictionContextCache    : loaded 3 times (x 75B)
Class android.databinding.internal.org.antlr.v4.runtime.atn.ATNConfigSet$AbstractConfigHashSet: loaded 3 times (x 140B)
Class com.google.common.collect.ReverseOrdering                                       : loaded 3 times (x 115B)
Class com.google.common.cache.LocalCache$EntryFactory$5                               : loaded 3 times (x 83B)
Class com.google.gson.ToNumberPolicy$2                                                : loaded 3 times (x 83B)
Class com.sun.xml.bind.v2.model.runtime.RuntimeAttributePropertyInfo                  : loaded 3 times (x 70B)
Class com.sun.xml.bind.v2.model.impl.RuntimeBuiltinLeafInfoImpl$4                     : loaded 3 times (x 136B)
Class com.sun.xml.bind.v2.model.core.ErrorHandler                                     : loaded 3 times (x 70B)
Class javax.xml.bind.Marshaller                                                       : loaded 3 times (x 70B)
Class com.sun.xml.bind.v2.runtime.ClassBeanInfoImpl                                   : loaded 3 times (x 92B)
Class com.sun.xml.bind.v2.model.runtime.RuntimeNonElement                             : loaded 3 times (x 70B)
Class com.google.gson.internal.ReflectionAccessFilterHelper                           : loaded 3 times (x 71B)
Class com.google.gson.internal.reflect.ReflectionHelper$RecordHelper                  : loaded 3 times (x 75B)
Class com.sun.xml.bind.v2.runtime.property.Utils                                      : loaded 3 times (x 71B)
Class com.sun.xml.bind.v2.model.core.LeafInfo                                         : loaded 3 times (x 70B)
Class com.google.gson.internal.bind.MapTypeAdapterFactory$Adapter                     : loaded 3 times (x 74B)
Class com.google.gson.internal.sql.SqlTimeTypeAdapter$1                               : loaded 3 times (x 75B)
Class com.sun.xml.bind.v2.model.impl.SingleTypePropertyInfoImpl                       : loaded 3 times (x 113B)
Class com.sun.xml.bind.InternalAccessorFactory                                        : loaded 3 times (x 70B)
Class com.sun.xml.bind.v2.runtime.unmarshaller.LocatorExWrapper                       : loaded 3 times (x 86B)
Class android.databinding.internal.org.antlr.v4.runtime.atn.PrecedencePredicateTransition: loaded 3 times (x 76B)
Class android.databinding.internal.org.antlr.v4.runtime.atn.StarBlockStartState       : loaded 3 times (x 83B)
Class com.android.tools.build.jetifier.core.type.TypesMap$JsonData                    : loaded 3 times (x 72B)
Class com.sun.xml.bind.v2.model.impl.ModelBuilder$1                                   : loaded 3 times (x 76B)
Class android.databinding.internal.org.antlr.v4.runtime.misc.EqualityComparator       : loaded 3 times (x 70B)
Class com.sun.xml.bind.v2.model.impl.ArrayInfoImpl                                    : loaded 3 times (x 98B)
Class com.sun.xml.bind.v2.runtime.unmarshaller.UnmarshallingContext$State             : loaded 3 times (x 72B)
Class com.sun.xml.bind.v2.runtime.unmarshaller.UnmarshallingContext$ExpectedTypeRootLoader: loaded 3 times (x 80B)
Class com.sun.xml.bind.v2.runtime.ElementBeanInfoImpl$1                               : loaded 3 times (x 106B)
Class com.sun.xml.bind.v2.runtime.property.ArrayERProperty$ItemsLoader                : loaded 3 times (x 78B)
Class com.sun.xml.bind.v2.model.impl.GetterSetterPropertySeed                         : loaded 3 times (x 90B)
Class com.sun.xml.bind.v2.model.impl.RuntimeBuiltinLeafInfoImpl$5                     : loaded 3 times (x 136B)
Class com.google.common.collect.ImmutableSet$Builder                                  : loaded 3 times (x 85B)
Class com.google.common.collect.SetMultimap                                           : loaded 3 times (x 70B)
Class com.google.common.base.CharMatcher$InRange                                      : loaded 3 times (x 111B)
Class com.google.common.cache.LocalCache$EntryFactory$4                               : loaded 3 times (x 83B)
Class com.google.common.cache.LocalCache$LocalLoadingCache                            : loaded 3 times (x 134B)
Class androidx.databinding.BindingAdapter                                             : loaded 3 times (x 70B)
Class jdk.internal.jrtfs.SystemImage                                                  : loaded 3 times (x 74B)
Class com.google.gson.internal.Excluder                                               : loaded 3 times (x 75B)
Class com.google.common.base.Optional                                                 : loaded 3 times (x 80B)
Class [Lcom.google.gson.FieldNamingStrategy;                                          : loaded 3 times (x 69B)
Class com.google.gson.ToNumberPolicy$1                                                : loaded 3 times (x 83B)
Class javax.xml.bind.annotation.XmlAttachmentRef                                      : loaded 3 times (x 70B)
Class com.sun.xml.bind.v2.model.impl.RuntimeClassInfoImpl$RuntimePropertySeed         : loaded 3 times (x 84B)
Class com.sun.xml.bind.v2.runtime.reflect.TransducedAccessor                          : loaded 3 times (x 78B)
Class android.databinding.internal.org.antlr.v4.runtime.atn.LexerIndexedCustomAction  : loaded 3 times (x 77B)
Class android.databinding.parser.BindingExpressionParser$GroupingContext              : loaded 3 times (x 133B)
Class com.sun.xml.bind.v2.runtime.NameList                                            : loaded 3 times (x 72B)
Class com.sun.xml.bind.v2.runtime.property.SingleElementNodeProperty                  : loaded 3 times (x 102B)
Class com.sun.xml.bind.api.impl.NameConverter$1                                       : loaded 3 times (x 93B)
Class com.sun.xml.bind.v2.model.impl.RuntimeBuiltinLeafInfoImpl$6                     : loaded 3 times (x 136B)
Class android.databinding.tool.store.ResourceBundle$LayoutFileBundle                  : loaded 3 times (x 103B)
Class android.databinding.internal.org.antlr.v4.runtime.atn.EmptyPredictionContext    : loaded 3 times (x 80B)
Class com.google.gson.internal.bind.DefaultDateTypeAdapter$DateType                   : loaded 3 times (x 73B)
Class com.google.gson.internal.LinkedTreeMap$Node                                     : loaded 3 times (x 79B)
Class com.sun.xml.bind.v2.runtime.JAXBContextImpl$6                                   : loaded 3 times (x 91B)
Class jdk.internal.jrtfs.JrtDirectoryStream$1                                         : loaded 3 times (x 83B)
Class jdk.internal.jimage.ImageLocation                                               : loaded 3 times (x 90B)
Class com.google.common.collect.Multimaps                                             : loaded 3 times (x 71B)
Class com.google.common.util.concurrent.UncheckedExecutionException                   : loaded 3 times (x 82B)
Class com.google.common.collect.ExplicitOrdering                                      : loaded 3 times (x 115B)
Class com.google.common.base.Ticker$1                                                 : loaded 3 times (x 72B)
Class com.google.common.cache.LocalCache$EntryFactory$3                               : loaded 3 times (x 83B)
Class android.databinding.tool.store.ResourceBundle$IncludedLayout                    : loaded 3 times (x 72B)
Class android.databinding.tool.LibTypes$observable$2                                  : loaded 3 times (x 79B)
Class com.google.gson.internal.bind.NumberTypeAdapter                                 : loaded 3 times (x 74B)
Class android.databinding.parser.BindingExpressionLexer                               : loaded 3 times (x 141B)
Class com.sun.xml.bind.v2.runtime.reflect.PrimitiveArrayListerDouble                  : loaded 3 times (x 76B)
Class com.sun.xml.bind.v2.runtime.unmarshaller.Loader                                 : loaded 3 times (x 77B)
Class com.sun.xml.bind.api.impl.NameConverter$2                                       : loaded 3 times (x 93B)
Class com.sun.xml.bind.v2.model.impl.RuntimeBuiltinLeafInfoImpl$7                     : loaded 3 times (x 136B)
Class com.sun.xml.bind.v2.model.runtime.RuntimeClassInfo                              : loaded 3 times (x 70B)
Class com.google.gson.internal.$Gson$Types$ParameterizedTypeImpl                      : loaded 3 times (x 81B)
Class com.sun.xml.bind.v2.model.runtime.RuntimeTypeRef                                : loaded 3 times (x 70B)
Class android.databinding.tool.processing.Scope                                       : loaded 3 times (x 71B)
Class com.google.gson.internal.bind.ReflectiveTypeAdapterFactory$1                    : loaded 3 times (x 79B)
Class android.databinding.tool.LibTypes                                               : loaded 3 times (x 72B)
Class com.sun.xml.bind.v2.model.impl.BuiltinLeafInfoImpl                              : loaded 3 times (x 105B)
Class com.sun.xml.bind.v2.model.impl.RuntimeBuiltinLeafInfoImpl                       : loaded 3 times (x 133B)
Class javax.xml.bind.annotation.XmlSchemaType                                         : loaded 3 times (x 70B)
Class android.databinding.tool.store.ResourceBundle$BindingTargetBundle               : loaded 3 times (x 95B)
Class com.sun.xml.bind.v2.runtime.unmarshaller.XsiNilLoader$Single                    : loaded 3 times (x 80B)
Class com.sun.xml.bind.v2.runtime.reflect.TransducedAccessor$CompositeTransducedAccessorImpl: loaded 3 times (x 79B)
Class com.sun.xml.bind.v2.runtime.NamespaceContext2                                   : loaded 3 times (x 70B)
Class android.databinding.parser.BindingExpressionParser$ExplicitGenericInvocationContext: loaded 3 times (x 133B)
Class com.android.tools.build.jetifier.core.utils.LogLevel                            : loaded 3 times (x 79B)
Class android.databinding.parser.BindingExpressionParser$RootLambdaContext            : loaded 3 times (x 133B)
Class [Lcom.android.tools.build.jetifier.core.utils.LogLevel;                         : loaded 3 times (x 69B)
Class com.sun.istack.FinalArrayList                                                   : loaded 3 times (x 209B)
Class com.sun.xml.bind.v2.model.impl.RuntimeBuiltinLeafInfoImpl$8                     : loaded 3 times (x 136B)
Class com.sun.xml.bind.api.ErrorListener                                              : loaded 3 times (x 70B)
Class org.apache.commons.io.filefilter.OrFileFilter                                   : loaded 3 times (x 127B)
Class org.apache.commons.io.function.Uncheck                                          : loaded 3 times (x 71B)
Class com.sun.xml.bind.v2.runtime.property.SingleMapNodeProperty                      : loaded 3 times (x 102B)
Class android.databinding.tool.LibTypes$stateFlow$2                                   : loaded 3 times (x 78B)
Class jdk.internal.jimage.ImageBufferCache$1                                          : loaded 3 times (x 83B)
Class com.google.common.cache.CacheLoader$UnsupportedLoadingOperationException        : loaded 3 times (x 82B)
Class jdk.internal.jimage.BasicImageReader                                            : loaded 3 times (x 95B)
Class com.google.common.collect.HashMultimapGwtSerializationDependencies              : loaded 3 times (x 174B)
Class com.google.common.collect.ImmutableBiMap$Builder                                : loaded 3 times (x 82B)
Class com.google.common.base.CharMatcher$And                                          : loaded 3 times (x 112B)
Class com.google.common.collect.AbstractMapBasedMultimap$KeySet$1                     : loaded 3 times (x 82B)
Class com.google.common.cache.LocalCache$EntryFactory$2                               : loaded 3 times (x 83B)
Class android.databinding.tool.LibTypes$viewDataBinding$2                             : loaded 3 times (x 79B)
Class com.google.gson.internal.bind.JsonAdapterAnnotationTypeAdapterFactory           : loaded 3 times (x 75B)
Class com.sun.xml.bind.v2.runtime.ValueListBeanInfoImpl                               : loaded 3 times (x 89B)
Class android.databinding.tool.util.RelativizableFile                                 : loaded 3 times (x 72B)
Class com.sun.xml.bind.v2.runtime.unmarshaller.DomLoader                              : loaded 3 times (x 78B)
Class com.sun.xml.bind.marshaller.CharacterEscapeHandler                              : loaded 3 times (x 70B)
Class com.sun.xml.bind.v2.runtime.output.NamespaceContextImpl                         : loaded 3 times (x 81B)
Class com.sun.istack.SAXParseException2                                               : loaded 3 times (x 88B)
Class com.google.common.base.CharMatcher$NamedFastMatcher                             : loaded 3 times (x 112B)
Class android.databinding.internal.org.antlr.v4.runtime.ANTLRErrorStrategy            : loaded 3 times (x 70B)
Class android.databinding.internal.org.antlr.v4.runtime.atn.LexerATNSimulator         : loaded 3 times (x 102B)
Class com.sun.xml.bind.CycleRecoverable$Context                                       : loaded 3 times (x 70B)
Class com.sun.xml.bind.v2.model.annotation.XmlSchemaTypeQuick                         : loaded 3 times (x 93B)
Class com.sun.xml.bind.v2.model.impl.RuntimeBuiltinLeafInfoImpl$10                    : loaded 3 times (x 136B)
Class com.sun.xml.bind.v2.model.impl.RuntimeBuiltinLeafInfoImpl$9                     : loaded 3 times (x 136B)
Class com.sun.xml.bind.v2.runtime.BridgeImpl                                          : loaded 3 times (x 87B)
Class android.databinding.internal.org.antlr.v4.runtime.misc.Array2DHashSet           : loaded 3 times (x 140B)
Class android.databinding.parser.BindingExpressionParser                              : loaded 3 times (x 150B)
Class com.google.gson.ToNumberStrategy                                                : loaded 3 times (x 70B)
Class com.google.gson.TypeAdapter                                                     : loaded 3 times (x 73B)
Class kotlin.collections.CollectionsKt___CollectionsKt$asSequence$$inlined$Sequence$1 : loaded 3 times (x 75B)
Class jdk.internal.jimage.ImageBufferCache$2                                          : loaded 3 times (x 91B)
Class com.google.common.collect.FluentIterable$1                                      : loaded 3 times (x 81B)
Class com.google.common.base.CharMatcher$1                                            : loaded 3 times (x 113B)
Class com.google.common.collect.Maps$IteratorBasedAbstractMap                         : loaded 3 times (x 125B)
Class [Lcom.google.common.cache.RemovalListener;                                      : loaded 3 times (x 69B)
Class com.google.common.cache.LocalCache$EntryFactory$1                               : loaded 3 times (x 83B)
Class androidx.databinding.Bindable                                                   : loaded 3 times (x 70B)
Class androidx.databinding.BindingConversion                                          : loaded 3 times (x 70B)
Class android.databinding.internal.org.antlr.v4.runtime.atn.PlusBlockStartState       : loaded 3 times (x 83B)
Class com.google.gson.internal.reflect.ReflectionHelper$RecordSupportedHelper         : loaded 3 times (x 78B)
Class [Lcom.sun.xml.bind.v2.runtime.unmarshaller.Scope;                               : loaded 3 times (x 69B)
Class com.sun.xml.bind.v2.model.impl.RuntimeBuiltinLeafInfoImpl$11                    : loaded 3 times (x 136B)
Class com.sun.xml.bind.v2.model.core.ElementInfo                                      : loaded 3 times (x 70B)
Class com.sun.xml.bind.v2.model.runtime.RuntimeEnumLeafInfo                           : loaded 3 times (x 70B)
Class com.google.common.collect.SortedSetMultimap                                     : loaded 3 times (x 70B)
Class android.databinding.tool.store.GenClassInfoLog$GenClassImpl$Companion           : loaded 3 times (x 71B)
Class javax.xml.bind.annotation.XmlSchema                                             : loaded 3 times (x 70B)
Class com.sun.xml.bind.v2.runtime.property.TagAndType                                 : loaded 3 times (x 72B)
Class android.databinding.internal.org.antlr.v4.runtime.atn.ATNDeserializer           : loaded 3 times (x 81B)
Class android.databinding.internal.org.antlr.v4.runtime.misc.IntervalSet              : loaded 3 times (x 123B)
Class com.google.common.collect.FluentIterable$2                                      : loaded 3 times (x 81B)
Class com.google.common.collect.NullsFirstOrdering                                    : loaded 3 times (x 115B)
Class com.google.common.collect.ImmutableSetMultimap                                  : loaded 3 times (x 180B)
Class com.google.common.base.Absent                                                   : loaded 3 times (x 80B)
Class com.google.common.base.CharMatcher                                              : loaded 3 times (x 111B)
Class com.google.common.collect.ByFunctionOrdering                                    : loaded 3 times (x 115B)
Class com.google.gson.stream.JsonReader                                               : loaded 3 times (x 97B)
Class com.google.common.base.CharMatcher$IsEither                                     : loaded 3 times (x 111B)
Class [Lorg.apache.commons.io.file.DeleteOption;                                      : loaded 3 times (x 69B)
Class com.sun.xml.bind.v2.model.runtime.RuntimeLeafInfo                               : loaded 3 times (x 70B)
Class com.android.tools.build.jetifier.core.config.Config$JsonData                    : loaded 3 times (x 72B)
Class com.android.tools.build.jetifier.core.type.JavaType$Companion                   : loaded 3 times (x 71B)
Class android.databinding.internal.org.antlr.v4.runtime.atn.PredictionMode$AltAndContextConfigEqualityComparator: loaded 3 times (x 77B)
Class javax.xml.bind.annotation.XmlElement                                            : loaded 3 times (x 70B)
Class javax.xml.bind.annotation.XmlIDREF                                              : loaded 3 times (x 70B)
Class com.sun.xml.bind.v2.runtime.property.ArrayElementProperty                       : loaded 3 times (x 105B)
Class com.sun.xml.bind.api.impl.NameUtil                                              : loaded 3 times (x 80B)
Class com.sun.xml.bind.v2.util.ByteArrayOutputStreamEx                                : loaded 3 times (x 94B)
Class com.sun.xml.bind.v2.model.impl.RuntimeBuiltinLeafInfoImpl$12                    : loaded 3 times (x 136B)
Class com.sun.xml.bind.v2.model.impl.RuntimeBuiltinLeafInfoImpl$PcdataImpl            : loaded 3 times (x 134B)
Class com.sun.xml.bind.v2.model.impl.ElementInfoImpl                                  : loaded 3 times (x 109B)
Class com.sun.xml.bind.v2.model.annotation.AbstractInlineAnnotationReaderImpl         : loaded 3 times (x 104B)
Class org.apache.commons.io.file.CountingPathVisitor                                  : loaded 3 times (x 91B)
Class javax.xml.bind.annotation.XmlSchemaTypes                                        : loaded 3 times (x 70B)
Class android.databinding.tool.processing.scopes.LocationScopeProvider                : loaded 3 times (x 70B)
Class com.sun.xml.bind.v2.runtime.unmarshaller.ChildLoader                            : loaded 3 times (x 72B)
Class android.databinding.internal.org.antlr.v4.runtime.CommonTokenStream             : loaded 3 times (x 127B)
Class android.databinding.internal.org.antlr.v4.runtime.atn.SemanticContext$Operator  : loaded 3 times (x 74B)
Class android.databinding.internal.org.antlr.v4.runtime.atn.LexerActionExecutor       : loaded 3 times (x 75B)
Class com.google.gson.internal.bind.DateTypeAdapter                                   : loaded 3 times (x 74B)
Class com.google.common.base.Equivalence$Equals                                       : loaded 3 times (x 82B)
Class com.google.common.collect.FluentIterable$3                                      : loaded 3 times (x 81B)
Class com.google.gson.internal.LazilyParsedNumber                                     : loaded 3 times (x 78B)
Class com.google.gson.internal.Streams                                                : loaded 3 times (x 71B)
Class com.google.common.collect.ArrayListMultimapGwtSerializationDependencies         : loaded 3 times (x 172B)
Class com.google.common.math.MathPreconditions                                        : loaded 3 times (x 71B)
Class com.sun.xml.bind.v2.runtime.RuntimeUtil                                         : loaded 3 times (x 71B)
Class com.sun.xml.bind.v2.model.core.ValuePropertyInfo                                : loaded 3 times (x 70B)
Class com.sun.xml.bind.v2.runtime.property.SingleMapNodeProperty$2                    : loaded 3 times (x 78B)
Class javax.xml.bind.helpers.AbstractUnmarshallerImpl                                 : loaded 3 times (x 130B)
Class android.databinding.tool.ext.ExtKt                                              : loaded 3 times (x 71B)
Class android.databinding.internal.org.antlr.v4.runtime.atn.LoopEndState              : loaded 3 times (x 82B)
Class android.databinding.internal.org.antlr.v4.runtime.atn.PlusLoopbackState         : loaded 3 times (x 82B)
Class android.databinding.internal.org.antlr.v4.runtime.misc.IntSet                   : loaded 3 times (x 70B)
Class com.google.common.base.CharMatcher$Is                                           : loaded 3 times (x 111B)
Class com.google.common.base.CharMatcher$Negated                                      : loaded 3 times (x 113B)
Class com.google.common.cache.LocalCache$ValueReference                               : loaded 3 times (x 70B)
Class android.databinding.tool.LibTypes$liveData$2                                    : loaded 3 times (x 79B)
Class com.sun.xml.bind.v2.runtime.MarshallerImpl$1                                    : loaded 3 times (x 152B)
Class com.sun.xml.bind.v2.runtime.unmarshaller.LeafPropertyXsiLoader                  : loaded 3 times (x 78B)
Class com.sun.xml.bind.v2.runtime.property.ArrayReferenceNodeProperty                 : loaded 3 times (x 104B)
Class [Lcom.sun.xml.bind.v2.runtime.property.AttributeProperty;                       : loaded 3 times (x 69B)
Class javax.xml.bind.annotation.XmlElements                                           : loaded 3 times (x 70B)
Class com.sun.xml.bind.v2.model.impl.ClassInfoImpl$ConflictException                  : loaded 3 times (x 82B)
Class com.sun.xml.bind.v2.model.annotation.XmlElementQuick                            : loaded 3 times (x 96B)
Class com.sun.xml.bind.v2.model.impl.RuntimeBuiltinLeafInfoImpl$13                    : loaded 3 times (x 137B)
Class com.sun.xml.bind.v2.model.impl.ModelBuilderI                                    : loaded 3 times (x 70B)
Class com.sun.xml.bind.v2.runtime.LeafBeanInfoImpl                                    : loaded 3 times (x 89B)
Class [Lcom.google.common.base.Function;                                              : loaded 3 times (x 69B)
Class com.google.common.collect.NaturalOrdering                                       : loaded 3 times (x 115B)
Class com.google.gson.internal.ObjectConstructor                                      : loaded 3 times (x 70B)
Class androidx.databinding.InverseBindingMethods                                      : loaded 3 times (x 70B)
Class com.google.gson.internal.bind.DefaultDateTypeAdapter$DateType$1                 : loaded 3 times (x 73B)
Class android.databinding.tool.util.LoggedErrorException                              : loaded 3 times (x 82B)
Class com.android.tools.build.jetifier.core.PackageMap                                : loaded 3 times (x 72B)
Class android.databinding.tool.store.ResourceBundle$IncludedLayout$Builder            : loaded 3 times (x 76B)
Class com.sun.xml.bind.v2.model.core.EnumLeafInfo                                     : loaded 3 times (x 70B)
Class javax.xml.bind.annotation.XmlList                                               : loaded 3 times (x 70B)
Class com.sun.xml.bind.v2.runtime.property.SingleMapNodeProperty$1                    : loaded 3 times (x 78B)
Class [Landroid.databinding.internal.org.antlr.v4.runtime.dfa.DFA;                    : loaded 3 times (x 69B)
Class android.databinding.parser.BindingExpressionParser$StringLiteralContext         : loaded 3 times (x 133B)
Class com.android.tools.build.jetifier.core.rule.RewriteRule$Companion                : loaded 3 times (x 71B)
Class com.android.tools.build.jetifier.core.rule.RewriteRule                          : loaded 3 times (x 72B)
Class android.databinding.internal.org.antlr.v4.runtime.atn.ArrayPredictionContext    : loaded 3 times (x 80B)
Class android.databinding.parser.BindingExpressionParser$ResourceParametersContext    : loaded 3 times (x 132B)
Class android.databinding.parser.BindingExpressionParser$ClassOrInterfaceTypeContext  : loaded 3 times (x 136B)
Class com.google.gson.FieldNamingStrategy                                             : loaded 3 times (x 70B)
Class com.sun.xml.bind.v2.runtime.reflect.AdaptedLister                               : loaded 3 times (x 77B)
Class com.sun.xml.bind.v2.model.nav.ReflectionNavigator$10                            : loaded 3 times (x 77B)
Class com.sun.xml.bind.v2.model.impl.RuntimeBuiltinLeafInfoImpl$UUIDImpl              : loaded 3 times (x 136B)
Class com.sun.xml.bind.v2.model.impl.RuntimeBuiltinLeafInfoImpl$14                    : loaded 3 times (x 136B)
Class com.sun.xml.bind.v2.model.core.RegistryInfo                                     : loaded 3 times (x 70B)
Class com.google.gson.JsonArray                                                       : loaded 3 times (x 100B)
Class org.apache.commons.io.filefilter.FileFileFilter                                 : loaded 3 times (x 116B)
Class com.google.common.collect.AbstractMapBasedMultimap$RandomAccessWrappedList      : loaded 3 times (x 205B)
Class com.sun.xml.bind.v2.runtime.output.XmlOutputAbstractImpl                        : loaded 3 times (x 96B)
Class android.databinding.tool.LibTypes$inverseBindingListener$2                      : loaded 3 times (x 79B)
Class android.databinding.tool.LibTypes$propertyChangedInverseListener$2              : loaded 3 times (x 79B)
Class com.sun.xml.bind.v2.runtime.unmarshaller.StructureLoader$1                      : loaded 3 times (x 71B)
Class com.google.common.cache.Weigher                                                 : loaded 3 times (x 70B)
Class com.sun.xml.bind.v2.runtime.property.SingleReferenceNodeProperty                : loaded 3 times (x 102B)
Class com.sun.xml.bind.v2.model.annotation.XmlElementDeclQuick                        : loaded 3 times (x 96B)
Class com.sun.xml.bind.v2.runtime.ElementBeanInfoImpl$IntercepterLoader               : loaded 3 times (x 81B)
Class javax.xml.bind.ValidationEventLocator                                           : loaded 3 times (x 70B)
Class android.databinding.internal.org.antlr.v4.runtime.tree.AbstractParseTreeVisitor : loaded 3 times (x 84B)
Class com.android.tools.build.jetifier.core.type.TypesMap$Companion                   : loaded 3 times (x 71B)
Class android.databinding.parser.BindingExpressionParser$JavaLiteralContext           : loaded 3 times (x 136B)
Class android.databinding.internal.org.antlr.v4.runtime.Parser                        : loaded 3 times (x 150B)
Class android.databinding.internal.org.antlr.v4.runtime.atn.OrderedATNConfigSet       : loaded 3 times (x 148B)
Class android.databinding.internal.org.antlr.v4.runtime.atn.AbstractPredicateTransition: loaded 3 times (x 76B)
Class android.databinding.internal.org.antlr.v4.runtime.RuleContext                   : loaded 3 times (x 114B)
Class com.sun.xml.bind.v2.model.impl.ClassInfoImpl$SecondaryAnnotation                : loaded 3 times (x 80B)
Class com.sun.xml.bind.v2.model.impl.RuntimeBuiltinLeafInfoImpl$15                    : loaded 3 times (x 136B)
Class com.sun.xml.bind.v2.runtime.AnyTypeBeanInfo                                     : loaded 3 times (x 92B)
Class com.sun.xml.bind.v2.model.core.MaybeElement                                     : loaded 3 times (x 70B)
Class org.apache.commons.io.Charsets                                                  : loaded 3 times (x 71B)
Class org.apache.commons.io.file.Counters$PathCounters                                : loaded 3 times (x 70B)
Class com.google.gson.internal.LinkedTreeMap                                          : loaded 3 times (x 123B)
Class android.databinding.internal.org.antlr.v4.runtime.misc.FlexibleHashMap$Entry    : loaded 3 times (x 72B)
Class com.google.gson.stream.JsonReader$1                                             : loaded 3 times (x 72B)
Class jdk.internal.jimage.ImageHeader                                                 : loaded 3 times (x 71B)
Class com.google.common.cache.LocalCache$Strength                                     : loaded 3 times (x 81B)
Class com.google.common.cache.Cache                                                   : loaded 3 times (x 70B)
Class com.sun.xml.bind.v2.runtime.reflect.Accessor$1                                  : loaded 3 times (x 85B)
Class com.google.common.base.Suppliers$NonSerializableMemoizingSupplier               : loaded 3 times (x 79B)
Class com.sun.xml.bind.v2.runtime.JAXBContextImpl$5                                   : loaded 3 times (x 74B)
Class android.databinding.internal.org.antlr.v4.runtime.TokenSource                   : loaded 3 times (x 70B)
Class com.sun.xml.bind.v2.model.impl.ReferencePropertyInfoImpl                        : loaded 3 times (x 127B)
Class javax.xml.bind.annotation.XmlTransient                                          : loaded 3 times (x 70B)
Class com.sun.xml.bind.v2.model.impl.AnyTypeImpl                                      : loaded 3 times (x 89B)
Class com.sun.xml.bind.v2.model.impl.RuntimeBuiltinLeafInfoImpl$16                    : loaded 3 times (x 136B)
Class com.sun.xml.bind.v2.runtime.IllegalAnnotationsException                         : loaded 3 times (x 86B)
Class com.google.gson.internal.LinkedTreeMap$1                                        : loaded 3 times (x 91B)
Class com.sun.xml.bind.v2.model.runtime.RuntimeValuePropertyInfo                      : loaded 3 times (x 70B)
Class com.sun.xml.bind.v2.model.impl.ClassInfoImpl$PropertyGroup                      : loaded 3 times (x 79B)
Class android.databinding.tool.LibTypes$dataBindingComponent$2                        : loaded 3 times (x 79B)
Class com.google.common.base.NullnessCasts                                            : loaded 3 times (x 71B)
Class [Lcom.google.common.cache.Weigher;                                              : loaded 3 times (x 69B)
Class jdk.internal.jrtfs.JrtFileSystem                                                : loaded 3 times (x 102B)
Class com.google.gson.JsonObject                                                      : loaded 3 times (x 93B)
Class com.google.gson.JsonNull                                                        : loaded 3 times (x 92B)
Class com.google.gson.internal.bind.TypeAdapters$29                                   : loaded 3 times (x 75B)
Class com.google.gson.internal.bind.MapTypeAdapterFactory                             : loaded 3 times (x 75B)
Class com.google.common.util.concurrent.ExecutionError                                : loaded 3 times (x 82B)
Class com.google.gson.internal.Streams$AppendableWriter                               : loaded 3 times (x 99B)
Class com.sun.xml.bind.v2.model.impl.LeafInfoImpl                                     : loaded 3 times (x 102B)
Class android.databinding.internal.org.antlr.v4.runtime.misc.FlexibleHashMap          : loaded 3 times (x 125B)
Class com.sun.xml.bind.v2.model.core.ID                                               : loaded 3 times (x 79B)
Class com.sun.xml.bind.v2.runtime.reflect.Lister$ArrayLister                          : loaded 3 times (x 77B)
Class com.sun.xml.bind.v2.runtime.property.PropertyImpl                               : loaded 3 times (x 102B)
Class com.sun.xml.bind.v2.model.impl.RuntimeBuiltinLeafInfoImpl$17                    : loaded 3 times (x 136B)
Class com.sun.xml.bind.v2.runtime.BridgeContextImpl                                   : loaded 3 times (x 77B)
Class com.sun.xml.bind.v2.runtime.ElementBeanInfoImpl                                 : loaded 3 times (x 89B)
Class com.sun.xml.bind.v2.runtime.BridgeAdapter                                       : loaded 3 times (x 87B)
Class com.sun.xml.bind.v2.runtime.reflect.AdaptedAccessor                             : loaded 3 times (x 85B)
Class [Lcom.google.gson.ToNumberPolicy;                                               : loaded 3 times (x 69B)
Class com.google.gson.ToNumberPolicy                                                  : loaded 3 times (x 83B)
Class com.google.common.cache.RemovalListener                                         : loaded 3 times (x 70B)
Class com.google.common.collect.Maps$EntryFunction$1                                  : loaded 3 times (x 91B)
Class com.google.common.collect.AbstractMapBasedMultimap$AsMap$AsMapIterator          : loaded 3 times (x 83B)
Class com.google.common.collect.AbstractMapBasedMultimap$WrappedCollection$WrappedIterator: loaded 3 times (x 84B)
Class com.sun.xml.bind.v2.runtime.unmarshaller.XsiTypeLoader                          : loaded 3 times (x 78B)
Class com.sun.xml.bind.v2.runtime.unmarshaller.WildcardLoader                         : loaded 3 times (x 79B)
Class com.sun.xml.bind.v2.runtime.reflect.TransducedAccessor$IDREFTransducedAccessorImpl: loaded 3 times (x 80B)
Class com.google.common.base.Present                                                  : loaded 3 times (x 81B)
Class javax.xml.bind.annotation.W3CDomHandler                                         : loaded 3 times (x 85B)
Class android.databinding.parser.BindingExpressionParser$DotOpContext                 : loaded 3 times (x 134B)
Class com.google.common.collect.FluentIterable                                        : loaded 3 times (x 81B)
Class com.google.common.cache.LoadingCache                                            : loaded 3 times (x 70B)
Class [Lcom.google.gson.LongSerializationPolicy;                                      : loaded 3 times (x 69B)
Class com.google.gson.internal.bind.TypeAdapters$28                                   : loaded 3 times (x 75B)
Class com.google.gson.internal.bind.TypeAdapters$EnumTypeAdapter                      : loaded 3 times (x 74B)
Class javax.xml.bind.annotation.XmlElementRef                                         : loaded 3 times (x 70B)
Class android.databinding.internal.org.antlr.v4.runtime.tree.RuleNode                 : loaded 3 times (x 70B)
Class com.sun.xml.bind.v2.model.annotation.XmlElementRefsQuick                        : loaded 3 times (x 91B)
Class com.sun.xml.bind.v2.model.runtime.RuntimePropertyInfo                           : loaded 3 times (x 70B)
Class com.sun.xml.bind.v2.util.FlattenIterator                                        : loaded 3 times (x 79B)
Class android.databinding.internal.org.antlr.v4.runtime.tree.TerminalNodeImpl         : loaded 3 times (x 105B)
Class com.sun.xml.bind.v2.runtime.reflect.PrimitiveArrayListerFloat                   : loaded 3 times (x 76B)
Class com.sun.xml.bind.v2.runtime.property.ArrayProperty                              : loaded 3 times (x 102B)
Class com.sun.xml.bind.v2.runtime.property.PropertyFactory$1                          : loaded 3 times (x 71B)
Class android.databinding.parser.BindingExpressionVisitor                             : loaded 3 times (x 70B)
Class android.databinding.internal.org.antlr.v4.runtime.tree.ParseTreeVisitor         : loaded 3 times (x 70B)
Class com.sun.xml.bind.v2.model.core.PropertyInfo                                     : loaded 3 times (x 70B)
Class com.sun.xml.bind.v2.model.impl.RuntimeBuiltinLeafInfoImpl$18                    : loaded 3 times (x 136B)
Class javax.activation.MimeTypeParseException                                         : loaded 3 times (x 82B)
Class com.sun.xml.bind.WhiteSpaceProcessor                                            : loaded 3 times (x 71B)
Class com.sun.xml.bind.v2.runtime.AttributeAccessor                                   : loaded 3 times (x 70B)
Class com.sun.xml.bind.v2.model.annotation.Locatable                                  : loaded 3 times (x 70B)
Class org.apache.commons.io.file.DeleteOption                                         : loaded 3 times (x 70B)
Class com.google.common.collect.Maps$FilteredEntryMap$EntrySet$1                      : loaded 3 times (x 82B)
Class com.google.gson.internal.ConstructorConstructor$11                              : loaded 3 times (x 75B)
Class android.databinding.internal.org.antlr.v4.runtime.CharStream                    : loaded 3 times (x 70B)
Class com.google.common.collect.AbstractMapBasedMultimap$WrappedCollection            : loaded 3 times (x 124B)
Class android.databinding.internal.org.antlr.v4.runtime.atn.LexerActionType           : loaded 3 times (x 79B)
Class com.google.common.collect.ImmutableSet$RegularSetBuilderImpl                    : loaded 3 times (x 77B)
Class com.google.common.collect.ImmutableMapKeySet                                    : loaded 3 times (x 152B)
Class com.google.common.collect.Maps$EntryFunction$2                                  : loaded 3 times (x 91B)
Class com.google.common.cache.CacheLoader$InvalidCacheLoadException                   : loaded 3 times (x 82B)
Class androidx.databinding.Untaggable                                                 : loaded 3 times (x 70B)
Class com.google.gson.FieldNamingPolicy$7                                             : loaded 3 times (x 83B)
Class com.google.gson.internal.bind.TypeAdapters$27                                   : loaded 3 times (x 75B)
Class com.google.gson.internal.reflect.ReflectionHelper                               : loaded 3 times (x 71B)
Class org.apache.commons.io.filefilter.TrueFileFilter                                 : loaded 3 times (x 94B)
Class com.sun.xml.bind.v2.model.annotation.RuntimeInlineAnnotationReader              : loaded 3 times (x 106B)
Class kotlin.collections.IntIterator                                                  : loaded 3 times (x 82B)
Class javax.xml.bind.annotation.XmlAccessType                                         : loaded 3 times (x 79B)
Class android.databinding.internal.org.antlr.v4.runtime.atn.OrderedATNConfigSet$LexerConfigHashSet: loaded 3 times (x 140B)
Class android.databinding.internal.org.antlr.v4.runtime.ANTLRErrorListener            : loaded 3 times (x 70B)
Class com.sun.xml.bind.v2.model.annotation.XmlEnumQuick                               : loaded 3 times (x 91B)
Class com.sun.xml.bind.v2.runtime.unmarshaller.XmlVisitor$TextPredictor               : loaded 3 times (x 70B)
Class javax.xml.bind.annotation.XmlRegistry                                           : loaded 3 times (x 70B)
Class com.sun.xml.bind.v2.model.impl.RuntimeBuiltinLeafInfoImpl$19                    : loaded 3 times (x 136B)
Class android.databinding.tool.store.GenClassInfoLog$GenClassImpl                     : loaded 3 times (x 72B)
Class javax.xml.bind.annotation.XmlType                                               : loaded 3 times (x 70B)
Class com.google.gson.internal.ConstructorConstructor$9                               : loaded 3 times (x 76B)
Class android.databinding.tool.util.Preconditions                                     : loaded 3 times (x 71B)
Class [Ljavax.xml.bind.annotation.XmlElement;                                         : loaded 3 times (x 69B)
Class com.sun.xml.bind.v2.runtime.reflect.Utils$1                                     : loaded 3 times (x 77B)
Class com.sun.xml.bind.v2.runtime.property.ArrayERProperty$ReceiverImpl               : loaded 3 times (x 75B)
Class com.sun.xml.bind.v2.runtime.MarshallerImpl                                      : loaded 3 times (x 128B)
Class android.databinding.internal.org.antlr.v4.runtime.atn.ATNSimulator              : loaded 3 times (x 76B)
Class com.google.common.collect.NullsLastOrdering                                     : loaded 3 times (x 115B)
Class com.google.common.collect.Iterables$5                                           : loaded 3 times (x 81B)
Class com.google.common.base.Splitter$1$1                                             : loaded 3 times (x 86B)
Class com.google.gson.internal.ConstructorConstructor$13                              : loaded 3 times (x 75B)
Class android.databinding.parser.BindingExpressionParser$DefaultsContext              : loaded 3 times (x 132B)
Class android.databinding.internal.org.antlr.v4.runtime.atn.ATNDeserializer$1         : loaded 3 times (x 71B)
Class com.google.common.collect.Iterators$EmptyModifiableIterator                     : loaded 3 times (x 86B)
Class android.databinding.parser.BindingExpressionParser$InferredFormalParameterListContext: loaded 3 times (x 133B)
Class com.google.gson.FieldNamingPolicy$6                                             : loaded 3 times (x 83B)
Class com.sun.xml.bind.v2.runtime.reflect.Lister$CollectionLister                     : loaded 3 times (x 77B)
Class javax.xml.bind.annotation.XmlAccessOrder                                        : loaded 3 times (x 79B)
Class com.sun.xml.bind.v2.model.impl.RuntimeAnyTypeImpl                               : loaded 3 times (x 94B)
Class com.sun.xml.bind.v2.model.nav.Navigator                                         : loaded 3 times (x 70B)
Class android.databinding.tool.util.StringUtils                                       : loaded 3 times (x 71B)
Class com.google.common.collect.ComparatorOrdering                                    : loaded 3 times (x 115B)
Class com.google.gson.internal.bind.ArrayTypeAdapter$1                                : loaded 3 times (x 75B)
Class com.google.gson.internal.bind.JsonTreeWriter                                    : loaded 3 times (x 98B)
Class android.databinding.tool.LibTypes$listClassNames$2                              : loaded 3 times (x 79B)
Class android.databinding.tool.LibTypes$Companion                                     : loaded 3 times (x 71B)
Class com.google.gson.internal.bind.TypeAdapters$26                                   : loaded 3 times (x 75B)
Class com.google.gson.internal.bind.ArrayTypeAdapter                                  : loaded 3 times (x 74B)
Class com.google.common.base.Splitter                                                 : loaded 3 times (x 72B)
Class com.google.common.cache.CacheBuilder                                            : loaded 3 times (x 72B)
Class android.databinding.internal.org.antlr.v4.runtime.atn.RangeTransition           : loaded 3 times (x 76B)
Class com.sun.xml.bind.v2.model.impl.Utils                                            : loaded 3 times (x 71B)
Class javax.xml.bind.ValidationEvent                                                  : loaded 3 times (x 70B)
Class com.sun.xml.bind.v2.runtime.JaxBeanInfo$1                                       : loaded 3 times (x 77B)
Class com.google.common.cache.LocalCache$EntryFactory                                 : loaded 3 times (x 83B)
Class com.sun.xml.bind.v2.runtime.unmarshaller.DefaultValueLoaderDecorator            : loaded 3 times (x 78B)
Class com.google.gson.FieldNamingPolicy$5                                             : loaded 3 times (x 83B)
Class android.databinding.internal.org.antlr.v4.runtime.WritableToken                 : loaded 3 times (x 70B)
Class com.google.gson.FieldNamingPolicy                                               : loaded 3 times (x 83B)
Class com.google.gson.internal.bind.TypeAdapters                                      : loaded 3 times (x 71B)
Class javax.xml.bind.annotation.XmlElementWrapper                                     : loaded 3 times (x 70B)
Class javax.xml.bind.annotation.adapters.XmlJavaTypeAdapter                           : loaded 3 times (x 70B)
Class com.sun.xml.bind.v2.model.annotation.AnnotationSource                           : loaded 3 times (x 70B)
Class com.google.gson.internal.bind.TypeAdapters$25                                   : loaded 3 times (x 75B)
Class com.google.gson.internal.LinkedTreeMap$EntrySet$1                               : loaded 3 times (x 81B)
Class com.sun.xml.bind.v2.runtime.Location                                            : loaded 3 times (x 70B)
Class javax.xml.bind.annotation.XmlInlineBinaryData                                   : loaded 3 times (x 70B)
Class android.databinding.internal.org.antlr.v4.runtime.Vocabulary                    : loaded 3 times (x 70B)
Class com.sun.xml.bind.v2.runtime.reflect.Accessor$2                                  : loaded 3 times (x 87B)
Class javax.xml.bind.annotation.XmlValue                                              : loaded 3 times (x 70B)
Class com.sun.xml.bind.api.CompositeStructure                                         : loaded 3 times (x 72B)
Class android.databinding.tool.LibTypes$bindable$2                                    : loaded 3 times (x 79B)
Class com.google.gson.FieldNamingPolicy$4                                             : loaded 3 times (x 83B)
Class com.google.gson.internal.bind.TypeAdapters$24                                   : loaded 3 times (x 75B)
Class android.databinding.tool.util.FileUtil$listAndSortFiles$$inlined$sortedBy$2     : loaded 3 times (x 89B)
Class com.sun.xml.bind.v2.model.core.Element                                          : loaded 3 times (x 70B)
Class com.google.gson.internal.bind.TypeAdapters$34$1                                 : loaded 3 times (x 74B)
Class org.apache.commons.io.file.Counters$NoopCounter                                 : loaded 3 times (x 80B)
Class com.android.tools.build.jetifier.core.PackageMap$PackageRule$JsonData           : loaded 3 times (x 72B)
Class org.apache.commons.io.file.Counters$NoopPathCounters                            : loaded 3 times (x 82B)
Class org.apache.commons.io.FileSystem                                                : loaded 3 times (x 80B)
Class android.databinding.internal.org.antlr.v4.runtime.tree.ErrorNode                : loaded 3 times (x 70B)
Class android.databinding.internal.org.antlr.v4.runtime.atn.BasicState                : loaded 3 times (x 82B)
Class android.databinding.internal.org.antlr.v4.runtime.atn.DecisionState             : loaded 3 times (x 82B)
Class com.sun.xml.bind.v2.model.annotation.AnnotationReader                           : loaded 3 times (x 70B)
Class com.sun.xml.bind.v2.model.impl.DummyPropertyInfo                                : loaded 3 times (x 70B)
Class android.databinding.parser.BindingExpressionParser$ExpressionContext            : loaded 3 times (x 132B)
Class com.sun.xml.bind.v2.model.nav.ReflectionNavigator                               : loaded 3 times (x 123B)
Class javax.xml.bind.annotation.XmlMixed                                              : loaded 3 times (x 70B)
Class com.sun.xml.bind.annotation.OverrideAnnotationOf                                : loaded 3 times (x 70B)
Class com.sun.xml.bind.v2.model.impl.RuntimeValuePropertyInfoImpl                     : loaded 3 times (x 135B)
Class com.google.gson.internal.$Gson$Types$GenericArrayTypeImpl                       : loaded 3 times (x 79B)
Class com.google.gson.internal.JsonReaderInternalAccess                               : loaded 3 times (x 72B)
Class android.databinding.tool.LibTypes$nonNull$2                                     : loaded 3 times (x 79B)
Class com.sun.xml.bind.v2.model.impl.MapPropertyInfoImpl                              : loaded 3 times (x 119B)
Class com.sun.xml.bind.v2.runtime.reflect.Accessor$GetterOnlyReflection               : loaded 3 times (x 85B)
Class com.sun.xml.bind.v2.model.impl.ClassInfoImpl$1                                  : loaded 3 times (x 71B)
Class com.sun.xml.bind.v2.runtime.property.Property                                   : loaded 3 times (x 70B)
Class com.sun.xml.bind.v2.runtime.reflect.PrimitiveArrayListerBoolean                 : loaded 3 times (x 76B)
Class android.databinding.parser.BindingExpressionParser$FunctionRefContext           : loaded 3 times (x 134B)
Class android.databinding.parser.BindingExpressionParser$InstanceOfOpContext          : loaded 3 times (x 134B)
Class android.databinding.parser.BindingExpressionParser$AndOrOpContext               : loaded 3 times (x 134B)
Class android.databinding.internal.org.antlr.v4.runtime.atn.BasicBlockStartState      : loaded 3 times (x 83B)
Class android.databinding.internal.org.antlr.v4.runtime.TokenFactory                  : loaded 3 times (x 70B)
Class com.google.gson.internal.ConstructorConstructor$16                              : loaded 3 times (x 75B)
Class com.google.common.base.Suppliers$MemoizingSupplier                              : loaded 3 times (x 79B)
Class android.databinding.internal.org.antlr.v4.runtime.atn.ATNDeserializationOptions : loaded 3 times (x 72B)
Class com.sun.xml.bind.v2.runtime.property.SingleElementLeafProperty                  : loaded 3 times (x 102B)
Class com.sun.xml.bind.api.impl.NameConverter$Standard                                : loaded 3 times (x 93B)
Class com.sun.xml.bind.v2.model.annotation.Init                                       : loaded 3 times (x 71B)
Class com.sun.xml.bind.v2.model.impl.RuntimeMapPropertyInfoImpl                       : loaded 3 times (x 137B)
Class jdk.internal.jimage.ImageStrings                                                : loaded 3 times (x 70B)
Class com.google.gson.FieldNamingPolicy$3                                             : loaded 3 times (x 83B)
Class com.google.gson.internal.bind.ReflectiveTypeAdapterFactory                      : loaded 3 times (x 75B)
Class com.google.gson.internal.sql.SqlTimestampTypeAdapter                            : loaded 3 times (x 76B)
Class android.databinding.tool.LibTypes$observableList$2                              : loaded 3 times (x 79B)
Class jdk.internal.jimage.ImageStringsReader                                          : loaded 3 times (x 80B)
Class com.google.gson.internal.bind.TypeAdapters$23                                   : loaded 3 times (x 75B)
Class com.google.common.base.Suppliers$SupplierOfInstance                             : loaded 3 times (x 79B)
Class com.google.gson.stream.MalformedJsonException                                   : loaded 3 times (x 82B)
Class javax.xml.bind.JAXBContext                                                      : loaded 3 times (x 78B)
Class javax.xml.bind.Binder                                                           : loaded 3 times (x 85B)
Class com.sun.xml.bind.v2.model.impl.RuntimeReferencePropertyInfoImpl                 : loaded 3 times (x 141B)
Class com.sun.xml.bind.v2.model.core.AttributePropertyInfo                            : loaded 3 times (x 70B)
Class com.sun.xml.bind.v2.runtime.reflect.Accessor$ReadOnlyFieldReflection            : loaded 3 times (x 85B)
Class com.sun.xml.bind.v2.model.impl.AttributePropertyInfoImpl                        : loaded 3 times (x 124B)
Class javax.xml.bind.helpers.AbstractMarshallerImpl                                   : loaded 3 times (x 125B)
Class android.databinding.internal.org.antlr.v4.runtime.atn.ATN                       : loaded 3 times (x 80B)
Class android.databinding.internal.org.antlr.v4.runtime.misc.Pair                     : loaded 3 times (x 72B)
Class android.databinding.internal.org.antlr.v4.runtime.atn.LL1Analyzer               : loaded 3 times (x 76B)
Class android.databinding.internal.org.antlr.v4.runtime.misc.MurmurHash               : loaded 3 times (x 71B)
Class android.databinding.internal.org.antlr.v4.runtime.Recognizer                    : loaded 3 times (x 98B)
Class [Landroid.databinding.internal.org.antlr.v4.runtime.atn.RuleStartState;         : loaded 3 times (x 69B)
Class com.sun.xml.bind.v2.runtime.property.ArrayReferenceNodeProperty$MixedTextLoader : loaded 3 times (x 78B)
Class com.sun.xml.bind.v2.runtime.unmarshaller.XsiNilLoader$Array                     : loaded 3 times (x 80B)
Class com.sun.xml.bind.AccessorFactory                                                : loaded 3 times (x 70B)
Class com.squareup.javapoet.TypeName$2                                                : loaded 3 times (x 71B)
Class com.google.common.collect.ArrayListMultimap                                     : loaded 3 times (x 172B)
Class android.databinding.tool.LibTypes$mutableStateFlow$2                            : loaded 3 times (x 78B)
Class com.google.gson.internal.sql.SqlDateTypeAdapter$1                               : loaded 3 times (x 75B)
Class android.databinding.tool.LibTypes$dataBindingUtil$2                             : loaded 3 times (x 79B)
Class com.google.common.cache.LocalCache$ComputingValueReference                      : loaded 3 times (x 97B)
Class com.google.gson.internal.Excluder$1                                             : loaded 3 times (x 74B)
Class com.google.gson.FieldNamingPolicy$2                                             : loaded 3 times (x 83B)
Class com.google.common.collect.SingletonImmutableSet                                 : loaded 3 times (x 146B)
Class com.google.gson.TypeAdapter$1                                                   : loaded 3 times (x 74B)
Class com.google.gson.internal.bind.TypeAdapters$22                                   : loaded 3 times (x 75B)
Class kotlin.collections.State                                                        : loaded 3 times (x 79B)
Class [Landroid.databinding.internal.org.antlr.v4.runtime.atn.LexerAction;            : loaded 3 times (x 69B)
Class [Landroid.databinding.internal.org.antlr.v4.runtime.misc.Interval;              : loaded 3 times (x 69B)
Class android.databinding.internal.org.antlr.v4.runtime.atn.ATNState                  : loaded 3 times (x 82B)
Class android.databinding.internal.org.antlr.v4.runtime.atn.PredictionContext         : loaded 3 times (x 79B)
Class android.databinding.internal.org.antlr.v4.runtime.dfa.LexerDFASerializer        : loaded 3 times (x 74B)
Class android.databinding.parser.BindingExpressionParser$ClassExtractionContext       : loaded 3 times (x 132B)
Class android.databinding.parser.BindingExpressionParser$MethodInvocationContext      : loaded 3 times (x 135B)
Class com.sun.xml.bind.v2.model.nav.ReflectionNavigator$BinderArg                     : loaded 3 times (x 73B)
Class com.sun.xml.bind.v2.model.annotation.SecureLoader                               : loaded 3 times (x 71B)
Class com.sun.xml.bind.v2.model.impl.PropertyInfoImpl                                 : loaded 3 times (x 108B)
Class com.sun.xml.bind.v2.runtime.output.Pcdata                                       : loaded 3 times (x 88B)
Class com.sun.xml.bind.v2.util.QNameMap                                               : loaded 3 times (x 72B)
Class com.sun.xml.bind.v2.runtime.JAXBContextImpl                                     : loaded 3 times (x 90B)
Class com.google.gson.internal.ConstructorConstructor$18                              : loaded 3 times (x 75B)
Class kotlin.sequences.SequencesKt___SequencesKt$filterNotNull$1                      : loaded 3 times (x 78B)
Class android.databinding.tool.store.GenClassInfoLog$GenClass                         : loaded 3 times (x 72B)
Class jdk.internal.jimage.ImageReader                                                 : loaded 3 times (x 75B)
Class javax.xml.bind.JAXBIntrospector                                                 : loaded 3 times (x 73B)
Class com.google.common.cache.LocalCache$Segment                                      : loaded 3 times (x 154B)
Class com.sun.xml.bind.v2.model.impl.RuntimeEnumLeafInfoImpl                          : loaded 3 times (x 149B)
Class com.google.common.collect.AbstractMapBasedMultimap$AsMap$AsMapEntries           : loaded 3 times (x 138B)
Class [Lcom.sun.xml.bind.v2.runtime.property.PropertyImpl;                            : loaded 3 times (x 69B)
Class android.databinding.internal.org.antlr.v4.runtime.misc.Interval                 : loaded 3 times (x 83B)
Class com.squareup.javapoet.TypeName$1                                                : loaded 3 times (x 109B)
Class com.android.tools.build.jetifier.core.utils.Log                                 : loaded 3 times (x 71B)
Class android.databinding.internal.org.antlr.v4.runtime.RecognitionException          : loaded 3 times (x 89B)
Class kotlin.jvm.functions.Function3                                                  : loaded 3 times (x 70B)
Class com.google.common.base.CharMatcher$NegatedFastMatcher                           : loaded 3 times (x 113B)
Class com.google.common.cache.CacheBuilder$2                                          : loaded 3 times (x 79B)
Class android.databinding.internal.org.antlr.v4.runtime.misc.IntegerList              : loaded 3 times (x 72B)
Class android.databinding.internal.org.antlr.v4.runtime.dfa.DFASerializer             : loaded 3 times (x 74B)
Class com.google.common.cache.LocalCache                                              : loaded 3 times (x 187B)
Class javax.xml.bind.annotation.XmlAnyAttribute                                       : loaded 3 times (x 70B)
Class com.sun.xml.bind.v2.model.impl.ValuePropertyInfoImpl                            : loaded 3 times (x 120B)
Class android.databinding.internal.org.antlr.v4.runtime.atn.PredictionMode            : loaded 3 times (x 79B)
Class com.google.gson.internal.LinkedTreeMap$LinkedTreeMapIterator                    : loaded 3 times (x 80B)
Class android.databinding.internal.org.antlr.v4.runtime.atn.SemanticContext$OR        : loaded 3 times (x 75B)
Class com.google.gson.internal.ConstructorConstructor$19                              : loaded 3 times (x 76B)
Class com.google.gson.internal.bind.ReflectiveTypeAdapterFactory$Adapter              : loaded 3 times (x 77B)
Class com.google.gson.internal.bind.TypeAdapters$10                                   : loaded 3 times (x 75B)
Class jdk.internal.jimage.ImageReader$SharedImageReader                               : loaded 3 times (x 95B)
Class com.google.common.cache.CacheLoader                                             : loaded 3 times (x 74B)
Class com.google.common.collect.SortedIterable                                        : loaded 3 times (x 70B)
Class com.google.gson.FieldNamingPolicy$1                                             : loaded 3 times (x 83B)
Class com.google.gson.internal.bind.TypeAdapters$21                                   : loaded 3 times (x 75B)
Class com.google.common.collect.AbstractListMultimap                                  : loaded 3 times (x 172B)
Class javax.xml.bind.UnmarshalException                                               : loaded 3 times (x 85B)
Class com.google.gson.stream.JsonToken                                                : loaded 3 times (x 79B)
Class javax.xml.bind.annotation.adapters.XmlJavaTypeAdapters                          : loaded 3 times (x 70B)
Class [Ljavax.xml.bind.annotation.XmlAccessOrder;                                     : loaded 3 times (x 69B)
Class android.databinding.internal.org.antlr.v4.runtime.tree.Tree                     : loaded 3 times (x 70B)
Class com.android.tools.build.jetifier.core.type.TypesMap                             : loaded 3 times (x 72B)
Class android.databinding.parser.BindingExpressionParser$ConstantValueContext         : loaded 3 times (x 134B)
Class android.databinding.internal.org.antlr.v4.runtime.atn.NotSetTransition          : loaded 3 times (x 76B)
Class com.sun.xml.bind.v2.runtime.unmarshaller.Intercepter                            : loaded 3 times (x 70B)
Class com.sun.xml.bind.v2.runtime.output.UTF8XmlOutput                                : loaded 3 times (x 100B)
Class [Lcom.sun.xml.bind.v2.model.impl.ClassInfoImpl$SecondaryAnnotation;             : loaded 3 times (x 69B)
Class com.sun.xml.bind.v2.model.core.TypeInfoSet                                      : loaded 3 times (x 70B)
Class com.sun.xml.bind.api.BridgeContext                                              : loaded 3 times (x 76B)
Class [Landroid.databinding.internal.org.antlr.v4.runtime.atn.ATNType;                : loaded 3 times (x 69B)
Class org.apache.commons.io.output.NullWriter                                         : loaded 3 times (x 99B)
Class com.google.gson.internal.bind.TypeAdapters$11                                   : loaded 3 times (x 75B)
Class [Lcom.google.gson.FieldNamingPolicy;                                            : loaded 3 times (x 69B)
Class com.google.common.base.Splitter$SplittingIterator                               : loaded 3 times (x 84B)
Class com.google.common.collect.ImmutableSet$JdkBackedSetBuilderImpl                  : loaded 3 times (x 76B)
Class android.databinding.internal.org.antlr.v4.runtime.atn.LexerSkipAction           : loaded 3 times (x 76B)
Class com.android.tools.build.jetifier.core.pom.PomRewriteRule                        : loaded 3 times (x 72B)
Class com.google.common.collect.ImmutableSortedSet$Builder                            : loaded 3 times (x 86B)
Class com.google.common.cache.CacheBuilder$1                                          : loaded 3 times (x 85B)
Class com.android.tools.build.jetifier.core.TypeRewriter                              : loaded 3 times (x 72B)
Class android.databinding.tool.ext.Collection_extKt$joinToCamelCase$1                 : loaded 3 times (x 125B)
Class com.sun.xml.bind.v2.runtime.output.XmlOutput                                    : loaded 3 times (x 70B)
Class com.sun.xml.bind.v2.model.runtime.RuntimeReferencePropertyInfo                  : loaded 3 times (x 70B)
Class javax.xml.bind.annotation.XmlRootElement                                        : loaded 3 times (x 70B)
Class com.sun.xml.bind.v2.model.core.Ref                                              : loaded 3 times (x 72B)
Class com.sun.xml.bind.v2.model.runtime.RuntimeElementInfo                            : loaded 3 times (x 70B)
Class com.sun.xml.bind.v2.model.impl.RuntimeModelBuilder                              : loaded 3 times (x 100B)
Class [Lcom.google.common.cache.LocalCache$Strength;                                  : loaded 3 times (x 69B)
Class com.google.gson.internal.bind.TypeAdapters$12                                   : loaded 3 times (x 75B)
Class [Lcom.google.gson.ToNumberStrategy;                                             : loaded 3 times (x 69B)
Class [Lcom.google.common.cache.LocalCache$Segment;                                   : loaded 3 times (x 69B)
Class com.sun.xml.bind.v2.runtime.unmarshaller.XmlVisitor                             : loaded 3 times (x 70B)
Class javax.xml.bind.annotation.XmlMimeType                                           : loaded 3 times (x 70B)
Class com.google.common.cache.LocalCache$LocalManualCache$1                           : loaded 3 times (x 75B)
Class com.google.common.collect.ImmutableSortedAsList                                 : loaded 3 times (x 221B)
Class com.google.gson.internal.bind.TypeAdapters$20                                   : loaded 3 times (x 75B)
Class com.google.common.base.CharMatcher$ForPredicate                                 : loaded 3 times (x 112B)
Class com.google.common.collect.Iterators$6                                           : loaded 3 times (x 81B)
Class com.google.gson.internal.LinkedTreeMap$EntrySet                                 : loaded 3 times (x 136B)
Class com.sun.xml.bind.v2.model.impl.Utils$1                                          : loaded 3 times (x 77B)
Class com.sun.xml.bind.v2.model.runtime.RuntimeArrayInfo                              : loaded 3 times (x 70B)
Class com.sun.xml.bind.v2.model.impl.TypeInfoSetImpl$1                                : loaded 3 times (x 80B)
Class com.sun.xml.bind.v2.model.impl.ElementPropertyInfoImpl                          : loaded 3 times (x 123B)
Class com.sun.xml.bind.v2.runtime.reflect.Accessor$SetterOnlyReflection               : loaded 3 times (x 85B)
Class com.sun.xml.bind.v2.runtime.unmarshaller.StructureLoader                        : loaded 3 times (x 78B)
Class com.android.tools.build.jetifier.core.pom.PomDependency                         : loaded 3 times (x 72B)
Class com.sun.xml.bind.v2.runtime.unmarshaller.UnmarshallingContext                   : loaded 3 times (x 103B)
Class com.sun.xml.bind.v2.runtime.LifecycleMethods                                    : loaded 3 times (x 72B)
Class com.sun.xml.bind.v2.model.annotation.MethodLocatable                            : loaded 3 times (x 78B)
Class com.sun.xml.bind.v2.model.runtime.RuntimeMapPropertyInfo                        : loaded 3 times (x 70B)
Class com.sun.xml.bind.v2.model.nav.TypeVisitor                                       : loaded 3 times (x 76B)
Class [Landroid.databinding.tool.processing.scopes.ScopeProvider;                     : loaded 3 times (x 69B)
Class android.databinding.parser.BindingExpressionParser$QuestionQuestionOpContext    : loaded 3 times (x 134B)
Class com.google.gson.internal.bind.DateTypeAdapter$1                                 : loaded 3 times (x 75B)
Class com.google.gson.internal.bind.TypeAdapters$13                                   : loaded 3 times (x 75B)
Class android.databinding.internal.org.antlr.v4.runtime.Recognizer$1                  : loaded 3 times (x 206B)
Class jdk.internal.jimage.ImageReader$Node                                            : loaded 3 times (x 84B)
Class com.google.common.base.CharMatcher$FastMatcher                                  : loaded 3 times (x 111B)
Class com.google.common.base.CharMatcher$AnyOf                                        : loaded 3 times (x 112B)
Class com.google.common.base.Ticker                                                   : loaded 3 times (x 72B)
Class com.sun.xml.bind.v2.model.impl.RuntimeTypeInfoSetImpl                           : loaded 3 times (x 123B)
Class com.google.gson.internal.sql.SqlTimeTypeAdapter                                 : loaded 3 times (x 74B)
Class com.google.gson.internal.bind.TreeTypeAdapter                                   : loaded 3 times (x 75B)
Class com.google.common.collect.CollectSpliterators$1WithCharacteristics              : loaded 3 times (x 90B)
Class android.databinding.internal.org.antlr.v4.runtime.atn.RuleStartState            : loaded 3 times (x 82B)
Class android.databinding.internal.org.antlr.v4.runtime.VocabularyImpl                : loaded 3 times (x 82B)
Class com.google.gson.internal.bind.TypeAdapters$34                                   : loaded 3 times (x 76B)
Class android.databinding.parser.BindingExpressionParser$GlobalMethodInvocationContext: loaded 3 times (x 134B)
Class android.databinding.parser.BindingExpressionParser$SingleLambdaParameterContext : loaded 3 times (x 133B)
Class javax.xml.bind.Unmarshaller                                                     : loaded 3 times (x 70B)
Class android.databinding.tool.util.FileUtil$listAndSortFiles$$inlined$sortedBy$1     : loaded 3 times (x 89B)
Class com.sun.xml.bind.v2.runtime.JAXBContextImpl$3                                   : loaded 3 times (x 74B)
Class com.sun.istack.Pool$Impl                                                        : loaded 3 times (x 77B)
Class com.google.gson.internal.bind.NumberTypeAdapter$1                               : loaded 3 times (x 76B)
Class com.google.gson.internal.bind.TypeAdapters$1                                    : loaded 3 times (x 75B)
Class com.google.gson.internal.bind.TypeAdapters$14                                   : loaded 3 times (x 75B)
Class com.sun.xml.bind.v2.model.impl.RuntimeClassInfoImpl                             : loaded 3 times (x 162B)
Class com.sun.xml.bind.v2.runtime.Transducer                                          : loaded 3 times (x 70B)
Class jdk.internal.jimage.BasicImageReader$1                                          : loaded 3 times (x 77B)
Class com.google.common.cache.ReferenceEntry                                          : loaded 3 times (x 70B)
Class com.sun.xml.bind.v2.model.impl.RuntimeElementInfoImpl                           : loaded 3 times (x 119B)
Class com.sun.xml.bind.v2.model.core.ElementPropertyInfo                              : loaded 3 times (x 70B)
Class com.sun.xml.bind.v2.runtime.unmarshaller.LocatorEx                              : loaded 3 times (x 70B)
Class com.sun.xml.bind.api.Bridge                                                     : loaded 3 times (x 85B)
Class android.databinding.internal.org.antlr.v4.runtime.dfa.DFA                       : loaded 3 times (x 76B)
Class android.databinding.parser.BindingExpressionParser$TypeArgumentsContext         : loaded 3 times (x 133B)
Class com.google.gson.internal.bind.JsonTreeReader                                    : loaded 3 times (x 98B)
Class com.google.gson.TypeAdapterFactory                                              : loaded 3 times (x 70B)
Class android.databinding.tool.store.ResourceBundle$ValidateAndFilterCallback         : loaded 3 times (x 70B)
Class com.sun.xml.bind.v2.model.impl.RuntimeBuiltinLeafInfoImpl$StringImplImpl        : loaded 3 times (x 136B)
Class android.databinding.internal.org.antlr.v4.runtime.ParserRuleContext             : loaded 3 times (x 131B)
Class org.apache.commons.io.file.PathVisitor                                          : loaded 3 times (x 70B)
Class android.databinding.internal.org.antlr.v4.runtime.RuntimeMetaData               : loaded 3 times (x 71B)
Class com.sun.xml.bind.v2.runtime.InternalBridge                                      : loaded 3 times (x 87B)
Class com.sun.xml.bind.v2.runtime.Coordinator                                         : loaded 3 times (x 83B)
Class javax.xml.bind.ValidationEventHandler                                           : loaded 3 times (x 70B)
Class com.sun.xml.bind.v2.model.annotation.XmlRootElementQuick                        : loaded 3 times (x 92B)
Class com.sun.xml.bind.v2.runtime.NameBuilder                                         : loaded 3 times (x 72B)
Class com.sun.xml.bind.v2.runtime.reflect.ListTransducedAccessorImpl                  : loaded 3 times (x 80B)
Class javax.xml.bind.PropertyException                                                : loaded 3 times (x 85B)
Class com.google.gson.internal.bind.TypeAdapters$2                                    : loaded 3 times (x 75B)
Class com.google.gson.internal.bind.TypeAdapters$15                                   : loaded 3 times (x 75B)
Class com.google.gson.internal.sql.SqlTypesSupport$1                                  : loaded 3 times (x 74B)
Class com.sun.xml.bind.v2.runtime.unmarshaller.TagName                                : loaded 3 times (x 75B)
Class javax.xml.bind.annotation.XmlElement$DEFAULT                                    : loaded 3 times (x 71B)
Class android.databinding.tool.store.ResourceBundle$VariableDeclaration               : loaded 3 times (x 72B)
Class com.google.common.collect.ImmutableMapValues                                    : loaded 3 times (x 126B)
Class javax.xml.bind.helpers.DefaultValidationEventHandler                            : loaded 3 times (x 75B)
Class com.google.common.base.FunctionalEquivalence                                    : loaded 3 times (x 83B)
Class com.sun.xml.bind.v2.runtime.unmarshaller.Scope                                  : loaded 3 times (x 72B)
Class com.google.common.collect.AbstractMapBasedMultimap                              : loaded 3 times (x 139B)
Class android.databinding.parser.BindingExpressionParser$ResourcesContext             : loaded 3 times (x 133B)
Class [Landroid.databinding.internal.org.antlr.v4.runtime.atn.LexerActionType;        : loaded 3 times (x 69B)
Class android.databinding.parser.BindingExpressionParser$PrimitiveTypeContext         : loaded 3 times (x 131B)
Class com.google.common.base.Supplier                                                 : loaded 3 times (x 70B)
Class android.databinding.internal.org.antlr.v4.runtime.misc.DoubleKeyMap             : loaded 3 times (x 78B)
Class com.google.gson.internal.bind.CollectionTypeAdapterFactory                      : loaded 3 times (x 75B)
Class android.databinding.parser.BindingExpressionParser$UnaryOpContext               : loaded 3 times (x 133B)
Class com.sun.xml.bind.v2.runtime.unmarshaller.IntData                                : loaded 3 times (x 89B)
Class android.databinding.tool.store.ResourceBundle$BindingTargetBundle$BindingBundle : loaded 3 times (x 82B)
Class javax.xml.bind.annotation.XmlSeeAlso                                            : loaded 3 times (x 70B)
Class com.sun.xml.bind.v2.model.core.PropertyKind                                     : loaded 3 times (x 79B)
Class [Lcom.sun.xml.bind.v2.model.impl.ClassInfoImpl$PropertyGroup;                   : loaded 3 times (x 69B)
Class com.sun.xml.bind.v2.runtime.unmarshaller.Receiver                               : loaded 3 times (x 70B)
Class [Lcom.sun.xml.bind.v2.model.annotation.Quick;                                   : loaded 3 times (x 69B)
Class com.android.tools.build.jetifier.core.rule.RewriteRule$JsonData                 : loaded 3 times (x 72B)
Class com.sun.xml.bind.v2.model.runtime.RuntimeElement                                : loaded 3 times (x 70B)
Class com.google.gson.internal.bind.TypeAdapters$16                                   : loaded 3 times (x 75B)
Class com.google.gson.internal.bind.TypeAdapters$3                                    : loaded 3 times (x 75B)
Class com.google.gson.internal.sql.SqlTypesSupport$2                                  : loaded 3 times (x 74B)
Class com.google.common.cache.CacheLoader$SupplierToCacheLoader                       : loaded 3 times (x 75B)
Class javax.xml.bind.annotation.XmlElementRefs                                        : loaded 3 times (x 70B)
Class com.sun.xml.bind.v2.runtime.reflect.ListIterator                                : loaded 3 times (x 70B)
Class android.databinding.internal.org.antlr.v4.runtime.atn.SemanticContext           : loaded 3 times (x 73B)
Class com.android.tools.build.jetifier.core.pom.PomRewriteRule$Companion              : loaded 3 times (x 71B)
Class com.google.common.base.CharMatcher$Or                                           : loaded 3 times (x 112B)
Class com.google.gson.JsonElement                                                     : loaded 3 times (x 92B)
Class [Lcom.google.gson.ReflectionAccessFilter$FilterResult;                          : loaded 3 times (x 69B)
Class com.sun.xml.bind.v2.ClassFactory                                                : loaded 3 times (x 71B)
Class android.databinding.internal.org.antlr.v4.runtime.atn.SemanticContext$AND       : loaded 3 times (x 75B)
Class android.databinding.parser.BindingExpressionParser$IdentifierContext            : loaded 3 times (x 132B)
Class com.sun.xml.bind.v2.runtime.unmarshaller.SAXConnector$TagNameImpl               : loaded 3 times (x 75B)
Class javax.xml.bind.JAXBElement                                                      : loaded 3 times (x 81B)
Class javax.xml.bind.annotation.XmlAccessorOrder                                      : loaded 3 times (x 70B)
Class android.databinding.tool.processing.scopes.FileScopeProvider                    : loaded 3 times (x 70B)
Class org.apache.commons.io.file.AccumulatorPathVisitor                               : loaded 3 times (x 95B)
Class com.sun.xml.bind.DatatypeConverterImpl                                          : loaded 3 times (x 111B)
Class com.android.tools.build.jetifier.core.PackageMap$PackageRule                    : loaded 3 times (x 72B)
Class com.google.gson.internal.bind.TypeAdapters$17                                   : loaded 3 times (x 75B)
Class com.google.gson.internal.bind.TypeAdapters$4                                    : loaded 3 times (x 75B)
Class android.databinding.internal.org.antlr.v4.runtime.atn.PredicateTransition       : loaded 3 times (x 76B)
Class [Landroid.databinding.internal.org.antlr.v4.runtime.dfa.DFAState$PredPrediction;: loaded 3 times (x 69B)
Class com.android.tools.build.jetifier.core.proguard.ProGuardTypesMap$expandedRules$2 : loaded 3 times (x 79B)
Class jdk.internal.jimage.decompressor.Decompressor                                   : loaded 3 times (x 72B)
Class jdk.internal.jimage.ImageReader$Resource                                        : loaded 3 times (x 84B)
Class com.google.common.cache.CacheStats                                              : loaded 3 times (x 71B)
Class com.google.common.collect.UsingToStringOrdering                                 : loaded 3 times (x 114B)
Class [Landroid.databinding.internal.org.antlr.v4.runtime.atn.PredictionMode;         : loaded 3 times (x 69B)
Class com.google.gson.JsonPrimitive                                                   : loaded 3 times (x 93B)
Class com.google.gson.internal.sql.SqlTimestampTypeAdapter$1                          : loaded 3 times (x 75B)
Class android.databinding.internal.org.antlr.v4.runtime.atn.SemanticContext$Predicate : loaded 3 times (x 73B)
Class com.sun.xml.bind.v2.model.core.MapPropertyInfo                                  : loaded 3 times (x 70B)
Class com.sun.xml.bind.AccessorFactoryImpl                                            : loaded 3 times (x 81B)
Class kotlin.jvm.internal.FunctionReferenceImpl                                       : loaded 3 times (x 122B)
Class [Landroid.databinding.internal.org.antlr.v4.runtime.atn.SemanticContext;        : loaded 3 times (x 69B)
Class android.databinding.internal.org.antlr.v4.runtime.BufferedTokenStream           : loaded 3 times (x 126B)
Class android.databinding.internal.org.antlr.v4.runtime.misc.IntegerStack             : loaded 3 times (x 72B)
Class android.databinding.internal.org.antlr.v4.runtime.atn.LexerATNConfig            : loaded 3 times (x 75B)
Class com.sun.xml.bind.v2.runtime.reflect.PrimitiveArrayListerCharacter               : loaded 3 times (x 76B)
Class com.sun.xml.bind.v2.runtime.reflect.Lister$IDREFS                               : loaded 3 times (x 77B)
Class com.sun.xml.bind.v2.model.core.TypeRef                                          : loaded 3 times (x 70B)
Class com.sun.xml.bind.v2.model.impl.FieldPropertySeed                                : loaded 3 times (x 90B)
Class com.sun.xml.bind.v2.model.annotation.Quick                                      : loaded 3 times (x 88B)
Class com.sun.xml.bind.v2.runtime.ArrayBeanInfoImpl                                   : loaded 3 times (x 89B)
Class com.google.gson.annotations.JsonAdapter                                         : loaded 3 times (x 70B)
Class com.google.gson.internal.bind.SerializationDelegatingTypeAdapter                : loaded 3 times (x 74B)
Class com.google.gson.internal.bind.TypeAdapters$18                                   : loaded 3 times (x 75B)
Class com.google.gson.internal.bind.TypeAdapters$5                                    : loaded 3 times (x 75B)
Class jdk.internal.jrtfs.JrtFileAttributes                                            : loaded 3 times (x 83B)
Class [Lcom.google.common.cache.LocalCache$EntryFactory;                              : loaded 3 times (x 69B)
Class com.android.tools.build.jetifier.core.proguard.ProGuardType                     : loaded 3 times (x 72B)
Class com.google.common.base.CharMatcher$BitSetMatcher                                : loaded 3 times (x 112B)
Class com.google.common.collect.ImmutableSortedSet                                    : loaded 3 times (x 300B)
Class android.databinding.internal.org.antlr.v4.runtime.atn.AtomTransition            : loaded 3 times (x 76B)
Class com.google.gson.reflect.TypeToken                                               : loaded 3 times (x 75B)
Class com.google.gson.internal.bind.TypeAdapters$31                                   : loaded 3 times (x 76B)
Class com.google.gson.JsonSyntaxException                                             : loaded 3 times (x 82B)
Class com.sun.xml.bind.v2.model.core.ClassInfo                                        : loaded 3 times (x 70B)
Class com.sun.xml.bind.v2.runtime.reflect.PrimitiveArrayListerLong                    : loaded 3 times (x 76B)
Class android.databinding.internal.org.antlr.v4.runtime.BaseErrorListener             : loaded 3 times (x 81B)
Class com.sun.xml.bind.v2.runtime.unmarshaller.UnmarshallingContext$DefaultRootLoader : loaded 3 times (x 80B)
Class [Lcom.google.common.cache.CacheBuilder$OneWeigher;                              : loaded 3 times (x 69B)
Class com.sun.xml.bind.v2.runtime.reflect.PrimitiveArrayListerByte                    : loaded 3 times (x 76B)
Class com.sun.xml.bind.v2.runtime.property.SingleReferenceNodeProperty$1              : loaded 3 times (x 85B)
Class com.sun.xml.bind.v2.runtime.unmarshaller.XsiNilLoader                           : loaded 3 times (x 80B)
Class javax.xml.bind.MarshalException                                                 : loaded 3 times (x 85B)
Class org.apache.commons.io.function.IOBiFunction                                     : loaded 3 times (x 70B)
Class [Lorg.apache.commons.io.FileSystem;                                             : loaded 3 times (x 69B)
Class org.apache.commons.io.CloseableURLConnection                                    : loaded 3 times (x 117B)
Class com.google.gson.internal.bind.ReflectiveTypeAdapterFactory$FieldReflectionAdapter: loaded 3 times (x 77B)
Class com.google.gson.internal.bind.TypeAdapters$19                                   : loaded 3 times (x 75B)
Class com.google.gson.internal.bind.TypeAdapters$6                                    : loaded 3 times (x 75B)
Class com.google.common.cache.LocalCache$LocalManualCache                             : loaded 3 times (x 99B)
Class com.google.common.base.CharMatcher$IsNot                                        : loaded 3 times (x 111B)
Class [Landroid.databinding.internal.org.antlr.v4.runtime.atn.PredictionContext;      : loaded 3 times (x 69B)
Class com.google.common.base.AbstractIterator                                         : loaded 3 times (x 80B)
Class com.google.common.base.Suppliers                                                : loaded 3 times (x 71B)
Class android.databinding.tool.LibTypes$dataBindingKtx$2                              : loaded 3 times (x 78B)
Class com.sun.xml.bind.v2.ContextFactory                                              : loaded 3 times (x 71B)
Class android.databinding.internal.org.antlr.v4.runtime.CommonTokenFactory            : loaded 3 times (x 79B)
Class com.sun.xml.bind.v2.model.core.NonElement                                       : loaded 3 times (x 70B)
Class com.sun.xml.bind.api.impl.NameConverter                                         : loaded 3 times (x 70B)
Class android.databinding.internal.org.antlr.v4.runtime.atn.ATNConfigSet$ConfigEqualityComparator: loaded 3 times (x 77B)
Class com.google.common.math.IntMath$1                                                : loaded 3 times (x 71B)
Class org.apache.commons.io.filefilter.ConditionalFileFilter                          : loaded 3 times (x 70B)
Class [Lcom.google.common.cache.CacheBuilder$NullListener;                            : loaded 3 times (x 69B)
Class com.google.gson.internal.$Gson$Preconditions                                    : loaded 3 times (x 71B)
Class com.google.gson.annotations.SerializedName                                      : loaded 3 times (x 70B)
Class com.google.gson.internal.bind.TypeAdapters$7                                    : loaded 3 times (x 75B)
Class [Landroid.databinding.tool.CompilerArguments$Type;                              : loaded 3 times (x 69B)
Class android.databinding.tool.LibTypes$viewStubProxy$2                               : loaded 3 times (x 79B)
Class com.google.gson.LongSerializationPolicy$2                                       : loaded 3 times (x 80B)
Class org.apache.commons.io.file.Counters                                             : loaded 3 times (x 71B)
Class com.google.common.collect.RegularImmutableSortedSet                             : loaded 3 times (x 300B)
Class com.google.common.collect.AbstractMapBasedMultimap$KeySet                       : loaded 3 times (x 137B)
Class com.google.common.collect.Maps$FilteredEntryMap$EntrySet                        : loaded 3 times (x 152B)
Class com.google.common.math.IntMath                                                  : loaded 3 times (x 71B)
Class android.databinding.internal.org.antlr.v4.runtime.ConsoleErrorListener          : loaded 3 times (x 81B)
Class kotlin.properties.ReadOnlyProperty                                              : loaded 3 times (x 70B)
Class android.databinding.tool.ext.Replacement                                        : loaded 3 times (x 72B)
Class com.sun.xml.bind.v2.runtime.reflect.TransducedAccessor$CompositeContextDependentTransducedAccessorImpl: loaded 3 times (x 79B)
Class com.sun.xml.bind.v2.model.impl.RuntimeAttributePropertyInfoImpl                 : loaded 3 times (x 144B)
Class com.sun.xml.bind.v2.runtime.reflect.Accessor                                    : loaded 3 times (x 85B)
Class com.sun.xml.bind.api.AccessorException                                          : loaded 3 times (x 82B)
Class com.sun.xml.bind.unmarshaller.InfosetScanner                                    : loaded 3 times (x 70B)
Class org.apache.commons.io.file.Counters$AbstractPathCounters                        : loaded 3 times (x 82B)
Class org.apache.commons.io.filefilter.FileEqualsFileFilter                           : loaded 3 times (x 116B)
Class [Lcom.sun.xml.bind.v2.util.QNameMap$Entry;                                      : loaded 3 times (x 69B)
Class com.sun.xml.bind.v2.model.impl.RuntimeBuiltinLeafInfoImpl$28                    : loaded 3 times (x 76B)
Class com.google.gson.internal.bind.CollectionTypeAdapterFactory$Adapter              : loaded 3 times (x 74B)
Class com.google.gson.internal.bind.TypeAdapters$8                                    : loaded 3 times (x 75B)
Class com.sun.xml.bind.v2.model.impl.RuntimeElementPropertyInfoImpl                   : loaded 3 times (x 139B)
Class com.sun.xml.bind.v2.runtime.property.StructureLoaderBuilder                     : loaded 3 times (x 70B)
Class com.sun.xml.bind.marshaller.DataWriter                                          : loaded 3 times (x 171B)
Class com.sun.xml.bind.v2.runtime.output.NamespaceContextImpl$1                       : loaded 3 times (x 75B)
Class com.sun.xml.bind.v2.runtime.unmarshaller.UnmarshallerImpl                       : loaded 3 times (x 139B)
Class android.databinding.tool.util.ParserHelper                                      : loaded 3 times (x 71B)
Class com.android.tools.build.jetifier.core.pom.DependencyVersionsMap                 : loaded 3 times (x 72B)
Class android.databinding.tool.processing.Scope$ScopeEntry                            : loaded 3 times (x 72B)
Class android.databinding.internal.org.antlr.v4.runtime.tree.ParseTreeListener        : loaded 3 times (x 70B)
Class android.databinding.internal.org.antlr.v4.runtime.DefaultErrorStrategy          : loaded 3 times (x 105B)
Class [Landroid.databinding.internal.org.antlr.v4.runtime.atn.ATNState;               : loaded 3 times (x 69B)
Class com.sun.xml.bind.v2.runtime.reflect.Lister$1                                    : loaded 3 times (x 76B)
Class android.databinding.tool.store.Location                                         : loaded 3 times (x 78B)
Class com.sun.xml.bind.v2.model.nav.ReflectionNavigator$1                             : loaded 3 times (x 81B)
Class com.sun.xml.bind.v2.util.TypeCast                                               : loaded 3 times (x 71B)
Class com.google.common.graph.SuccessorsFunction                                      : loaded 3 times (x 70B)
Class com.google.common.collect.Ordering                                              : loaded 3 times (x 114B)
Class com.google.gson.internal.bind.TypeAdapters$9                                    : loaded 3 times (x 75B)
Class android.databinding.tool.LibTypes$viewBinding$2                                 : loaded 3 times (x 79B)
Class com.google.gson.LongSerializationPolicy$1                                       : loaded 3 times (x 80B)
Class [Lcom.google.gson.stream.JsonToken;                                             : loaded 3 times (x 69B)
Class com.google.common.base.Predicates                                               : loaded 3 times (x 71B)
Class com.sun.xml.bind.v2.model.impl.ModelBuilder                                     : loaded 3 times (x 92B)
Class com.sun.xml.bind.v2.model.impl.RuntimeBuiltinLeafInfoImpl$27                    : loaded 3 times (x 136B)
Class [Lcom.sun.xml.bind.v2.model.annotation.Locatable;                               : loaded 3 times (x 69B)
Class com.sun.xml.bind.v2.runtime.unmarshaller.SAXConnector                           : loaded 3 times (x 101B)
Class android.databinding.parser.BindingExpressionParser$LambdaParameterListContext   : loaded 3 times (x 133B)
Class android.databinding.parser.BindingExpressionParser$TernaryOpContext             : loaded 3 times (x 134B)
Class com.sun.xml.bind.v2.runtime.reflect.Lister$2                                    : loaded 3 times (x 77B)
Class com.sun.xml.bind.v2.runtime.reflect.DefaultTransducedAccessor                   : loaded 3 times (x 79B)
Class com.sun.xml.bind.v2.model.annotation.XmlTransientQuick                          : loaded 3 times (x 90B)
Class javax.xml.bind.annotation.XmlAccessorType                                       : loaded 3 times (x 70B)
Class com.sun.xml.bind.v2.model.nav.ReflectionNavigator$2                             : loaded 3 times (x 81B)
Class com.sun.xml.bind.v2.model.impl.EnumLeafInfoImpl                                 : loaded 3 times (x 128B)
Class android.databinding.internal.org.antlr.v4.runtime.atn.WildcardTransition        : loaded 3 times (x 76B)
Class android.databinding.tool.LibTypes$dataBinderMapper$2                            : loaded 3 times (x 79B)
Class com.google.gson.internal.bind.TypeAdapters$33                                   : loaded 3 times (x 76B)
Class com.sun.xml.bind.marshaller.XMLWriter                                           : loaded 3 times (x 167B)
Class com.google.gson.JsonParseException                                              : loaded 3 times (x 82B)
Class com.google.common.cache.CacheBuilder$OneWeigher                                 : loaded 3 times (x 82B)
Class com.sun.xml.bind.v2.runtime.property.Utils$1                                    : loaded 3 times (x 77B)
Class com.google.common.collect.IndexedImmutableSet$1                                 : loaded 3 times (x 213B)
Class [Lcom.google.common.collect.Iterators$EmptyModifiableIterator;                  : loaded 3 times (x 69B)
Class com.google.common.base.Predicates$CompositionPredicate                          : loaded 3 times (x 88B)
Class com.sun.xml.bind.v2.model.impl.TypeInfoImpl                                     : loaded 3 times (x 85B)
Class com.android.tools.build.jetifier.core.type.JavaType                             : loaded 3 times (x 72B)
Class android.databinding.internal.org.antlr.v4.runtime.NoViableAltException          : loaded 3 times (x 91B)
Class android.databinding.internal.org.antlr.v4.runtime.atn.SetTransition             : loaded 3 times (x 76B)
Class android.databinding.parser.BindingExpressionParser$BinaryOpContext              : loaded 3 times (x 134B)
Class com.sun.xml.bind.v2.model.nav.ReflectionNavigator$3                             : loaded 3 times (x 77B)
Class com.sun.xml.bind.v2.model.annotation.XmlValueQuick                              : loaded 3 times (x 90B)
Class com.sun.istack.Pool                                                             : loaded 3 times (x 70B)
Class com.google.gson.internal.bind.ObjectTypeAdapter                                 : loaded 3 times (x 74B)
Class com.sun.xml.bind.v2.runtime.JAXBContextImpl$1                                   : loaded 3 times (x 78B)
Class android.databinding.tool.LibTypes$appCompatResources$2                          : loaded 3 times (x 79B)
Class jdk.internal.jimage.ImageBufferCache                                            : loaded 3 times (x 71B)
Class jdk.internal.jrtfs.JrtPath                                                      : loaded 3 times (x 118B)
Class com.google.common.collect.Maps$EntryFunction                                    : loaded 3 times (x 91B)
Class org.apache.commons.io.filefilter.SuffixFileFilter                               : loaded 3 times (x 116B)
Class com.sun.xml.bind.v2.model.core.TypeInfo                                         : loaded 3 times (x 70B)
Class com.sun.xml.bind.v2.runtime.BinderImpl                                          : loaded 3 times (x 86B)
Class com.sun.xml.bind.v2.model.impl.RuntimeBuiltinLeafInfoImpl$10$1                  : loaded 3 times (x 356B)
Class com.sun.xml.bind.v2.model.impl.RuntimeBuiltinLeafInfoImpl$26                    : loaded 3 times (x 136B)
Class [Lcom.sun.xml.bind.v2.runtime.property.StructureLoaderBuilder;                  : loaded 3 times (x 69B)
Class org.apache.commons.io.file.PathUtils                                            : loaded 3 times (x 71B)
Class android.databinding.internal.org.antlr.v4.runtime.atn.BlockStartState           : loaded 3 times (x 83B)
Class kotlin.Triple                                                                   : loaded 3 times (x 72B)
Class android.databinding.parser.BindingExpressionParser$LambdaParametersContext      : loaded 3 times (x 132B)
Class com.sun.istack.SAXException2                                                    : loaded 3 times (x 83B)
Class com.sun.xml.bind.v2.runtime.output.IndentingUTF8XmlOutput                       : loaded 3 times (x 101B)
Class com.sun.xml.bind.v2.runtime.property.UnmarshallerChain                          : loaded 3 times (x 72B)
Class com.sun.xml.bind.v2.runtime.unmarshaller.TextLoader                             : loaded 3 times (x 78B)
Class android.databinding.internal.org.antlr.v4.runtime.tree.SyntaxTree               : loaded 3 times (x 70B)
Class com.sun.xml.bind.v2.TODO                                                        : loaded 3 times (x 71B)
Class com.sun.xml.bind.v2.model.runtime.RuntimeElementPropertyInfo                    : loaded 3 times (x 70B)
Class com.sun.xml.bind.v2.model.impl.RuntimeBuiltinLeafInfoImpl$20                    : loaded 3 times (x 136B)
Class com.google.common.base.StandardSystemProperty                                   : loaded 3 times (x 79B)
Class [Lcom.google.common.base.StandardSystemProperty;                                : loaded 3 times (x 69B)
Class com.google.gson.internal.bind.TypeAdapters$32                                   : loaded 3 times (x 76B)
Class android.databinding.tool.LibTypes$typeRewriter$2                                : loaded 3 times (x 78B)
Class androidx.databinding.InverseMethod                                              : loaded 3 times (x 70B)
Class kotlin.io.FilePathComponents                                                    : loaded 3 times (x 72B)
Class com.google.common.collect.AbstractMapBasedMultimap$WrappedList                  : loaded 3 times (x 205B)
Class com.google.gson.Gson$5                                                          : loaded 3 times (x 76B)
Class com.google.common.collect.CompoundOrdering                                      : loaded 3 times (x 115B)
Class jdk.internal.jimage.ImageReader$Directory                                       : loaded 3 times (x 84B)
Class com.android.tools.build.jetifier.core.config.Config                             : loaded 3 times (x 72B)
Class com.sun.xml.bind.v2.runtime.JAXBContextImpl$2                                   : loaded 3 times (x 78B)
Class javax.xml.bind.annotation.XmlEnum                                               : loaded 3 times (x 70B)
Class com.google.common.base.CharMatcher$None                                         : loaded 3 times (x 112B)
Class com.sun.xml.bind.v2.model.nav.ReflectionNavigator$5                             : loaded 3 times (x 77B)
Class com.sun.xml.bind.v2.model.impl.RuntimeBuiltinLeafInfoImpl$21                    : loaded 3 times (x 136B)
Class com.sun.xml.bind.v2.model.runtime.RuntimeTypeInfo                               : loaded 3 times (x 70B)
Class [Lcom.sun.xml.bind.v2.runtime.property.Property;                                : loaded 3 times (x 69B)
Class com.google.common.collect.ReverseNaturalOrdering                                : loaded 3 times (x 114B)
Class com.sun.xml.bind.v2.runtime.reflect.Utils                                       : loaded 3 times (x 71B)
Class androidx.databinding.InverseBindingAdapter                                      : loaded 3 times (x 70B)
Class com.google.common.collect.AbstractMapBasedMultimap$WrappedSet                   : loaded 3 times (x 142B)
Class com.google.gson.JsonIOException                                                 : loaded 3 times (x 82B)
Class com.google.gson.internal.$Gson$Types                                            : loaded 3 times (x 71B)
Class com.google.gson.internal.reflect.ReflectionHelper$RecordNotSupportedHelper      : loaded 3 times (x 78B)
Class com.sun.xml.bind.v2.runtime.unmarshaller.Base64Data                             : loaded 3 times (x 89B)
Class com.sun.xml.bind.v2.model.runtime.RuntimeNonElementRef                          : loaded 3 times (x 70B)
Class com.sun.xml.bind.v2.runtime.reflect.Accessor$FieldReflection                    : loaded 3 times (x 85B)
Class android.databinding.parser.BindingExpressionParser$CastOpContext                : loaded 3 times (x 134B)
Class com.google.common.collect.CollectSpliterators                                   : loaded 3 times (x 71B)
Class com.android.tools.build.jetifier.core.rule.RewriteRulesMap$Companion            : loaded 3 times (x 71B)
Class android.databinding.internal.org.antlr.v4.runtime.InputMismatchException        : loaded 3 times (x 89B)
Class android.databinding.internal.org.antlr.v4.runtime.atn.LexerAction               : loaded 3 times (x 70B)
Class com.google.common.collect.AbstractMapBasedMultimap$AsMap                        : loaded 3 times (x 128B)
Class com.sun.xml.bind.v2.model.impl.RuntimeBuiltinLeafInfoImpl$22                    : loaded 3 times (x 136B)
Class com.sun.xml.bind.v2.model.nav.ReflectionNavigator$6                             : loaded 3 times (x 81B)
Class javax.xml.bind.DatatypeConverterInterface                                       : loaded 3 times (x 70B)
Class androidx.databinding.BindingMethods                                             : loaded 3 times (x 70B)
Class com.google.gson.internal.bind.ReflectiveTypeAdapterFactory$RecordAdapter        : loaded 3 times (x 77B)
Class android.databinding.tool.store.ResourceBundle                                   : loaded 3 times (x 84B)
Class com.google.gson.internal.sql.SqlDateTypeAdapter                                 : loaded 3 times (x 74B)
Class org.apache.commons.io.filefilter.AndFileFilter                                  : loaded 3 times (x 127B)
Class android.databinding.internal.org.antlr.v4.runtime.IntStream                     : loaded 3 times (x 70B)
Class jdk.internal.jimage.ImageReader$SharedImageReader$LocationVisitor               : loaded 3 times (x 70B)
Class com.sun.xml.bind.Util                                                           : loaded 3 times (x 71B)
Class com.sun.xml.bind.v2.model.impl.RuntimeBuiltinLeafInfoImpl$24                    : loaded 3 times (x 137B)
Class com.sun.xml.bind.v2.model.annotation.XmlAttributeQuick                          : loaded 3 times (x 93B)
Class com.sun.xml.bind.v2.model.core.NonElementRef                                    : loaded 3 times (x 70B)
Class com.sun.xml.bind.v2.runtime.reflect.Lister                                      : loaded 3 times (x 76B)
Class com.android.tools.build.jetifier.core.config.ConfigParser                       : loaded 3 times (x 71B)
Class com.google.common.collect.Sets$3$1                                              : loaded 3 times (x 82B)
Class android.databinding.internal.org.antlr.v4.runtime.atn.ParserATNSimulator        : loaded 3 times (x 116B)
Class com.google.common.cache.LocalCache$LoadingValueReference                        : loaded 3 times (x 97B)
Class com.sun.xml.bind.v2.model.impl.TypeInfoSetImpl                                  : loaded 3 times (x 111B)
Class com.android.tools.build.jetifier.core.pom.PomRewriteRule$JsonData               : loaded 3 times (x 72B)
Class com.sun.xml.bind.v2.model.runtime.RuntimeTypeInfoSet                            : loaded 3 times (x 70B)
Class android.databinding.internal.org.antlr.v4.runtime.atn.ProfilingATNSimulator     : loaded 3 times (x 119B)
Class android.databinding.internal.org.antlr.v4.runtime.atn.StarLoopEntryState        : loaded 3 times (x 83B)
Class android.databinding.internal.org.antlr.v4.runtime.atn.TokensStartState          : loaded 3 times (x 82B)
Class android.databinding.parser.BindingExpressionParser$BindingSyntaxContext         : loaded 3 times (x 132B)
Class javax.activation.DataHandler                                                    : loaded 3 times (x 92B)
Class com.sun.xml.bind.v2.model.impl.RuntimeBuiltinLeafInfoImpl$23                    : loaded 3 times (x 136B)
Class com.sun.xml.bind.v2.model.nav.ParameterizedTypeImpl                             : loaded 3 times (x 85B)
Class com.sun.xml.bind.v2.runtime.reflect.Accessor$GetterSetterReflection             : loaded 3 times (x 85B)
Class android.databinding.tool.LayoutBinder                                           : loaded 2 times (x 97B)
Class android.databinding.tool.expr.ArgListExpr                                       : loaded 2 times (x 149B)
Class com.google.auto.common.MoreTypes                                                : loaded 2 times (x 71B)
Class kotlin.jvm.internal.ArrayIterator                                               : loaded 2 times (x 79B)
Class android.databinding.annotationprocessor.ProcessExpressions$Intermediate         : loaded 2 times (x 70B)
Class android.databinding.tool.store.SetterStore$MethodDescription                    : loaded 2 times (x 77B)
Class android.databinding.tool.store.SetterStore$IntermediateV2                       : loaded 2 times (x 76B)
Class android.databinding.tool.writer.FlagSet                                         : loaded 2 times (x 82B)
Class android.databinding.annotationprocessor.ProcessBindable$Intermediate            : loaded 2 times (x 70B)
Class android.databinding.tool.writer.LayoutBinderWriter$executePendingBindings$1$1$7$1: loaded 2 times (x 79B)
Class com.google.common.collect.MapMaker                                              : loaded 2 times (x 72B)
Class [Lkotlin.reflect.jvm.internal.impl.builtins.jvm.JavaToKotlinClassMap$PlatformMutabilityMapping;: loaded 2 times (x 69B)
Class kotlin.reflect.jvm.internal.KClassImpl$Data$constructors$2                      : loaded 2 times (x 79B)
Class kotlin.reflect.full.IllegalPropertyDelegateAccessException                      : loaded 2 times (x 82B)
Class org.jetbrains.org.objectweb.asm.Symbol                                          : loaded 2 times (x 73B)
Class org.gradle.internal.classloader.ClassLoaderVisitor                              : loaded 2 times (x 76B)
Class android.databinding.tool.writer.LayoutBinderWriter$executePendingBindings$1$1$1 : loaded 2 times (x 79B)
Class com.google.common.reflect.Types$JavaVersion                                     : loaded 2 times (x 83B)
Class settings_conky7v08ynjg5aq0k2thxoxe$_run_closure1$_closure2                      : loaded 2 times (x 139B)
Class org.apache.http.client.methods.HttpUriRequest                                   : loaded 2 times (x 70B)
Class build_2vgxwk05xzolhywd7eyqqr1s0                                                 : loaded 2 times (x 180B)
Class org.jetbrains.kotlin.name.Name                                                  : loaded 2 times (x 75B)
Class kotlin.jvm.internal.PropertyReference2                                          : loaded 2 times (x 127B)
Class kotlin.jvm.internal.MutablePropertyReference                                    : loaded 2 times (x 119B)
Class com.google.common.collect.MultimapBuilder$ListMultimapBuilder                   : loaded 2 times (x 75B)
Class android.databinding.tool.expr.TernaryExpr                                       : loaded 2 times (x 151B)
Class android.databinding.tool.reflection.ModelAnalyzer$viewStubType$2                : loaded 2 times (x 79B)
Class com.google.common.io.ByteSource$ConcatenatedByteSource                          : loaded 2 times (x 85B)
Class android.databinding.tool.store.SetterStore$IntermediateV3                       : loaded 2 times (x 76B)
Class android.databinding.tool.store.SetterStore$IntermediateV1                       : loaded 2 times (x 76B)
Class android.databinding.tool.reflection.ModelClass$isString$2                       : loaded 2 times (x 79B)
Class com.google.common.collect.ImmutableSortedMapFauxverideShim                      : loaded 2 times (x 120B)
Class android.databinding.tool.writer.LayoutBinderWriterKt$shouldReadWithConditionalsFlagSet$2: loaded 2 times (x 78B)
Class android.databinding.tool.reflection.annotation.AnnotationField                  : loaded 2 times (x 78B)
Class com.google.common.collect.Multimaps$Entries                                     : loaded 2 times (x 118B)
Class kotlin.jvm.internal.SpreadBuilder                                               : loaded 2 times (x 76B)
Class com.google.common.reflect.Invokable$MethodInvokable                             : loaded 2 times (x 107B)
Class com.google.common.collect.MapMakerInternalMap$StrongKeyDummyValueEntry          : loaded 2 times (x 82B)
Class com.google.common.io.LineReader$1                                               : loaded 2 times (x 75B)
Class android.databinding.tool.writer.LayoutBinderWriter$declareIncludeViews$1        : loaded 2 times (x 79B)
Class android.databinding.tool.writer.LayoutBinderWriter$readWithDependants$1         : loaded 2 times (x 79B)
Class org.gradle.api.specs.Spec                                                       : loaded 2 times (x 70B)
Class com.google.common.base.CharMatcher$JavaUpperCase                                : loaded 2 times (x 111B)
Class org.jetbrains.org.objectweb.asm.ClassVisitor                                    : loaded 2 times (x 87B)
Class com.google.common.io.CharSource                                                 : loaded 2 times (x 85B)
Class org.jetbrains.org.objectweb.asm.ModuleVisitor                                   : loaded 2 times (x 80B)
Class kotlin.reflect.full.IllegalCallableAccessException                              : loaded 2 times (x 82B)
Class com.google.common.collect.HashBasedTable$Factory                                : loaded 2 times (x 79B)
Class kotlin.reflect.jvm.internal.KDeclarationContainerImpl$Data$moduleData$2         : loaded 2 times (x 79B)
Class android.databinding.tool.store.SetterStore$InverseMethodDescription             : loaded 2 times (x 77B)
Class android.databinding.tool.reflection.ModelClass$isViewBinding$2                  : loaded 2 times (x 79B)
Class com.squareup.kotlinpoet.TypeSpec$Builder                                        : loaded 2 times (x 103B)
Class android.databinding.tool.writer.LayoutBinderWriter$onFieldChange$1              : loaded 2 times (x 79B)
Class com.squareup.kotlinpoet.OriginatingElementsHolder                               : loaded 2 times (x 70B)
Class com.google.common.util.concurrent.Uninterruptibles                              : loaded 2 times (x 71B)
Class kotlin.coroutines.jvm.internal.RestrictedSuspendLambda                          : loaded 2 times (x 91B)
Class kotlin.jvm.internal.PropertyReference0                                          : loaded 2 times (x 127B)
Class kotlin.reflect.jvm.internal.CachesKt$K_PACKAGE_CACHE$1                          : loaded 2 times (x 78B)
Class com.google.common.collect.Maps$3                                                : loaded 2 times (x 82B)
Class [Lorg.objectweb.asm.AnnotationWriter;                                           : loaded 2 times (x 69B)
Class android.databinding.tool.reflection.annotation.AnnotationClass                  : loaded 2 times (x 105B)
Class android.databinding.tool.reflection.SdkUtil                                     : loaded 2 times (x 77B)
Class android.databinding.tool.writer.LayoutBinderWriterKt$setterName$2               : loaded 2 times (x 78B)
Class [Landroid.databinding.tool.util.GenerationalClassUtil$ExtensionFilter;          : loaded 2 times (x 69B)
Class android.databinding.tool.writer.LayoutBinderWriter$readWithDependants$1$2$readCode$1: loaded 2 times (x 79B)
Class android.databinding.tool.writer.LayoutBinderWriter$declareInverseBindingImpls$1 : loaded 2 times (x 79B)
Class android.databinding.tool.writer.LayoutBinderWriter$variables$2                  : loaded 2 times (x 79B)
Class android.databinding.tool.reflection.Callable$Type                               : loaded 2 times (x 79B)
Class android.databinding.tool.reflection.annotation.AnnotationClass$computedTypeName$2: loaded 2 times (x 79B)
Class android.databinding.tool.Binding$ViewStubSetterCall                             : loaded 2 times (x 90B)
Class android.databinding.Bindable                                                    : loaded 2 times (x 70B)
Class android.databinding.tool.expr.ExprModel                                         : loaded 2 times (x 129B)
Class android.databinding.tool.writer.LayoutBinderWriter$declareInvalidateAll$1$1$1   : loaded 2 times (x 79B)
Class android.databinding.annotationprocessor.BindableBag$IdBag$buildMapping$$inlined$sortedBy$1: loaded 2 times (x 89B)
Class org.gradle.internal.classloader.ClasspathUtil                                   : loaded 2 times (x 71B)
Class com.google.common.collect.ImmutableSortedMap                                    : loaded 2 times (x 217B)
Class com.google.common.reflect.Types$ClassOwnership$1LocalClass                      : loaded 2 times (x 71B)
Class android.databinding.annotationprocessor.ProcessExpressions$IntermediateV1       : loaded 2 times (x 81B)
Class kotlin.reflect.jvm.internal.KDeclarationContainerImpl$Companion                 : loaded 2 times (x 71B)
Class android.databinding.tool.store.SetterStore$BindingGetterCall                    : loaded 2 times (x 70B)
Class android.databinding.tool.store.BindingAdapterStore$merge$$inlined$merge$2$1     : loaded 2 times (x 77B)
Class org.jetbrains.kotlin.name.ClassId$Companion                                     : loaded 2 times (x 71B)
Class com.squareup.kotlinpoet.AnnotationSpec$Builder                                  : loaded 2 times (x 79B)
Class org.jetbrains.org.objectweb.asm.TypePath                                        : loaded 2 times (x 72B)
Class kotlin.sequences.SequencesKt__SequenceBuilderKt$sequence$$inlined$Sequence$1    : loaded 2 times (x 75B)
Class com.google.common.collect.Maps$9                                                : loaded 2 times (x 76B)
Class kotlin.reflect.jvm.internal.KCallableImpl$_returnType$1                         : loaded 2 times (x 79B)
Class com.google.common.collect.Lists$ReverseList$1                                   : loaded 2 times (x 99B)
Class com.google.common.collect.ImmutableRangeSet$Builder                             : loaded 2 times (x 77B)
Class com.google.common.cache.LocalCache$StrongValueReference                         : loaded 2 times (x 90B)
Class com.google.common.util.concurrent.AbstractFuture$SynchronizedHelper             : loaded 2 times (x 78B)
Class com.google.common.base.CharMatcher$Invisible                                    : loaded 2 times (x 112B)
Class settings_conky7v08ynjg5aq0k2thxoxe                                              : loaded 2 times (x 179B)
Class ijJvmDebugger1_djf6rsexpgjf27xfgume1erb3$_run_closure1                          : loaded 2 times (x 139B)
Class kotlin.jvm.internal.markers.KMutableListIterator                                : loaded 2 times (x 70B)
Class android.databinding.tool.util.GenerationalClassUtil                             : loaded 2 times (x 72B)
Class com.google.common.collect.Maps$1                                                : loaded 2 times (x 82B)
Class android.databinding.tool.expr.ComparisonExpr                                    : loaded 2 times (x 153B)
Class android.databinding.tool.ext.VersionedLazyExt                                   : loaded 2 times (x 75B)
Class org.objectweb.asm.signature.SignatureVisitor                                    : loaded 2 times (x 87B)
Class org.jetbrains.kotlin.build.report.metrics.DoNothingBuildMetricsReporter         : loaded 2 times (x 86B)
Class org.jetbrains.kotlin.name.FqName                                                : loaded 2 times (x 72B)
Class org.jetbrains.org.objectweb.asm.Type                                            : loaded 2 times (x 72B)
Class android.databinding.annotationprocessor.ProcessExpressions$IntermediateV2       : loaded 2 times (x 82B)
Class android.databinding.tool.Context                                                : loaded 2 times (x 71B)
Class jdk.internal.jrtfs.ExplodedImage                                                : loaded 2 times (x 77B)
Class com.google.common.collect.RegularImmutableBiMap$Inverse                         : loaded 2 times (x 143B)
Class com.google.common.base.Enums$StringConverter                                    : loaded 2 times (x 90B)
Class org.objectweb.asm.Type                                                          : loaded 2 times (x 72B)
Class org.gradle.internal.classloader.VisitableURLClassLoader$InstrumentingVisitableURLClassLoader: loaded 2 times (x 123B)
Class android.databinding.tool.reflection.annotation.AnnotationClass$allFields$2      : loaded 2 times (x 79B)
Class android.databinding.tool.expr.FieldAccessExpr                                   : loaded 2 times (x 159B)
Class kotlin.reflect.jvm.internal.KClassImpl$Data$objectInstance$2                    : loaded 2 times (x 79B)
Class com.google.common.base.CharMatcher$JavaDigit                                    : loaded 2 times (x 111B)
Class com.google.common.collect.MapMakerInternalMap$InternalEntry                     : loaded 2 times (x 70B)
Class [Lcom.google.common.collect.HashBiMap$BiEntry;                                  : loaded 2 times (x 69B)
Class com.google.common.reflect.Types$TypeVariableInvocationHandler                   : loaded 2 times (x 75B)
Class org.jetbrains.kotlin.build.report.metrics.BuildTime                             : loaded 2 times (x 70B)
Class kotlin.reflect.jvm.internal.impl.descriptors.runtime.structure.ReflectClassUtilKt: loaded 2 times (x 71B)
Class kotlin.jvm.internal.markers.KMutableMap                                         : loaded 2 times (x 70B)
Class kotlin.reflect.jvm.internal.KProperty1Impl                                      : loaded 2 times (x 128B)
Class android.databinding.tool.store.SetterStore$ViewBindingRootViewSetterCall        : loaded 2 times (x 90B)
Class com.squareup.kotlinpoet.TypeName                                                : loaded 2 times (x 86B)
Class com.squareup.javapoet.LineWrapper$RecordingAppendable                           : loaded 2 times (x 77B)
Class [Landroid.databinding.tool.store.SetterStore$MethodDescription;                 : loaded 2 times (x 69B)
Class kotlin.reflect.jvm.internal.CachesKt$CACHE_FOR_GENERIC_CLASSIFIERS$1            : loaded 2 times (x 78B)
Class kotlin.collections.AbstractList$IteratorImpl                                    : loaded 2 times (x 82B)
Class android.databinding.tool.writer.LayoutBinderWriter$variableSettersAndGetters$1$1$1: loaded 2 times (x 79B)
Class com.google.common.collect.LinkedHashMultimap$ValueEntry                         : loaded 2 times (x 89B)
Class com.google.common.collect.AbstractMultimap$EntrySet                             : loaded 2 times (x 138B)
Class android.databinding.annotationprocessor.BindableBag$PackageProps                : loaded 2 times (x 72B)
Class org.gradle.internal.classloader.DefaultClassLoaderFactory                       : loaded 2 times (x 82B)
Class com.google.common.collect.Streams                                               : loaded 2 times (x 71B)
Class com.squareup.kotlinpoet.FileSpec$Companion                                      : loaded 2 times (x 71B)
Class android.databinding.tool.expr.VersionProvider                                   : loaded 2 times (x 70B)
Class kotlin.coroutines.Continuation                                                  : loaded 2 times (x 70B)
Class [Lkotlin.reflect.jvm.internal.impl.resolve.jvm.JvmPrimitiveType;                : loaded 2 times (x 69B)
Class kotlin.jvm.internal.ClassBasedDeclarationContainer                              : loaded 2 times (x 70B)
Class android.databinding.tool.reflection.ImportBag                                   : loaded 2 times (x 72B)
Class com.google.common.collect.MapMakerInternalMap$StrongKeyDummyValueEntry$Helper   : loaded 2 times (x 79B)
Class com.google.common.io.Files$FileByteSink                                         : loaded 2 times (x 77B)
Class org.objectweb.asm.ByteVector                                                    : loaded 2 times (x 79B)
Class org.gradle.internal.classloader.VisitableURLClassLoader$Spec                    : loaded 2 times (x 74B)
Class org.gradle.internal.classpath.DefaultClassPath                                  : loaded 2 times (x 90B)
Class org.objectweb.asm.MethodTooLargeException                                       : loaded 2 times (x 83B)
Class android.databinding.tool.writer.LayoutBinderWriter$onFieldChange$1$2$1$1$3$1    : loaded 2 times (x 79B)
Class android.databinding.tool.writer.LayoutBinderWriter$declareSetVariable$1$1$1$1   : loaded 2 times (x 79B)
Class android.databinding.tool.writer.ExprModelExt                                    : loaded 2 times (x 72B)
Class [Ldagger.hilt.processor.internal.optionvalues.GradleProjectType;                : loaded 2 times (x 69B)
Class android.databinding.tool.writer.LayoutBinderWriterKt$oldValueName$2             : loaded 2 times (x 78B)
Class android.databinding.annotationprocessor.BindableBag                             : loaded 2 times (x 72B)
Class com.google.common.collect.MapMakerInternalMap$Strength                          : loaded 2 times (x 80B)
Class com.google.common.collect.MapMakerInternalMap$StrongKeyDummyValueEntry$LinkedStrongKeyDummyValueEntry: loaded 2 times (x 82B)
Class org.jetbrains.kotlin.name.FqNameUnsafe$1                                        : loaded 2 times (x 74B)
Class android.databinding.tool.util.GenerationalClassUtil$ExtensionFilter             : loaded 2 times (x 80B)
Class android.databinding.tool.reflection.ModelAnalyzer$hasGeneratedAnnotation$2      : loaded 2 times (x 79B)
Class android.databinding.tool.reflection.ModelAnalyzer$viewDataBindingType$2         : loaded 2 times (x 79B)
Class androidx.room.compiler.processing.javac.JavacBasicAnnotationProcessor$steps$2   : loaded 2 times (x 79B)
Class org.gradle.internal.service.CachingServiceLocator                               : loaded 2 times (x 82B)
Class com.google.common.collect.ImmutableMap$SerializedForm                           : loaded 2 times (x 73B)
Class kotlin.coroutines.jvm.internal.BaseContinuationImpl                             : loaded 2 times (x 87B)
Class kotlin.reflect.jvm.internal.KMutableProperty1Impl$_setter$1                     : loaded 2 times (x 79B)
Class kotlin.Result$Companion                                                         : loaded 2 times (x 71B)
Class [Lorg.jetbrains.kotlin.build.report.metrics.GradleBuildTime;                    : loaded 2 times (x 69B)
Class com.google.common.reflect.Types$ClassOwnership                                  : loaded 2 times (x 80B)
Class com.google.common.collect.ImmutableSortedMap$1EntrySet$1                        : loaded 2 times (x 212B)
Class org.objectweb.asm.Symbol                                                        : loaded 2 times (x 73B)
Class androidx.room.compiler.processing.XBasicAnnotationProcessor                     : loaded 2 times (x 70B)
Class kotlin.reflect.jvm.internal.impl.name.FqName                                    : loaded 2 times (x 72B)
Class kotlin.reflect.jvm.internal.impl.builtins.PrimitiveType                         : loaded 2 times (x 79B)
Class org.jetbrains.org.objectweb.asm.ClassReader                                     : loaded 2 times (x 91B)
Class android.databinding.tool.reflection.ModelClass$isKotlinUnit$2                   : loaded 2 times (x 79B)
Class android.databinding.tool.expr.BuiltInVariableExpr                               : loaded 2 times (x 153B)
Class android.databinding.tool.writer.KCode$block$1                                   : loaded 2 times (x 79B)
Class org.gradle.internal.classloader.ClassLoaderFactory                              : loaded 2 times (x 70B)
Class com.google.common.base.CharMatcher$JavaLetter                                   : loaded 2 times (x 111B)
Class com.google.common.collect.Lists$ReverseList                                     : loaded 2 times (x 200B)
Class com.google.common.io.Resources$UrlByteSource                                    : loaded 2 times (x 85B)
Class android.databinding.tool.reflection.ModelAnalyzer$mutableStateFlowDataType$2    : loaded 2 times (x 79B)
Class android.databinding.tool.reflection.annotation.AnnotationTypeUtil               : loaded 2 times (x 77B)
Class android.databinding.annotationprocessor.ProcessMethodAdapters                   : loaded 2 times (x 75B)
Class com.squareup.kotlinpoet.TypeName$cachedString$2                                 : loaded 2 times (x 79B)
Class kotlin.jvm.internal.MutablePropertyReference1Impl                               : loaded 2 times (x 137B)
Class com.google.common.io.Java8Compatibility                                         : loaded 2 times (x 71B)
Class com.google.common.io.Closer                                                     : loaded 2 times (x 78B)
Class com.google.common.base.CharMatcher$Ascii                                        : loaded 2 times (x 112B)
Class org.gradle.internal.classloader.ClassLoaderSpec                                 : loaded 2 times (x 71B)
Class com.google.common.collect.StandardTable                                         : loaded 2 times (x 124B)
Class org.gradle.api.internal.classpath.EffectiveClassPath                            : loaded 2 times (x 90B)
Class android.databinding.tool.processing.Scope$1                                     : loaded 2 times (x 76B)
Class android.databinding.tool.reflection.annotation.AnnotationClass$allMethods$2     : loaded 2 times (x 79B)
Class android.databinding.tool.writer.LayoutBinderWriterKt$conditionalFlags$2         : loaded 2 times (x 78B)
Class android.databinding.tool.ext.LazyExt                                            : loaded 2 times (x 75B)
Class android.databinding.tool.reflection.ModelClass$isLiveData$2                     : loaded 2 times (x 79B)
Class android.databinding.tool.writer.LayoutBinderWriter$write$1                      : loaded 2 times (x 79B)
Class org.gradle.internal.service.ServiceLookupException                              : loaded 2 times (x 82B)
Class ijJvmDebugger1_djf6rsexpgjf27xfgume1erb3$_run_closure1$_closure2                : loaded 2 times (x 140B)
Class com.google.common.reflect.TypeResolver$TypeTable$1                              : loaded 2 times (x 73B)
Class com.squareup.kotlinpoet.UtilKt                                                  : loaded 2 times (x 71B)
Class kotlin.jvm.internal.markers.KMutableList                                        : loaded 2 times (x 70B)
Class com.squareup.kotlinpoet.AnnotationSpec$Companion                                : loaded 2 times (x 71B)
Class com.google.common.collect.Maps$AsMapView                                        : loaded 2 times (x 127B)
Class kotlin.reflect.jvm.internal.ReflectProperties$Val$1                             : loaded 2 times (x 71B)
Class com.google.common.io.ByteSource$EmptyByteSource                                 : loaded 2 times (x 85B)
Class org.objectweb.asm.AnnotationWriter                                              : loaded 2 times (x 79B)
Class android.databinding.tool.writer.ComponentWriter                                 : loaded 2 times (x 73B)
Class android.databinding.tool.writer.BindingMapperWriterV2$LocalizedMapping          : loaded 2 times (x 72B)
Class kotlin.jvm.internal.ArrayLongIterator                                           : loaded 2 times (x 83B)
Class android.databinding.tool.writer.LayoutBinderWriter$declareSetVariable$1$1       : loaded 2 times (x 79B)
Class android.databinding.tool.writer.LayoutBinderWriter$declareHasPendingBindings$1  : loaded 2 times (x 79B)
Class android.databinding.tool.reflection.RecursionTracker                            : loaded 2 times (x 72B)
Class androidx.room.RoomProcessor                                                     : loaded 2 times (x 98B)
Class android.databinding.tool.writer.LayoutBinderWriter$onFieldChange$1$2$1          : loaded 2 times (x 79B)
Class android.databinding.tool.expr.MethodCallExpr                                    : loaded 2 times (x 153B)
Class org.objectweb.asm.ClassVisitor                                                  : loaded 2 times (x 88B)
Class org.objectweb.asm.RecordComponentVisitor                                        : loaded 2 times (x 77B)
Class org.apache.http.client.methods.AbortableHttpRequest                             : loaded 2 times (x 70B)
Class [Lorg.objectweb.asm.Symbol;                                                     : loaded 2 times (x 69B)
Class com.google.common.collect.TransformedListIterator                               : loaded 2 times (x 93B)
Class com.squareup.kotlinpoet.TypeSpec$Kind                                           : loaded 2 times (x 79B)
Class com.squareup.kotlinpoet.PropertySpec$Builder                                    : loaded 2 times (x 104B)
Class kotlin.jvm.internal.markers.KMutableIterable                                    : loaded 2 times (x 70B)
Class com.google.common.io.CharStreams                                                : loaded 2 times (x 71B)
Class com.google.common.collect.Interners                                             : loaded 2 times (x 71B)
Class com.google.common.io.LineProcessor                                              : loaded 2 times (x 70B)
Class com.google.common.io.Closer$Suppressor                                          : loaded 2 times (x 70B)
Class org.objectweb.asm.RecordComponentWriter                                         : loaded 2 times (x 78B)
Class com.google.common.util.concurrent.AbstractFuture$Listener                       : loaded 2 times (x 72B)
Class com.google.common.reflect.TypeResolver$TypeTable                                : loaded 2 times (x 73B)
Class android.databinding.tool.reflection.annotation.AnnotationClass$componentType$2  : loaded 2 times (x 79B)
Class kotlin.reflect.jvm.internal.CachesKt$CACHE_FOR_NULLABLE_BASE_CLASSIFIERS$1      : loaded 2 times (x 78B)
Class android.databinding.tool.writer.LayoutBinderWriterKt$callbackLocalName$2        : loaded 2 times (x 78B)
Class android.databinding.tool.reflection.InjectedClass$isObservable$2                : loaded 2 times (x 79B)
Class com.google.common.base.CaseFormat$StringConverter                               : loaded 2 times (x 90B)
Class kotlin.coroutines.jvm.internal.RestrictedContinuationImpl                       : loaded 2 times (x 87B)
Class android.databinding.tool.reflection.ModelAnalyzer$mutableLiveDataType$2         : loaded 2 times (x 79B)
Class com.google.common.reflect.TypeCapture                                           : loaded 2 times (x 71B)
Class android.databinding.tool.reflection.SdkUtil$ApiChecker                          : loaded 2 times (x 74B)
Class com.google.common.cache.LocalCache$Values                                       : loaded 2 times (x 118B)
Class android.databinding.tool.writer.LayoutBinderWriterKt$invalidateFlagSet$2        : loaded 2 times (x 78B)
Class com.squareup.kotlinpoet.TagMap                                                  : loaded 2 times (x 79B)
Class com.google.common.collect.MultimapBuilder$SortedSetMultimapBuilder              : loaded 2 times (x 77B)
Class com.squareup.kotlinpoet.TaggableKt                                              : loaded 2 times (x 71B)
Class android.databinding.tool.expr.Dependency                                        : loaded 2 times (x 81B)
Class [Lorg.objectweb.asm.Label;                                                      : loaded 2 times (x 69B)
Class org.objectweb.asm.Attribute                                                     : loaded 2 times (x 77B)
Class ijKotlinCoroutineJvmDebugInit1_3784zohmsulu2pawvpoyy6r2v                        : loaded 2 times (x 179B)
Class org.gradle.internal.classloader.VisitableURLClassLoader                         : loaded 2 times (x 117B)
Class androidx.room.compiler.processing.javac.JavacBasicAnnotationProcessor$commonDelegate$2: loaded 2 times (x 79B)
Class kotlin.collections.builders.ListBuilder$Itr                                     : loaded 2 times (x 94B)
Class android.databinding.tool.writer.LayoutBinderWriter$executePendingBindings$1$1$7$1$2$setterValues$1: loaded 2 times (x 79B)
Class android.databinding.tool.reflection.ModelClass$minApi$2                         : loaded 2 times (x 79B)
Class com.google.common.util.concurrent.AbstractFuture                                : loaded 2 times (x 106B)
Class kotlin.reflect.jvm.internal.KClassImpl$Data$allMembers$2                        : loaded 2 times (x 79B)
Class com.google.common.base.Functions$ConstantFunction                               : loaded 2 times (x 84B)
Class [Lcom.squareup.kotlinpoet.Import;                                               : loaded 2 times (x 69B)
Class jdk.internal.jimage.BasicImageReader$2                                          : loaded 2 times (x 77B)
Class android.databinding.tool.writer.LayoutBinderWriterKt$dirtyFlagSet$2             : loaded 2 times (x 78B)
Class android.databinding.tool.util.SymbolTableUtil                                   : loaded 2 times (x 71B)
Class android.databinding.tool.writer.LayoutBinderWriter$readWithDependants$1$2$readCode$1$2$4$4$cond$1$1$2$1$1: loaded 2 times (x 79B)
Class androidx.room.compiler.processing.javac.JavacBasicAnnotationProcessor           : loaded 2 times (x 98B)
Class android.databinding.tool.reflection.ClassFinderCache                            : loaded 2 times (x 72B)
Class com.squareup.kotlinpoet.TypeSpec$Companion                                      : loaded 2 times (x 71B)
Class [Lkotlin.DeprecationLevel;                                                      : loaded 2 times (x 69B)
Class com.google.common.base.Verify                                                   : loaded 2 times (x 71B)
Class kotlin.reflect.jvm.internal.KClassImpl                                          : loaded 2 times (x 115B)
Class com.google.common.io.CharSource$AsByteSource                                    : loaded 2 times (x 85B)
Class com.google.common.collect.ImmutableList$SerializedForm                          : loaded 2 times (x 73B)
Class com.google.common.util.concurrent.AbstractFuture$Waiter                         : loaded 2 times (x 72B)
Class org.gradle.internal.Cast                                                        : loaded 2 times (x 71B)
Class org.gradle.api.Action                                                           : loaded 2 times (x 70B)
Class com.google.common.base.CharMatcher$Any                                          : loaded 2 times (x 112B)
Class com.google.common.util.concurrent.ListenableFuture                              : loaded 2 times (x 70B)
Class android.databinding.BindingAdapter                                              : loaded 2 times (x 70B)
Class android.databinding.tool.reflection.annotation.AnnotationMethod                 : loaded 2 times (x 90B)
Class org.apache.http.message.AbstractHttpMessage                                     : loaded 2 times (x 108B)
Class org.apache.http.client.CredentialsProvider                                      : loaded 2 times (x 70B)
Class org.jetbrains.kotlin.build.report.metrics.GradleBuildTime$Companion             : loaded 2 times (x 71B)
Class org.jetbrains.org.objectweb.asm.AnnotationWriter                                : loaded 2 times (x 78B)
Class kotlin.reflect.jvm.internal.impl.name.SpecialNames                              : loaded 2 times (x 71B)
Class com.google.common.collect.LinkedHashMultimap$ValueSetLink                       : loaded 2 times (x 70B)
Class android.databinding.tool.reflection.annotation.AnnotationTypeUtil$1             : loaded 2 times (x 71B)
Class android.databinding.tool.writer.LayoutBinderWriter$declareDirtyFlags$1          : loaded 2 times (x 79B)
Class org.gradle.api.internal.classpath.DefaultModuleRegistry                         : loaded 2 times (x 86B)
Class com.google.common.collect.ImmutableSortedMap$1EntrySet                          : loaded 2 times (x 153B)
Class com.squareup.kotlinpoet.FunSpec                                                 : loaded 2 times (x 89B)
Class com.google.common.collect.Multimaps$CustomSetMultimap                           : loaded 2 times (x 178B)
Class kotlin.collections.AbstractMutableList                                          : loaded 2 times (x 206B)
Class com.google.common.collect.Multimaps$CustomListMultimap                          : loaded 2 times (x 174B)
Class com.google.common.io.Resources                                                  : loaded 2 times (x 71B)
Class com.google.common.collect.HashBiMap                                             : loaded 2 times (x 143B)
Class com.google.common.collect.MapMakerInternalMap                                   : loaded 2 times (x 161B)
Class org.objectweb.asm.Handler                                                       : loaded 2 times (x 72B)
Class org.gradle.internal.agents.InstrumentingClassLoader                             : loaded 2 times (x 70B)
Class android.databinding.tool.store.SetterStore$1BestSetter                          : loaded 2 times (x 72B)
Class kotlin.reflect.jvm.internal.impl.name.FqNameUnsafe$1                            : loaded 2 times (x 74B)
Class android.databinding.tool.writer.LayoutBinderWriterKt$onChangeName$2             : loaded 2 times (x 78B)
Class kotlin.reflect.jvm.internal.CachesKt$K_CLASS_CACHE$1                            : loaded 2 times (x 78B)
Class android.databinding.tool.expr.CastExpr                                          : loaded 2 times (x 150B)
Class android.databinding.tool.expr.TwoWayListenerExpr                                : loaded 2 times (x 148B)
Class com.google.common.collect.ImmutableRangeSet                                     : loaded 2 times (x 115B)
Class android.databinding.tool.BindableCompat                                         : loaded 2 times (x 72B)
Class kotlin.collections.SlidingWindowKt                                              : loaded 2 times (x 71B)
Class com.google.common.util.concurrent.AbstractFuture$UnsafeAtomicHelper             : loaded 2 times (x 78B)
Class com.google.common.io.Closer$SuppressingSuppressor                               : loaded 2 times (x 75B)
Class org.jetbrains.kotlin.name.FqNameUnsafe                                          : loaded 2 times (x 72B)
Class [Lorg.jetbrains.org.objectweb.asm.Type;                                         : loaded 2 times (x 69B)
Class kotlin.reflect.jvm.internal.KDeclarationContainerImpl                           : loaded 2 times (x 84B)
Class android.databinding.tool.reflection.ModelAnalyzer$observableMapType$2           : loaded 2 times (x 79B)
Class kotlin.coroutines.intrinsics.IntrinsicsKt__IntrinsicsKt                         : loaded 2 times (x 71B)
Class com.google.common.collect.MultimapBuilder$ArrayListSupplier                     : loaded 2 times (x 77B)
Class kotlin.text.RegexKt                                                             : loaded 2 times (x 71B)
Class com.google.common.collect.MultimapBuilder$SetMultimapBuilder                    : loaded 2 times (x 75B)
Class com.squareup.kotlinpoet.AnnotationSpec                                          : loaded 2 times (x 77B)
Class [Landroid.databinding.tool.writer.FlagSet;                                      : loaded 2 times (x 69B)
Class android.databinding.tool.writer.LayoutBinderWriter$onFieldChange$1$1$1          : loaded 2 times (x 79B)
Class kotlin.jvm.internal.markers.KMutableIterator                                    : loaded 2 times (x 70B)
Class android.databinding.tool.writer.LayoutBinderWriter$readWithDependants$1$2$readCode$1$2$4$3$1: loaded 2 times (x 79B)
Class com.google.common.base.Functions                                                : loaded 2 times (x 71B)
Class kotlin.reflect.jvm.internal.KCallableImpl$_typeParameters$1                     : loaded 2 times (x 79B)
Class com.google.common.cache.RemovalCause$1                                          : loaded 2 times (x 80B)
Class org.gradle.internal.classpath.DefaultClassPath$ImmutableUniqueList$Builder      : loaded 2 times (x 75B)
Class android.databinding.tool.writer.BindingMapperWriterV2                           : loaded 2 times (x 72B)
Class kotlin.collections.ArraysKt___ArraysKt$withIndex$5                              : loaded 2 times (x 79B)
Class com.google.common.util.concurrent.internal.InternalFutureFailureAccess          : loaded 2 times (x 72B)
Class org.jetbrains.org.objectweb.asm.AnnotationVisitor                               : loaded 2 times (x 77B)
Class kotlin.jvm.internal.ArrayIteratorKt                                             : loaded 2 times (x 71B)
Class android.databinding.tool.expr.InstanceOfExpr                                    : loaded 2 times (x 150B)
Class android.databinding.tool.reflection.ModelClass$Companion                        : loaded 2 times (x 71B)
Class [Landroid.databinding.tool.writer.Scope;                                        : loaded 2 times (x 69B)
Class [Landroid.databinding.tool.expr.TernaryExpr$Type;                               : loaded 2 times (x 69B)
Class org.gradle.api.internal.classpath.ModuleRegistry                                : loaded 2 times (x 70B)
Class org.gradle.internal.installation.GradleInstallation$1                           : loaded 2 times (x 75B)
Class [Lorg.objectweb.asm.SymbolTable$Entry;                                          : loaded 2 times (x 69B)
Class org.apache.http.client.HttpClient                                               : loaded 2 times (x 70B)
Class kotlin.reflect.jvm.internal.ReflectProperties                                   : loaded 2 times (x 71B)
Class kotlin.SafePublicationLazyImpl                                                  : loaded 2 times (x 76B)
Class android.databinding.tool.writer.LayoutBinderWriterKt$listenerClassName$2        : loaded 2 times (x 78B)
Class com.squareup.kotlinpoet.PropertySpec$Companion                                  : loaded 2 times (x 71B)
Class android.databinding.tool.reflection.InjectedClass$typeName$2                    : loaded 2 times (x 79B)
Class android.databinding.tool.writer.LayoutBinderWriter$declareCallbackInstances$1   : loaded 2 times (x 79B)
Class android.databinding.tool.writer.LayoutBinderWriter$onFieldChange$1$1$1$1$1      : loaded 2 times (x 79B)
Class android.databinding.tool.writer.LayoutBinderWriter$readWithDependants$1$2$readCode$1$2$1: loaded 2 times (x 79B)
Class kotlin.reflect.jvm.internal.KProperty1Impl$_getter$1                            : loaded 2 times (x 79B)
Class kotlin.reflect.jvm.internal.KDeclarationContainerImpl$Data                      : loaded 2 times (x 72B)
Class com.google.common.cache.RemovalCause$2                                          : loaded 2 times (x 80B)
Class com.google.common.collect.MapMakerInternalMap$WeakValueReference                : loaded 2 times (x 70B)
Class com.google.common.collect.AbstractRangeSet                                      : loaded 2 times (x 114B)
Class android.databinding.tool.writer.LayoutBinderWriter$onFieldChange$1$1            : loaded 2 times (x 79B)
Class com.google.common.reflect.TypeToken$2                                           : loaded 2 times (x 110B)
Class org.objectweb.asm.TypePath                                                      : loaded 2 times (x 72B)
Class android.databinding.tool.reflection.Callable                                    : loaded 2 times (x 78B)
Class com.squareup.kotlinpoet.ClassName                                               : loaded 2 times (x 89B)
Class com.squareup.kotlinpoet.WildcardTypeName                                        : loaded 2 times (x 86B)
Class android.databinding.tool.writer.LayoutBinderWriterKt$androidId$2                : loaded 2 times (x 78B)
Class kotlin.reflect.jvm.internal.KClassImpl$Data$supertypes$2                        : loaded 2 times (x 79B)
Class com.google.common.collect.AbstractMapBasedMultiset                              : loaded 2 times (x 163B)
Class com.google.common.collect.MultimapBuilder                                       : loaded 2 times (x 73B)
Class android.databinding.tool.util.GenerationalClassUtil$load$2                      : loaded 2 times (x 79B)
Class android.databinding.tool.writer.LayoutBinderWriterKt$readableName$5             : loaded 2 times (x 78B)
Class com.google.common.io.ByteArrayDataOutput                                        : loaded 2 times (x 70B)
Class kotlin.jvm.internal.MutablePropertyReference2                                   : loaded 2 times (x 137B)
Class kotlin.reflect.jvm.internal.ReflectProperties$Val                               : loaded 2 times (x 74B)
Class android.databinding.tool.writer.LayoutBinderWriter$declareCallbackImplementations$1: loaded 2 times (x 79B)
Class android.databinding.tool.reflection.ModelAnalyzer$observableType$2              : loaded 2 times (x 79B)
Class android.databinding.tool.writer.LayoutBinderWriter$flagMapping$1                : loaded 2 times (x 79B)
Class com.google.common.reflect.TypeToken$1                                           : loaded 2 times (x 110B)
Class kotlin.comparisons.NaturalOrderComparator                                       : loaded 2 times (x 88B)
Class com.google.common.collect.Count                                                 : loaded 2 times (x 71B)
Class android.databinding.tool.writer.LayoutBinderWriterKt$executePendingLocalName$2  : loaded 2 times (x 78B)
Class android.databinding.tool.reflection.ModelAnalyzer$Companion                     : loaded 2 times (x 71B)
Class com.google.common.cache.CacheBuilder$3                                          : loaded 2 times (x 72B)
Class kotlin.reflect.jvm.internal.impl.builtins.PrimitiveType$Companion               : loaded 2 times (x 71B)
Class kotlin.jvm.functions.Function4                                                  : loaded 2 times (x 70B)
Class kotlin.reflect.jvm.internal.KClassImpl$Data$typeParameters$2                    : loaded 2 times (x 79B)
Class kotlin.reflect.jvm.internal.KClassImpl$Data                                     : loaded 2 times (x 72B)
Class android.databinding.tool.util.GenerationalClassUtil$load$1                      : loaded 2 times (x 79B)
Class com.google.common.cache.RemovalCause$3                                          : loaded 2 times (x 80B)
Class com.google.common.base.AbstractIterator$1                                       : loaded 2 times (x 71B)
Class com.google.common.base.CharMatcher$Digit                                        : loaded 2 times (x 112B)
Class org.gradle.api.GradleException                                                  : loaded 2 times (x 82B)
Class android.databinding.tool.reflection.InjectedClass                               : loaded 2 times (x 105B)
Class android.databinding.tool.expr.MethodBaseExpr                                    : loaded 2 times (x 151B)
Class kotlin.jvm.internal.ArrayIteratorsKt                                            : loaded 2 times (x 71B)
Class android.databinding.annotationprocessor.BindableBag$ModuleBR                    : loaded 2 times (x 72B)
Class kotlin.reflect.jvm.internal.impl.builtins.PrimitiveType$typeFqName$2            : loaded 2 times (x 79B)
Class android.databinding.tool.reflection.ImmutableImportBag                          : loaded 2 times (x 72B)
Class android.databinding.tool.reflection.ModelClass$isViewDataBinding$2              : loaded 2 times (x 79B)
Class android.databinding.tool.store.GenClassInfoLog$createPackageInfoLog$1           : loaded 2 times (x 79B)
Class ijKotlinCoroutineJvmDebugInit1_3784zohmsulu2pawvpoyy6r2v$_run_closure1          : loaded 2 times (x 139B)
Class org.objectweb.asm.Edge                                                          : loaded 2 times (x 72B)
Class org.objectweb.asm.signature.SignatureReader                                     : loaded 2 times (x 74B)
Class org.jetbrains.org.objectweb.asm.ClassWriter                                     : loaded 2 times (x 104B)
Class com.squareup.kotlinpoet.TypeName$Companion                                      : loaded 2 times (x 71B)
Class com.google.common.collect.ImmutableListMultimap$Builder                         : loaded 2 times (x 83B)
Class kotlin.collections.builders.MapBuilder                                          : loaded 2 times (x 112B)
Class [Lcom.google.common.base.CaseFormat;                                            : loaded 2 times (x 69B)
Class com.squareup.kotlinpoet.FunSpec$Builder                                         : loaded 2 times (x 103B)
Class android.databinding.tool.reflection.TypeUtil                                    : loaded 2 times (x 74B)
Class android.databinding.tool.store.SetterStore$BindingSetterCall                    : loaded 2 times (x 70B)
Class android.databinding.tool.store.BindingAdapterStore$merge$$inlined$merge$5$1     : loaded 2 times (x 77B)
Class com.google.common.collect.HashBasedTable                                        : loaded 2 times (x 124B)
Class kotlin.jvm.functions.Function5                                                  : loaded 2 times (x 70B)
Class android.databinding.tool.reflection.annotation.AnnotationClass$typeArguments$2  : loaded 2 times (x 79B)
Class org.jetbrains.org.objectweb.asm.SymbolTable$Entry                               : loaded 2 times (x 74B)
Class com.google.common.cache.RemovalCause$4                                          : loaded 2 times (x 80B)
Class com.google.common.io.CharSource$EmptyCharSource                                 : loaded 2 times (x 86B)
Class com.google.common.collect.ForwardingMap                                         : loaded 2 times (x 132B)
Class com.google.common.base.CharMatcher$JavaIsoControl                               : loaded 2 times (x 112B)
Class android.databinding.tool.reflection.annotation.AnnotationClass$computedJniDescription$2: loaded 2 times (x 79B)
Class com.google.auto.common.MoreTypes$CastingTypeVisitor                             : loaded 2 times (x 102B)
Class android.databinding.tool.expr.TernaryExpr$Type                                  : loaded 2 times (x 79B)
Class android.databinding.annotationprocessor.ProcessBindable$IntermediateV1          : loaded 2 times (x 82B)
Class com.google.common.util.concurrent.AbstractFuture$AtomicHelper                   : loaded 2 times (x 78B)
Class org.objectweb.asm.SymbolTable$Entry                                             : loaded 2 times (x 74B)
Class com.google.common.io.CharStreams$NullWriter                                     : loaded 2 times (x 99B)
Class android.databinding.tool.writer.Scope                                           : loaded 2 times (x 79B)
Class com.google.common.io.CharSource$CharSequenceCharSource                          : loaded 2 times (x 86B)
Class kotlin.reflect.jvm.internal.KProperty1Impl$delegateSource$1                     : loaded 2 times (x 79B)
Class kotlin.reflect.jvm.internal.KClassImpl$Data$declaredStaticMembers$2             : loaded 2 times (x 79B)
Class com.google.common.collect.Sets$1$1                                              : loaded 2 times (x 82B)
Class android.databinding.tool.expr.MathExpr                                          : loaded 2 times (x 150B)
Class android.databinding.tool.ExpressionVisitor                                      : loaded 2 times (x 195B)
Class android.databinding.tool.writer.LayoutBinderWriterKt$readableName$2             : loaded 2 times (x 78B)
Class com.google.auto.common.MoreTypes$TypeEquivalence                                : loaded 2 times (x 82B)
Class android.databinding.tool.reflection.annotation.AnnotationClass$isInterface$2    : loaded 2 times (x 79B)
Class android.databinding.tool.writer.KCodeKt                                         : loaded 2 times (x 71B)
Class android.databinding.tool.reflection.ModelAnalyzer$observableListType$2          : loaded 2 times (x 79B)
Class android.databinding.tool.reflection.annotation.AnnotationAnalyzer               : loaded 2 times (x 81B)
Class android.databinding.tool.writer.BindingMapperWriterV2$special$$inlined$sortedBy$2: loaded 2 times (x 89B)
Class com.google.common.io.Files$FileByteSource                                       : loaded 2 times (x 85B)
Class com.google.common.collect.Interners$InternerBuilder                             : loaded 2 times (x 76B)
Class [Lcom.google.common.reflect.Types$JavaVersion;                                  : loaded 2 times (x 69B)
Class kotlin.sequences.SequencesKt__SequencesKt$asSequence$$inlined$Sequence$1        : loaded 2 times (x 75B)
Class [Lkotlin.reflect.jvm.internal.impl.name.FqName;                                 : loaded 2 times (x 69B)
Class kotlin.reflect.jvm.internal.KPackageImpl                                        : loaded 2 times (x 85B)
Class kotlin.jvm.functions.Function6                                                  : loaded 2 times (x 70B)
Class kotlin.reflect.jvm.internal.KPropertyImpl$_descriptor$1                         : loaded 2 times (x 79B)
Class kotlin.reflect.jvm.internal.KTypeParameterOwnerImpl                             : loaded 2 times (x 70B)
Class android.databinding.tool.store.FeatureInfoList                                  : loaded 2 times (x 72B)
Class com.google.common.cache.RemovalCause$5                                          : loaded 2 times (x 80B)
Class [Lcom.google.common.collect.MapMakerInternalMap$Strength;                       : loaded 2 times (x 69B)
Class [Lcom.google.common.io.FileWriteMode;                                           : loaded 2 times (x 69B)
Class org.apache.http.client.methods.HttpExecutionAware                               : loaded 2 times (x 70B)
Class com.google.common.base.CharMatcher$JavaLowerCase                                : loaded 2 times (x 111B)
Class android.databinding.tool.writer.LayoutBinderWriter$declareConstructor$1$2$1     : loaded 2 times (x 79B)
Class com.google.common.base.Equivalence$Wrapper                                      : loaded 2 times (x 72B)
Class android.databinding.tool.expr.ListenerExpr                                      : loaded 2 times (x 151B)
Class android.databinding.tool.reflection.InjectedClass$superclass$2                  : loaded 2 times (x 79B)
Class com.google.common.collect.LinkedHashMultimap$ValueSet$1                         : loaded 2 times (x 82B)
Class com.squareup.kotlinpoet.KModifier$Target                                        : loaded 2 times (x 79B)
Class android.databinding.tool.reflection.ModelAnalyzer$stringType$2                  : loaded 2 times (x 79B)
Class android.databinding.tool.store.BindingAdapterStore$merge$$inlined$merge$4$1     : loaded 2 times (x 77B)
Class android.databinding.tool.reflection.ModelClass                                  : loaded 2 times (x 104B)
Class android.databinding.tool.CompilerChef                                           : loaded 2 times (x 85B)
Class android.databinding.tool.util.GenerationalClassUtil$IgnoreSerialIdObjectInputStream: loaded 2 times (x 145B)
Class android.databinding.tool.writer.BindingMapperWriterV2$special$$inlined$sortedBy$1: loaded 2 times (x 89B)
Class android.databinding.annotationprocessor.ProcessDataBinding$1                    : loaded 2 times (x 78B)
Class org.gradle.api.UncheckedIOException                                             : loaded 2 times (x 82B)
Class com.google.common.collect.Maps$AsMapView$1EntrySetImpl                          : loaded 2 times (x 138B)
Class kotlin.jvm.functions.Function7                                                  : loaded 2 times (x 70B)
Class kotlin.reflect.jvm.internal.impl.name.Name                                      : loaded 2 times (x 75B)
Class kotlin.reflect.jvm.internal.KPropertyImpl$Companion                             : loaded 2 times (x 71B)
Class [Lorg.jetbrains.org.objectweb.asm.Symbol;                                       : loaded 2 times (x 69B)
Class com.google.common.collect.Iterables$4                                           : loaded 2 times (x 81B)
Class com.google.common.cache.LocalCache$WriteThroughEntry                            : loaded 2 times (x 79B)
Class com.google.common.cache.LocalCache$HashIterator                                 : loaded 2 times (x 86B)
Class com.google.common.collect.MapMakerInternalMap$StrongKeyDummyValueSegment        : loaded 2 times (x 142B)
Class com.google.common.io.Files                                                      : loaded 2 times (x 71B)
Class android.databinding.tool.writer.LayoutBinderWriter$declareSetVariable$1         : loaded 2 times (x 79B)
Class android.databinding.tool.writer.LayoutBinderWriterKt$requiredComponent$2        : loaded 2 times (x 78B)
Class android.databinding.tool.expr.UnaryExpr                                         : loaded 2 times (x 150B)
Class android.databinding.tool.ExpressionParser                                       : loaded 2 times (x 74B)
Class org.gradle.internal.classpath.ClassPath                                         : loaded 2 times (x 70B)
Class com.google.common.io.ByteSink                                                   : loaded 2 times (x 76B)
Class com.google.common.cache.RemovalCause                                            : loaded 2 times (x 80B)
Class [Lorg.jetbrains.org.objectweb.asm.AnnotationWriter;                             : loaded 2 times (x 69B)
Class kotlin.text.StringsKt__StringsKt$splitToSequence$2                              : loaded 2 times (x 79B)
Class android.databinding.tool.CompilerArguments$Companion$stringToFileList$1         : loaded 2 times (x 78B)
Class android.databinding.tool.reflection.InjectedClass$jniDescription$2              : loaded 2 times (x 79B)
Class android.databinding.tool.reflection.ImportBag$Companion                         : loaded 2 times (x 71B)
Class org.gradle.api.internal.classpath.ManifestUtil                                  : loaded 2 times (x 71B)
Class com.google.common.collect.MapMakerInternalMap$Segment                           : loaded 2 times (x 142B)
Class com.google.common.reflect.TypeToken                                             : loaded 2 times (x 73B)
Class org.jetbrains.org.objectweb.asm.ByteVector                                      : loaded 2 times (x 78B)
Class kotlin.collections.builders.MapBuilder$Companion                                : loaded 2 times (x 71B)
Class com.google.common.collect.Maps$12                                               : loaded 2 times (x 82B)
Class [Lkotlin.annotation.AnnotationRetention;                                        : loaded 2 times (x 69B)
Class kotlin.jvm.functions.Function8                                                  : loaded 2 times (x 70B)
Class kotlin.reflect.jvm.internal.impl.name.FqNameUnsafe                              : loaded 2 times (x 72B)
Class com.google.common.reflect.Types$NativeTypeVariableEquals                        : loaded 2 times (x 71B)
Class com.google.common.reflect.TypeParameter                                         : loaded 2 times (x 72B)
Class [Lcom.google.common.collect.MapMaker$Dummy;                                     : loaded 2 times (x 69B)
Class com.google.common.cache.LocalCache$AbstractReferenceEntry                       : loaded 2 times (x 107B)
Class com.google.common.base.CharMatcher$Whitespace                                   : loaded 2 times (x 112B)
Class org.gradle.internal.IoActions                                                   : loaded 2 times (x 71B)
Class android.databinding.tool.writer.LayoutBinderWriter$executePendingBindings$1$1   : loaded 2 times (x 79B)
Class kotlin.text.StringsKt__StringsKt$splitToSequence$1                              : loaded 2 times (x 79B)
Class com.google.common.collect.ImmutableBiMap$SerializedForm                         : loaded 2 times (x 75B)
Class [Landroid.databinding.tool.expr.Expr;                                           : loaded 2 times (x 69B)
Class [Landroid.databinding.tool.expr.VersionProvider;                                : loaded 2 times (x 69B)
Class android.databinding.tool.expr.BracketExpr                                       : loaded 2 times (x 152B)
Class android.databinding.tool.reflection.ModelField                                  : loaded 2 times (x 77B)
Class kotlin.reflect.jvm.internal.ComputableClassValue                                : loaded 2 times (x 80B)
Class kotlin.reflect.jvm.internal.KClassImpl$Data$declaredNonStaticMembers$2          : loaded 2 times (x 79B)
Class kotlin.reflect.jvm.internal.impl.resolve.jvm.JvmPrimitiveType                   : loaded 2 times (x 79B)
Class kotlin.reflect.jvm.internal.KCallableImpl                                       : loaded 2 times (x 105B)
Class com.google.common.collect.ImmutableSet$SerializedForm                           : loaded 2 times (x 73B)
Class org.objectweb.asm.AnnotationVisitor                                             : loaded 2 times (x 78B)
Class org.gradle.api.internal.DefaultClassPathProvider                                : loaded 2 times (x 76B)
Class android.databinding.tool.writer.LayoutBinderWriter$write$1$1                    : loaded 2 times (x 79B)
Class org.gradle.internal.classpath.DefaultClassPath$ImmutableUniqueList              : loaded 2 times (x 199B)
Class org.gradle.api.internal.ClassPathRegistry                                       : loaded 2 times (x 70B)
Class com.google.common.reflect.Invokable$ConstructorInvokable                        : loaded 2 times (x 107B)
Class kotlin.jvm.JvmClassMappingKt                                                    : loaded 2 times (x 71B)
Class kotlin.reflect.jvm.internal.KPropertyImpl                                       : loaded 2 times (x 115B)
Class [Lcom.google.common.cache.RemovalCause;                                         : loaded 2 times (x 69B)
Class com.google.common.collect.MultimapBuilder$MultimapBuilderWithKeys$1             : loaded 2 times (x 76B)
Class kotlin.annotation.AnnotationTarget                                              : loaded 2 times (x 79B)
Class com.google.common.base.Enums                                                    : loaded 2 times (x 71B)
Class com.google.common.base.VerifyException                                          : loaded 2 times (x 82B)
Class com.google.common.collect.Maps$13                                               : loaded 2 times (x 85B)
Class androidx.room.RoomProcessor$1                                                   : loaded 2 times (x 78B)
Class kotlin.annotation.MustBeDocumented                                              : loaded 2 times (x 70B)
Class [Lkotlin.reflect.jvm.internal.impl.name.ClassId;                                : loaded 2 times (x 69B)
Class kotlin.jvm.functions.Function10                                                 : loaded 2 times (x 70B)
Class kotlin.jvm.functions.Function9                                                  : loaded 2 times (x 70B)
Class kotlin.reflect.jvm.internal.KClassImpl$Data$allNonStaticMembers$2               : loaded 2 times (x 79B)
Class kotlin.reflect.jvm.internal.EmptyContainerForLocal                              : loaded 2 times (x 84B)
Class com.squareup.kotlinpoet.TypeNames                                               : loaded 2 times (x 71B)
Class [Landroid.databinding.annotationprocessor.ProcessDataBinding$ProcessingStep;    : loaded 2 times (x 69B)
Class org.jetbrains.org.objectweb.asm.Attribute                                       : loaded 2 times (x 75B)
Class org.jetbrains.org.objectweb.asm.Label                                           : loaded 2 times (x 72B)
Class build_4qcyntbo68sxgvaj28s5at3xr                                                 : loaded 2 times (x 180B)
Class build_2vgxwk05xzolhywd7eyqqr1s0$_run_closure1                                   : loaded 2 times (x 139B)
Class com.google.common.collect.ImmutableRangeSet$ComplementRanges                    : loaded 2 times (x 207B)
Class org.apache.http.client.methods.HttpPut                                          : loaded 2 times (x 153B)
Class org.apache.http.client.methods.Configurable                                     : loaded 2 times (x 70B)
Class org.objectweb.asm.SymbolTable                                                   : loaded 2 times (x 72B)
Class com.google.common.base.CharMatcher$SingleWidth                                  : loaded 2 times (x 112B)
Class org.gradle.internal.classloader.SystemClassLoaderSpec                           : loaded 2 times (x 71B)
Class kotlin.jvm.internal.MutablePropertyReference1                                   : loaded 2 times (x 137B)
Class kotlin.SafePublicationLazyImpl$Companion                                        : loaded 2 times (x 71B)
Class android.databinding.tool.store.BindingAdapterStore$findRenamed$1$1              : loaded 2 times (x 79B)
Class android.databinding.tool.writer.LayoutBinderWriterKt$shouldReadFlagSet$2        : loaded 2 times (x 78B)
Class android.databinding.tool.writer.LayoutBinderWriterKt$fieldName$2                : loaded 2 times (x 78B)
Class android.databinding.tool.expr.SymbolExpr                                        : loaded 2 times (x 149B)
Class android.databinding.tool.writer.LayoutBinderWriterKt$interfaceClass$2           : loaded 2 times (x 78B)
Class android.databinding.tool.reflection.annotation.AnnotationClass$superclass$2     : loaded 2 times (x 79B)
Class android.databinding.tool.writer.LayoutBinderWriter$declareSetVariable$1$1$2     : loaded 2 times (x 78B)
Class android.databinding.tool.writer.LayoutBinderWriter$onFieldChange$1$2$1$1        : loaded 2 times (x 79B)
Class org.gradle.api.internal.DefaultClassPathRegistry                                : loaded 2 times (x 76B)
Class kotlin.io.ByteStreamsKt                                                         : loaded 2 times (x 71B)
Class org.jetbrains.org.objectweb.asm.MethodVisitor                                   : loaded 2 times (x 104B)
Class org.jetbrains.org.objectweb.asm.FieldWriter                                     : loaded 2 times (x 77B)
Class com.google.common.collect.LinkedHashMultimap$1                                  : loaded 2 times (x 83B)
Class com.google.common.collect.MultimapBuilder$MultimapBuilderWithKeys$2             : loaded 2 times (x 76B)
Class kotlin.reflect.jvm.internal.ReflectProperties$LazySoftVal                       : loaded 2 times (x 78B)
Class kotlin.reflect.jvm.internal.KClassImpl$Data$annotations$2                       : loaded 2 times (x 79B)
Class kotlin.jvm.internal.markers.KMutableCollection                                  : loaded 2 times (x 70B)
Class kotlin.coroutines.intrinsics.IntrinsicsKt                                       : loaded 2 times (x 71B)
Class com.google.common.base.CaseFormat                                               : loaded 2 times (x 83B)
Class kotlin.jvm.functions.Function11                                                 : loaded 2 times (x 70B)
Class kotlin.reflect.jvm.internal.KClassImpl$Data$sealedSubclasses$2                  : loaded 2 times (x 79B)
Class com.squareup.kotlinpoet.WildcardTypeName$Companion                              : loaded 2 times (x 71B)
Class org.jetbrains.org.objectweb.asm.Frame                                           : loaded 2 times (x 73B)
Class com.google.common.cache.LocalCache$StrongEntry                                  : loaded 2 times (x 108B)
Class com.google.common.util.concurrent.AbstractFuture$TrustedFuture                  : loaded 2 times (x 114B)
Class android.databinding.tool.writer.LayoutBinderWriter$readWithDependants$1$2$1     : loaded 2 times (x 79B)
Class android.databinding.tool.store.BindingAdapterStore$findRenamed$1$2              : loaded 2 times (x 78B)
Class android.databinding.tool.reflection.ClassFinderCache$CacheKey                   : loaded 2 times (x 72B)
Class kotlin.reflect.jvm.internal.impl.builtins.StandardNames                         : loaded 2 times (x 71B)
Class [Lkotlin.reflect.jvm.internal.impl.builtins.PrimitiveType;                      : loaded 2 times (x 69B)
Class com.google.common.collect.ImmutableMap$IteratorBasedImmutableMap$1EntrySetImpl  : loaded 2 times (x 154B)
Class com.google.common.collect.LinkedHashMultimap                                    : loaded 2 times (x 175B)
Class com.google.common.collect.Maps$TransformedEntriesMap                            : loaded 2 times (x 127B)
Class android.databinding.tool.store.SetterStore$AccessorKey                          : loaded 2 times (x 77B)
Class android.databinding.tool.MergedBinding                                          : loaded 2 times (x 90B)
Class android.databinding.tool.writer.LayoutBinderWriter$includedBinders$2            : loaded 2 times (x 79B)
Class android.databinding.tool.writer.LayoutBinderWriter$declareConstructor$1$2       : loaded 2 times (x 79B)
Class com.squareup.kotlinpoet.CodeBlock$Companion                                     : loaded 2 times (x 71B)
Class android.databinding.tool.CompilerChef$BindableHolder                            : loaded 2 times (x 70B)
Class com.google.common.util.concurrent.AbstractFuture$Cancellation                   : loaded 2 times (x 72B)
Class com.google.common.io.Files$2                                                    : loaded 2 times (x 76B)
Class com.google.common.io.AppendableWriter                                           : loaded 2 times (x 100B)
Class org.jetbrains.kotlin.build.report.metrics.BuildMetricsReporter                  : loaded 2 times (x 70B)
Class kotlin.reflect.jvm.internal.KClassImpl$Data$nestedClasses$2                     : loaded 2 times (x 79B)
Class com.google.common.collect.MultimapBuilder$MultimapBuilderWithKeys$3             : loaded 2 times (x 76B)
Class com.google.common.collect.AbstractMultimap$Entries                              : loaded 2 times (x 120B)
Class kotlin.coroutines.intrinsics.CoroutineSingletons                                : loaded 2 times (x 79B)
Class kotlin.jvm.functions.Function12                                                 : loaded 2 times (x 70B)
Class android.databinding.tool.writer.LayoutBinderWriter$declareConstructor$1$1       : loaded 2 times (x 78B)
Class com.google.common.io.ByteStreams$LimitedInputStream                             : loaded 2 times (x 92B)
Class org.objectweb.asm.MethodWriter                                                  : loaded 2 times (x 106B)
Class com.google.common.base.Stopwatch                                                : loaded 2 times (x 72B)
Class android.databinding.tool.reflection.RecursiveResolutionStack$items$1$1          : loaded 2 times (x 78B)
Class android.databinding.annotationprocessor.AnnotationUtil                          : loaded 2 times (x 71B)
Class android.databinding.tool.writer.LayoutBinderWriter$declareHasPendingBindings$1$1$1$1: loaded 2 times (x 78B)
Class android.databinding.tool.expr.IdentifierExpr                                    : loaded 2 times (x 153B)
Class org.gradle.cache.GlobalCache                                                    : loaded 2 times (x 70B)
Class org.gradle.api.internal.classpath.UnknownModuleException                        : loaded 2 times (x 82B)
Class kotlin.reflect.jvm.internal.KClassifierImpl                                     : loaded 2 times (x 70B)
Class [Lcom.google.common.collect.LinkedHashMultimap$ValueSetLink;                    : loaded 2 times (x 69B)
Class android.databinding.tool.store.SetterStore$InverseDescription                   : loaded 2 times (x 77B)
Class com.squareup.kotlinpoet.CodeBlock                                               : loaded 2 times (x 72B)
Class com.squareup.kotlinpoet.PropertySpec                                            : loaded 2 times (x 89B)
Class android.databinding.tool.reflection.ModelAnalyzer$dataBindingKtxClass$2         : loaded 2 times (x 79B)
Class android.databinding.tool.store.BindingAdapterStore$Companion                    : loaded 2 times (x 71B)
Class com.google.common.collect.MultimapBuilder$MultimapBuilderWithKeys$4             : loaded 2 times (x 76B)
Class kotlin.sequences.SequenceBuilderIterator                                        : loaded 2 times (x 85B)
Class android.databinding.tool.store.SetterStore$1                                    : loaded 2 times (x 92B)
Class kotlin.jvm.functions.Function13                                                 : loaded 2 times (x 70B)
Class android.databinding.tool.writer.LayoutBinderWriter$mDirtyFlags$2                : loaded 2 times (x 79B)
Class android.databinding.tool.writer.LayoutBinderWriter$declareDirtyFlags$1$1$1      : loaded 2 times (x 79B)
Class android.databinding.tool.reflection.annotation.AnnotationClass$computedUnbox$2  : loaded 2 times (x 79B)
Class android.databinding.annotationprocessor.ProcessDataBinding$ProcessingStep       : loaded 2 times (x 75B)
Class org.gradle.api.internal.classpath.Module                                        : loaded 2 times (x 70B)
Class dagger.hilt.processor.internal.optionvalues.GradleProjectType                   : loaded 2 times (x 79B)
Class com.squareup.kotlinpoet.Dynamic                                                 : loaded 2 times (x 86B)
Class android.databinding.tool.DataBinder                                             : loaded 2 times (x 80B)
Class com.google.auto.common.MoreTypes$DeclaredTypeVisitor                            : loaded 2 times (x 102B)
Class android.databinding.tool.reflection.MutableImportBag                            : loaded 2 times (x 72B)
Class kotlin.reflect.jvm.internal.KotlinReflectionInternalError                       : loaded 2 times (x 82B)
Class kotlin.reflect.jvm.internal.impl.builtins.jvm.JavaToKotlinClassMap              : loaded 2 times (x 71B)
Class android.databinding.tool.writer.LayoutBinderWriter$callbacks$2                  : loaded 2 times (x 79B)
Class android.databinding.tool.reflection.ModelAnalyzer$viewBindingType$2             : loaded 2 times (x 79B)
Class android.databinding.tool.reflection.ModelAnalyzer$mapType$2                     : loaded 2 times (x 79B)
Class android.databinding.tool.util.Resources                                         : loaded 2 times (x 72B)
Class kotlin.sequences.SequenceScope                                                  : loaded 2 times (x 73B)
Class org.gradle.internal.classloader.ClassLoaderHierarchy                            : loaded 2 times (x 70B)
Class com.google.common.collect.MultimapBuilder$MultimapBuilderWithKeys$5             : loaded 2 times (x 78B)
Class android.databinding.tool.expr.StaticIdentifierExpr                              : loaded 2 times (x 153B)
Class android.databinding.tool.expr.LambdaExpr                                        : loaded 2 times (x 155B)
Class com.google.common.collect.LinkedHashMultimapGwtSerializationDependencies        : loaded 2 times (x 174B)
Class kotlin.jvm.functions.Function14                                                 : loaded 2 times (x 70B)
Class com.google.common.reflect.Types$JavaVersion$1                                   : loaded 2 times (x 83B)
Class android.databinding.tool.store.SetterStore$MultiAttributeSetter                 : loaded 2 times (x 85B)
Class android.databinding.tool.Binding                                                : loaded 2 times (x 88B)
Class android.databinding.tool.writer.LayoutBinderWriterKt$getterName$2               : loaded 2 times (x 78B)
Class android.databinding.tool.reflection.annotation.AnnotationClass$minApi$2         : loaded 2 times (x 79B)
Class android.databinding.tool.writer.LayoutBinderWriterKt$constructorParamName$2     : loaded 2 times (x 78B)
Class android.databinding.tool.reflection.annotation.AnnotationClass$computedBox$2    : loaded 2 times (x 79B)
Class [Lcom.google.common.base.AbstractIterator$State;                                : loaded 2 times (x 69B)
Class android.databinding.tool.writer.KCode$Companion                                 : loaded 2 times (x 71B)
Class android.databinding.tool.writer.LayoutBinderWriter$declareHasPendingBindings$1$1: loaded 2 times (x 79B)
Class com.google.common.base.CaseFormat$1                                             : loaded 2 times (x 83B)
Class org.jetbrains.org.objectweb.asm.FieldVisitor                                    : loaded 2 times (x 76B)
Class kotlin.Result$Failure                                                           : loaded 2 times (x 72B)
Class com.google.common.io.FileWriteMode                                              : loaded 2 times (x 79B)
Class [Lcom.google.common.collect.MapMakerInternalMap$Segment;                        : loaded 2 times (x 69B)
Class android.databinding.tool.reflection.RecursiveResolutionStack                    : loaded 2 times (x 72B)
Class android.databinding.tool.reflection.ModelAnalyzer$classFinderCache$1            : loaded 2 times (x 79B)
Class kotlin.reflect.jvm.internal.KClassImpl$Data$inheritedStaticMembers$2            : loaded 2 times (x 79B)
Class android.databinding.annotationprocessor.ProcessExpressions                      : loaded 2 times (x 75B)
Class com.google.common.cache.LocalCache$ValueIterator                                : loaded 2 times (x 86B)
Class org.jetbrains.org.objectweb.asm.TypeReference                                   : loaded 2 times (x 80B)
Class com.google.common.collect.MultimapBuilder$MultimapBuilderWithKeys$6             : loaded 2 times (x 76B)
Class com.google.common.collect.FluentIterable$3$1                                    : loaded 2 times (x 98B)
Class kotlin.reflect.jvm.internal.impl.builtins.PrimitiveType$arrayTypeFqName$2       : loaded 2 times (x 79B)
Class kotlin.jvm.functions.Function15                                                 : loaded 2 times (x 70B)
Class com.squareup.kotlinpoet.Taggable                                                : loaded 2 times (x 70B)
Class org.jetbrains.org.objectweb.asm.Opcodes                                         : loaded 2 times (x 70B)
Class [Lorg.jetbrains.org.objectweb.asm.AnnotationVisitor;                            : loaded 2 times (x 69B)
Class build_4qcyntbo68sxgvaj28s5at3xr$_run_closure1                                   : loaded 2 times (x 139B)
Class com.google.common.reflect.Types$JavaVersion$2                                   : loaded 2 times (x 83B)
Class com.google.common.reflect.Types                                                 : loaded 2 times (x 71B)
Class com.google.common.hash.PrimitiveSink                                            : loaded 2 times (x 70B)
Class com.google.common.util.concurrent.AbstractFuture$Failure                        : loaded 2 times (x 72B)
Class kotlin.jvm.internal.MutablePropertyReference0                                   : loaded 2 times (x 137B)
Class kotlin.reflect.jvm.internal.KCallableImpl$_annotations$1                        : loaded 2 times (x 79B)
Class android.databinding.tool.reflection.ModelAnalyzer                               : loaded 2 times (x 77B)
Class android.databinding.tool.store.SetterStore$Intermediate                         : loaded 2 times (x 70B)
Class kotlin.reflect.jvm.internal.impl.builtins.jvm.JavaToKotlinClassMap$PlatformMutabilityMapping: loaded 2 times (x 72B)
Class kotlin.reflect.jvm.internal.KClassImpl$Data$inheritedNonStaticMembers$2         : loaded 2 times (x 79B)
Class android.databinding.tool.reflection.ModelClass$isMutableLiveData$2              : loaded 2 times (x 79B)
Class com.google.common.io.CharSource$ConcatenatedCharSource                          : loaded 2 times (x 86B)
Class com.google.common.collect.MapMakerInternalMap$Strength$1                        : loaded 2 times (x 80B)
Class android.databinding.tool.reflection.ModelClass$isList$2                         : loaded 2 times (x 79B)
Class android.databinding.tool.reflection.ModelClass$extendsViewStub$2                : loaded 2 times (x 79B)
Class android.databinding.tool.writer.KCode$Appendix                                  : loaded 2 times (x 72B)
Class org.apache.http.HttpEntityEnclosingRequest                                      : loaded 2 times (x 70B)
Class kotlin.reflect.jvm.internal.impl.builtins.CompanionObjectMapping                : loaded 2 times (x 71B)
Class [Lorg.gradle.api.internal.ClassPathProvider;                                    : loaded 2 times (x 69B)
Class com.google.common.reflect.Reflection                                            : loaded 2 times (x 71B)
Class com.google.common.collect.HashMultiset                                          : loaded 2 times (x 163B)
Class org.jetbrains.kotlin.name.ClassId                                               : loaded 2 times (x 72B)
Class kotlin.coroutines.EmptyCoroutineContext                                         : loaded 2 times (x 77B)
Class kotlin.reflect.jvm.internal.ClassValueCache                                     : loaded 2 times (x 74B)
Class kotlin.ResultKt                                                                 : loaded 2 times (x 71B)
Class kotlin.jvm.functions.Function16                                                 : loaded 2 times (x 70B)
Class kotlin.reflect.jvm.internal.CacheByClassKt                                      : loaded 2 times (x 71B)
Class com.google.common.reflect.Types$JavaVersion$3                                   : loaded 2 times (x 83B)
Class com.google.common.io.CharSink                                                   : loaded 2 times (x 79B)
Class org.objectweb.asm.Label                                                         : loaded 2 times (x 73B)
Class org.objectweb.asm.CurrentFrame                                                  : loaded 2 times (x 73B)
Class org.objectweb.asm.ClassTooLargeException                                        : loaded 2 times (x 83B)
Class android.databinding.tool.writer.LayoutBinderWriter$executePendingBindings$1     : loaded 2 times (x 79B)
Class android.databinding.tool.writer.LayoutBinderWriter$declareInvalidateAll$1       : loaded 2 times (x 79B)
Class com.squareup.kotlinpoet.OriginatingElementsHolderKt                             : loaded 2 times (x 71B)
Class com.squareup.kotlinpoet.TypeSpec                                                : loaded 2 times (x 89B)
Class android.databinding.tool.store.SetterStore$MultiValueAdapterKey                 : loaded 2 times (x 77B)
Class org.gradle.api.internal.ClassPathProvider                                       : loaded 2 times (x 70B)
Class android.databinding.tool.ext.VersionedResult                                    : loaded 2 times (x 72B)
Class android.databinding.tool.reflection.ModelMethod                                 : loaded 2 times (x 89B)
Class android.databinding.tool.reflection.ModelClass$canonicalName$2                  : loaded 2 times (x 79B)
Class android.databinding.tool.store.SetterStore$AdapterSetter                        : loaded 2 times (x 90B)
Class android.databinding.tool.reflection.ModelAnalyzer$objectType$2                  : loaded 2 times (x 79B)
Class org.gradle.api.internal.classpath.DefaultModuleRegistry$DefaultModule           : loaded 2 times (x 86B)
Class org.objectweb.asm.FieldVisitor                                                  : loaded 2 times (x 77B)
Class com.squareup.kotlinpoet.CodeBlock$Builder                                       : loaded 2 times (x 72B)
Class kotlin.reflect.jvm.internal.KCallableImpl$_absentArguments$1                    : loaded 2 times (x 79B)
Class kotlin.reflect.jvm.internal.impl.builtins.StandardNames$FqNames                 : loaded 2 times (x 71B)
Class com.google.common.collect.Table                                                 : loaded 2 times (x 70B)
Class com.google.common.collect.AbstractMapBasedMultimap$Itr                          : loaded 2 times (x 83B)
Class kotlin.collections.builders.ListBuilderKt                                       : loaded 2 times (x 71B)
Class android.databinding.tool.writer.LayoutBinderWriterKt                            : loaded 2 times (x 71B)
Class kotlin.jvm.functions.Function17                                                 : loaded 2 times (x 70B)
Class org.jetbrains.org.objectweb.asm.RecordComponentWriter                           : loaded 2 times (x 78B)
Class com.google.common.reflect.Types$JavaVersion$4                                   : loaded 2 times (x 83B)
Class com.google.common.io.ByteSource$AsCharSource                                    : loaded 2 times (x 86B)
Class com.google.common.collect.MapMakerInternalMap$InternalEntryHelper               : loaded 2 times (x 70B)
Class com.google.common.collect.RangeGwtSerializationDependencies                     : loaded 2 times (x 71B)
Class org.objectweb.asm.Frame                                                         : loaded 2 times (x 73B)
Class org.objectweb.asm.MethodVisitor                                                 : loaded 2 times (x 105B)
Class androidx.room.compiler.processing.javac.JavacBasicAnnotationProcessor$xEnv$2    : loaded 2 times (x 79B)
Class android.databinding.tool.writer.LayoutBinderWriter$declareListenerImpls$1       : loaded 2 times (x 79B)
Class android.databinding.tool.writer.LayoutBinderWriter$variableSettersAndGetters$1$1$1$1$1: loaded 2 times (x 79B)
Class android.databinding.tool.writer.LayoutBinderWriter$declareIncludeViews$1$1      : loaded 2 times (x 79B)
Class android.databinding.tool.reflection.annotation.AnnotationClass$isGeneric$2      : loaded 2 times (x 79B)
Class com.squareup.kotlinpoet.OriginatingElementsHolder$Builder                       : loaded 2 times (x 70B)
Class android.databinding.tool.writer.LayoutBinderWriter                              : loaded 2 times (x 72B)
Class android.databinding.tool.writer.LayoutBinderWriter$readWithDependants$1$2$readCode$1$2$4$4$cond$1$1$1$1$1: loaded 2 times (x 79B)
Class android.databinding.tool.writer.BRWriter                                        : loaded 2 times (x 71B)
Class android.databinding.tool.expr.BitShiftExpr                                      : loaded 2 times (x 151B)
Class org.gradle.internal.classloader.ClasspathUtil$1                                 : loaded 2 times (x 76B)
Class ijKotlinCoroutineJvmDebugInit1_3784zohmsulu2pawvpoyy6r2v$_run_closure1$_closure2: loaded 2 times (x 139B)
Class android.databinding.annotationprocessor.ProcessExpressionsFromV1Compat$Companion: loaded 2 times (x 71B)
Class android.databinding.tool.BindingAdapterCompat$Companion                         : loaded 2 times (x 71B)
Class android.databinding.tool.BindingAdapterCompat                                   : loaded 2 times (x 72B)
Class org.objectweb.asm.ClassWriter                                                   : loaded 2 times (x 106B)
Class org.apache.http.client.methods.HttpRequestBase                                  : loaded 2 times (x 145B)
Class com.squareup.kotlinpoet.FileSpec                                                : loaded 2 times (x 80B)
Class kotlin.reflect.jvm.internal.ReflectionFactoryImpl                               : loaded 2 times (x 91B)
Class kotlin.jvm.functions.Function18                                                 : loaded 2 times (x 70B)
Class kotlin.reflect.jvm.internal.CachesKt                                            : loaded 2 times (x 71B)
Class org.jetbrains.org.objectweb.asm.MethodWriter                                    : loaded 2 times (x 105B)
Class com.google.common.cache.LocalCache$WeakValueReference                           : loaded 2 times (x 97B)
Class com.google.common.reflect.Types$JavaVersion$5                                   : loaded 2 times (x 71B)
Class [Lcom.google.common.reflect.Types$ClassOwnership;                               : loaded 2 times (x 69B)
Class com.google.common.collect.RangeSet                                              : loaded 2 times (x 70B)
Class kotlin.DeprecationLevel                                                         : loaded 2 times (x 79B)
Class android.databinding.tool.reflection.InjectedField                               : loaded 2 times (x 78B)
Class android.databinding.tool.writer.Scope$Companion                                 : loaded 2 times (x 71B)
Class android.databinding.tool.writer.KCode                                           : loaded 2 times (x 72B)
Class [Landroid.databinding.tool.reflection.Callable$Type;                            : loaded 2 times (x 69B)
Class android.databinding.tool.reflection.annotation.AnnotationClass$computedCanonicalName$2: loaded 2 times (x 79B)
Class android.databinding.tool.writer.LayoutBinderWriter$onFieldChange$1$2$1$1$3      : loaded 2 times (x 79B)
Class android.databinding.tool.reflection.ModelClass$isObject$2                       : loaded 2 times (x 79B)
Class org.gradle.internal.InternalTransformer                                         : loaded 2 times (x 70B)
Class settings_conky7v08ynjg5aq0k2thxoxe$_run_closure1                                : loaded 2 times (x 139B)
Class com.google.common.base.CharMatcher$JavaLetterOrDigit                            : loaded 2 times (x 111B)
Class com.google.common.collect.ImmutableSortedSetFauxverideShim                      : loaded 2 times (x 147B)
Class org.jetbrains.org.objectweb.asm.ClassTooLargeException                          : loaded 2 times (x 83B)
Class kotlin.reflect.jvm.internal.KClassImpl$Data$declaredMembers$2                   : loaded 2 times (x 79B)
Class com.squareup.kotlinpoet.FileSpec$Builder                                        : loaded 2 times (x 87B)
Class android.databinding.tool.reflection.ModelAnalyzer$observableFieldTypes$2        : loaded 2 times (x 79B)
Class com.google.common.collect.Maps$FilteredEntryMap$KeySet                          : loaded 2 times (x 137B)
Class android.databinding.tool.store.SetterStore                                      : loaded 2 times (x 89B)
Class android.databinding.tool.writer.LayoutBinderWriter$readWithDependants$1$2$ifClause$1: loaded 2 times (x 79B)
Class android.databinding.tool.writer.BindingMapperWriterV2$generateInnerLayoutIdLookup$1$1: loaded 2 times (x 79B)
Class com.google.common.io.ByteSink$AsCharSink                                        : loaded 2 times (x 80B)
Class com.squareup.kotlinpoet.ParameterSpec$Builder                                   : loaded 2 times (x 92B)
Class [Lorg.jetbrains.kotlin.build.report.metrics.BuildTime;                          : loaded 2 times (x 69B)
Class kotlin.reflect.jvm.internal.KMutableProperty1Impl                               : loaded 2 times (x 135B)
Class com.squareup.kotlinpoet.CodeWriterKt                                            : loaded 2 times (x 71B)
Class kotlin.reflect.KMutableProperty$Setter                                          : loaded 2 times (x 70B)
Class kotlin.jvm.functions.Function19                                                 : loaded 2 times (x 70B)
Class kotlin.reflect.jvm.internal.KClassImpl$Data$allStaticMembers$2                  : loaded 2 times (x 79B)
Class com.google.common.collect.CollectCollectors                                     : loaded 2 times (x 71B)
Class org.objectweb.asm.ModuleWriter                                                  : loaded 2 times (x 82B)
Class android.databinding.annotationprocessor.BindableBag$BRMapping                   : loaded 2 times (x 72B)
Class android.databinding.tool.writer.LayoutBinderWriter$declareHasPendingBindings$1$1$1: loaded 2 times (x 79B)
Class android.databinding.tool.reflection.annotation.AnnotationClass$WhenMappings     : loaded 2 times (x 71B)
Class android.databinding.tool.reflection.ModelAnalyzer$stateFlowType$2               : loaded 2 times (x 79B)
Class android.databinding.tool.expr.FieldAssignmentExpr                               : loaded 2 times (x 150B)
Class android.databinding.tool.writer.LayoutBinderWriter$variableSettersAndGetters$1$1$1$1: loaded 2 times (x 79B)
Class com.google.common.base.CharMatcher$RangesMatcher                                : loaded 2 times (x 112B)
Class com.google.common.util.concurrent.AbstractFuture$Trusted                        : loaded 2 times (x 70B)
Class android.databinding.tool.store.BindingAdapterStore                              : loaded 2 times (x 75B)
Class android.databinding.tool.reflection.ModelAnalyzer$appCompatResourcesType$2      : loaded 2 times (x 79B)
Class org.apache.http.client.methods.HttpEntityEnclosingRequestBase                   : loaded 2 times (x 153B)
Class com.google.common.collect.Range                                                 : loaded 2 times (x 87B)
Class com.squareup.kotlinpoet.OriginatingElements                                     : loaded 2 times (x 75B)
Class android.databinding.tool.reflection.RecursiveResolutionStack$items$1            : loaded 2 times (x 74B)
Class com.google.common.collect.MultimapBuilder$1                                     : loaded 2 times (x 83B)
Class com.squareup.kotlinpoet.ParameterSpec$Companion                                 : loaded 2 times (x 71B)
Class android.databinding.tool.store.BindingAdapterStore$merge$$inlined$merge$5       : loaded 2 times (x 77B)
Class com.google.common.base.CaseFormat$2                                             : loaded 2 times (x 83B)
Class android.databinding.tool.util.SymbolTable                                       : loaded 2 times (x 72B)
Class kotlin.jvm.functions.Function20                                                 : loaded 2 times (x 70B)
Class [Lkotlin.jvm.functions.Function1;                                               : loaded 2 times (x 69B)
Class org.jetbrains.org.objectweb.asm.RecordComponentVisitor                          : loaded 2 times (x 77B)
Class org.apache.http.auth.Credentials                                                : loaded 2 times (x 70B)
Class android.databinding.tool.BindingTarget                                          : loaded 2 times (x 99B)
Class com.google.common.reflect.Types$ClassOwnership$1                                : loaded 2 times (x 80B)
Class com.google.common.util.concurrent.AbstractFuture$UnsafeAtomicHelper$1           : loaded 2 times (x 76B)
Class com.google.common.collect.ImmutableRangeSet$1                                   : loaded 2 times (x 209B)
Class kotlin.reflect.jvm.internal.CacheByClass                                        : loaded 2 times (x 73B)
Class kotlin.reflect.jvm.internal.impl.utils.CollectionsKt                            : loaded 2 times (x 71B)
Class kotlin.streams.jdk8.StreamsKt                                                   : loaded 2 times (x 71B)
Class com.google.common.collect.SortedIterables                                       : loaded 2 times (x 71B)
Class com.google.common.collect.MapMakerInternalMap$Strength$2                        : loaded 2 times (x 80B)
Class android.databinding.tool.store.BindingAdapterStore$merge$$inlined$merge$4       : loaded 2 times (x 77B)
Class [Lorg.objectweb.asm.AnnotationVisitor;                                          : loaded 2 times (x 69B)
Class com.google.common.util.concurrent.AbstractFuture$SafeAtomicHelper               : loaded 2 times (x 79B)
Class android.databinding.tool.reflection.ModelClass$isObservableField$2              : loaded 2 times (x 79B)
Class android.databinding.tool.reflection.annotation.AnnotationLogger                 : loaded 2 times (x 77B)
Class com.squareup.kotlinpoet.AnnotationSpec$Builder$Companion                        : loaded 2 times (x 71B)
Class [Lcom.squareup.kotlinpoet.TypeSpec$Kind;                                        : loaded 2 times (x 69B)
Class com.google.common.collect.MultimapBuilder$2                                     : loaded 2 times (x 83B)
Class com.google.common.collect.MultimapBuilder$MultimapBuilderWithKeys               : loaded 2 times (x 82B)
Class com.squareup.kotlinpoet.ParameterSpecKt                                         : loaded 2 times (x 71B)
Class com.google.common.base.AbstractIterator$State                                   : loaded 2 times (x 79B)
Class android.databinding.tool.writer.LayoutBinderWriterKt$needsLocalField$2          : loaded 2 times (x 78B)
Class kotlin.reflect.jvm.internal.KCallableImpl$_parameters$1                         : loaded 2 times (x 79B)
Class org.jetbrains.org.objectweb.asm.MethodTooLargeException                         : loaded 2 times (x 83B)
Class org.jetbrains.org.objectweb.asm.Context                                         : loaded 2 times (x 72B)
Class com.google.common.io.ByteStreams$1                                              : loaded 2 times (x 85B)
Class android.databinding.tool.writer.LayoutBinderWriter$declareInvalidateAll$1$1     : loaded 2 times (x 79B)
Class android.databinding.tool.writer.LayoutBinderWriter$declareListeners$1           : loaded 2 times (x 79B)
Class org.gradle.internal.service.UnknownServiceException                             : loaded 2 times (x 83B)
Class android.databinding.annotationprocessor.BindableBag$IdBag                       : loaded 2 times (x 72B)
Class android.databinding.tool.reflection.ModelClass$isStateFlow$2                    : loaded 2 times (x 79B)
Class org.apache.http.client.methods.AbstractExecutionAwareRequest                    : loaded 2 times (x 128B)
Class com.google.common.collect.MapMakerInternalMap$AbstractStrongKeyEntry            : loaded 2 times (x 80B)
Class com.google.common.io.ByteSource$ByteArrayByteSource                             : loaded 2 times (x 85B)
Class com.google.common.reflect.TypeToken$SimpleTypeToken                             : loaded 2 times (x 73B)
Class com.google.common.io.CharSource$StringCharSource                                : loaded 2 times (x 86B)
Class com.squareup.javapoet.CodeWriter$Multiset                                       : loaded 2 times (x 72B)
Class android.databinding.annotationprocessor.ProcessExpressionsFromV1Compat          : loaded 2 times (x 72B)
Class kotlin.reflect.jvm.internal.KClassImpl$Data$qualifiedName$2                     : loaded 2 times (x 79B)
Class com.squareup.kotlinpoet.Taggable$Builder                                        : loaded 2 times (x 70B)
Class android.databinding.tool.BindableCompat$Companion                               : loaded 2 times (x 71B)
Class com.google.common.collect.MultimapBuilder$3                                     : loaded 2 times (x 84B)
Class [Lcom.squareup.kotlinpoet.KModifier;                                            : loaded 2 times (x 69B)
Class com.squareup.kotlinpoet.KModifier                                               : loaded 2 times (x 79B)
Class android.databinding.annotationprocessor.BindableBag$Companion                   : loaded 2 times (x 71B)
Class android.databinding.tool.writer.LayoutBinderWriterKt$WhenMappings               : loaded 2 times (x 71B)
Class kotlin.reflect.jvm.internal.KClassImpl$Data$simpleName$2                        : loaded 2 times (x 79B)
Class kotlin.reflect.jvm.internal.CachesKt$CACHE_FOR_BASE_CLASSIFIERS$1               : loaded 2 times (x 78B)
Class org.jetbrains.org.objectweb.asm.CurrentFrame                                    : loaded 2 times (x 73B)
Class org.gradle.internal.installation.CurrentGradleInstallationLocator               : loaded 2 times (x 71B)
Class android.databinding.tool.writer.LayoutBinderWriter$readWithDependants$1$2$readCode$1$2$assignment$1: loaded 2 times (x 79B)
Class android.databinding.tool.store.BindingAdapterStore$merge$$inlined$merge$3       : loaded 2 times (x 77B)
Class android.databinding.tool.ExpressionParser$1                                     : loaded 2 times (x 82B)
Class org.apache.commons.io.function.IOSupplier                                       : loaded 2 times (x 70B)
Class kotlin.collections.LongIterator                                                 : loaded 2 times (x 82B)
Class android.databinding.tool.expr.ViewFieldExpr                                     : loaded 2 times (x 154B)
Class android.databinding.tool.reflection.ModelClass$simpleName$2                     : loaded 2 times (x 79B)
Class com.google.common.collect.HashBiMap$BiEntry                                     : loaded 2 times (x 83B)
Class com.google.common.collect.ImmutableSortedMap$Builder                            : loaded 2 times (x 90B)
Class android.databinding.tool.writer.LayoutBinderWriter$readWithDependants$1$2$readCode$1$2$4$4$cond$1$1$2: loaded 2 times (x 79B)
Class [Lkotlin.Function;                                                              : loaded 2 times (x 69B)
Class com.google.common.collect.Iterators$ConcatenatedIterator                        : loaded 2 times (x 82B)
Class org.gradle.internal.classloader.FilteringClassLoader                            : loaded 2 times (x 105B)
Class com.google.common.io.LineReader                                                 : loaded 2 times (x 72B)
Class com.squareup.kotlinpoet.Import                                                  : loaded 2 times (x 75B)
Class android.databinding.tool.store.BindingAdapterStore$merge$$inlined$merge$2       : loaded 2 times (x 77B)
Class [Lcom.google.common.collect.LinkedHashMultimap$ValueEntry;                      : loaded 2 times (x 69B)
Class com.google.common.collect.MultimapBuilder$4                                     : loaded 2 times (x 84B)
Class com.google.common.collect.Collections2                                          : loaded 2 times (x 71B)
Class com.google.common.collect.Maps$FilteredEntryMap$EntrySet$1$1                    : loaded 2 times (x 87B)
Class org.objectweb.asm.ClassReader                                                   : loaded 2 times (x 93B)
Class com.google.common.io.ByteSource$SlicedByteSource                                : loaded 2 times (x 85B)
Class org.gradle.internal.service.DefaultServiceLocator                               : loaded 2 times (x 83B)
Class android.databinding.tool.writer.BindingMapperWriterV2$Companion                 : loaded 2 times (x 71B)
Class com.google.common.base.CaseFormat$3                                             : loaded 2 times (x 83B)
Class kotlin.jvm.functions.Function21                                                 : loaded 2 times (x 70B)
Class android.databinding.tool.reflection.annotation.AnnotationClass$computedErasure$2: loaded 2 times (x 79B)
Class android.databinding.tool.writer.LayoutBinderWriter$declareViews$1               : loaded 2 times (x 79B)
Class com.squareup.kotlinpoet.FunSpec$Companion                                       : loaded 2 times (x 71B)
Class org.gradle.internal.service.ServiceLocator                                      : loaded 2 times (x 70B)
Class android.databinding.tool.reflection.ModelClass$isMap$2                          : loaded 2 times (x 79B)
Class [Lorg.objectweb.asm.Type;                                                       : loaded 2 times (x 69B)
Class [Lorg.objectweb.asm.Attribute;                                                  : loaded 2 times (x 69B)
Class android.databinding.tool.expr.Expr                                              : loaded 2 times (x 148B)
Class org.jetbrains.kotlin.build.report.metrics.GradleBuildTime                       : loaded 2 times (x 86B)
Class org.jetbrains.kotlin.utils.CollectionsKt                                        : loaded 2 times (x 71B)
Class kotlin.Result                                                                   : loaded 2 times (x 72B)
Class kotlin.reflect.jvm.internal.impl.name.ClassId                                   : loaded 2 times (x 72B)
Class android.databinding.tool.reflection.ModelAnalyzer$liveDataType$2                : loaded 2 times (x 79B)
Class com.squareup.kotlinpoet.ParameterSpec                                           : loaded 2 times (x 83B)
Class android.databinding.tool.store.BindingAdapterStore$merge$$inlined$merge$1       : loaded 2 times (x 77B)
Class kotlin.coroutines.jvm.internal.SuspendFunction                                  : loaded 2 times (x 70B)
Class [Lorg.jetbrains.org.objectweb.asm.Attribute;                                    : loaded 2 times (x 69B)
Class android.databinding.tool.expr.MethodReferenceExpr                               : loaded 2 times (x 151B)
Class org.jetbrains.org.objectweb.asm.SymbolTable                                     : loaded 2 times (x 72B)
Class com.google.common.cache.LocalCache$SoftValueReference                           : loaded 2 times (x 97B)
Class org.gradle.internal.installation.CurrentGradleInstallation                      : loaded 2 times (x 73B)
Class com.google.common.reflect.Types$ClassOwnership$2                                : loaded 2 times (x 80B)
Class com.google.common.reflect.TypeResolver$TypeVariableKey                          : loaded 2 times (x 72B)
Class android.databinding.tool.reflection.ModelClass$isMutableStateFlow$2             : loaded 2 times (x 79B)
Class com.squareup.kotlinpoet.ClassName$Companion                                     : loaded 2 times (x 71B)
Class kotlin.reflect.jvm.internal.impl.name.StandardClassIdsKt                        : loaded 2 times (x 71B)
Class kotlin.reflect.jvm.internal.impl.name.FqNamesUtilKt                             : loaded 2 times (x 71B)
Class android.databinding.tool.store.BindingAdapterStore$merge$$inlined$merge$1$1     : loaded 2 times (x 77B)
Class com.google.common.collect.ImmutableMapEntry$NonTerminalImmutableBiMapEntry      : loaded 2 times (x 85B)
Class kotlin.collections.builders.ListBuilder                                         : loaded 2 times (x 207B)
Class kotlin.collections.builders.ListBuilder$Companion                               : loaded 2 times (x 71B)
Class com.google.common.reflect.TypeResolver                                          : loaded 2 times (x 72B)
Class android.databinding.tool.store.BindingAdapterStore$merge$$inlined$merge$3$1     : loaded 2 times (x 77B)
Class kotlin.coroutines.intrinsics.IntrinsicsKt__IntrinsicsJvmKt                      : loaded 2 times (x 71B)
Class kotlin.coroutines.jvm.internal.CoroutineStackFrame                              : loaded 2 times (x 70B)
Class org.jetbrains.org.objectweb.asm.ModuleWriter                                    : loaded 2 times (x 81B)
Class org.objectweb.asm.Opcodes                                                       : loaded 2 times (x 70B)
Class org.apache.http.HttpEntity                                                      : loaded 2 times (x 70B)
Class org.apache.http.HttpRequest                                                     : loaded 2 times (x 70B)
Class org.gradle.util.internal.GUtil                                                  : loaded 2 times (x 71B)
Class android.databinding.tool.writer.LayoutBinderWriter$declareSetLifecycleOwnerOverride$1: loaded 2 times (x 79B)
Class [Landroid.databinding.tool.reflection.ModelClass;                               : loaded 2 times (x 69B)
Class com.google.common.io.ByteArrayDataInput                                         : loaded 2 times (x 70B)
Class com.google.common.collect.MapMakerInternalMap$StrongValueEntry                  : loaded 2 times (x 70B)
Class org.objectweb.asm.ModuleVisitor                                                 : loaded 2 times (x 81B)
Class android.databinding.tool.reflection.InjectedMethod                              : loaded 2 times (x 90B)
Class android.databinding.tool.writer.LayoutBinderWriter$declareBoundValues$1         : loaded 2 times (x 79B)
Class android.databinding.tool.reflection.annotation.AnnotationClass$javaCodeRepresentation$2: loaded 2 times (x 79B)
Class android.databinding.tool.ExpressionParser$2                                     : loaded 2 times (x 82B)
Class com.google.common.collect.ImmutableRangeSet$AsSet                               : loaded 2 times (x 299B)
Class com.google.common.reflect.Types$ParameterizedTypeImpl                           : loaded 2 times (x 81B)
Class android.databinding.tool.reflection.ModelClass$abstractMethods$2                : loaded 2 times (x 79B)
Class android.databinding.tool.expr.ResourceExpr                                      : loaded 2 times (x 149B)
Class [Lorg.jetbrains.org.objectweb.asm.SymbolTable$Entry;                            : loaded 2 times (x 69B)
Class kotlin.text.StringsKt__StringsKt$rangesDelimitedBy$2                            : loaded 2 times (x 79B)
Class dagger.hilt.processor.internal.root.ir.InvalidRootsException                    : loaded 2 times (x 82B)
Class kotlin.reflect.jvm.internal.KClassImpl$data$1                                   : loaded 2 times (x 79B)
Class [Lorg.jetbrains.org.objectweb.asm.Label;                                        : loaded 2 times (x 69B)
Class com.google.common.io.ByteSource                                                 : loaded 2 times (x 84B)
Class com.google.common.util.concurrent.AbstractFuture$SetFuture                      : loaded 2 times (x 75B)
Class android.databinding.annotationprocessor.BindableBag$Property                    : loaded 2 times (x 72B)
Class kotlin.reflect.jvm.internal.KPropertyImpl$_javaField$1                          : loaded 2 times (x 79B)
Class kotlin.reflect.jvm.internal.impl.name.StandardClassIds                          : loaded 2 times (x 71B)
Class [Lkotlin.annotation.AnnotationTarget;                                           : loaded 2 times (x 69B)
Class [Lkotlin.coroutines.intrinsics.CoroutineSingletons;                             : loaded 2 times (x 69B)
Class com.google.common.collect.LinkedHashMultimap$ValueSet                           : loaded 2 times (x 142B)
Class android.databinding.tool.store.SetterStore$SetterCall                           : loaded 2 times (x 90B)
Class android.databinding.tool.writer.LayoutBinderWriterKt$fieldName$5                : loaded 2 times (x 78B)
Class android.databinding.tool.LayoutBinder$1                                         : loaded 2 times (x 91B)
Class android.databinding.tool.writer.LayoutBinderWriterKt$fieldName$8                : loaded 2 times (x 78B)
Class android.databinding.tool.writer.LayoutBinderWriter$declareVariables$1           : loaded 2 times (x 79B)
Class android.databinding.tool.writer.BindingMapperWriterV2$createLocalizedLayoutIds$1$2: loaded 2 times (x 79B)
Class android.databinding.tool.reflection.ModelAnalyzer$listTypes$2                   : loaded 2 times (x 79B)
Class org.gradle.internal.classpath.TransformedClassPath                              : loaded 2 times (x 96B)
Class org.objectweb.asm.FieldWriter                                                   : loaded 2 times (x 78B)
Class android.databinding.annotationprocessor.ProcessBindable                         : loaded 2 times (x 79B)
Class com.google.common.collect.AbstractTable                                         : loaded 2 times (x 120B)
Class kotlin.coroutines.CoroutineContext                                              : loaded 2 times (x 70B)
Class kotlin.coroutines.jvm.internal.DebugProbesKt                                    : loaded 2 times (x 71B)
Class kotlin.reflect.jvm.internal.RuntimeTypeMapper                                   : loaded 2 times (x 71B)
Class org.apache.http.HttpMessage                                                     : loaded 2 times (x 70B)
Class com.google.common.reflect.Types$TypeVariableImpl                                : loaded 2 times (x 72B)
Class org.objectweb.asm.Context                                                       : loaded 2 times (x 72B)
Class com.google.common.collect.MapMakerInternalMap$1                                 : loaded 2 times (x 83B)
Class com.google.common.io.LineBuffer                                                 : loaded 2 times (x 75B)
Class org.gradle.internal.installation.GradleInstallation                             : loaded 2 times (x 75B)
Class com.google.common.collect.MapMaker$Dummy                                        : loaded 2 times (x 79B)
Class com.google.common.reflect.Invokable                                             : loaded 2 times (x 103B)
Class kotlin.text.StringsKt__StringsKt$rangesDelimitedBy$1                            : loaded 2 times (x 79B)
Class android.databinding.tool.reflection.ModelAnalyzer$viewStubProxyType$2           : loaded 2 times (x 79B)
Class android.databinding.tool.expr.CallbackExprModel                                 : loaded 2 times (x 132B)
Class com.google.common.collect.ForwardingMapEntry                                    : loaded 2 times (x 86B)
Class android.databinding.tool.writer.BindingMapperWriterV2$generateInnerBrLookup$1$1 : loaded 2 times (x 79B)
Class ijJvmDebugger1_djf6rsexpgjf27xfgume1erb3                                        : loaded 2 times (x 179B)
Class com.google.common.collect.Interner                                              : loaded 2 times (x 70B)
Class com.google.common.collect.Interners$InternerImpl                                : loaded 2 times (x 75B)
Class com.google.common.io.ByteStreams                                                : loaded 2 times (x 71B)
Class org.objectweb.asm.Handle                                                        : loaded 2 times (x 72B)
Class kotlin.reflect.jvm.internal.KClassImpl$Data$descriptor$2                        : loaded 2 times (x 79B)
Class com.google.common.base.CaseFormat$5                                             : loaded 2 times (x 83B)
Class com.google.common.collect.AbstractMultiset                                      : loaded 2 times (x 159B)
Class com.google.common.collect.Maps$FilteredKeyMap                                   : loaded 2 times (x 128B)
Class jdk.internal.jrtfs.JrtFileStore                                                 : loaded 2 times (x 83B)
Class com.google.gson.internal.bind.JsonTreeWriter$1                                  : loaded 2 times (x 99B)
Class kotlin.reflect.jvm.internal.KPackageImpl$data$1                                 : loaded 2 times (x 79B)
Class [Lcom.squareup.kotlinpoet.KModifier$Target;                                     : loaded 2 times (x 69B)
Class com.squareup.kotlinpoet.ClassNames                                              : loaded 2 times (x 71B)
Class kotlin.collections.CollectionsKt__IteratorsJVMKt$iterator$1                     : loaded 2 times (x 79B)
Class com.google.common.collect.ElementTypesAreNonnullByDefault                       : loaded 2 times (x 70B)
Class android.databinding.tool.writer.LayoutBinderWriter$executePendingBindings$1$1$6$1: loaded 2 times (x 79B)
Class android.databinding.tool.writer.LayoutBinderWriter$declareConstructor$1         : loaded 2 times (x 79B)
Class android.databinding.tool.store.SetterStore$ModelMethodSetter                    : loaded 2 times (x 90B)
Class com.google.common.base.CaseFormat$4                                             : loaded 2 times (x 83B)
Class [Landroid.databinding.tool.processing.scopes.LocationScopeProvider;             : loaded 2 times (x 69B)
Class kotlin.annotation.AnnotationRetention                                           : loaded 2 times (x 79B)
Class android.databinding.tool.writer.LayoutBinderWriter$readWithDependants$1$2$readCode$1$2$4$4$cond$1: loaded 2 times (x 79B)
Class com.google.common.util.concurrent.SettableFuture                                : loaded 2 times (x 114B)
Class com.google.common.reflect.Types$ClassOwnership$3                                : loaded 2 times (x 71B)
Class android.databinding.tool.store.FeatureInfoList$Companion                        : loaded 2 times (x 71B)
Class kotlin.collections.MapWithDefault                                               : loaded 2 times (x 70B)
Class android.databinding.tool.writer.LayoutBinderWriter$variableSettersAndGetters$1  : loaded 2 times (x 79B)
Class com.google.common.base.Charsets                                                 : loaded 2 times (x 71B)
Class android.databinding.tool.util.GenerationalClassUtil$Companion                   : loaded 2 times (x 71B)
Class kotlin.jvm.functions.Function22                                                 : loaded 2 times (x 70B)
Class android.databinding.tool.writer.LayoutBinderWriter$readWithDependants$1$2$readCode$1$2$4$4$cond$1$1$1: loaded 2 times (x 79B)
Class com.google.common.collect.Lists$RandomAccessReverseList                         : loaded 2 times (x 200B)

---------------  S Y S T E M  ---------------

OS:
 Windows 11 , 64 bit Build 26100 (10.0.26100.6725)
OS uptime: 1 days 0:28 hours

CPU: total 8 (initial active 8) (4 cores per cpu, 2 threads per core) family 6 model 142 stepping 10 microcode 0xf6, cx8, cmov, fxsr, ht, mmx, 3dnowpref, sse, sse2, sse3, ssse3, sse4.1, sse4.2, popcnt, lzcnt, tsc, tscinvbit, avx, avx2, aes, erms, clmul, bmi1, bmi2, rtm, adx, fma, vzeroupper, clflush, clflushopt, rdtscp, f16c
Processor Information for the first 8 processors :
  Max Mhz: 1896, Current Mhz: 1696, Mhz Limit: 1687

Memory: 4k page, system-wide physical 8031M (652M free)
TotalPageFile size 20500M (AvailPageFile size 83M)
current process WorkingSet (physical memory assigned to process): 1087M, peak: 3207M
current process commit charge ("private bytes"): 6430M, peak: 6551M

vm_info: OpenJDK 64-Bit Server VM (21.0.8+-14018985-b1038.68) for windows-amd64 JRE (21.0.8+-14018985-b1038.68), built on 2025-08-29T19:56:34Z by "builder" with MS VC++ 16.10 / 16.11 (VS2019)

END.
