#
# There is insufficient memory for the Java Runtime Environment to continue.
# Native memory allocation (mmap) failed to map 11862016 bytes. Error detail: G1 virtual space
# Possible reasons:
#   The system is out of physical RAM or swap space
#   This process is running with CompressedOops enabled, and the Java Heap may be blocking the growth of the native heap
# Possible solutions:
#   Reduce memory load on the system
#   Increase physical memory or swap space
#   Check if swap backing store is full
#   Decrease Java heap size (-Xmx/-Xms)
#   Decrease number of Java threads
#   Decrease Java thread stack sizes (-Xss)
#   Set larger code cache with -XX:ReservedCodeCacheSize=
#   JVM is running with Zero Based Compressed Oops mode in which the Java heap is
#     placed in the first 32GB address space. The Java Heap base address is the
#     maximum limit for the native heap growth. Please use -XX:HeapBaseMinAddress
#     to set the Java Heap base and to place the Java Heap above 32GB virtual address.
# This output file may be truncated or incomplete.
#
#  Out of Memory Error (os_windows.cpp:3925), pid=20052, tid=16408
#
# JRE version: OpenJDK Runtime Environment (21.0.8) (build 21.0.8+-14018985-b1038.68)
# Java VM: OpenJDK 64-Bit Server VM (21.0.8+-14018985-b1038.68, mixed mode, tiered, compressed oops, compressed class ptrs, g1 gc, windows-amd64)
# No core dump will be written. Minidumps are not enabled by default on client versions of Windows
#

---------------  S U M M A R Y ------------

Command Line: -XX:+HeapDumpOnOutOfMemoryError --add-opens=java.base/java.util=ALL-UNNAMED --add-opens=java.base/java.lang=ALL-UNNAMED --add-opens=java.base/java.lang.invoke=ALL-UNNAMED --add-opens=java.prefs/java.util.prefs=ALL-UNNAMED --add-opens=java.base/java.nio.charset=ALL-UNNAMED --add-opens=java.base/java.net=ALL-UNNAMED --add-opens=java.base/java.util.concurrent.atomic=ALL-UNNAMED -Xmx6144m -Dfile.encoding=UTF-8 -Duser.country=US -Duser.language=en -Duser.variant -javaagent:C:\Users\zs computer\.gradle\wrapper\dists\gradle-8.6-bin\afr5mpiioh2wthjmwnkmdsd5w\gradle-8.6\lib\agents\gradle-instrumentation-agent-8.6.jar org.gradle.launcher.daemon.bootstrap.GradleDaemon 8.6

Host: Intel(R) Core(TM) i5-8350U CPU @ 1.70GHz, 8 cores, 7G,  Windows 11 , 64 bit Build 26100 (10.0.26100.6725)
Time: Fri Oct 17 17:53:29 2025 Pakistan Standard Time elapsed time: 1292.121929 seconds (0d 0h 21m 32s)

---------------  T H R E A D  ---------------

Current thread (0x000002e95ff2ecf0):  VMThread "VM Thread"          [id=16408, stack(0x000000ec6ce00000,0x000000ec6cf00000) (1024K)]

Stack: [0x000000ec6ce00000,0x000000ec6cf00000]
Native frames: (J=compiled Java code, j=interpreted, Vv=VM code, C=native code)
V  [jvm.dll+0x6d68d9]
V  [jvm.dll+0x866693]
V  [jvm.dll+0x868c4e]
V  [jvm.dll+0x869333]
V  [jvm.dll+0x280566]
V  [jvm.dll+0x6d3195]
V  [jvm.dll+0x6c69ea]
V  [jvm.dll+0x3586db]
V  [jvm.dll+0x360336]
V  [jvm.dll+0x3b240b]
V  [jvm.dll+0x3b26c8]
V  [jvm.dll+0x32ae6c]
V  [jvm.dll+0x32aef7]
V  [jvm.dll+0x370d3c]
V  [jvm.dll+0x36f4ee]
V  [jvm.dll+0x32a5c1]
V  [jvm.dll+0x36ebf0]
V  [jvm.dll+0x86f0b8]
V  [jvm.dll+0x870434]
V  [jvm.dll+0x870970]
V  [jvm.dll+0x870c03]
V  [jvm.dll+0x80eac8]
V  [jvm.dll+0x6d512d]
C  [ucrtbase.dll+0x37b0]
C  [KERNEL32.DLL+0x2e8d7]
C  [ntdll.dll+0x8c53c]

VM_Operation (0x000000ec6fdfa630): G1CollectForAllocation, mode: safepoint, requested by thread 0x000002e971cfb960


---------------  P R O C E S S  ---------------

Threads class SMR info:
_java_thread_list=0x000002e9772c68f0, length=70, elements={
0x000002e9413032f0, 0x000002e9600b7260, 0x000002e9600c0f20, 0x000002e9600c1980,
0x000002e9600de320, 0x000002e9600e0d90, 0x000002e9600e17f0, 0x000002e9600f7230,
0x000002e9600e2aa0, 0x000002e9600fcbb0, 0x000002e9600f5160, 0x000002e9600f78c0,
0x000002e9600f57f0, 0x000002e9600f6510, 0x000002e9662eead0, 0x000002e9662ef160,
0x000002e9662ef7f0, 0x000002e9662f3990, 0x000002e9662f2c70, 0x000002e9662f0ba0,
0x000002e968981a90, 0x000002e96bcf5030, 0x000002e96bcf84b0, 0x000002e96bcf7790,
0x000002e96bcf63e0, 0x000002e96bcfbfc0, 0x000002e971cf3620, 0x000002e971cf01a0,
0x000002e971cf3cb0, 0x000002e971cf2f90, 0x000002e971cf1550, 0x000002e971cf0830,
0x000002e971cf4340, 0x000002e971cf49d0, 0x000002e971cf8b70, 0x000002e971cf5d80,
0x000002e971cf7130, 0x000002e971cf6aa0, 0x000002e971cf9200, 0x000002e971cf7e50,
0x000002e971cf9890, 0x000002e971cf6410, 0x000002e971cf9f20, 0x000002e971cfcd10,
0x000002e971cfb2d0, 0x000002e971cfb960, 0x000002e971cfac40, 0x000002e971cfc680,
0x000002e971cfa5b0, 0x000002e971cfbff0, 0x000002e971cfe0c0, 0x000002e9721f0880,
0x000002e9721f2950, 0x000002e9721f01f0, 0x000002e9721f0f10, 0x000002e9721f15a0,
0x000002e9721ef4d0, 0x000002e9721f2fe0, 0x000002e9721f4a20, 0x000002e9721f3670,
0x000002e9721f4390, 0x000002e9721f3d00, 0x000002e9721f50b0, 0x000002e9721f1c30,
0x000002e9721f7ea0, 0x000002e9721efb60, 0x000002e96acd7bf0, 0x000002e97bf0dda0,
0x000002e97bf0fe70, 0x000002e977e2bd10
}

Java Threads: ( => current thread )
  0x000002e9413032f0 JavaThread "main"                              [_thread_blocked, id=19460, stack(0x000000ec6c700000,0x000000ec6c800000) (1024K)]
  0x000002e9600b7260 JavaThread "Common-Cleaner"             daemon [_thread_blocked, id=9324, stack(0x000000ec6cf00000,0x000000ec6d000000) (1024K)]
  0x000002e9600c0f20 JavaThread "Reference Handler"          daemon [_thread_blocked, id=16624, stack(0x000000ec6d000000,0x000000ec6d100000) (1024K)]
  0x000002e9600c1980 JavaThread "Finalizer"                  daemon [_thread_blocked, id=11144, stack(0x000000ec6d100000,0x000000ec6d200000) (1024K)]
  0x000002e9600de320 JavaThread "Signal Dispatcher"          daemon [_thread_blocked, id=17168, stack(0x000000ec6d200000,0x000000ec6d300000) (1024K)]
  0x000002e9600e0d90 JavaThread "Attach Listener"            daemon [_thread_blocked, id=16112, stack(0x000000ec6d300000,0x000000ec6d400000) (1024K)]
  0x000002e9600e17f0 JavaThread "Service Thread"             daemon [_thread_blocked, id=18248, stack(0x000000ec6d400000,0x000000ec6d500000) (1024K)]
  0x000002e9600f7230 JavaThread "Monitor Deflation Thread"   daemon [_thread_blocked, id=19364, stack(0x000000ec6d500000,0x000000ec6d600000) (1024K)]
  0x000002e9600e2aa0 JavaThread "C2 CompilerThread0"         daemon [_thread_blocked, id=19560, stack(0x000000ec6d600000,0x000000ec6d700000) (1024K)]
  0x000002e9600fcbb0 JavaThread "C1 CompilerThread0"         daemon [_thread_blocked, id=15304, stack(0x000000ec6d700000,0x000000ec6d800000) (1024K)]
  0x000002e9600f5160 JavaThread "Notification Thread"        daemon [_thread_blocked, id=17340, stack(0x000000ec6d800000,0x000000ec6d900000) (1024K)]
  0x000002e9600f78c0 JavaThread "Daemon health stats"               [_thread_blocked, id=5128, stack(0x000000ec6de00000,0x000000ec6df00000) (1024K)]
  0x000002e9600f57f0 JavaThread "Incoming local TCP Connector on port 55754"        [_thread_in_native, id=14152, stack(0x000000ec6d900000,0x000000ec6da00000) (1024K)]
  0x000002e9600f6510 JavaThread "Daemon periodic checks"            [_thread_blocked, id=19156, stack(0x000000ec6df00000,0x000000ec6e000000) (1024K)]
  0x000002e9662eead0 JavaThread "Cache worker for journal cache (C:\Users\zs computer\.gradle\caches\journal-1)"        [_thread_blocked, id=5472, stack(0x000000ec6eb00000,0x000000ec6ec00000) (1024K)]
  0x000002e9662ef160 JavaThread "File lock request listener"        [_thread_in_native, id=18680, stack(0x000000ec6ec00000,0x000000ec6ed00000) (1024K)]
  0x000002e9662ef7f0 JavaThread "Cache worker for file hash cache (C:\Users\zs computer\.gradle\caches\8.6\fileHashes)"        [_thread_blocked, id=18048, stack(0x000000ec6ed00000,0x000000ec6ee00000) (1024K)]
  0x000002e9662f3990 JavaThread "Cache worker for file content cache (C:\Users\zs computer\.gradle\caches\8.6\fileContent)"        [_thread_blocked, id=7580, stack(0x000000ec6f200000,0x000000ec6f300000) (1024K)]
  0x000002e9662f2c70 JavaThread "File watcher server"        daemon [_thread_blocked, id=16972, stack(0x000000ec6ef00000,0x000000ec6f000000) (1024K)]
  0x000002e9662f0ba0 JavaThread "File watcher consumer"      daemon [_thread_blocked, id=3272, stack(0x000000ec6ee00000,0x000000ec6ef00000) (1024K)]
  0x000002e968981a90 JavaThread "Memory manager"                    [_thread_blocked, id=5704, stack(0x000000ec6fa00000,0x000000ec6fb00000) (1024K)]
  0x000002e96bcf5030 JavaThread "RMI Scheduler(0)"           daemon [_thread_blocked, id=19428, stack(0x000000ec6f500000,0x000000ec6f600000) (1024K)]
  0x000002e96bcf84b0 JavaThread "RMI GC Daemon"              daemon [_thread_blocked, id=12996, stack(0x000000ec74d00000,0x000000ec74e00000) (1024K)]
  0x000002e96bcf7790 JavaThread "RMI TCP Accept-0"           daemon [_thread_in_native, id=7928, stack(0x000000ec74e00000,0x000000ec74f00000) (1024K)]
  0x000002e96bcf63e0 JavaThread "RMI Reaper"                        [_thread_blocked, id=18648, stack(0x000000ec74f00000,0x000000ec75000000) (1024K)]
  0x000002e96bcfbfc0 JavaThread "Cache worker for Java compile cache (C:\Users\zs computer\.gradle\caches\8.6\javaCompile)"        [_thread_blocked, id=7444, stack(0x000000ec70600000,0x000000ec70700000) (1024K)]
  0x000002e971cf3620 JavaThread "RMI TCP Connection(idle)"   daemon [_thread_blocked, id=2776, stack(0x000000ec6c400000,0x000000ec6c500000) (1024K)]
  0x000002e971cf01a0 JavaThread "Daemon Thread 3"                   [_thread_blocked, id=20456, stack(0x000000ec6c500000,0x000000ec6c600000) (1024K)]
  0x000002e971cf3cb0 JavaThread "Handler for socket connection from /127.0.0.1:55754 to /127.0.0.1:55390"        [_thread_in_native, id=13412, stack(0x000000ec6c600000,0x000000ec6c700000) (1024K)]
  0x000002e971cf2f90 JavaThread "Cancel handler"                    [_thread_blocked, id=18744, stack(0x000000ec6e000000,0x000000ec6e100000) (1024K)]
  0x000002e971cf1550 JavaThread "Daemon worker Thread 3"            [_thread_blocked, id=16848, stack(0x000000ec6e100000,0x000000ec6e200000) (1024K)]
  0x000002e971cf0830 JavaThread "Asynchronous log dispatcher for DefaultDaemonConnection: socket connection from /127.0.0.1:55754 to /127.0.0.1:55390"        [_thread_blocked, id=9388, stack(0x000000ec6e200000,0x000000ec6e300000) (1024K)]
  0x000002e971cf4340 JavaThread "Daemon client event forwarder"        [_thread_blocked, id=10852, stack(0x000000ec6e400000,0x000000ec6e500000) (1024K)]
  0x000002e971cf49d0 JavaThread "Cache worker for file hash cache (D:\Terafort\All-Video-Downloader\.gradle\8.6\fileHashes)"        [_thread_blocked, id=17960, stack(0x000000ec6e500000,0x000000ec6e600000) (1024K)]
  0x000002e971cf8b70 JavaThread "Cache worker for checksums cache (D:\Terafort\All-Video-Downloader\.gradle\8.6\checksums)"        [_thread_blocked, id=18384, stack(0x000000ec6e600000,0x000000ec6e700000) (1024K)]
  0x000002e971cf5d80 JavaThread "Cache worker for cache directory md-supplier (C:\Users\zs computer\.gradle\caches\8.6\md-supplier)"        [_thread_blocked, id=2608, stack(0x000000ec6f000000,0x000000ec6f100000) (1024K)]
  0x000002e971cf7130 JavaThread "Cache worker for cache directory md-rule (C:\Users\zs computer\.gradle\caches\8.6\md-rule)"        [_thread_blocked, id=16720, stack(0x000000ec6f100000,0x000000ec6f200000) (1024K)]
  0x000002e971cf6aa0 JavaThread "build event listener"              [_thread_blocked, id=17068, stack(0x000000ec6f300000,0x000000ec6f400000) (1024K)]
  0x000002e971cf9200 JavaThread "build event listener"              [_thread_blocked, id=9928, stack(0x000000ec6f400000,0x000000ec6f500000) (1024K)]
  0x000002e971cf7e50 JavaThread "Cache worker for Build Output Cleanup Cache (D:\Terafort\All-Video-Downloader\.gradle\buildOutputCleanup)"        [_thread_blocked, id=15532, stack(0x000000ec6f600000,0x000000ec6f700000) (1024K)]
  0x000002e971cf9890 JavaThread "included builds"                   [_thread_blocked, id=6232, stack(0x000000ec6f700000,0x000000ec6f800000) (1024K)]
  0x000002e971cf6410 JavaThread "Execution worker"                  [_thread_blocked, id=16120, stack(0x000000ec6f800000,0x000000ec6f900000) (1024K)]
  0x000002e971cf9f20 JavaThread "Execution worker Thread 2"         [_thread_blocked, id=15772, stack(0x000000ec6f900000,0x000000ec6fa00000) (1024K)]
  0x000002e971cfcd10 JavaThread "Execution worker Thread 3"         [_thread_blocked, id=17772, stack(0x000000ec6fb00000,0x000000ec6fc00000) (1024K)]
  0x000002e971cfb2d0 JavaThread "Execution worker Thread 4"         [_thread_blocked, id=11936, stack(0x000000ec6fc00000,0x000000ec6fd00000) (1024K)]
  0x000002e971cfb960 JavaThread "Execution worker Thread 5"         [_thread_blocked, id=5096, stack(0x000000ec6fd00000,0x000000ec6fe00000) (1024K)]
  0x000002e971cfac40 JavaThread "Execution worker Thread 6"         [_thread_blocked, id=14548, stack(0x000000ec6fe00000,0x000000ec6ff00000) (1024K)]
  0x000002e971cfc680 JavaThread "Execution worker Thread 7"         [_thread_blocked, id=5772, stack(0x000000ec6ff00000,0x000000ec70000000) (1024K)]
  0x000002e971cfa5b0 JavaThread "Cache worker for execution history cache (D:\Terafort\All-Video-Downloader\.gradle\8.6\executionHistory)"        [_thread_blocked, id=17412, stack(0x000000ec70000000,0x000000ec70100000) (1024K)]
  0x000002e971cfbff0 JavaThread "WorkerExecutor Queue"              [_thread_in_native, id=10784, stack(0x000000ec70100000,0x000000ec70200000) (1024K)]
  0x000002e971cfe0c0 JavaThread "WorkerExecutor Queue Thread 2"        [_thread_blocked, id=16216, stack(0x000000ec70300000,0x000000ec70400000) (1024K)]
  0x000002e9721f0880 JavaThread "RMI TCP Connection(53)-127.0.0.1" daemon [_thread_in_native, id=5716, stack(0x000000ec70500000,0x000000ec70600000) (1024K)]
  0x000002e9721f2950 JavaThread "WorkerExecutor Queue Thread 3"        [_thread_blocked, id=20216, stack(0x000000ec70700000,0x000000ec70800000) (1024K)]
  0x000002e9721f01f0 JavaThread "RMI TCP Connection(52)-127.0.0.1" daemon [_thread_in_native, id=15480, stack(0x000000ec70900000,0x000000ec70a00000) (1024K)]
  0x000002e9721f0f10 JavaThread "Build operations"                  [_thread_blocked, id=1560, stack(0x000000ec70a00000,0x000000ec70b00000) (1024K)]
  0x000002e9721f15a0 JavaThread "Build operations Thread 2"         [_thread_blocked, id=14628, stack(0x000000ec70b00000,0x000000ec70c00000) (1024K)]
  0x000002e9721ef4d0 JavaThread "Build operations Thread 3"         [_thread_blocked, id=9576, stack(0x000000ec70c00000,0x000000ec70d00000) (1024K)]
  0x000002e9721f2fe0 JavaThread "Build operations Thread 4"         [_thread_blocked, id=17392, stack(0x000000ec70d00000,0x000000ec70e00000) (1024K)]
  0x000002e9721f4a20 JavaThread "Build operations Thread 5"         [_thread_blocked, id=16388, stack(0x000000ec70e00000,0x000000ec70f00000) (1024K)]
  0x000002e9721f3670 JavaThread "Build operations Thread 6"         [_thread_blocked, id=3740, stack(0x000000ec70f00000,0x000000ec71000000) (1024K)]
  0x000002e9721f4390 JavaThread "Build operations Thread 7"         [_thread_blocked, id=12668, stack(0x000000ec71000000,0x000000ec71100000) (1024K)]
  0x000002e9721f3d00 JavaThread "WorkerExecutor Queue Thread 4"        [_thread_blocked, id=18444, stack(0x000000ec71100000,0x000000ec71200000) (1024K)]
  0x000002e9721f50b0 JavaThread "WorkerExecutor Queue Thread 5"        [_thread_blocked, id=17652, stack(0x000000ec71200000,0x000000ec71300000) (1024K)]
  0x000002e9721f1c30 JavaThread "WorkerExecutor Queue Thread 6"        [_thread_blocked, id=13484, stack(0x000000ec71300000,0x000000ec71400000) (1024K)]
  0x000002e9721f7ea0 JavaThread "WorkerExecutor Queue Thread 7"        [_thread_blocked, id=3428, stack(0x000000ec71400000,0x000000ec71500000) (1024K)]
  0x000002e9721efb60 JavaThread "Unconstrained build operations"        [_thread_blocked, id=7280, stack(0x000000ec70800000,0x000000ec70900000) (1024K)]
  0x000002e96acd7bf0 JavaThread "Unconstrained build operations Thread 2"        [_thread_blocked, id=18000, stack(0x000000ec6e300000,0x000000ec6e400000) (1024K)]
  0x000002e97bf0dda0 JavaThread "WorkerExecutor Queue Thread 8"        [_thread_blocked, id=18492, stack(0x000000ec71500000,0x000000ec71600000) (1024K)]
  0x000002e97bf0fe70 JavaThread "RMI RenewClean-[127.0.0.1:17545,org.jetbrains.kotlin.daemon.common.LoopbackNetworkInterface$ClientLoopbackSocketFactory@1008acd3]" daemon [_thread_blocked, id=9660, stack(0x000000ec71600000,0x000000ec71700000) (1024K)]
  0x000002e977e2bd10 JavaThread "C2 CompilerThread1"         daemon [_thread_blocked, id=16936, stack(0x000000ec70200000,0x000000ec70300000) (1024K)]
Total: 70

Other Threads:
=>0x000002e95ff2ecf0 VMThread "VM Thread"                           [id=16408, stack(0x000000ec6ce00000,0x000000ec6cf00000) (1024K)]
  0x000002e95fe942f0 WatcherThread "VM Periodic Task Thread"        [id=19420, stack(0x000000ec6cd00000,0x000000ec6ce00000) (1024K)]
  0x000002e9438a04c0 WorkerThread "GC Thread#0"                     [id=10292, stack(0x000000ec6c800000,0x000000ec6c900000) (1024K)]
  0x000002e965088cc0 WorkerThread "GC Thread#1"                     [id=8848, stack(0x000000ec6da00000,0x000000ec6db00000) (1024K)]
  0x000002e960c4cde0 WorkerThread "GC Thread#2"                     [id=16888, stack(0x000000ec6db00000,0x000000ec6dc00000) (1024K)]
  0x000002e9650bb6e0 WorkerThread "GC Thread#3"                     [id=11480, stack(0x000000ec6dc00000,0x000000ec6dd00000) (1024K)]
  0x000002e965064570 WorkerThread "GC Thread#4"                     [id=15956, stack(0x000000ec6dd00000,0x000000ec6de00000) (1024K)]
  0x000002e9663e5c50 WorkerThread "GC Thread#5"                     [id=16260, stack(0x000000ec6e700000,0x000000ec6e800000) (1024K)]
  0x000002e9662f96b0 WorkerThread "GC Thread#6"                     [id=17512, stack(0x000000ec6e800000,0x000000ec6e900000) (1024K)]
  0x000002e9662f9a50 WorkerThread "GC Thread#7"                     [id=19064, stack(0x000000ec6e900000,0x000000ec6ea00000) (1024K)]
  0x000002e9438ad510 ConcurrentGCThread "G1 Main Marker"            [id=15548, stack(0x000000ec6c900000,0x000000ec6ca00000) (1024K)]
  0x000002e9438afab0 WorkerThread "G1 Conc#0"                       [id=9720, stack(0x000000ec6ca00000,0x000000ec6cb00000) (1024K)]
  0x000002e9655adb90 WorkerThread "G1 Conc#1"                       [id=13304, stack(0x000000ec6ea00000,0x000000ec6eb00000) (1024K)]
  0x000002e95fd67bc0 ConcurrentGCThread "G1 Refine#0"               [id=18976, stack(0x000000ec6cb00000,0x000000ec6cc00000) (1024K)]
  0x000002e95fd683e0 ConcurrentGCThread "G1 Service"                [id=16372, stack(0x000000ec6cc00000,0x000000ec6cd00000) (1024K)]
Total: 15

Threads with active compile tasks:
C2 CompilerThread0  1292178 55480       4       com.android.tools.r8.ir.regalloc.b::a (1134 bytes)
C2 CompilerThread1  1292178 55483       4       com.android.tools.r8.ir.regalloc.c::g (566 bytes)
Total: 2

VM state: at safepoint (normal execution)

VM Mutex/Monitor currently owned by a thread:  ([mutex/lock_event])
[0x00007fffed4a85b8] Threads_lock - owner thread: 0x000002e95ff2ecf0
[0x00007fffed4a86b8] Heap_lock - owner thread: 0x000002e971cfb960

Heap address: 0x0000000680000000, size: 6144 MB, Compressed Oops mode: Zero based, Oop shift amount: 3

CDS archive(s) not mapped
Compressed class space mapped at: 0x0000000800000000-0x0000000840000000, reserved size: 1073741824
Narrow klass base: 0x0000000800000000, Narrow klass shift: 0, Narrow klass range: 0x40000000

GC Precious Log:
 CardTable entry size: 512
 Card Set container configuration: InlinePtr #cards 4 size 8 Array Of Cards #cards 32 size 80 Howl #buckets 8 coarsen threshold 7372 Howl Bitmap #cards 1024 size 144 coarsen threshold 921 Card regions per heap region 1 cards per card region 8192
 CPUs: 8 total, 8 available
 Memory: 8031M
 Large Page Support: Disabled
 NUMA Support: Disabled
 Compressed Oops: Enabled (Zero based)
 Heap Region Size: 4M
 Heap Min Capacity: 8M
 Heap Initial Capacity: 128M
 Heap Max Capacity: 6G
 Pre-touch: Disabled
 Parallel Workers: 8
 Concurrent Workers: 2
 Concurrent Refinement Workers: 8
 Periodic GC: Disabled

Heap:
 garbage-first heap   total 2740224K, used 434679K [0x0000000680000000, 0x0000000800000000)
  region size 4096K, 2 young (8192K), 2 survivors (8192K)
 Metaspace       used 191101K, committed 193664K, reserved 1245184K
  class space    used 24347K, committed 25664K, reserved 1048576K

Heap Regions: E=young(eden), S=young(survivor), O=old, HS=humongous(starts), HC=humongous(continues), CS=collection set, F=free, TAMS=top-at-mark-start, PB=parsable bottom
|   0|0x0000000680000000, 0x0000000680400000, 0x0000000680400000|100%|HS|  |TAMS 0x0000000680000000| PB 0x0000000680000000| Complete 
|   1|0x0000000680400000, 0x0000000680800000, 0x0000000680800000|100%| O|  |TAMS 0x0000000680400000| PB 0x0000000680400000| Untracked 
|   2|0x0000000680800000, 0x0000000680c00000, 0x0000000680c00000|100%| O|  |TAMS 0x0000000680800000| PB 0x0000000680800000| Untracked 
|   3|0x0000000680c00000, 0x0000000681000000, 0x0000000681000000|100%| O|  |TAMS 0x0000000680c00000| PB 0x0000000680c00000| Untracked 
|   4|0x0000000681000000, 0x0000000681400000, 0x0000000681400000|100%| O|  |TAMS 0x0000000681000000| PB 0x0000000681000000| Untracked 
|   5|0x0000000681400000, 0x0000000681800000, 0x0000000681800000|100%| O|  |TAMS 0x0000000681400000| PB 0x0000000681400000| Untracked 
|   6|0x0000000681800000, 0x0000000681c00000, 0x0000000681c00000|100%| O|  |TAMS 0x0000000681800000| PB 0x0000000681800000| Untracked 
|   7|0x0000000681c00000, 0x0000000682000000, 0x0000000682000000|100%| O|  |TAMS 0x0000000681c00000| PB 0x0000000681c00000| Untracked 
|   8|0x0000000682000000, 0x0000000682400000, 0x0000000682400000|100%| O|  |TAMS 0x0000000682000000| PB 0x0000000682000000| Untracked 
|   9|0x0000000682400000, 0x0000000682800000, 0x0000000682800000|100%| O|  |TAMS 0x0000000682400000| PB 0x0000000682400000| Untracked 
|  10|0x0000000682800000, 0x0000000682c00000, 0x0000000682c00000|100%| O|  |TAMS 0x0000000682800000| PB 0x0000000682800000| Untracked 
|  11|0x0000000682c00000, 0x0000000683000000, 0x0000000683000000|100%|HS|  |TAMS 0x0000000682c00000| PB 0x0000000682c00000| Complete 
|  12|0x0000000683000000, 0x0000000683400000, 0x0000000683400000|100%|HS|  |TAMS 0x0000000683000000| PB 0x0000000683000000| Complete 
|  13|0x0000000683400000, 0x0000000683800000, 0x0000000683800000|100%| O|  |TAMS 0x0000000683400000| PB 0x0000000683400000| Untracked 
|  14|0x0000000683800000, 0x0000000683c00000, 0x0000000683c00000|100%| O|  |TAMS 0x0000000683800000| PB 0x0000000683800000| Untracked 
|  15|0x0000000683c00000, 0x0000000684000000, 0x0000000684000000|100%| O|  |TAMS 0x0000000683c00000| PB 0x0000000683c00000| Untracked 
|  16|0x0000000684000000, 0x0000000684400000, 0x0000000684400000|100%| O|  |TAMS 0x0000000684000000| PB 0x0000000684000000| Untracked 
|  17|0x0000000684400000, 0x0000000684800000, 0x0000000684800000|100%| O|  |TAMS 0x0000000684400000| PB 0x0000000684400000| Untracked 
|  18|0x0000000684800000, 0x0000000684c00000, 0x0000000684c00000|100%| O|  |TAMS 0x0000000684800000| PB 0x0000000684800000| Untracked 
|  19|0x0000000684c00000, 0x0000000685000000, 0x0000000685000000|100%| O|  |TAMS 0x0000000684c00000| PB 0x0000000684c00000| Untracked 
|  20|0x0000000685000000, 0x0000000685400000, 0x0000000685400000|100%| O|Cm|TAMS 0x0000000685000000| PB 0x0000000685000000| Complete 
|  21|0x0000000685400000, 0x0000000685800000, 0x0000000685800000|100%| O|  |TAMS 0x0000000685400000| PB 0x0000000685400000| Untracked 
|  22|0x0000000685800000, 0x0000000685c00000, 0x0000000685c00000|100%| O|  |TAMS 0x0000000685800000| PB 0x0000000685800000| Untracked 
|  23|0x0000000685c00000, 0x0000000686000000, 0x0000000686000000|100%| O|  |TAMS 0x0000000685c00000| PB 0x0000000685c00000| Untracked 
|  24|0x0000000686000000, 0x0000000686400000, 0x0000000686400000|100%| O|  |TAMS 0x0000000686000000| PB 0x0000000686000000| Untracked 
|  25|0x0000000686400000, 0x0000000686800000, 0x0000000686800000|100%| O|  |TAMS 0x0000000686400000| PB 0x0000000686400000| Untracked 
|  26|0x0000000686800000, 0x0000000686c00000, 0x0000000686c00000|100%| O|  |TAMS 0x0000000686800000| PB 0x0000000686800000| Untracked 
|  27|0x0000000686c00000, 0x0000000687000000, 0x0000000687000000|100%| O|  |TAMS 0x0000000686c00000| PB 0x0000000686c00000| Untracked 
|  28|0x0000000687000000, 0x0000000687400000, 0x0000000687400000|100%| O|  |TAMS 0x0000000687000000| PB 0x0000000687000000| Untracked 
|  29|0x0000000687400000, 0x0000000687800000, 0x0000000687800000|100%| O|Cm|TAMS 0x0000000687400000| PB 0x0000000687400000| Complete 
|  30|0x0000000687800000, 0x0000000687c00000, 0x0000000687c00000|100%| O|  |TAMS 0x0000000687800000| PB 0x0000000687800000| Untracked 
|  31|0x0000000687c00000, 0x0000000688000000, 0x0000000688000000|100%| O|  |TAMS 0x0000000687c00000| PB 0x0000000687c00000| Untracked 
|  32|0x0000000688000000, 0x0000000688400000, 0x0000000688400000|100%| O|  |TAMS 0x0000000688000000| PB 0x0000000688000000| Untracked 
|  33|0x0000000688400000, 0x0000000688800000, 0x0000000688800000|100%| O|  |TAMS 0x0000000688400000| PB 0x0000000688400000| Untracked 
|  34|0x0000000688800000, 0x0000000688c00000, 0x0000000688c00000|100%| O|  |TAMS 0x0000000688800000| PB 0x0000000688800000| Untracked 
|  35|0x0000000688c00000, 0x0000000689000000, 0x0000000689000000|100%| O|  |TAMS 0x0000000688c00000| PB 0x0000000688c00000| Untracked 
|  36|0x0000000689000000, 0x0000000689400000, 0x0000000689400000|100%| O|Cm|TAMS 0x0000000689000000| PB 0x0000000689000000| Complete 
|  37|0x0000000689400000, 0x0000000689800000, 0x0000000689800000|100%| O|  |TAMS 0x0000000689400000| PB 0x0000000689400000| Untracked 
|  38|0x0000000689800000, 0x0000000689c00000, 0x0000000689c00000|100%| O|  |TAMS 0x0000000689800000| PB 0x0000000689800000| Untracked 
|  39|0x0000000689c00000, 0x000000068a000000, 0x000000068a000000|100%| O|  |TAMS 0x0000000689c00000| PB 0x0000000689c00000| Untracked 
|  40|0x000000068a000000, 0x000000068a400000, 0x000000068a400000|100%| O|  |TAMS 0x000000068a000000| PB 0x000000068a000000| Untracked 
|  41|0x000000068a400000, 0x000000068a800000, 0x000000068a800000|100%| O|  |TAMS 0x000000068a400000| PB 0x000000068a400000| Untracked 
|  42|0x000000068a800000, 0x000000068ac00000, 0x000000068ac00000|100%| O|Cm|TAMS 0x000000068a800000| PB 0x000000068a800000| Complete 
|  43|0x000000068ac00000, 0x000000068b000000, 0x000000068b000000|100%| O|  |TAMS 0x000000068ac00000| PB 0x000000068ac00000| Untracked 
|  44|0x000000068b000000, 0x000000068b400000, 0x000000068b400000|100%| O|  |TAMS 0x000000068b000000| PB 0x000000068b000000| Untracked 
|  45|0x000000068b400000, 0x000000068b800000, 0x000000068b800000|100%| O|  |TAMS 0x000000068b400000| PB 0x000000068b400000| Untracked 
|  46|0x000000068b800000, 0x000000068bc00000, 0x000000068bc00000|100%| O|  |TAMS 0x000000068b800000| PB 0x000000068b800000| Untracked 
|  47|0x000000068bc00000, 0x000000068c000000, 0x000000068c000000|100%| O|Cm|TAMS 0x000000068bc00000| PB 0x000000068bc00000| Complete 
|  48|0x000000068c000000, 0x000000068c400000, 0x000000068c400000|100%| O|  |TAMS 0x000000068c000000| PB 0x000000068c000000| Untracked 
|  49|0x000000068c400000, 0x000000068c800000, 0x000000068c800000|100%| O|  |TAMS 0x000000068c400000| PB 0x000000068c400000| Untracked 
|  50|0x000000068c800000, 0x000000068c800000, 0x000000068cc00000|  0%| F|  |TAMS 0x000000068c800000| PB 0x000000068c800000| Untracked 
|  51|0x000000068cc00000, 0x000000068d000000, 0x000000068d000000|100%| O|Cm|TAMS 0x000000068cc00000| PB 0x000000068cc00000| Complete 
|  52|0x000000068d000000, 0x000000068d400000, 0x000000068d400000|100%| O|Cm|TAMS 0x000000068d000000| PB 0x000000068d000000| Complete 
|  53|0x000000068d400000, 0x000000068d800000, 0x000000068d800000|100%| O|  |TAMS 0x000000068d400000| PB 0x000000068d400000| Untracked 
|  54|0x000000068d800000, 0x000000068dc00000, 0x000000068dc00000|100%|HS|  |TAMS 0x000000068d800000| PB 0x000000068d800000| Complete 
|  55|0x000000068dc00000, 0x000000068e000000, 0x000000068e000000|100%|HC|  |TAMS 0x000000068dc00000| PB 0x000000068dc00000| Complete 
|  56|0x000000068e000000, 0x000000068e400000, 0x000000068e400000|100%| O|  |TAMS 0x000000068e000000| PB 0x000000068e000000| Untracked 
|  57|0x000000068e400000, 0x000000068e400000, 0x000000068e800000|  0%| F|  |TAMS 0x000000068e400000| PB 0x000000068e400000| Untracked 
|  58|0x000000068e800000, 0x000000068ec00000, 0x000000068ec00000|100%| O|  |TAMS 0x000000068e800000| PB 0x000000068e800000| Untracked 
|  59|0x000000068ec00000, 0x000000068f000000, 0x000000068f000000|100%| O|  |TAMS 0x000000068ec00000| PB 0x000000068ec00000| Untracked 
|  60|0x000000068f000000, 0x000000068f400000, 0x000000068f400000|100%| O|  |TAMS 0x000000068f000000| PB 0x000000068f000000| Untracked 
|  61|0x000000068f400000, 0x000000068f800000, 0x000000068f800000|100%| O|  |TAMS 0x000000068f400000| PB 0x000000068f400000| Untracked 
|  62|0x000000068f800000, 0x000000068fc00000, 0x000000068fc00000|100%| O|  |TAMS 0x000000068f800000| PB 0x000000068f800000| Untracked 
|  63|0x000000068fc00000, 0x0000000690000000, 0x0000000690000000|100%| O|  |TAMS 0x000000068fc00000| PB 0x000000068fc00000| Untracked 
|  64|0x0000000690000000, 0x0000000690400000, 0x0000000690400000|100%| O|  |TAMS 0x0000000690000000| PB 0x0000000690000000| Untracked 
|  65|0x0000000690400000, 0x0000000690800000, 0x0000000690800000|100%| O|  |TAMS 0x0000000690400000| PB 0x0000000690400000| Untracked 
|  66|0x0000000690800000, 0x0000000690c00000, 0x0000000690c00000|100%| O|  |TAMS 0x0000000690800000| PB 0x0000000690800000| Untracked 
|  67|0x0000000690c00000, 0x0000000691000000, 0x0000000691000000|100%| O|  |TAMS 0x0000000690c00000| PB 0x0000000690c00000| Untracked 
|  68|0x0000000691000000, 0x0000000691400000, 0x0000000691400000|100%| O|  |TAMS 0x0000000691000000| PB 0x0000000691000000| Untracked 
|  69|0x0000000691400000, 0x0000000691800000, 0x0000000691800000|100%| O|Cm|TAMS 0x0000000691400000| PB 0x0000000691400000| Complete 
|  70|0x0000000691800000, 0x0000000691800000, 0x0000000691c00000|  0%| F|  |TAMS 0x0000000691800000| PB 0x0000000691800000| Untracked 
|  71|0x0000000691c00000, 0x0000000692000000, 0x0000000692000000|100%| O|  |TAMS 0x0000000691c00000| PB 0x0000000691c00000| Untracked 
|  72|0x0000000692000000, 0x0000000692400000, 0x0000000692400000|100%| O|  |TAMS 0x0000000692000000| PB 0x0000000692000000| Untracked 
|  73|0x0000000692400000, 0x0000000692800000, 0x0000000692800000|100%| O|  |TAMS 0x0000000692400000| PB 0x0000000692400000| Untracked 
|  74|0x0000000692800000, 0x0000000692c00000, 0x0000000692c00000|100%| O|  |TAMS 0x0000000692800000| PB 0x0000000692800000| Untracked 
|  75|0x0000000692c00000, 0x0000000693000000, 0x0000000693000000|100%| O|  |TAMS 0x0000000692c00000| PB 0x0000000692c00000| Untracked 
|  76|0x0000000693000000, 0x0000000693400000, 0x0000000693400000|100%| O|  |TAMS 0x0000000693000000| PB 0x0000000693000000| Untracked 
|  77|0x0000000693400000, 0x0000000693800000, 0x0000000693800000|100%| O|Cm|TAMS 0x0000000693400000| PB 0x0000000693400000| Complete 
|  78|0x0000000693800000, 0x0000000693c00000, 0x0000000693c00000|100%| O|Cm|TAMS 0x0000000693800000| PB 0x0000000693800000| Complete 
|  79|0x0000000693c00000, 0x0000000693c00000, 0x0000000694000000|  0%| F|  |TAMS 0x0000000693c00000| PB 0x0000000693c00000| Untracked 
|  80|0x0000000694000000, 0x0000000694400000, 0x0000000694400000|100%| O|Cm|TAMS 0x0000000694000000| PB 0x0000000694000000| Complete 
|  81|0x0000000694400000, 0x0000000694800000, 0x0000000694800000|100%| O|  |TAMS 0x0000000694400000| PB 0x0000000694400000| Untracked 
|  82|0x0000000694800000, 0x0000000694c00000, 0x0000000694c00000|100%| O|  |TAMS 0x0000000694800000| PB 0x0000000694800000| Untracked 
|  83|0x0000000694c00000, 0x0000000695000000, 0x0000000695000000|100%| O|Cm|TAMS 0x0000000694c00000| PB 0x0000000694c00000| Complete 
|  84|0x0000000695000000, 0x0000000695400000, 0x0000000695400000|100%| O|Cm|TAMS 0x0000000695000000| PB 0x0000000695000000| Complete 
|  85|0x0000000695400000, 0x0000000695800000, 0x0000000695800000|100%| O|  |TAMS 0x0000000695400000| PB 0x0000000695400000| Untracked 
|  86|0x0000000695800000, 0x0000000695c00000, 0x0000000695c00000|100%| O|  |TAMS 0x0000000695800000| PB 0x0000000695800000| Untracked 
|  87|0x0000000695c00000, 0x0000000696000000, 0x0000000696000000|100%| O|  |TAMS 0x0000000695c00000| PB 0x0000000695c00000| Untracked 
|  88|0x0000000696000000, 0x0000000696400000, 0x0000000696400000|100%| O|  |TAMS 0x0000000696000000| PB 0x0000000696000000| Untracked 
|  89|0x0000000696400000, 0x0000000696800000, 0x0000000696800000|100%| O|  |TAMS 0x0000000696400000| PB 0x0000000696400000| Untracked 
|  90|0x0000000696800000, 0x0000000696c00000, 0x0000000696c00000|100%| O|  |TAMS 0x0000000696800000| PB 0x0000000696800000| Untracked 
|  91|0x0000000696c00000, 0x0000000697000000, 0x0000000697000000|100%| O|Cm|TAMS 0x0000000696c00000| PB 0x0000000696c00000| Complete 
|  92|0x0000000697000000, 0x0000000697400000, 0x0000000697400000|100%| O|Cm|TAMS 0x0000000697000000| PB 0x0000000697000000| Complete 
|  93|0x0000000697400000, 0x0000000697800000, 0x0000000697800000|100%| O|  |TAMS 0x0000000697400000| PB 0x0000000697400000| Untracked 
|  94|0x0000000697800000, 0x0000000697c00000, 0x0000000697c00000|100%| O|  |TAMS 0x0000000697800000| PB 0x0000000697800000| Untracked 
|  95|0x0000000697c00000, 0x0000000698000000, 0x0000000698000000|100%| O|  |TAMS 0x0000000697c00000| PB 0x0000000697c00000| Untracked 
|  96|0x0000000698000000, 0x0000000698000000, 0x0000000698400000|  0%| F|  |TAMS 0x0000000698000000| PB 0x0000000698000000| Untracked 
|  97|0x0000000698400000, 0x0000000698800000, 0x0000000698800000|100%| O|Cm|TAMS 0x0000000698400000| PB 0x0000000698400000| Complete 
|  98|0x0000000698800000, 0x0000000698c00000, 0x0000000698c00000|100%| O|  |TAMS 0x0000000698800000| PB 0x0000000698800000| Untracked 
|  99|0x0000000698c00000, 0x0000000699000000, 0x0000000699000000|100%| O|  |TAMS 0x0000000698c00000| PB 0x0000000698c00000| Untracked 
| 100|0x0000000699000000, 0x0000000699400000, 0x0000000699400000|100%| O|Cm|TAMS 0x0000000699000000| PB 0x0000000699000000| Complete 
| 101|0x0000000699400000, 0x0000000699800000, 0x0000000699800000|100%| O|Cm|TAMS 0x0000000699400000| PB 0x0000000699400000| Complete 
| 102|0x0000000699800000, 0x0000000699c00000, 0x0000000699c00000|100%| O|  |TAMS 0x0000000699800000| PB 0x0000000699800000| Untracked 
| 103|0x0000000699c00000, 0x0000000699c00000, 0x000000069a000000|  0%| F|  |TAMS 0x0000000699c00000| PB 0x0000000699c00000| Untracked 
| 104|0x000000069a000000, 0x000000069a000000, 0x000000069a400000|  0%| F|  |TAMS 0x000000069a000000| PB 0x000000069a000000| Untracked 
| 105|0x000000069a400000, 0x000000069a400000, 0x000000069a800000|  0%| F|  |TAMS 0x000000069a400000| PB 0x000000069a400000| Untracked 
| 106|0x000000069a800000, 0x000000069a800000, 0x000000069ac00000|  0%| F|  |TAMS 0x000000069a800000| PB 0x000000069a800000| Untracked 
| 107|0x000000069ac00000, 0x000000069b000000, 0x000000069b000000|100%| O|  |TAMS 0x000000069ac00000| PB 0x000000069ac00000| Untracked 
| 108|0x000000069b000000, 0x000000069b400000, 0x000000069b400000|100%| O|  |TAMS 0x000000069b000000| PB 0x000000069b000000| Untracked 
| 109|0x000000069b400000, 0x000000069b400000, 0x000000069b800000|  0%| F|  |TAMS 0x000000069b400000| PB 0x000000069b400000| Untracked 
| 110|0x000000069b800000, 0x000000069b800000, 0x000000069bc00000|  0%| F|  |TAMS 0x000000069b800000| PB 0x000000069b800000| Untracked 
| 111|0x000000069bc00000, 0x000000069bc00000, 0x000000069c000000|  0%| F|  |TAMS 0x000000069bc00000| PB 0x000000069bc00000| Untracked 
| 112|0x000000069c000000, 0x000000069c000000, 0x000000069c400000|  0%| F|  |TAMS 0x000000069c000000| PB 0x000000069c000000| Untracked 
| 113|0x000000069c400000, 0x000000069c400000, 0x000000069c800000|  0%| F|  |TAMS 0x000000069c400000| PB 0x000000069c400000| Untracked 
| 114|0x000000069c800000, 0x000000069cc00000, 0x000000069cc00000|100%|HS|  |TAMS 0x000000069c800000| PB 0x000000069c800000| Complete 
| 115|0x000000069cc00000, 0x000000069d000000, 0x000000069d000000|100%|HC|  |TAMS 0x000000069cc00000| PB 0x000000069cc00000| Complete 
| 116|0x000000069d000000, 0x000000069d400000, 0x000000069d400000|100%| O|Cm|TAMS 0x000000069d000000| PB 0x000000069d000000| Complete 
| 117|0x000000069d400000, 0x000000069d400000, 0x000000069d800000|  0%| F|  |TAMS 0x000000069d400000| PB 0x000000069d400000| Untracked 
| 118|0x000000069d800000, 0x000000069d800000, 0x000000069dc00000|  0%| F|  |TAMS 0x000000069d800000| PB 0x000000069d800000| Untracked 
| 119|0x000000069dc00000, 0x000000069dc00000, 0x000000069e000000|  0%| F|  |TAMS 0x000000069dc00000| PB 0x000000069dc00000| Untracked 
| 120|0x000000069e000000, 0x000000069e400000, 0x000000069e400000|100%| O|Cm|TAMS 0x000000069e000000| PB 0x000000069e000000| Complete 
| 121|0x000000069e400000, 0x000000069e800000, 0x000000069e800000|100%| O|Cm|TAMS 0x000000069e400000| PB 0x000000069e400000| Complete 
| 122|0x000000069e800000, 0x000000069e800000, 0x000000069ec00000|  0%| F|  |TAMS 0x000000069e800000| PB 0x000000069e800000| Untracked 
| 123|0x000000069ec00000, 0x000000069ec00000, 0x000000069f000000|  0%| F|  |TAMS 0x000000069ec00000| PB 0x000000069ec00000| Untracked 
| 124|0x000000069f000000, 0x000000069f000000, 0x000000069f400000|  0%| F|  |TAMS 0x000000069f000000| PB 0x000000069f000000| Untracked 
| 125|0x000000069f400000, 0x000000069f400000, 0x000000069f800000|  0%| F|  |TAMS 0x000000069f400000| PB 0x000000069f400000| Untracked 
| 126|0x000000069f800000, 0x000000069f800000, 0x000000069fc00000|  0%| F|  |TAMS 0x000000069f800000| PB 0x000000069f800000| Untracked 
| 127|0x000000069fc00000, 0x000000069fc00000, 0x00000006a0000000|  0%| F|  |TAMS 0x000000069fc00000| PB 0x000000069fc00000| Untracked 
| 128|0x00000006a0000000, 0x00000006a0000000, 0x00000006a0400000|  0%| F|  |TAMS 0x00000006a0000000| PB 0x00000006a0000000| Untracked 
| 129|0x00000006a0400000, 0x00000006a0400000, 0x00000006a0800000|  0%| F|  |TAMS 0x00000006a0400000| PB 0x00000006a0400000| Untracked 
| 130|0x00000006a0800000, 0x00000006a0800000, 0x00000006a0c00000|  0%| F|  |TAMS 0x00000006a0800000| PB 0x00000006a0800000| Untracked 
| 131|0x00000006a0c00000, 0x00000006a0c00000, 0x00000006a1000000|  0%| F|  |TAMS 0x00000006a0c00000| PB 0x00000006a0c00000| Untracked 
| 132|0x00000006a1000000, 0x00000006a1000000, 0x00000006a1400000|  0%| F|  |TAMS 0x00000006a1000000| PB 0x00000006a1000000| Untracked 
| 133|0x00000006a1400000, 0x00000006a1400000, 0x00000006a1800000|  0%| F|  |TAMS 0x00000006a1400000| PB 0x00000006a1400000| Untracked 
| 134|0x00000006a1800000, 0x00000006a1800000, 0x00000006a1c00000|  0%| F|  |TAMS 0x00000006a1800000| PB 0x00000006a1800000| Untracked 
| 135|0x00000006a1c00000, 0x00000006a1c00000, 0x00000006a2000000|  0%| F|  |TAMS 0x00000006a1c00000| PB 0x00000006a1c00000| Untracked 
| 136|0x00000006a2000000, 0x00000006a2000000, 0x00000006a2400000|  0%| F|  |TAMS 0x00000006a2000000| PB 0x00000006a2000000| Untracked 
| 137|0x00000006a2400000, 0x00000006a2400000, 0x00000006a2800000|  0%| F|  |TAMS 0x00000006a2400000| PB 0x00000006a2400000| Untracked 
| 138|0x00000006a2800000, 0x00000006a2800000, 0x00000006a2c00000|  0%| F|  |TAMS 0x00000006a2800000| PB 0x00000006a2800000| Untracked 
| 139|0x00000006a2c00000, 0x00000006a2c00000, 0x00000006a3000000|  0%| F|  |TAMS 0x00000006a2c00000| PB 0x00000006a2c00000| Untracked 
| 140|0x00000006a3000000, 0x00000006a3000000, 0x00000006a3400000|  0%| F|  |TAMS 0x00000006a3000000| PB 0x00000006a3000000| Untracked 
| 141|0x00000006a3400000, 0x00000006a3400000, 0x00000006a3800000|  0%| F|  |TAMS 0x00000006a3400000| PB 0x00000006a3400000| Untracked 
| 142|0x00000006a3800000, 0x00000006a3800000, 0x00000006a3c00000|  0%| F|  |TAMS 0x00000006a3800000| PB 0x00000006a3800000| Untracked 
| 143|0x00000006a3c00000, 0x00000006a3c00000, 0x00000006a4000000|  0%| F|  |TAMS 0x00000006a3c00000| PB 0x00000006a3c00000| Untracked 
| 144|0x00000006a4000000, 0x00000006a4000000, 0x00000006a4400000|  0%| F|  |TAMS 0x00000006a4000000| PB 0x00000006a4000000| Untracked 
| 145|0x00000006a4400000, 0x00000006a4400000, 0x00000006a4800000|  0%| F|  |TAMS 0x00000006a4400000| PB 0x00000006a4400000| Untracked 
| 146|0x00000006a4800000, 0x00000006a4800000, 0x00000006a4c00000|  0%| F|  |TAMS 0x00000006a4800000| PB 0x00000006a4800000| Untracked 
| 147|0x00000006a4c00000, 0x00000006a4c00000, 0x00000006a5000000|  0%| F|  |TAMS 0x00000006a4c00000| PB 0x00000006a4c00000| Untracked 
| 148|0x00000006a5000000, 0x00000006a5000000, 0x00000006a5400000|  0%| F|  |TAMS 0x00000006a5000000| PB 0x00000006a5000000| Untracked 
| 149|0x00000006a5400000, 0x00000006a5400000, 0x00000006a5800000|  0%| F|  |TAMS 0x00000006a5400000| PB 0x00000006a5400000| Untracked 
| 150|0x00000006a5800000, 0x00000006a5800000, 0x00000006a5c00000|  0%| F|  |TAMS 0x00000006a5800000| PB 0x00000006a5800000| Untracked 
| 151|0x00000006a5c00000, 0x00000006a5c00000, 0x00000006a6000000|  0%| F|  |TAMS 0x00000006a5c00000| PB 0x00000006a5c00000| Untracked 
| 152|0x00000006a6000000, 0x00000006a6000000, 0x00000006a6400000|  0%| F|  |TAMS 0x00000006a6000000| PB 0x00000006a6000000| Untracked 
| 153|0x00000006a6400000, 0x00000006a6400000, 0x00000006a6800000|  0%| F|  |TAMS 0x00000006a6400000| PB 0x00000006a6400000| Untracked 
| 154|0x00000006a6800000, 0x00000006a6800000, 0x00000006a6c00000|  0%| F|  |TAMS 0x00000006a6800000| PB 0x00000006a6800000| Untracked 
| 155|0x00000006a6c00000, 0x00000006a6c00000, 0x00000006a7000000|  0%| F|  |TAMS 0x00000006a6c00000| PB 0x00000006a6c00000| Untracked 
| 156|0x00000006a7000000, 0x00000006a7000000, 0x00000006a7400000|  0%| F|  |TAMS 0x00000006a7000000| PB 0x00000006a7000000| Untracked 
| 157|0x00000006a7400000, 0x00000006a7400000, 0x00000006a7800000|  0%| F|  |TAMS 0x00000006a7400000| PB 0x00000006a7400000| Untracked 
| 158|0x00000006a7800000, 0x00000006a7800000, 0x00000006a7c00000|  0%| F|  |TAMS 0x00000006a7800000| PB 0x00000006a7800000| Untracked 
| 159|0x00000006a7c00000, 0x00000006a7c00000, 0x00000006a8000000|  0%| F|  |TAMS 0x00000006a7c00000| PB 0x00000006a7c00000| Untracked 
| 160|0x00000006a8000000, 0x00000006a8000000, 0x00000006a8400000|  0%| F|  |TAMS 0x00000006a8000000| PB 0x00000006a8000000| Untracked 
| 161|0x00000006a8400000, 0x00000006a8400000, 0x00000006a8800000|  0%| F|  |TAMS 0x00000006a8400000| PB 0x00000006a8400000| Untracked 
| 162|0x00000006a8800000, 0x00000006a8800000, 0x00000006a8c00000|  0%| F|  |TAMS 0x00000006a8800000| PB 0x00000006a8800000| Untracked 
| 163|0x00000006a8c00000, 0x00000006a8c00000, 0x00000006a9000000|  0%| F|  |TAMS 0x00000006a8c00000| PB 0x00000006a8c00000| Untracked 
| 164|0x00000006a9000000, 0x00000006a9000000, 0x00000006a9400000|  0%| F|  |TAMS 0x00000006a9000000| PB 0x00000006a9000000| Untracked 
| 165|0x00000006a9400000, 0x00000006a9400000, 0x00000006a9800000|  0%| F|  |TAMS 0x00000006a9400000| PB 0x00000006a9400000| Untracked 
| 166|0x00000006a9800000, 0x00000006a9800000, 0x00000006a9c00000|  0%| F|  |TAMS 0x00000006a9800000| PB 0x00000006a9800000| Untracked 
| 167|0x00000006a9c00000, 0x00000006a9c00000, 0x00000006aa000000|  0%| F|  |TAMS 0x00000006a9c00000| PB 0x00000006a9c00000| Untracked 
| 168|0x00000006aa000000, 0x00000006aa000000, 0x00000006aa400000|  0%| F|  |TAMS 0x00000006aa000000| PB 0x00000006aa000000| Untracked 
| 169|0x00000006aa400000, 0x00000006aa400000, 0x00000006aa800000|  0%| F|  |TAMS 0x00000006aa400000| PB 0x00000006aa400000| Untracked 
| 170|0x00000006aa800000, 0x00000006aa800000, 0x00000006aac00000|  0%| F|  |TAMS 0x00000006aa800000| PB 0x00000006aa800000| Untracked 
| 171|0x00000006aac00000, 0x00000006aac00000, 0x00000006ab000000|  0%| F|  |TAMS 0x00000006aac00000| PB 0x00000006aac00000| Untracked 
| 172|0x00000006ab000000, 0x00000006ab000000, 0x00000006ab400000|  0%| F|  |TAMS 0x00000006ab000000| PB 0x00000006ab000000| Untracked 
| 173|0x00000006ab400000, 0x00000006ab400000, 0x00000006ab800000|  0%| F|  |TAMS 0x00000006ab400000| PB 0x00000006ab400000| Untracked 
| 174|0x00000006ab800000, 0x00000006ab800000, 0x00000006abc00000|  0%| F|  |TAMS 0x00000006ab800000| PB 0x00000006ab800000| Untracked 
| 175|0x00000006abc00000, 0x00000006abc00000, 0x00000006ac000000|  0%| F|  |TAMS 0x00000006abc00000| PB 0x00000006abc00000| Untracked 
| 176|0x00000006ac000000, 0x00000006ac000000, 0x00000006ac400000|  0%| F|  |TAMS 0x00000006ac000000| PB 0x00000006ac000000| Untracked 
| 177|0x00000006ac400000, 0x00000006ac400000, 0x00000006ac800000|  0%| F|  |TAMS 0x00000006ac400000| PB 0x00000006ac400000| Untracked 
| 178|0x00000006ac800000, 0x00000006ac800000, 0x00000006acc00000|  0%| F|  |TAMS 0x00000006ac800000| PB 0x00000006ac800000| Untracked 
| 179|0x00000006acc00000, 0x00000006acc00000, 0x00000006ad000000|  0%| F|  |TAMS 0x00000006acc00000| PB 0x00000006acc00000| Untracked 
| 180|0x00000006ad000000, 0x00000006ad000000, 0x00000006ad400000|  0%| F|  |TAMS 0x00000006ad000000| PB 0x00000006ad000000| Untracked 
| 181|0x00000006ad400000, 0x00000006ad400000, 0x00000006ad800000|  0%| F|  |TAMS 0x00000006ad400000| PB 0x00000006ad400000| Untracked 
| 182|0x00000006ad800000, 0x00000006ad800000, 0x00000006adc00000|  0%| F|  |TAMS 0x00000006ad800000| PB 0x00000006ad800000| Untracked 
| 183|0x00000006adc00000, 0x00000006adc00000, 0x00000006ae000000|  0%| F|  |TAMS 0x00000006adc00000| PB 0x00000006adc00000| Untracked 
| 184|0x00000006ae000000, 0x00000006ae000000, 0x00000006ae400000|  0%| F|  |TAMS 0x00000006ae000000| PB 0x00000006ae000000| Untracked 
| 185|0x00000006ae400000, 0x00000006ae400000, 0x00000006ae800000|  0%| F|  |TAMS 0x00000006ae400000| PB 0x00000006ae400000| Untracked 
| 186|0x00000006ae800000, 0x00000006ae800000, 0x00000006aec00000|  0%| F|  |TAMS 0x00000006ae800000| PB 0x00000006ae800000| Untracked 
| 187|0x00000006aec00000, 0x00000006aec00000, 0x00000006af000000|  0%| F|  |TAMS 0x00000006aec00000| PB 0x00000006aec00000| Untracked 
| 188|0x00000006af000000, 0x00000006af000000, 0x00000006af400000|  0%| F|  |TAMS 0x00000006af000000| PB 0x00000006af000000| Untracked 
| 189|0x00000006af400000, 0x00000006af400000, 0x00000006af800000|  0%| F|  |TAMS 0x00000006af400000| PB 0x00000006af400000| Untracked 
| 190|0x00000006af800000, 0x00000006af800000, 0x00000006afc00000|  0%| F|  |TAMS 0x00000006af800000| PB 0x00000006af800000| Untracked 
| 191|0x00000006afc00000, 0x00000006afc00000, 0x00000006b0000000|  0%| F|  |TAMS 0x00000006afc00000| PB 0x00000006afc00000| Untracked 
| 192|0x00000006b0000000, 0x00000006b0000000, 0x00000006b0400000|  0%| F|  |TAMS 0x00000006b0000000| PB 0x00000006b0000000| Untracked 
| 193|0x00000006b0400000, 0x00000006b0400000, 0x00000006b0800000|  0%| F|  |TAMS 0x00000006b0400000| PB 0x00000006b0400000| Untracked 
| 194|0x00000006b0800000, 0x00000006b0800000, 0x00000006b0c00000|  0%| F|  |TAMS 0x00000006b0800000| PB 0x00000006b0800000| Untracked 
| 195|0x00000006b0c00000, 0x00000006b0c00000, 0x00000006b1000000|  0%| F|  |TAMS 0x00000006b0c00000| PB 0x00000006b0c00000| Untracked 
| 196|0x00000006b1000000, 0x00000006b1000000, 0x00000006b1400000|  0%| F|  |TAMS 0x00000006b1000000| PB 0x00000006b1000000| Untracked 
| 197|0x00000006b1400000, 0x00000006b1400000, 0x00000006b1800000|  0%| F|  |TAMS 0x00000006b1400000| PB 0x00000006b1400000| Untracked 
| 198|0x00000006b1800000, 0x00000006b1800000, 0x00000006b1c00000|  0%| F|  |TAMS 0x00000006b1800000| PB 0x00000006b1800000| Untracked 
| 199|0x00000006b1c00000, 0x00000006b1c00000, 0x00000006b2000000|  0%| F|  |TAMS 0x00000006b1c00000| PB 0x00000006b1c00000| Untracked 
| 200|0x00000006b2000000, 0x00000006b2000000, 0x00000006b2400000|  0%| F|  |TAMS 0x00000006b2000000| PB 0x00000006b2000000| Untracked 
| 201|0x00000006b2400000, 0x00000006b2400000, 0x00000006b2800000|  0%| F|  |TAMS 0x00000006b2400000| PB 0x00000006b2400000| Untracked 
| 202|0x00000006b2800000, 0x00000006b2800000, 0x00000006b2c00000|  0%| F|  |TAMS 0x00000006b2800000| PB 0x00000006b2800000| Untracked 
| 203|0x00000006b2c00000, 0x00000006b2c00000, 0x00000006b3000000|  0%| F|  |TAMS 0x00000006b2c00000| PB 0x00000006b2c00000| Untracked 
| 204|0x00000006b3000000, 0x00000006b3000000, 0x00000006b3400000|  0%| F|  |TAMS 0x00000006b3000000| PB 0x00000006b3000000| Untracked 
| 205|0x00000006b3400000, 0x00000006b3400000, 0x00000006b3800000|  0%| F|  |TAMS 0x00000006b3400000| PB 0x00000006b3400000| Untracked 
| 206|0x00000006b3800000, 0x00000006b3800000, 0x00000006b3c00000|  0%| F|  |TAMS 0x00000006b3800000| PB 0x00000006b3800000| Untracked 
| 207|0x00000006b3c00000, 0x00000006b3c00000, 0x00000006b4000000|  0%| F|  |TAMS 0x00000006b3c00000| PB 0x00000006b3c00000| Untracked 
| 208|0x00000006b4000000, 0x00000006b4000000, 0x00000006b4400000|  0%| F|  |TAMS 0x00000006b4000000| PB 0x00000006b4000000| Untracked 
| 209|0x00000006b4400000, 0x00000006b4400000, 0x00000006b4800000|  0%| F|  |TAMS 0x00000006b4400000| PB 0x00000006b4400000| Untracked 
| 210|0x00000006b4800000, 0x00000006b4800000, 0x00000006b4c00000|  0%| F|  |TAMS 0x00000006b4800000| PB 0x00000006b4800000| Untracked 
| 211|0x00000006b4c00000, 0x00000006b4c00000, 0x00000006b5000000|  0%| F|  |TAMS 0x00000006b4c00000| PB 0x00000006b4c00000| Untracked 
| 212|0x00000006b5000000, 0x00000006b5000000, 0x00000006b5400000|  0%| F|  |TAMS 0x00000006b5000000| PB 0x00000006b5000000| Untracked 
| 213|0x00000006b5400000, 0x00000006b5400000, 0x00000006b5800000|  0%| F|  |TAMS 0x00000006b5400000| PB 0x00000006b5400000| Untracked 
| 214|0x00000006b5800000, 0x00000006b5800000, 0x00000006b5c00000|  0%| F|  |TAMS 0x00000006b5800000| PB 0x00000006b5800000| Untracked 
| 215|0x00000006b5c00000, 0x00000006b5c00000, 0x00000006b6000000|  0%| F|  |TAMS 0x00000006b5c00000| PB 0x00000006b5c00000| Untracked 
| 216|0x00000006b6000000, 0x00000006b6000000, 0x00000006b6400000|  0%| F|  |TAMS 0x00000006b6000000| PB 0x00000006b6000000| Untracked 
| 217|0x00000006b6400000, 0x00000006b6400000, 0x00000006b6800000|  0%| F|  |TAMS 0x00000006b6400000| PB 0x00000006b6400000| Untracked 
| 218|0x00000006b6800000, 0x00000006b6800000, 0x00000006b6c00000|  0%| F|  |TAMS 0x00000006b6800000| PB 0x00000006b6800000| Untracked 
| 219|0x00000006b6c00000, 0x00000006b6c00000, 0x00000006b7000000|  0%| F|  |TAMS 0x00000006b6c00000| PB 0x00000006b6c00000| Untracked 
| 220|0x00000006b7000000, 0x00000006b7000000, 0x00000006b7400000|  0%| F|  |TAMS 0x00000006b7000000| PB 0x00000006b7000000| Untracked 
| 221|0x00000006b7400000, 0x00000006b7400000, 0x00000006b7800000|  0%| F|  |TAMS 0x00000006b7400000| PB 0x00000006b7400000| Untracked 
| 222|0x00000006b7800000, 0x00000006b7800000, 0x00000006b7c00000|  0%| F|  |TAMS 0x00000006b7800000| PB 0x00000006b7800000| Untracked 
| 223|0x00000006b7c00000, 0x00000006b7c00000, 0x00000006b8000000|  0%| F|  |TAMS 0x00000006b7c00000| PB 0x00000006b7c00000| Untracked 
| 224|0x00000006b8000000, 0x00000006b8000000, 0x00000006b8400000|  0%| F|  |TAMS 0x00000006b8000000| PB 0x00000006b8000000| Untracked 
| 225|0x00000006b8400000, 0x00000006b8400000, 0x00000006b8800000|  0%| F|  |TAMS 0x00000006b8400000| PB 0x00000006b8400000| Untracked 
| 226|0x00000006b8800000, 0x00000006b8800000, 0x00000006b8c00000|  0%| F|  |TAMS 0x00000006b8800000| PB 0x00000006b8800000| Untracked 
| 227|0x00000006b8c00000, 0x00000006b8c00000, 0x00000006b9000000|  0%| F|  |TAMS 0x00000006b8c00000| PB 0x00000006b8c00000| Untracked 
| 228|0x00000006b9000000, 0x00000006b9000000, 0x00000006b9400000|  0%| F|  |TAMS 0x00000006b9000000| PB 0x00000006b9000000| Untracked 
| 229|0x00000006b9400000, 0x00000006b9400000, 0x00000006b9800000|  0%| F|  |TAMS 0x00000006b9400000| PB 0x00000006b9400000| Untracked 
| 230|0x00000006b9800000, 0x00000006b9800000, 0x00000006b9c00000|  0%| F|  |TAMS 0x00000006b9800000| PB 0x00000006b9800000| Untracked 
| 231|0x00000006b9c00000, 0x00000006b9c00000, 0x00000006ba000000|  0%| F|  |TAMS 0x00000006b9c00000| PB 0x00000006b9c00000| Untracked 
| 232|0x00000006ba000000, 0x00000006ba000000, 0x00000006ba400000|  0%| F|  |TAMS 0x00000006ba000000| PB 0x00000006ba000000| Untracked 
| 233|0x00000006ba400000, 0x00000006ba400000, 0x00000006ba800000|  0%| F|  |TAMS 0x00000006ba400000| PB 0x00000006ba400000| Untracked 
| 234|0x00000006ba800000, 0x00000006ba800000, 0x00000006bac00000|  0%| F|  |TAMS 0x00000006ba800000| PB 0x00000006ba800000| Untracked 
| 235|0x00000006bac00000, 0x00000006bac00000, 0x00000006bb000000|  0%| F|  |TAMS 0x00000006bac00000| PB 0x00000006bac00000| Untracked 
| 236|0x00000006bb000000, 0x00000006bb000000, 0x00000006bb400000|  0%| F|  |TAMS 0x00000006bb000000| PB 0x00000006bb000000| Untracked 
| 237|0x00000006bb400000, 0x00000006bb400000, 0x00000006bb800000|  0%| F|  |TAMS 0x00000006bb400000| PB 0x00000006bb400000| Untracked 
| 238|0x00000006bb800000, 0x00000006bb800000, 0x00000006bbc00000|  0%| F|  |TAMS 0x00000006bb800000| PB 0x00000006bb800000| Untracked 
| 239|0x00000006bbc00000, 0x00000006bbc00000, 0x00000006bc000000|  0%| F|  |TAMS 0x00000006bbc00000| PB 0x00000006bbc00000| Untracked 
| 240|0x00000006bc000000, 0x00000006bc000000, 0x00000006bc400000|  0%| F|  |TAMS 0x00000006bc000000| PB 0x00000006bc000000| Untracked 
| 241|0x00000006bc400000, 0x00000006bc400000, 0x00000006bc800000|  0%| F|  |TAMS 0x00000006bc400000| PB 0x00000006bc400000| Untracked 
| 242|0x00000006bc800000, 0x00000006bc800000, 0x00000006bcc00000|  0%| F|  |TAMS 0x00000006bc800000| PB 0x00000006bc800000| Untracked 
| 243|0x00000006bcc00000, 0x00000006bcc00000, 0x00000006bd000000|  0%| F|  |TAMS 0x00000006bcc00000| PB 0x00000006bcc00000| Untracked 
| 244|0x00000006bd000000, 0x00000006bd000000, 0x00000006bd400000|  0%| F|  |TAMS 0x00000006bd000000| PB 0x00000006bd000000| Untracked 
| 245|0x00000006bd400000, 0x00000006bd400000, 0x00000006bd800000|  0%| F|  |TAMS 0x00000006bd400000| PB 0x00000006bd400000| Untracked 
| 246|0x00000006bd800000, 0x00000006bd800000, 0x00000006bdc00000|  0%| F|  |TAMS 0x00000006bd800000| PB 0x00000006bd800000| Untracked 
| 247|0x00000006bdc00000, 0x00000006bdc00000, 0x00000006be000000|  0%| F|  |TAMS 0x00000006bdc00000| PB 0x00000006bdc00000| Untracked 
| 248|0x00000006be000000, 0x00000006be000000, 0x00000006be400000|  0%| F|  |TAMS 0x00000006be000000| PB 0x00000006be000000| Untracked 
| 249|0x00000006be400000, 0x00000006be400000, 0x00000006be800000|  0%| F|  |TAMS 0x00000006be400000| PB 0x00000006be400000| Untracked 
| 250|0x00000006be800000, 0x00000006be800000, 0x00000006bec00000|  0%| F|  |TAMS 0x00000006be800000| PB 0x00000006be800000| Untracked 
| 251|0x00000006bec00000, 0x00000006bec00000, 0x00000006bf000000|  0%| F|  |TAMS 0x00000006bec00000| PB 0x00000006bec00000| Untracked 
| 252|0x00000006bf000000, 0x00000006bf000000, 0x00000006bf400000|  0%| F|  |TAMS 0x00000006bf000000| PB 0x00000006bf000000| Untracked 
| 253|0x00000006bf400000, 0x00000006bf400000, 0x00000006bf800000|  0%| F|  |TAMS 0x00000006bf400000| PB 0x00000006bf400000| Untracked 
| 254|0x00000006bf800000, 0x00000006bf800000, 0x00000006bfc00000|  0%| F|  |TAMS 0x00000006bf800000| PB 0x00000006bf800000| Untracked 
| 255|0x00000006bfc00000, 0x00000006bfc00000, 0x00000006c0000000|  0%| F|  |TAMS 0x00000006bfc00000| PB 0x00000006bfc00000| Untracked 
| 256|0x00000006c0000000, 0x00000006c0000000, 0x00000006c0400000|  0%| F|  |TAMS 0x00000006c0000000| PB 0x00000006c0000000| Untracked 
| 257|0x00000006c0400000, 0x00000006c0400000, 0x00000006c0800000|  0%| F|  |TAMS 0x00000006c0400000| PB 0x00000006c0400000| Untracked 
| 258|0x00000006c0800000, 0x00000006c0800000, 0x00000006c0c00000|  0%| F|  |TAMS 0x00000006c0800000| PB 0x00000006c0800000| Untracked 
| 259|0x00000006c0c00000, 0x00000006c0c00000, 0x00000006c1000000|  0%| F|  |TAMS 0x00000006c0c00000| PB 0x00000006c0c00000| Untracked 
| 260|0x00000006c1000000, 0x00000006c1000000, 0x00000006c1400000|  0%| F|  |TAMS 0x00000006c1000000| PB 0x00000006c1000000| Untracked 
| 261|0x00000006c1400000, 0x00000006c1400000, 0x00000006c1800000|  0%| F|  |TAMS 0x00000006c1400000| PB 0x00000006c1400000| Untracked 
| 262|0x00000006c1800000, 0x00000006c1800000, 0x00000006c1c00000|  0%| F|  |TAMS 0x00000006c1800000| PB 0x00000006c1800000| Untracked 
| 263|0x00000006c1c00000, 0x00000006c1c00000, 0x00000006c2000000|  0%| F|  |TAMS 0x00000006c1c00000| PB 0x00000006c1c00000| Untracked 
| 264|0x00000006c2000000, 0x00000006c2000000, 0x00000006c2400000|  0%| F|  |TAMS 0x00000006c2000000| PB 0x00000006c2000000| Untracked 
| 265|0x00000006c2400000, 0x00000006c2400000, 0x00000006c2800000|  0%| F|  |TAMS 0x00000006c2400000| PB 0x00000006c2400000| Untracked 
| 266|0x00000006c2800000, 0x00000006c2800000, 0x00000006c2c00000|  0%| F|  |TAMS 0x00000006c2800000| PB 0x00000006c2800000| Untracked 
| 267|0x00000006c2c00000, 0x00000006c2c00000, 0x00000006c3000000|  0%| F|  |TAMS 0x00000006c2c00000| PB 0x00000006c2c00000| Untracked 
| 268|0x00000006c3000000, 0x00000006c3000000, 0x00000006c3400000|  0%| F|  |TAMS 0x00000006c3000000| PB 0x00000006c3000000| Untracked 
| 269|0x00000006c3400000, 0x00000006c3400000, 0x00000006c3800000|  0%| F|  |TAMS 0x00000006c3400000| PB 0x00000006c3400000| Untracked 
| 270|0x00000006c3800000, 0x00000006c3800000, 0x00000006c3c00000|  0%| F|  |TAMS 0x00000006c3800000| PB 0x00000006c3800000| Untracked 
| 271|0x00000006c3c00000, 0x00000006c3c00000, 0x00000006c4000000|  0%| F|  |TAMS 0x00000006c3c00000| PB 0x00000006c3c00000| Untracked 
| 272|0x00000006c4000000, 0x00000006c4000000, 0x00000006c4400000|  0%| F|  |TAMS 0x00000006c4000000| PB 0x00000006c4000000| Untracked 
| 273|0x00000006c4400000, 0x00000006c4400000, 0x00000006c4800000|  0%| F|  |TAMS 0x00000006c4400000| PB 0x00000006c4400000| Untracked 
| 274|0x00000006c4800000, 0x00000006c4800000, 0x00000006c4c00000|  0%| F|  |TAMS 0x00000006c4800000| PB 0x00000006c4800000| Untracked 
| 275|0x00000006c4c00000, 0x00000006c4c00000, 0x00000006c5000000|  0%| F|  |TAMS 0x00000006c4c00000| PB 0x00000006c4c00000| Untracked 
| 276|0x00000006c5000000, 0x00000006c5000000, 0x00000006c5400000|  0%| F|  |TAMS 0x00000006c5000000| PB 0x00000006c5000000| Untracked 
| 277|0x00000006c5400000, 0x00000006c5400000, 0x00000006c5800000|  0%| F|  |TAMS 0x00000006c5400000| PB 0x00000006c5400000| Untracked 
| 278|0x00000006c5800000, 0x00000006c5800000, 0x00000006c5c00000|  0%| F|  |TAMS 0x00000006c5800000| PB 0x00000006c5800000| Untracked 
| 279|0x00000006c5c00000, 0x00000006c5c00000, 0x00000006c6000000|  0%| F|  |TAMS 0x00000006c5c00000| PB 0x00000006c5c00000| Untracked 
| 280|0x00000006c6000000, 0x00000006c6000000, 0x00000006c6400000|  0%| F|  |TAMS 0x00000006c6000000| PB 0x00000006c6000000| Untracked 
| 281|0x00000006c6400000, 0x00000006c6400000, 0x00000006c6800000|  0%| F|  |TAMS 0x00000006c6400000| PB 0x00000006c6400000| Untracked 
| 282|0x00000006c6800000, 0x00000006c6800000, 0x00000006c6c00000|  0%| F|  |TAMS 0x00000006c6800000| PB 0x00000006c6800000| Untracked 
| 283|0x00000006c6c00000, 0x00000006c6c00000, 0x00000006c7000000|  0%| F|  |TAMS 0x00000006c6c00000| PB 0x00000006c6c00000| Untracked 
| 284|0x00000006c7000000, 0x00000006c7000000, 0x00000006c7400000|  0%| F|  |TAMS 0x00000006c7000000| PB 0x00000006c7000000| Untracked 
| 285|0x00000006c7400000, 0x00000006c7400000, 0x00000006c7800000|  0%| F|  |TAMS 0x00000006c7400000| PB 0x00000006c7400000| Untracked 
| 286|0x00000006c7800000, 0x00000006c7800000, 0x00000006c7c00000|  0%| F|  |TAMS 0x00000006c7800000| PB 0x00000006c7800000| Untracked 
| 287|0x00000006c7c00000, 0x00000006c7c00000, 0x00000006c8000000|  0%| F|  |TAMS 0x00000006c7c00000| PB 0x00000006c7c00000| Untracked 
| 288|0x00000006c8000000, 0x00000006c8000000, 0x00000006c8400000|  0%| F|  |TAMS 0x00000006c8000000| PB 0x00000006c8000000| Untracked 
| 289|0x00000006c8400000, 0x00000006c8400000, 0x00000006c8800000|  0%| F|  |TAMS 0x00000006c8400000| PB 0x00000006c8400000| Untracked 
| 290|0x00000006c8800000, 0x00000006c8800000, 0x00000006c8c00000|  0%| F|  |TAMS 0x00000006c8800000| PB 0x00000006c8800000| Untracked 
| 291|0x00000006c8c00000, 0x00000006c8c00000, 0x00000006c9000000|  0%| F|  |TAMS 0x00000006c8c00000| PB 0x00000006c8c00000| Untracked 
| 292|0x00000006c9000000, 0x00000006c9000000, 0x00000006c9400000|  0%| F|  |TAMS 0x00000006c9000000| PB 0x00000006c9000000| Untracked 
| 293|0x00000006c9400000, 0x00000006c9400000, 0x00000006c9800000|  0%| F|  |TAMS 0x00000006c9400000| PB 0x00000006c9400000| Untracked 
| 294|0x00000006c9800000, 0x00000006c9800000, 0x00000006c9c00000|  0%| F|  |TAMS 0x00000006c9800000| PB 0x00000006c9800000| Untracked 
| 295|0x00000006c9c00000, 0x00000006c9c00000, 0x00000006ca000000|  0%| F|  |TAMS 0x00000006c9c00000| PB 0x00000006c9c00000| Untracked 
| 296|0x00000006ca000000, 0x00000006ca000000, 0x00000006ca400000|  0%| F|  |TAMS 0x00000006ca000000| PB 0x00000006ca000000| Untracked 
| 297|0x00000006ca400000, 0x00000006ca400000, 0x00000006ca800000|  0%| F|  |TAMS 0x00000006ca400000| PB 0x00000006ca400000| Untracked 
| 298|0x00000006ca800000, 0x00000006ca800000, 0x00000006cac00000|  0%| F|  |TAMS 0x00000006ca800000| PB 0x00000006ca800000| Untracked 
| 299|0x00000006cac00000, 0x00000006cac00000, 0x00000006cb000000|  0%| F|  |TAMS 0x00000006cac00000| PB 0x00000006cac00000| Untracked 
| 300|0x00000006cb000000, 0x00000006cb000000, 0x00000006cb400000|  0%| F|  |TAMS 0x00000006cb000000| PB 0x00000006cb000000| Untracked 
| 301|0x00000006cb400000, 0x00000006cb400000, 0x00000006cb800000|  0%| F|  |TAMS 0x00000006cb400000| PB 0x00000006cb400000| Untracked 
| 302|0x00000006cb800000, 0x00000006cb800000, 0x00000006cbc00000|  0%| F|  |TAMS 0x00000006cb800000| PB 0x00000006cb800000| Untracked 
| 303|0x00000006cbc00000, 0x00000006cbc00000, 0x00000006cc000000|  0%| F|  |TAMS 0x00000006cbc00000| PB 0x00000006cbc00000| Untracked 
| 304|0x00000006cc000000, 0x00000006cc000000, 0x00000006cc400000|  0%| F|  |TAMS 0x00000006cc000000| PB 0x00000006cc000000| Untracked 
| 305|0x00000006cc400000, 0x00000006cc400000, 0x00000006cc800000|  0%| F|  |TAMS 0x00000006cc400000| PB 0x00000006cc400000| Untracked 
| 306|0x00000006cc800000, 0x00000006cc800000, 0x00000006ccc00000|  0%| F|  |TAMS 0x00000006cc800000| PB 0x00000006cc800000| Untracked 
| 307|0x00000006ccc00000, 0x00000006ccc00000, 0x00000006cd000000|  0%| F|  |TAMS 0x00000006ccc00000| PB 0x00000006ccc00000| Untracked 
| 308|0x00000006cd000000, 0x00000006cd000000, 0x00000006cd400000|  0%| F|  |TAMS 0x00000006cd000000| PB 0x00000006cd000000| Untracked 
| 309|0x00000006cd400000, 0x00000006cd400000, 0x00000006cd800000|  0%| F|  |TAMS 0x00000006cd400000| PB 0x00000006cd400000| Untracked 
| 310|0x00000006cd800000, 0x00000006cd800000, 0x00000006cdc00000|  0%| F|  |TAMS 0x00000006cd800000| PB 0x00000006cd800000| Untracked 
| 311|0x00000006cdc00000, 0x00000006cdc00000, 0x00000006ce000000|  0%| F|  |TAMS 0x00000006cdc00000| PB 0x00000006cdc00000| Untracked 
| 312|0x00000006ce000000, 0x00000006ce000000, 0x00000006ce400000|  0%| F|  |TAMS 0x00000006ce000000| PB 0x00000006ce000000| Untracked 
| 313|0x00000006ce400000, 0x00000006ce400000, 0x00000006ce800000|  0%| F|  |TAMS 0x00000006ce400000| PB 0x00000006ce400000| Untracked 
| 314|0x00000006ce800000, 0x00000006ce800000, 0x00000006cec00000|  0%| F|  |TAMS 0x00000006ce800000| PB 0x00000006ce800000| Untracked 
| 315|0x00000006cec00000, 0x00000006cec00000, 0x00000006cf000000|  0%| F|  |TAMS 0x00000006cec00000| PB 0x00000006cec00000| Untracked 
| 316|0x00000006cf000000, 0x00000006cf000000, 0x00000006cf400000|  0%| F|  |TAMS 0x00000006cf000000| PB 0x00000006cf000000| Untracked 
| 317|0x00000006cf400000, 0x00000006cf400000, 0x00000006cf800000|  0%| F|  |TAMS 0x00000006cf400000| PB 0x00000006cf400000| Untracked 
| 318|0x00000006cf800000, 0x00000006cf800000, 0x00000006cfc00000|  0%| F|  |TAMS 0x00000006cf800000| PB 0x00000006cf800000| Untracked 
| 319|0x00000006cfc00000, 0x00000006cfc00000, 0x00000006d0000000|  0%| F|  |TAMS 0x00000006cfc00000| PB 0x00000006cfc00000| Untracked 
| 320|0x00000006d0000000, 0x00000006d0000000, 0x00000006d0400000|  0%| F|  |TAMS 0x00000006d0000000| PB 0x00000006d0000000| Untracked 
| 321|0x00000006d0400000, 0x00000006d0400000, 0x00000006d0800000|  0%| F|  |TAMS 0x00000006d0400000| PB 0x00000006d0400000| Untracked 
| 322|0x00000006d0800000, 0x00000006d0800000, 0x00000006d0c00000|  0%| F|  |TAMS 0x00000006d0800000| PB 0x00000006d0800000| Untracked 
| 323|0x00000006d0c00000, 0x00000006d0c00000, 0x00000006d1000000|  0%| F|  |TAMS 0x00000006d0c00000| PB 0x00000006d0c00000| Untracked 
| 324|0x00000006d1000000, 0x00000006d1000000, 0x00000006d1400000|  0%| F|  |TAMS 0x00000006d1000000| PB 0x00000006d1000000| Untracked 
| 325|0x00000006d1400000, 0x00000006d1400000, 0x00000006d1800000|  0%| F|  |TAMS 0x00000006d1400000| PB 0x00000006d1400000| Untracked 
| 326|0x00000006d1800000, 0x00000006d1800000, 0x00000006d1c00000|  0%| F|  |TAMS 0x00000006d1800000| PB 0x00000006d1800000| Untracked 
| 327|0x00000006d1c00000, 0x00000006d1c00000, 0x00000006d2000000|  0%| F|  |TAMS 0x00000006d1c00000| PB 0x00000006d1c00000| Untracked 
| 328|0x00000006d2000000, 0x00000006d2000000, 0x00000006d2400000|  0%| F|  |TAMS 0x00000006d2000000| PB 0x00000006d2000000| Untracked 
| 329|0x00000006d2400000, 0x00000006d2400000, 0x00000006d2800000|  0%| F|  |TAMS 0x00000006d2400000| PB 0x00000006d2400000| Untracked 
| 330|0x00000006d2800000, 0x00000006d2800000, 0x00000006d2c00000|  0%| F|  |TAMS 0x00000006d2800000| PB 0x00000006d2800000| Untracked 
| 331|0x00000006d2c00000, 0x00000006d2c00000, 0x00000006d3000000|  0%| F|  |TAMS 0x00000006d2c00000| PB 0x00000006d2c00000| Untracked 
| 332|0x00000006d3000000, 0x00000006d3000000, 0x00000006d3400000|  0%| F|  |TAMS 0x00000006d3000000| PB 0x00000006d3000000| Untracked 
| 333|0x00000006d3400000, 0x00000006d3400000, 0x00000006d3800000|  0%| F|  |TAMS 0x00000006d3400000| PB 0x00000006d3400000| Untracked 
| 334|0x00000006d3800000, 0x00000006d3800000, 0x00000006d3c00000|  0%| F|  |TAMS 0x00000006d3800000| PB 0x00000006d3800000| Untracked 
| 335|0x00000006d3c00000, 0x00000006d3c00000, 0x00000006d4000000|  0%| F|  |TAMS 0x00000006d3c00000| PB 0x00000006d3c00000| Untracked 
| 336|0x00000006d4000000, 0x00000006d4000000, 0x00000006d4400000|  0%| F|  |TAMS 0x00000006d4000000| PB 0x00000006d4000000| Untracked 
| 337|0x00000006d4400000, 0x00000006d4400000, 0x00000006d4800000|  0%| F|  |TAMS 0x00000006d4400000| PB 0x00000006d4400000| Untracked 
| 338|0x00000006d4800000, 0x00000006d4800000, 0x00000006d4c00000|  0%| F|  |TAMS 0x00000006d4800000| PB 0x00000006d4800000| Untracked 
| 339|0x00000006d4c00000, 0x00000006d4c00000, 0x00000006d5000000|  0%| F|  |TAMS 0x00000006d4c00000| PB 0x00000006d4c00000| Untracked 
| 340|0x00000006d5000000, 0x00000006d5000000, 0x00000006d5400000|  0%| F|  |TAMS 0x00000006d5000000| PB 0x00000006d5000000| Untracked 
| 341|0x00000006d5400000, 0x00000006d5400000, 0x00000006d5800000|  0%| F|  |TAMS 0x00000006d5400000| PB 0x00000006d5400000| Untracked 
| 342|0x00000006d5800000, 0x00000006d5800000, 0x00000006d5c00000|  0%| F|  |TAMS 0x00000006d5800000| PB 0x00000006d5800000| Untracked 
| 343|0x00000006d5c00000, 0x00000006d5c00000, 0x00000006d6000000|  0%| F|  |TAMS 0x00000006d5c00000| PB 0x00000006d5c00000| Untracked 
| 344|0x00000006d6000000, 0x00000006d6000000, 0x00000006d6400000|  0%| F|  |TAMS 0x00000006d6000000| PB 0x00000006d6000000| Untracked 
| 345|0x00000006d6400000, 0x00000006d6400000, 0x00000006d6800000|  0%| F|  |TAMS 0x00000006d6400000| PB 0x00000006d6400000| Untracked 
| 346|0x00000006d6800000, 0x00000006d6800000, 0x00000006d6c00000|  0%| F|  |TAMS 0x00000006d6800000| PB 0x00000006d6800000| Untracked 
| 347|0x00000006d6c00000, 0x00000006d6c00000, 0x00000006d7000000|  0%| F|  |TAMS 0x00000006d6c00000| PB 0x00000006d6c00000| Untracked 
| 348|0x00000006d7000000, 0x00000006d7000000, 0x00000006d7400000|  0%| F|  |TAMS 0x00000006d7000000| PB 0x00000006d7000000| Untracked 
| 349|0x00000006d7400000, 0x00000006d7400000, 0x00000006d7800000|  0%| F|  |TAMS 0x00000006d7400000| PB 0x00000006d7400000| Untracked 
| 350|0x00000006d7800000, 0x00000006d7800000, 0x00000006d7c00000|  0%| F|  |TAMS 0x00000006d7800000| PB 0x00000006d7800000| Untracked 
| 351|0x00000006d7c00000, 0x00000006d7c00000, 0x00000006d8000000|  0%| F|  |TAMS 0x00000006d7c00000| PB 0x00000006d7c00000| Untracked 
| 352|0x00000006d8000000, 0x00000006d8000000, 0x00000006d8400000|  0%| F|  |TAMS 0x00000006d8000000| PB 0x00000006d8000000| Untracked 
| 353|0x00000006d8400000, 0x00000006d8400000, 0x00000006d8800000|  0%| F|  |TAMS 0x00000006d8400000| PB 0x00000006d8400000| Untracked 
| 354|0x00000006d8800000, 0x00000006d8800000, 0x00000006d8c00000|  0%| F|  |TAMS 0x00000006d8800000| PB 0x00000006d8800000| Untracked 
| 355|0x00000006d8c00000, 0x00000006d8c00000, 0x00000006d9000000|  0%| F|  |TAMS 0x00000006d8c00000| PB 0x00000006d8c00000| Untracked 
| 356|0x00000006d9000000, 0x00000006d9000000, 0x00000006d9400000|  0%| F|  |TAMS 0x00000006d9000000| PB 0x00000006d9000000| Untracked 
| 357|0x00000006d9400000, 0x00000006d9400000, 0x00000006d9800000|  0%| F|  |TAMS 0x00000006d9400000| PB 0x00000006d9400000| Untracked 
| 358|0x00000006d9800000, 0x00000006d9800000, 0x00000006d9c00000|  0%| F|  |TAMS 0x00000006d9800000| PB 0x00000006d9800000| Untracked 
| 359|0x00000006d9c00000, 0x00000006d9c00000, 0x00000006da000000|  0%| F|  |TAMS 0x00000006d9c00000| PB 0x00000006d9c00000| Untracked 
| 360|0x00000006da000000, 0x00000006da000000, 0x00000006da400000|  0%| F|  |TAMS 0x00000006da000000| PB 0x00000006da000000| Untracked 
| 361|0x00000006da400000, 0x00000006da400000, 0x00000006da800000|  0%| F|  |TAMS 0x00000006da400000| PB 0x00000006da400000| Untracked 
| 362|0x00000006da800000, 0x00000006da800000, 0x00000006dac00000|  0%| F|  |TAMS 0x00000006da800000| PB 0x00000006da800000| Untracked 
| 363|0x00000006dac00000, 0x00000006dac00000, 0x00000006db000000|  0%| F|  |TAMS 0x00000006dac00000| PB 0x00000006dac00000| Untracked 
| 364|0x00000006db000000, 0x00000006db000000, 0x00000006db400000|  0%| F|  |TAMS 0x00000006db000000| PB 0x00000006db000000| Untracked 
| 365|0x00000006db400000, 0x00000006db400000, 0x00000006db800000|  0%| F|  |TAMS 0x00000006db400000| PB 0x00000006db400000| Untracked 
| 366|0x00000006db800000, 0x00000006db800000, 0x00000006dbc00000|  0%| F|  |TAMS 0x00000006db800000| PB 0x00000006db800000| Untracked 
| 367|0x00000006dbc00000, 0x00000006dbc00000, 0x00000006dc000000|  0%| F|  |TAMS 0x00000006dbc00000| PB 0x00000006dbc00000| Untracked 
| 368|0x00000006dc000000, 0x00000006dc000000, 0x00000006dc400000|  0%| F|  |TAMS 0x00000006dc000000| PB 0x00000006dc000000| Untracked 
| 369|0x00000006dc400000, 0x00000006dc400000, 0x00000006dc800000|  0%| F|  |TAMS 0x00000006dc400000| PB 0x00000006dc400000| Untracked 
| 370|0x00000006dc800000, 0x00000006dc800000, 0x00000006dcc00000|  0%| F|  |TAMS 0x00000006dc800000| PB 0x00000006dc800000| Untracked 
| 371|0x00000006dcc00000, 0x00000006dcc00000, 0x00000006dd000000|  0%| F|  |TAMS 0x00000006dcc00000| PB 0x00000006dcc00000| Untracked 
| 372|0x00000006dd000000, 0x00000006dd000000, 0x00000006dd400000|  0%| F|  |TAMS 0x00000006dd000000| PB 0x00000006dd000000| Untracked 
| 373|0x00000006dd400000, 0x00000006dd47dcb0, 0x00000006dd800000| 12%| S|CS|TAMS 0x00000006dd400000| PB 0x00000006dd400000| Complete 
| 374|0x00000006dd800000, 0x00000006ddc00000, 0x00000006ddc00000|100%| S|CS|TAMS 0x00000006dd800000| PB 0x00000006dd800000| Complete 
| 375|0x00000006ddc00000, 0x00000006ddc00000, 0x00000006de000000|  0%| F|  |TAMS 0x00000006ddc00000| PB 0x00000006ddc00000| Untracked 
| 376|0x00000006de000000, 0x00000006de000000, 0x00000006de400000|  0%| F|  |TAMS 0x00000006de000000| PB 0x00000006de000000| Untracked 
| 377|0x00000006de400000, 0x00000006de400000, 0x00000006de800000|  0%| F|  |TAMS 0x00000006de400000| PB 0x00000006de400000| Untracked 
| 378|0x00000006de800000, 0x00000006de800000, 0x00000006dec00000|  0%| F|  |TAMS 0x00000006de800000| PB 0x00000006de800000| Untracked 
| 379|0x00000006dec00000, 0x00000006dec00000, 0x00000006df000000|  0%| F|  |TAMS 0x00000006dec00000| PB 0x00000006dec00000| Untracked 
| 380|0x00000006df000000, 0x00000006df000000, 0x00000006df400000|  0%| F|  |TAMS 0x00000006df000000| PB 0x00000006df000000| Untracked 
| 381|0x00000006df400000, 0x00000006df400000, 0x00000006df800000|  0%| F|  |TAMS 0x00000006df400000| PB 0x00000006df400000| Untracked 
| 382|0x00000006df800000, 0x00000006df800000, 0x00000006dfc00000|  0%| F|  |TAMS 0x00000006df800000| PB 0x00000006df800000| Untracked 
| 383|0x00000006dfc00000, 0x00000006dfc00000, 0x00000006e0000000|  0%| F|  |TAMS 0x00000006dfc00000| PB 0x00000006dfc00000| Untracked 
| 384|0x00000006e0000000, 0x00000006e0000000, 0x00000006e0400000|  0%| F|  |TAMS 0x00000006e0000000| PB 0x00000006e0000000| Untracked 
| 385|0x00000006e0400000, 0x00000006e0400000, 0x00000006e0800000|  0%| F|  |TAMS 0x00000006e0400000| PB 0x00000006e0400000| Untracked 
| 386|0x00000006e0800000, 0x00000006e0800000, 0x00000006e0c00000|  0%| F|  |TAMS 0x00000006e0800000| PB 0x00000006e0800000| Untracked 
| 387|0x00000006e0c00000, 0x00000006e0c00000, 0x00000006e1000000|  0%| F|  |TAMS 0x00000006e0c00000| PB 0x00000006e0c00000| Untracked 
| 388|0x00000006e1000000, 0x00000006e1000000, 0x00000006e1400000|  0%| F|  |TAMS 0x00000006e1000000| PB 0x00000006e1000000| Untracked 
| 389|0x00000006e1400000, 0x00000006e1400000, 0x00000006e1800000|  0%| F|  |TAMS 0x00000006e1400000| PB 0x00000006e1400000| Untracked 
| 390|0x00000006e1800000, 0x00000006e1800000, 0x00000006e1c00000|  0%| F|  |TAMS 0x00000006e1800000| PB 0x00000006e1800000| Untracked 
| 391|0x00000006e1c00000, 0x00000006e1c00000, 0x00000006e2000000|  0%| F|  |TAMS 0x00000006e1c00000| PB 0x00000006e1c00000| Untracked 
| 392|0x00000006e2000000, 0x00000006e2000000, 0x00000006e2400000|  0%| F|  |TAMS 0x00000006e2000000| PB 0x00000006e2000000| Untracked 
| 393|0x00000006e2400000, 0x00000006e2400000, 0x00000006e2800000|  0%| F|  |TAMS 0x00000006e2400000| PB 0x00000006e2400000| Untracked 
| 394|0x00000006e2800000, 0x00000006e2800000, 0x00000006e2c00000|  0%| F|  |TAMS 0x00000006e2800000| PB 0x00000006e2800000| Untracked 
| 395|0x00000006e2c00000, 0x00000006e2c00000, 0x00000006e3000000|  0%| F|  |TAMS 0x00000006e2c00000| PB 0x00000006e2c00000| Untracked 
| 396|0x00000006e3000000, 0x00000006e3000000, 0x00000006e3400000|  0%| F|  |TAMS 0x00000006e3000000| PB 0x00000006e3000000| Untracked 
| 397|0x00000006e3400000, 0x00000006e3400000, 0x00000006e3800000|  0%| F|  |TAMS 0x00000006e3400000| PB 0x00000006e3400000| Untracked 
| 398|0x00000006e3800000, 0x00000006e3800000, 0x00000006e3c00000|  0%| F|  |TAMS 0x00000006e3800000| PB 0x00000006e3800000| Untracked 
| 399|0x00000006e3c00000, 0x00000006e3c00000, 0x00000006e4000000|  0%| F|  |TAMS 0x00000006e3c00000| PB 0x00000006e3c00000| Untracked 
| 400|0x00000006e4000000, 0x00000006e4000000, 0x00000006e4400000|  0%| F|  |TAMS 0x00000006e4000000| PB 0x00000006e4000000| Untracked 
| 401|0x00000006e4400000, 0x00000006e4400000, 0x00000006e4800000|  0%| F|  |TAMS 0x00000006e4400000| PB 0x00000006e4400000| Untracked 
| 402|0x00000006e4800000, 0x00000006e4800000, 0x00000006e4c00000|  0%| F|  |TAMS 0x00000006e4800000| PB 0x00000006e4800000| Untracked 
| 403|0x00000006e4c00000, 0x00000006e4c00000, 0x00000006e5000000|  0%| F|  |TAMS 0x00000006e4c00000| PB 0x00000006e4c00000| Untracked 
| 404|0x00000006e5000000, 0x00000006e5000000, 0x00000006e5400000|  0%| F|  |TAMS 0x00000006e5000000| PB 0x00000006e5000000| Untracked 
| 405|0x00000006e5400000, 0x00000006e5400000, 0x00000006e5800000|  0%| F|  |TAMS 0x00000006e5400000| PB 0x00000006e5400000| Untracked 
| 406|0x00000006e5800000, 0x00000006e5800000, 0x00000006e5c00000|  0%| F|  |TAMS 0x00000006e5800000| PB 0x00000006e5800000| Untracked 
| 407|0x00000006e5c00000, 0x00000006e5c00000, 0x00000006e6000000|  0%| F|  |TAMS 0x00000006e5c00000| PB 0x00000006e5c00000| Untracked 
| 408|0x00000006e6000000, 0x00000006e6000000, 0x00000006e6400000|  0%| F|  |TAMS 0x00000006e6000000| PB 0x00000006e6000000| Untracked 
| 409|0x00000006e6400000, 0x00000006e6400000, 0x00000006e6800000|  0%| F|  |TAMS 0x00000006e6400000| PB 0x00000006e6400000| Untracked 
| 410|0x00000006e6800000, 0x00000006e6800000, 0x00000006e6c00000|  0%| F|  |TAMS 0x00000006e6800000| PB 0x00000006e6800000| Untracked 
| 411|0x00000006e6c00000, 0x00000006e6c00000, 0x00000006e7000000|  0%| F|  |TAMS 0x00000006e6c00000| PB 0x00000006e6c00000| Untracked 
| 412|0x00000006e7000000, 0x00000006e7000000, 0x00000006e7400000|  0%| F|  |TAMS 0x00000006e7000000| PB 0x00000006e7000000| Untracked 
| 413|0x00000006e7400000, 0x00000006e7400000, 0x00000006e7800000|  0%| F|  |TAMS 0x00000006e7400000| PB 0x00000006e7400000| Untracked 
| 414|0x00000006e7800000, 0x00000006e7800000, 0x00000006e7c00000|  0%| F|  |TAMS 0x00000006e7800000| PB 0x00000006e7800000| Untracked 
| 415|0x00000006e7c00000, 0x00000006e7c00000, 0x00000006e8000000|  0%| F|  |TAMS 0x00000006e7c00000| PB 0x00000006e7c00000| Untracked 
| 416|0x00000006e8000000, 0x00000006e8000000, 0x00000006e8400000|  0%| F|  |TAMS 0x00000006e8000000| PB 0x00000006e8000000| Untracked 
| 417|0x00000006e8400000, 0x00000006e8400000, 0x00000006e8800000|  0%| F|  |TAMS 0x00000006e8400000| PB 0x00000006e8400000| Untracked 
| 418|0x00000006e8800000, 0x00000006e8800000, 0x00000006e8c00000|  0%| F|  |TAMS 0x00000006e8800000| PB 0x00000006e8800000| Untracked 
| 419|0x00000006e8c00000, 0x00000006e8c00000, 0x00000006e9000000|  0%| F|  |TAMS 0x00000006e8c00000| PB 0x00000006e8c00000| Untracked 
| 420|0x00000006e9000000, 0x00000006e9000000, 0x00000006e9400000|  0%| F|  |TAMS 0x00000006e9000000| PB 0x00000006e9000000| Untracked 
| 421|0x00000006e9400000, 0x00000006e9400000, 0x00000006e9800000|  0%| F|  |TAMS 0x00000006e9400000| PB 0x00000006e9400000| Untracked 
| 422|0x00000006e9800000, 0x00000006e9800000, 0x00000006e9c00000|  0%| F|  |TAMS 0x00000006e9800000| PB 0x00000006e9800000| Untracked 
| 423|0x00000006e9c00000, 0x00000006e9c00000, 0x00000006ea000000|  0%| F|  |TAMS 0x00000006e9c00000| PB 0x00000006e9c00000| Untracked 
| 424|0x00000006ea000000, 0x00000006ea000000, 0x00000006ea400000|  0%| F|  |TAMS 0x00000006ea000000| PB 0x00000006ea000000| Untracked 
| 425|0x00000006ea400000, 0x00000006ea400000, 0x00000006ea800000|  0%| F|  |TAMS 0x00000006ea400000| PB 0x00000006ea400000| Untracked 
| 426|0x00000006ea800000, 0x00000006ea800000, 0x00000006eac00000|  0%| F|  |TAMS 0x00000006ea800000| PB 0x00000006ea800000| Untracked 
| 427|0x00000006eac00000, 0x00000006eac00000, 0x00000006eb000000|  0%| F|  |TAMS 0x00000006eac00000| PB 0x00000006eac00000| Untracked 
| 428|0x00000006eb000000, 0x00000006eb000000, 0x00000006eb400000|  0%| F|  |TAMS 0x00000006eb000000| PB 0x00000006eb000000| Untracked 
| 429|0x00000006eb400000, 0x00000006eb400000, 0x00000006eb800000|  0%| F|  |TAMS 0x00000006eb400000| PB 0x00000006eb400000| Untracked 
| 430|0x00000006eb800000, 0x00000006eb800000, 0x00000006ebc00000|  0%| F|  |TAMS 0x00000006eb800000| PB 0x00000006eb800000| Untracked 
| 431|0x00000006ebc00000, 0x00000006ebc00000, 0x00000006ec000000|  0%| F|  |TAMS 0x00000006ebc00000| PB 0x00000006ebc00000| Untracked 
| 432|0x00000006ec000000, 0x00000006ec000000, 0x00000006ec400000|  0%| F|  |TAMS 0x00000006ec000000| PB 0x00000006ec000000| Untracked 
| 433|0x00000006ec400000, 0x00000006ec400000, 0x00000006ec800000|  0%| F|  |TAMS 0x00000006ec400000| PB 0x00000006ec400000| Untracked 
| 434|0x00000006ec800000, 0x00000006ec800000, 0x00000006ecc00000|  0%| F|  |TAMS 0x00000006ec800000| PB 0x00000006ec800000| Untracked 
| 435|0x00000006ecc00000, 0x00000006ecc00000, 0x00000006ed000000|  0%| F|  |TAMS 0x00000006ecc00000| PB 0x00000006ecc00000| Untracked 
| 436|0x00000006ed000000, 0x00000006ed000000, 0x00000006ed400000|  0%| F|  |TAMS 0x00000006ed000000| PB 0x00000006ed000000| Untracked 
| 437|0x00000006ed400000, 0x00000006ed400000, 0x00000006ed800000|  0%| F|  |TAMS 0x00000006ed400000| PB 0x00000006ed400000| Untracked 
| 438|0x00000006ed800000, 0x00000006ed800000, 0x00000006edc00000|  0%| F|  |TAMS 0x00000006ed800000| PB 0x00000006ed800000| Untracked 
| 439|0x00000006edc00000, 0x00000006edc00000, 0x00000006ee000000|  0%| F|  |TAMS 0x00000006edc00000| PB 0x00000006edc00000| Untracked 
| 440|0x00000006ee000000, 0x00000006ee000000, 0x00000006ee400000|  0%| F|  |TAMS 0x00000006ee000000| PB 0x00000006ee000000| Untracked 
| 441|0x00000006ee400000, 0x00000006ee400000, 0x00000006ee800000|  0%| F|  |TAMS 0x00000006ee400000| PB 0x00000006ee400000| Untracked 
| 442|0x00000006ee800000, 0x00000006ee800000, 0x00000006eec00000|  0%| F|  |TAMS 0x00000006ee800000| PB 0x00000006ee800000| Untracked 
| 443|0x00000006eec00000, 0x00000006eec00000, 0x00000006ef000000|  0%| F|  |TAMS 0x00000006eec00000| PB 0x00000006eec00000| Untracked 
| 444|0x00000006ef000000, 0x00000006ef000000, 0x00000006ef400000|  0%| F|  |TAMS 0x00000006ef000000| PB 0x00000006ef000000| Untracked 
| 445|0x00000006ef400000, 0x00000006ef400000, 0x00000006ef800000|  0%| F|  |TAMS 0x00000006ef400000| PB 0x00000006ef400000| Untracked 
| 446|0x00000006ef800000, 0x00000006ef800000, 0x00000006efc00000|  0%| F|  |TAMS 0x00000006ef800000| PB 0x00000006ef800000| Untracked 
| 447|0x00000006efc00000, 0x00000006efc00000, 0x00000006f0000000|  0%| F|  |TAMS 0x00000006efc00000| PB 0x00000006efc00000| Untracked 
| 448|0x00000006f0000000, 0x00000006f0000000, 0x00000006f0400000|  0%| F|  |TAMS 0x00000006f0000000| PB 0x00000006f0000000| Untracked 
| 449|0x00000006f0400000, 0x00000006f0400000, 0x00000006f0800000|  0%| F|  |TAMS 0x00000006f0400000| PB 0x00000006f0400000| Untracked 
| 450|0x00000006f0800000, 0x00000006f0800000, 0x00000006f0c00000|  0%| F|  |TAMS 0x00000006f0800000| PB 0x00000006f0800000| Untracked 
| 451|0x00000006f0c00000, 0x00000006f0c00000, 0x00000006f1000000|  0%| F|  |TAMS 0x00000006f0c00000| PB 0x00000006f0c00000| Untracked 
| 452|0x00000006f1000000, 0x00000006f1000000, 0x00000006f1400000|  0%| F|  |TAMS 0x00000006f1000000| PB 0x00000006f1000000| Untracked 
| 453|0x00000006f1400000, 0x00000006f1400000, 0x00000006f1800000|  0%| F|  |TAMS 0x00000006f1400000| PB 0x00000006f1400000| Untracked 
| 454|0x00000006f1800000, 0x00000006f1800000, 0x00000006f1c00000|  0%| F|  |TAMS 0x00000006f1800000| PB 0x00000006f1800000| Untracked 
| 455|0x00000006f1c00000, 0x00000006f1c00000, 0x00000006f2000000|  0%| F|  |TAMS 0x00000006f1c00000| PB 0x00000006f1c00000| Untracked 
| 456|0x00000006f2000000, 0x00000006f2000000, 0x00000006f2400000|  0%| F|  |TAMS 0x00000006f2000000| PB 0x00000006f2000000| Untracked 
| 457|0x00000006f2400000, 0x00000006f2400000, 0x00000006f2800000|  0%| F|  |TAMS 0x00000006f2400000| PB 0x00000006f2400000| Untracked 
| 458|0x00000006f2800000, 0x00000006f2800000, 0x00000006f2c00000|  0%| F|  |TAMS 0x00000006f2800000| PB 0x00000006f2800000| Untracked 
| 459|0x00000006f2c00000, 0x00000006f2c00000, 0x00000006f3000000|  0%| F|  |TAMS 0x00000006f2c00000| PB 0x00000006f2c00000| Untracked 
| 460|0x00000006f3000000, 0x00000006f3000000, 0x00000006f3400000|  0%| F|  |TAMS 0x00000006f3000000| PB 0x00000006f3000000| Untracked 
| 461|0x00000006f3400000, 0x00000006f3400000, 0x00000006f3800000|  0%| F|  |TAMS 0x00000006f3400000| PB 0x00000006f3400000| Untracked 
| 462|0x00000006f3800000, 0x00000006f3800000, 0x00000006f3c00000|  0%| F|  |TAMS 0x00000006f3800000| PB 0x00000006f3800000| Untracked 
| 463|0x00000006f3c00000, 0x00000006f3c00000, 0x00000006f4000000|  0%| F|  |TAMS 0x00000006f3c00000| PB 0x00000006f3c00000| Untracked 
| 464|0x00000006f4000000, 0x00000006f4000000, 0x00000006f4400000|  0%| F|  |TAMS 0x00000006f4000000| PB 0x00000006f4000000| Untracked 
| 465|0x00000006f4400000, 0x00000006f4400000, 0x00000006f4800000|  0%| F|  |TAMS 0x00000006f4400000| PB 0x00000006f4400000| Untracked 
| 466|0x00000006f4800000, 0x00000006f4800000, 0x00000006f4c00000|  0%| F|  |TAMS 0x00000006f4800000| PB 0x00000006f4800000| Untracked 
| 467|0x00000006f4c00000, 0x00000006f4c00000, 0x00000006f5000000|  0%| F|  |TAMS 0x00000006f4c00000| PB 0x00000006f4c00000| Untracked 
| 468|0x00000006f5000000, 0x00000006f5000000, 0x00000006f5400000|  0%| F|  |TAMS 0x00000006f5000000| PB 0x00000006f5000000| Untracked 
| 469|0x00000006f5400000, 0x00000006f5400000, 0x00000006f5800000|  0%| F|  |TAMS 0x00000006f5400000| PB 0x00000006f5400000| Untracked 
| 470|0x00000006f5800000, 0x00000006f5800000, 0x00000006f5c00000|  0%| F|  |TAMS 0x00000006f5800000| PB 0x00000006f5800000| Untracked 
| 471|0x00000006f5c00000, 0x00000006f5c00000, 0x00000006f6000000|  0%| F|  |TAMS 0x00000006f5c00000| PB 0x00000006f5c00000| Untracked 
| 472|0x00000006f6000000, 0x00000006f6000000, 0x00000006f6400000|  0%| F|  |TAMS 0x00000006f6000000| PB 0x00000006f6000000| Untracked 
| 473|0x00000006f6400000, 0x00000006f6400000, 0x00000006f6800000|  0%| F|  |TAMS 0x00000006f6400000| PB 0x00000006f6400000| Untracked 
| 474|0x00000006f6800000, 0x00000006f6800000, 0x00000006f6c00000|  0%| F|  |TAMS 0x00000006f6800000| PB 0x00000006f6800000| Untracked 
| 475|0x00000006f6c00000, 0x00000006f6c00000, 0x00000006f7000000|  0%| F|  |TAMS 0x00000006f6c00000| PB 0x00000006f6c00000| Untracked 
| 476|0x00000006f7000000, 0x00000006f7000000, 0x00000006f7400000|  0%| F|  |TAMS 0x00000006f7000000| PB 0x00000006f7000000| Untracked 
| 477|0x00000006f7400000, 0x00000006f7400000, 0x00000006f7800000|  0%| F|  |TAMS 0x00000006f7400000| PB 0x00000006f7400000| Untracked 
| 478|0x00000006f7800000, 0x00000006f7800000, 0x00000006f7c00000|  0%| F|  |TAMS 0x00000006f7800000| PB 0x00000006f7800000| Untracked 
| 479|0x00000006f7c00000, 0x00000006f7c00000, 0x00000006f8000000|  0%| F|  |TAMS 0x00000006f7c00000| PB 0x00000006f7c00000| Untracked 
| 480|0x00000006f8000000, 0x00000006f8000000, 0x00000006f8400000|  0%| F|  |TAMS 0x00000006f8000000| PB 0x00000006f8000000| Untracked 
| 481|0x00000006f8400000, 0x00000006f8400000, 0x00000006f8800000|  0%| F|  |TAMS 0x00000006f8400000| PB 0x00000006f8400000| Untracked 
| 482|0x00000006f8800000, 0x00000006f8800000, 0x00000006f8c00000|  0%| F|  |TAMS 0x00000006f8800000| PB 0x00000006f8800000| Untracked 
| 483|0x00000006f8c00000, 0x00000006f8c00000, 0x00000006f9000000|  0%| F|  |TAMS 0x00000006f8c00000| PB 0x00000006f8c00000| Untracked 
| 484|0x00000006f9000000, 0x00000006f9000000, 0x00000006f9400000|  0%| F|  |TAMS 0x00000006f9000000| PB 0x00000006f9000000| Untracked 
| 485|0x00000006f9400000, 0x00000006f9400000, 0x00000006f9800000|  0%| F|  |TAMS 0x00000006f9400000| PB 0x00000006f9400000| Untracked 
| 486|0x00000006f9800000, 0x00000006f9800000, 0x00000006f9c00000|  0%| F|  |TAMS 0x00000006f9800000| PB 0x00000006f9800000| Untracked 
| 487|0x00000006f9c00000, 0x00000006f9c00000, 0x00000006fa000000|  0%| F|  |TAMS 0x00000006f9c00000| PB 0x00000006f9c00000| Untracked 
| 488|0x00000006fa000000, 0x00000006fa000000, 0x00000006fa400000|  0%| F|  |TAMS 0x00000006fa000000| PB 0x00000006fa000000| Untracked 
| 489|0x00000006fa400000, 0x00000006fa400000, 0x00000006fa800000|  0%| F|  |TAMS 0x00000006fa400000| PB 0x00000006fa400000| Untracked 
| 490|0x00000006fa800000, 0x00000006fa800000, 0x00000006fac00000|  0%| F|  |TAMS 0x00000006fa800000| PB 0x00000006fa800000| Untracked 
| 491|0x00000006fac00000, 0x00000006fac00000, 0x00000006fb000000|  0%| F|  |TAMS 0x00000006fac00000| PB 0x00000006fac00000| Untracked 
| 492|0x00000006fb000000, 0x00000006fb000000, 0x00000006fb400000|  0%| F|  |TAMS 0x00000006fb000000| PB 0x00000006fb000000| Untracked 
| 493|0x00000006fb400000, 0x00000006fb400000, 0x00000006fb800000|  0%| F|  |TAMS 0x00000006fb400000| PB 0x00000006fb400000| Untracked 
| 494|0x00000006fb800000, 0x00000006fb800000, 0x00000006fbc00000|  0%| F|  |TAMS 0x00000006fb800000| PB 0x00000006fb800000| Untracked 
| 495|0x00000006fbc00000, 0x00000006fbc00000, 0x00000006fc000000|  0%| F|  |TAMS 0x00000006fbc00000| PB 0x00000006fbc00000| Untracked 
| 496|0x00000006fc000000, 0x00000006fc000000, 0x00000006fc400000|  0%| F|  |TAMS 0x00000006fc000000| PB 0x00000006fc000000| Untracked 
| 497|0x00000006fc400000, 0x00000006fc400000, 0x00000006fc800000|  0%| F|  |TAMS 0x00000006fc400000| PB 0x00000006fc400000| Untracked 
| 498|0x00000006fc800000, 0x00000006fc800000, 0x00000006fcc00000|  0%| F|  |TAMS 0x00000006fc800000| PB 0x00000006fc800000| Untracked 
| 499|0x00000006fcc00000, 0x00000006fcc00000, 0x00000006fd000000|  0%| F|  |TAMS 0x00000006fcc00000| PB 0x00000006fcc00000| Untracked 
| 500|0x00000006fd000000, 0x00000006fd000000, 0x00000006fd400000|  0%| F|  |TAMS 0x00000006fd000000| PB 0x00000006fd000000| Untracked 
| 501|0x00000006fd400000, 0x00000006fd400000, 0x00000006fd800000|  0%| F|  |TAMS 0x00000006fd400000| PB 0x00000006fd400000| Untracked 
| 502|0x00000006fd800000, 0x00000006fd800000, 0x00000006fdc00000|  0%| F|  |TAMS 0x00000006fd800000| PB 0x00000006fd800000| Untracked 
| 503|0x00000006fdc00000, 0x00000006fdc00000, 0x00000006fe000000|  0%| F|  |TAMS 0x00000006fdc00000| PB 0x00000006fdc00000| Untracked 
| 504|0x00000006fe000000, 0x00000006fe000000, 0x00000006fe400000|  0%| F|  |TAMS 0x00000006fe000000| PB 0x00000006fe000000| Untracked 
| 505|0x00000006fe400000, 0x00000006fe400000, 0x00000006fe800000|  0%| F|  |TAMS 0x00000006fe400000| PB 0x00000006fe400000| Untracked 
| 506|0x00000006fe800000, 0x00000006fe800000, 0x00000006fec00000|  0%| F|  |TAMS 0x00000006fe800000| PB 0x00000006fe800000| Untracked 
| 507|0x00000006fec00000, 0x00000006fec00000, 0x00000006ff000000|  0%| F|  |TAMS 0x00000006fec00000| PB 0x00000006fec00000| Untracked 
| 508|0x00000006ff000000, 0x00000006ff000000, 0x00000006ff400000|  0%| F|  |TAMS 0x00000006ff000000| PB 0x00000006ff000000| Untracked 
| 509|0x00000006ff400000, 0x00000006ff400000, 0x00000006ff800000|  0%| F|  |TAMS 0x00000006ff400000| PB 0x00000006ff400000| Untracked 
| 510|0x00000006ff800000, 0x00000006ff800000, 0x00000006ffc00000|  0%| F|  |TAMS 0x00000006ff800000| PB 0x00000006ff800000| Untracked 
| 511|0x00000006ffc00000, 0x00000006ffc00000, 0x0000000700000000|  0%| F|  |TAMS 0x00000006ffc00000| PB 0x00000006ffc00000| Untracked 
| 512|0x0000000700000000, 0x0000000700000000, 0x0000000700400000|  0%| F|  |TAMS 0x0000000700000000| PB 0x0000000700000000| Untracked 
| 513|0x0000000700400000, 0x0000000700400000, 0x0000000700800000|  0%| F|  |TAMS 0x0000000700400000| PB 0x0000000700400000| Untracked 
| 514|0x0000000700800000, 0x0000000700800000, 0x0000000700c00000|  0%| F|  |TAMS 0x0000000700800000| PB 0x0000000700800000| Untracked 
| 515|0x0000000700c00000, 0x0000000700c00000, 0x0000000701000000|  0%| F|  |TAMS 0x0000000700c00000| PB 0x0000000700c00000| Untracked 
| 516|0x0000000701000000, 0x0000000701000000, 0x0000000701400000|  0%| F|  |TAMS 0x0000000701000000| PB 0x0000000701000000| Untracked 
| 517|0x0000000701400000, 0x0000000701400000, 0x0000000701800000|  0%| F|  |TAMS 0x0000000701400000| PB 0x0000000701400000| Untracked 
| 518|0x0000000701800000, 0x0000000701800000, 0x0000000701c00000|  0%| F|  |TAMS 0x0000000701800000| PB 0x0000000701800000| Untracked 
| 519|0x0000000701c00000, 0x0000000701c00000, 0x0000000702000000|  0%| F|  |TAMS 0x0000000701c00000| PB 0x0000000701c00000| Untracked 
| 520|0x0000000702000000, 0x0000000702000000, 0x0000000702400000|  0%| F|  |TAMS 0x0000000702000000| PB 0x0000000702000000| Untracked 
| 521|0x0000000702400000, 0x0000000702400000, 0x0000000702800000|  0%| F|  |TAMS 0x0000000702400000| PB 0x0000000702400000| Untracked 
| 522|0x0000000702800000, 0x0000000702800000, 0x0000000702c00000|  0%| F|  |TAMS 0x0000000702800000| PB 0x0000000702800000| Untracked 
| 523|0x0000000702c00000, 0x0000000702c00000, 0x0000000703000000|  0%| F|  |TAMS 0x0000000702c00000| PB 0x0000000702c00000| Untracked 
| 524|0x0000000703000000, 0x0000000703000000, 0x0000000703400000|  0%| F|  |TAMS 0x0000000703000000| PB 0x0000000703000000| Untracked 
| 525|0x0000000703400000, 0x0000000703400000, 0x0000000703800000|  0%| F|  |TAMS 0x0000000703400000| PB 0x0000000703400000| Untracked 
| 526|0x0000000703800000, 0x0000000703800000, 0x0000000703c00000|  0%| F|  |TAMS 0x0000000703800000| PB 0x0000000703800000| Untracked 
| 527|0x0000000703c00000, 0x0000000703c00000, 0x0000000704000000|  0%| F|  |TAMS 0x0000000703c00000| PB 0x0000000703c00000| Untracked 
| 528|0x0000000704000000, 0x0000000704000000, 0x0000000704400000|  0%| F|  |TAMS 0x0000000704000000| PB 0x0000000704000000| Untracked 
| 529|0x0000000704400000, 0x0000000704400000, 0x0000000704800000|  0%| F|  |TAMS 0x0000000704400000| PB 0x0000000704400000| Untracked 
| 530|0x0000000704800000, 0x0000000704800000, 0x0000000704c00000|  0%| F|  |TAMS 0x0000000704800000| PB 0x0000000704800000| Untracked 
| 531|0x0000000704c00000, 0x0000000704c00000, 0x0000000705000000|  0%| F|  |TAMS 0x0000000704c00000| PB 0x0000000704c00000| Untracked 
| 532|0x0000000705000000, 0x0000000705000000, 0x0000000705400000|  0%| F|  |TAMS 0x0000000705000000| PB 0x0000000705000000| Untracked 
| 533|0x0000000705400000, 0x0000000705400000, 0x0000000705800000|  0%| F|  |TAMS 0x0000000705400000| PB 0x0000000705400000| Untracked 
| 534|0x0000000705800000, 0x0000000705800000, 0x0000000705c00000|  0%| F|  |TAMS 0x0000000705800000| PB 0x0000000705800000| Untracked 
| 535|0x0000000705c00000, 0x0000000705c00000, 0x0000000706000000|  0%| F|  |TAMS 0x0000000705c00000| PB 0x0000000705c00000| Untracked 
| 536|0x0000000706000000, 0x0000000706000000, 0x0000000706400000|  0%| F|  |TAMS 0x0000000706000000| PB 0x0000000706000000| Untracked 
| 537|0x0000000706400000, 0x0000000706400000, 0x0000000706800000|  0%| F|  |TAMS 0x0000000706400000| PB 0x0000000706400000| Untracked 
| 538|0x0000000706800000, 0x0000000706800000, 0x0000000706c00000|  0%| F|  |TAMS 0x0000000706800000| PB 0x0000000706800000| Untracked 
| 539|0x0000000706c00000, 0x0000000706c00000, 0x0000000707000000|  0%| F|  |TAMS 0x0000000706c00000| PB 0x0000000706c00000| Untracked 
| 540|0x0000000707000000, 0x0000000707000000, 0x0000000707400000|  0%| F|  |TAMS 0x0000000707000000| PB 0x0000000707000000| Untracked 
| 541|0x0000000707400000, 0x0000000707400000, 0x0000000707800000|  0%| F|  |TAMS 0x0000000707400000| PB 0x0000000707400000| Untracked 
| 542|0x0000000707800000, 0x0000000707800000, 0x0000000707c00000|  0%| F|  |TAMS 0x0000000707800000| PB 0x0000000707800000| Untracked 
| 543|0x0000000707c00000, 0x0000000707c00000, 0x0000000708000000|  0%| F|  |TAMS 0x0000000707c00000| PB 0x0000000707c00000| Untracked 
| 544|0x0000000708000000, 0x0000000708000000, 0x0000000708400000|  0%| F|  |TAMS 0x0000000708000000| PB 0x0000000708000000| Untracked 
| 545|0x0000000708400000, 0x0000000708400000, 0x0000000708800000|  0%| F|  |TAMS 0x0000000708400000| PB 0x0000000708400000| Untracked 
| 546|0x0000000708800000, 0x0000000708800000, 0x0000000708c00000|  0%| F|  |TAMS 0x0000000708800000| PB 0x0000000708800000| Untracked 
| 547|0x0000000708c00000, 0x0000000708c00000, 0x0000000709000000|  0%| F|  |TAMS 0x0000000708c00000| PB 0x0000000708c00000| Untracked 
| 548|0x0000000709000000, 0x0000000709000000, 0x0000000709400000|  0%| F|  |TAMS 0x0000000709000000| PB 0x0000000709000000| Untracked 
| 549|0x0000000709400000, 0x0000000709400000, 0x0000000709800000|  0%| F|  |TAMS 0x0000000709400000| PB 0x0000000709400000| Untracked 
| 550|0x0000000709800000, 0x0000000709800000, 0x0000000709c00000|  0%| F|  |TAMS 0x0000000709800000| PB 0x0000000709800000| Untracked 
| 551|0x0000000709c00000, 0x0000000709c00000, 0x000000070a000000|  0%| F|  |TAMS 0x0000000709c00000| PB 0x0000000709c00000| Untracked 
| 552|0x000000070a000000, 0x000000070a000000, 0x000000070a400000|  0%| F|  |TAMS 0x000000070a000000| PB 0x000000070a000000| Untracked 
| 553|0x000000070a400000, 0x000000070a400000, 0x000000070a800000|  0%| F|  |TAMS 0x000000070a400000| PB 0x000000070a400000| Untracked 
| 554|0x000000070a800000, 0x000000070a800000, 0x000000070ac00000|  0%| F|  |TAMS 0x000000070a800000| PB 0x000000070a800000| Untracked 
| 555|0x000000070ac00000, 0x000000070ac00000, 0x000000070b000000|  0%| F|  |TAMS 0x000000070ac00000| PB 0x000000070ac00000| Untracked 
| 556|0x000000070b000000, 0x000000070b000000, 0x000000070b400000|  0%| F|  |TAMS 0x000000070b000000| PB 0x000000070b000000| Untracked 
| 557|0x000000070b400000, 0x000000070b400000, 0x000000070b800000|  0%| F|  |TAMS 0x000000070b400000| PB 0x000000070b400000| Untracked 
| 558|0x000000070b800000, 0x000000070b800000, 0x000000070bc00000|  0%| F|  |TAMS 0x000000070b800000| PB 0x000000070b800000| Untracked 
| 559|0x000000070bc00000, 0x000000070bc00000, 0x000000070c000000|  0%| F|  |TAMS 0x000000070bc00000| PB 0x000000070bc00000| Untracked 
| 560|0x000000070c000000, 0x000000070c000000, 0x000000070c400000|  0%| F|  |TAMS 0x000000070c000000| PB 0x000000070c000000| Untracked 
| 561|0x000000070c400000, 0x000000070c400000, 0x000000070c800000|  0%| F|  |TAMS 0x000000070c400000| PB 0x000000070c400000| Untracked 
| 562|0x000000070c800000, 0x000000070c800000, 0x000000070cc00000|  0%| F|  |TAMS 0x000000070c800000| PB 0x000000070c800000| Untracked 
| 563|0x000000070cc00000, 0x000000070cc00000, 0x000000070d000000|  0%| F|  |TAMS 0x000000070cc00000| PB 0x000000070cc00000| Untracked 
| 564|0x000000070d000000, 0x000000070d000000, 0x000000070d400000|  0%| F|  |TAMS 0x000000070d000000| PB 0x000000070d000000| Untracked 
| 565|0x000000070d400000, 0x000000070d400000, 0x000000070d800000|  0%| F|  |TAMS 0x000000070d400000| PB 0x000000070d400000| Untracked 
| 566|0x000000070d800000, 0x000000070d800000, 0x000000070dc00000|  0%| F|  |TAMS 0x000000070d800000| PB 0x000000070d800000| Untracked 
| 567|0x000000070dc00000, 0x000000070dc00000, 0x000000070e000000|  0%| F|  |TAMS 0x000000070dc00000| PB 0x000000070dc00000| Untracked 
| 568|0x000000070e000000, 0x000000070e000000, 0x000000070e400000|  0%| F|  |TAMS 0x000000070e000000| PB 0x000000070e000000| Untracked 
| 569|0x000000070e400000, 0x000000070e400000, 0x000000070e800000|  0%| F|  |TAMS 0x000000070e400000| PB 0x000000070e400000| Untracked 
| 570|0x000000070e800000, 0x000000070e800000, 0x000000070ec00000|  0%| F|  |TAMS 0x000000070e800000| PB 0x000000070e800000| Untracked 
| 571|0x000000070ec00000, 0x000000070ec00000, 0x000000070f000000|  0%| F|  |TAMS 0x000000070ec00000| PB 0x000000070ec00000| Untracked 
| 572|0x000000070f000000, 0x000000070f000000, 0x000000070f400000|  0%| F|  |TAMS 0x000000070f000000| PB 0x000000070f000000| Untracked 
| 573|0x000000070f400000, 0x000000070f400000, 0x000000070f800000|  0%| F|  |TAMS 0x000000070f400000| PB 0x000000070f400000| Untracked 
| 574|0x000000070f800000, 0x000000070f800000, 0x000000070fc00000|  0%| F|  |TAMS 0x000000070f800000| PB 0x000000070f800000| Untracked 
| 575|0x000000070fc00000, 0x000000070fc00000, 0x0000000710000000|  0%| F|  |TAMS 0x000000070fc00000| PB 0x000000070fc00000| Untracked 
| 576|0x0000000710000000, 0x0000000710000000, 0x0000000710400000|  0%| F|  |TAMS 0x0000000710000000| PB 0x0000000710000000| Untracked 
| 577|0x0000000710400000, 0x0000000710400000, 0x0000000710800000|  0%| F|  |TAMS 0x0000000710400000| PB 0x0000000710400000| Untracked 
| 578|0x0000000710800000, 0x0000000710800000, 0x0000000710c00000|  0%| F|  |TAMS 0x0000000710800000| PB 0x0000000710800000| Untracked 
| 579|0x0000000710c00000, 0x0000000710c00000, 0x0000000711000000|  0%| F|  |TAMS 0x0000000710c00000| PB 0x0000000710c00000| Untracked 
| 580|0x0000000711000000, 0x0000000711000000, 0x0000000711400000|  0%| F|  |TAMS 0x0000000711000000| PB 0x0000000711000000| Untracked 
| 581|0x0000000711400000, 0x0000000711400000, 0x0000000711800000|  0%| F|  |TAMS 0x0000000711400000| PB 0x0000000711400000| Untracked 
| 582|0x0000000711800000, 0x0000000711800000, 0x0000000711c00000|  0%| F|  |TAMS 0x0000000711800000| PB 0x0000000711800000| Untracked 
| 583|0x0000000711c00000, 0x0000000711c00000, 0x0000000712000000|  0%| F|  |TAMS 0x0000000711c00000| PB 0x0000000711c00000| Untracked 
| 584|0x0000000712000000, 0x0000000712000000, 0x0000000712400000|  0%| F|  |TAMS 0x0000000712000000| PB 0x0000000712000000| Untracked 
| 585|0x0000000712400000, 0x0000000712400000, 0x0000000712800000|  0%| F|  |TAMS 0x0000000712400000| PB 0x0000000712400000| Untracked 
| 586|0x0000000712800000, 0x0000000712800000, 0x0000000712c00000|  0%| F|  |TAMS 0x0000000712800000| PB 0x0000000712800000| Untracked 
| 587|0x0000000712c00000, 0x0000000712c00000, 0x0000000713000000|  0%| F|  |TAMS 0x0000000712c00000| PB 0x0000000712c00000| Untracked 
| 588|0x0000000713000000, 0x0000000713000000, 0x0000000713400000|  0%| F|  |TAMS 0x0000000713000000| PB 0x0000000713000000| Untracked 
| 589|0x0000000713400000, 0x0000000713400000, 0x0000000713800000|  0%| F|  |TAMS 0x0000000713400000| PB 0x0000000713400000| Untracked 
| 590|0x0000000713800000, 0x0000000713800000, 0x0000000713c00000|  0%| F|  |TAMS 0x0000000713800000| PB 0x0000000713800000| Untracked 
| 591|0x0000000713c00000, 0x0000000713c00000, 0x0000000714000000|  0%| F|  |TAMS 0x0000000713c00000| PB 0x0000000713c00000| Untracked 
| 592|0x0000000714000000, 0x0000000714000000, 0x0000000714400000|  0%| F|  |TAMS 0x0000000714000000| PB 0x0000000714000000| Untracked 
| 593|0x0000000714400000, 0x0000000714400000, 0x0000000714800000|  0%| F|  |TAMS 0x0000000714400000| PB 0x0000000714400000| Untracked 
| 594|0x0000000714800000, 0x0000000714800000, 0x0000000714c00000|  0%| F|  |TAMS 0x0000000714800000| PB 0x0000000714800000| Untracked 
| 595|0x0000000714c00000, 0x0000000714c00000, 0x0000000715000000|  0%| F|  |TAMS 0x0000000714c00000| PB 0x0000000714c00000| Untracked 
| 596|0x0000000715000000, 0x0000000715000000, 0x0000000715400000|  0%| F|  |TAMS 0x0000000715000000| PB 0x0000000715000000| Untracked 
| 597|0x0000000715400000, 0x0000000715400000, 0x0000000715800000|  0%| F|  |TAMS 0x0000000715400000| PB 0x0000000715400000| Untracked 
| 598|0x0000000715800000, 0x0000000715800000, 0x0000000715c00000|  0%| F|  |TAMS 0x0000000715800000| PB 0x0000000715800000| Untracked 
| 599|0x0000000715c00000, 0x0000000715c00000, 0x0000000716000000|  0%| F|  |TAMS 0x0000000715c00000| PB 0x0000000715c00000| Untracked 
| 600|0x0000000716000000, 0x0000000716000000, 0x0000000716400000|  0%| F|  |TAMS 0x0000000716000000| PB 0x0000000716000000| Untracked 
| 601|0x0000000716400000, 0x0000000716400000, 0x0000000716800000|  0%| F|  |TAMS 0x0000000716400000| PB 0x0000000716400000| Untracked 
| 602|0x0000000716800000, 0x0000000716800000, 0x0000000716c00000|  0%| F|  |TAMS 0x0000000716800000| PB 0x0000000716800000| Untracked 
| 603|0x0000000716c00000, 0x0000000716c00000, 0x0000000717000000|  0%| F|  |TAMS 0x0000000716c00000| PB 0x0000000716c00000| Untracked 
| 604|0x0000000717000000, 0x0000000717000000, 0x0000000717400000|  0%| F|  |TAMS 0x0000000717000000| PB 0x0000000717000000| Untracked 
| 605|0x0000000717400000, 0x0000000717400000, 0x0000000717800000|  0%| F|  |TAMS 0x0000000717400000| PB 0x0000000717400000| Untracked 
| 606|0x0000000717800000, 0x0000000717800000, 0x0000000717c00000|  0%| F|  |TAMS 0x0000000717800000| PB 0x0000000717800000| Untracked 
| 607|0x0000000717c00000, 0x0000000717c00000, 0x0000000718000000|  0%| F|  |TAMS 0x0000000717c00000| PB 0x0000000717c00000| Untracked 
| 608|0x0000000718000000, 0x0000000718000000, 0x0000000718400000|  0%| F|  |TAMS 0x0000000718000000| PB 0x0000000718000000| Untracked 
| 609|0x0000000718400000, 0x0000000718400000, 0x0000000718800000|  0%| F|  |TAMS 0x0000000718400000| PB 0x0000000718400000| Untracked 
| 610|0x0000000718800000, 0x0000000718800000, 0x0000000718c00000|  0%| F|  |TAMS 0x0000000718800000| PB 0x0000000718800000| Untracked 
| 611|0x0000000718c00000, 0x0000000718c00000, 0x0000000719000000|  0%| F|  |TAMS 0x0000000718c00000| PB 0x0000000718c00000| Untracked 
| 612|0x0000000719000000, 0x0000000719000000, 0x0000000719400000|  0%| F|  |TAMS 0x0000000719000000| PB 0x0000000719000000| Untracked 
| 613|0x0000000719400000, 0x0000000719400000, 0x0000000719800000|  0%| F|  |TAMS 0x0000000719400000| PB 0x0000000719400000| Untracked 
| 614|0x0000000719800000, 0x0000000719800000, 0x0000000719c00000|  0%| F|  |TAMS 0x0000000719800000| PB 0x0000000719800000| Untracked 
| 615|0x0000000719c00000, 0x0000000719c00000, 0x000000071a000000|  0%| F|  |TAMS 0x0000000719c00000| PB 0x0000000719c00000| Untracked 
| 616|0x000000071a000000, 0x000000071a000000, 0x000000071a400000|  0%| F|  |TAMS 0x000000071a000000| PB 0x000000071a000000| Untracked 
| 617|0x000000071a400000, 0x000000071a400000, 0x000000071a800000|  0%| F|  |TAMS 0x000000071a400000| PB 0x000000071a400000| Untracked 
| 618|0x000000071a800000, 0x000000071a800000, 0x000000071ac00000|  0%| F|  |TAMS 0x000000071a800000| PB 0x000000071a800000| Untracked 
| 619|0x000000071ac00000, 0x000000071ac00000, 0x000000071b000000|  0%| F|  |TAMS 0x000000071ac00000| PB 0x000000071ac00000| Untracked 
| 620|0x000000071b000000, 0x000000071b000000, 0x000000071b400000|  0%| F|  |TAMS 0x000000071b000000| PB 0x000000071b000000| Untracked 
| 621|0x000000071b400000, 0x000000071b400000, 0x000000071b800000|  0%| F|  |TAMS 0x000000071b400000| PB 0x000000071b400000| Untracked 
| 622|0x000000071b800000, 0x000000071b800000, 0x000000071bc00000|  0%| F|  |TAMS 0x000000071b800000| PB 0x000000071b800000| Untracked 
| 623|0x000000071bc00000, 0x000000071bc00000, 0x000000071c000000|  0%| F|  |TAMS 0x000000071bc00000| PB 0x000000071bc00000| Untracked 
| 624|0x000000071c000000, 0x000000071c000000, 0x000000071c400000|  0%| F|  |TAMS 0x000000071c000000| PB 0x000000071c000000| Untracked 
| 625|0x000000071c400000, 0x000000071c400000, 0x000000071c800000|  0%| F|  |TAMS 0x000000071c400000| PB 0x000000071c400000| Untracked 
| 626|0x000000071c800000, 0x000000071c800000, 0x000000071cc00000|  0%| F|  |TAMS 0x000000071c800000| PB 0x000000071c800000| Untracked 
| 627|0x000000071cc00000, 0x000000071cc00000, 0x000000071d000000|  0%| F|  |TAMS 0x000000071cc00000| PB 0x000000071cc00000| Untracked 
| 628|0x000000071d000000, 0x000000071d000000, 0x000000071d400000|  0%| F|  |TAMS 0x000000071d000000| PB 0x000000071d000000| Untracked 
| 629|0x000000071d400000, 0x000000071d400000, 0x000000071d800000|  0%| F|  |TAMS 0x000000071d400000| PB 0x000000071d400000| Untracked 
| 630|0x000000071d800000, 0x000000071d800000, 0x000000071dc00000|  0%| F|  |TAMS 0x000000071d800000| PB 0x000000071d800000| Untracked 
| 631|0x000000071dc00000, 0x000000071dc00000, 0x000000071e000000|  0%| F|  |TAMS 0x000000071dc00000| PB 0x000000071dc00000| Untracked 
| 632|0x000000071e000000, 0x000000071e000000, 0x000000071e400000|  0%| F|  |TAMS 0x000000071e000000| PB 0x000000071e000000| Untracked 
| 633|0x000000071e400000, 0x000000071e400000, 0x000000071e800000|  0%| F|  |TAMS 0x000000071e400000| PB 0x000000071e400000| Untracked 
| 634|0x000000071e800000, 0x000000071e800000, 0x000000071ec00000|  0%| F|  |TAMS 0x000000071e800000| PB 0x000000071e800000| Untracked 
| 635|0x000000071ec00000, 0x000000071ec00000, 0x000000071f000000|  0%| F|  |TAMS 0x000000071ec00000| PB 0x000000071ec00000| Untracked 
| 636|0x000000071f000000, 0x000000071f000000, 0x000000071f400000|  0%| F|  |TAMS 0x000000071f000000| PB 0x000000071f000000| Untracked 
| 637|0x000000071f400000, 0x000000071f400000, 0x000000071f800000|  0%| F|  |TAMS 0x000000071f400000| PB 0x000000071f400000| Untracked 
| 638|0x000000071f800000, 0x000000071f800000, 0x000000071fc00000|  0%| F|  |TAMS 0x000000071f800000| PB 0x000000071f800000| Untracked 
| 639|0x000000071fc00000, 0x000000071fc00000, 0x0000000720000000|  0%| F|  |TAMS 0x000000071fc00000| PB 0x000000071fc00000| Untracked 
| 640|0x0000000720000000, 0x0000000720000000, 0x0000000720400000|  0%| F|  |TAMS 0x0000000720000000| PB 0x0000000720000000| Untracked 
| 641|0x0000000720400000, 0x0000000720400000, 0x0000000720800000|  0%| F|  |TAMS 0x0000000720400000| PB 0x0000000720400000| Untracked 
| 642|0x0000000720800000, 0x0000000720800000, 0x0000000720c00000|  0%| F|  |TAMS 0x0000000720800000| PB 0x0000000720800000| Untracked 
| 643|0x0000000720c00000, 0x0000000720c00000, 0x0000000721000000|  0%| F|  |TAMS 0x0000000720c00000| PB 0x0000000720c00000| Untracked 
| 644|0x0000000721000000, 0x0000000721000000, 0x0000000721400000|  0%| F|  |TAMS 0x0000000721000000| PB 0x0000000721000000| Untracked 
| 645|0x0000000721400000, 0x0000000721400000, 0x0000000721800000|  0%| F|  |TAMS 0x0000000721400000| PB 0x0000000721400000| Untracked 
| 646|0x0000000721800000, 0x0000000721800000, 0x0000000721c00000|  0%| F|  |TAMS 0x0000000721800000| PB 0x0000000721800000| Untracked 
| 647|0x0000000721c00000, 0x0000000721c00000, 0x0000000722000000|  0%| F|  |TAMS 0x0000000721c00000| PB 0x0000000721c00000| Untracked 
| 648|0x0000000722000000, 0x0000000722000000, 0x0000000722400000|  0%| F|  |TAMS 0x0000000722000000| PB 0x0000000722000000| Untracked 
| 649|0x0000000722400000, 0x0000000722400000, 0x0000000722800000|  0%| F|  |TAMS 0x0000000722400000| PB 0x0000000722400000| Untracked 
| 650|0x0000000722800000, 0x0000000722800000, 0x0000000722c00000|  0%| F|  |TAMS 0x0000000722800000| PB 0x0000000722800000| Untracked 
| 651|0x0000000722c00000, 0x0000000722c00000, 0x0000000723000000|  0%| F|  |TAMS 0x0000000722c00000| PB 0x0000000722c00000| Untracked 
| 652|0x0000000723000000, 0x0000000723000000, 0x0000000723400000|  0%| F|  |TAMS 0x0000000723000000| PB 0x0000000723000000| Untracked 
| 653|0x0000000723400000, 0x0000000723400000, 0x0000000723800000|  0%| F|  |TAMS 0x0000000723400000| PB 0x0000000723400000| Untracked 
| 654|0x0000000723800000, 0x0000000723800000, 0x0000000723c00000|  0%| F|  |TAMS 0x0000000723800000| PB 0x0000000723800000| Untracked 
| 655|0x0000000723c00000, 0x0000000723c00000, 0x0000000724000000|  0%| F|  |TAMS 0x0000000723c00000| PB 0x0000000723c00000| Untracked 
| 656|0x0000000724000000, 0x0000000724000000, 0x0000000724400000|  0%| F|  |TAMS 0x0000000724000000| PB 0x0000000724000000| Untracked 
| 657|0x0000000724400000, 0x0000000724400000, 0x0000000724800000|  0%| F|  |TAMS 0x0000000724400000| PB 0x0000000724400000| Untracked 
| 658|0x0000000724800000, 0x0000000724800000, 0x0000000724c00000|  0%| F|  |TAMS 0x0000000724800000| PB 0x0000000724800000| Untracked 
| 659|0x0000000724c00000, 0x0000000724c00000, 0x0000000725000000|  0%| F|  |TAMS 0x0000000724c00000| PB 0x0000000724c00000| Untracked 
| 660|0x0000000725000000, 0x0000000725000000, 0x0000000725400000|  0%| F|  |TAMS 0x0000000725000000| PB 0x0000000725000000| Untracked 
| 661|0x0000000725400000, 0x0000000725400000, 0x0000000725800000|  0%| F|  |TAMS 0x0000000725400000| PB 0x0000000725400000| Untracked 
|1529|0x00000007fe400000, 0x00000007fe400000, 0x00000007fe800000|  0%| F|  |TAMS 0x00000007fe400000| PB 0x00000007fe400000| Untracked 
|1530|0x00000007fe800000, 0x00000007fe800000, 0x00000007fec00000|  0%| F|  |TAMS 0x00000007fe800000| PB 0x00000007fe800000| Untracked 
|1531|0x00000007fec00000, 0x00000007fec00000, 0x00000007ff000000|  0%| F|  |TAMS 0x00000007fec00000| PB 0x00000007fec00000| Untracked 
|1532|0x00000007ff000000, 0x00000007ff000000, 0x00000007ff400000|  0%| F|  |TAMS 0x00000007ff000000| PB 0x00000007ff000000| Untracked 
|1533|0x00000007ff400000, 0x00000007ff400000, 0x00000007ff800000|  0%| F|  |TAMS 0x00000007ff400000| PB 0x00000007ff400000| Untracked 
|1534|0x00000007ff800000, 0x00000007ff800000, 0x00000007ffc00000|  0%| F|  |TAMS 0x00000007ff800000| PB 0x00000007ff800000| Untracked 
|1535|0x00000007ffc00000, 0x00000007ffc00000, 0x0000000800000000|  0%| F|  |TAMS 0x00000007ffc00000| PB 0x00000007ffc00000| Untracked 

Card table byte_map: [0x000002e9568b0000,0x000002e9574b0000] _byte_map_base: 0x000002e9534b0000

Marking Bits: (CMBitMap*) 0x000002e9438a0ad0
 Bits: [0x000002e9574b0000, 0x000002e95d4b0000)

Polling page: 0x000002e9415a0000

Metaspace:

Usage:
  Non-class:    162.85 MB used.
      Class:     23.78 MB used.
       Both:    186.62 MB used.

Virtual space:
  Non-class space:      192.00 MB reserved,     164.06 MB ( 85%) committed,  3 nodes.
      Class space:        1.00 GB reserved,      25.06 MB (  2%) committed,  1 nodes.
             Both:        1.19 GB reserved,     189.12 MB ( 16%) committed. 

Chunk freelists:
   Non-Class:  11.75 MB
       Class:  6.81 MB
        Both:  18.56 MB

MaxMetaspaceSize: unlimited
CompressedClassSpaceSize: 1.00 GB
Initial GC threshold: 21.00 MB
Current GC threshold: 315.25 MB
CDS: off
 - commit_granule_bytes: 65536.
 - commit_granule_words: 8192.
 - virtual_space_node_default_size: 8388608.
 - enlarge_chunks_in_place: 1.
 - use_allocation_guard: 0.


Internal statistics:

num_allocs_failed_limit: 9.
num_arena_births: 5460.
num_arena_deaths: 330.
num_vsnodes_births: 4.
num_vsnodes_deaths: 0.
num_space_committed: 3482.
num_space_uncommitted: 55.
num_chunks_returned_to_freelist: 1553.
num_chunks_taken_from_freelist: 15346.
num_chunk_merges: 640.
num_chunk_splits: 10084.
num_chunks_enlarged: 6607.
num_inconsistent_stats: 0.

CodeHeap 'non-profiled nmethods': size=120000Kb used=35866Kb max_used=38650Kb free=84133Kb
 bounds [0x000002e94e440000, 0x000002e950a00000, 0x000002e955970000]
CodeHeap 'profiled nmethods': size=120000Kb used=49205Kb max_used=54877Kb free=70794Kb
 bounds [0x000002e946970000, 0x000002e949f20000, 0x000002e94dea0000]
CodeHeap 'non-nmethods': size=5760Kb used=2978Kb max_used=3124Kb free=2781Kb
 bounds [0x000002e94dea0000, 0x000002e94e1c0000, 0x000002e94e440000]
CodeCache: size=245760Kb, used=88049Kb, max_used=96651Kb, free=157708Kb
 total_blobs=24398, nmethods=23336, adapters=964, full_count=0
Compilation: enabled, stopped_count=0, restarted_count=0

Compilation events (20 events):
Event: 1288.990 Thread 0x000002e9600fcbb0 nmethod 55474 0x000002e9474e4490 code [0x000002e9474e4640, 0x000002e9474e4778]
Event: 1288.994 Thread 0x000002e9600e2aa0 nmethod 55473 0x000002e94ef20710 code [0x000002e94ef20900, 0x000002e94ef20e30]
Event: 1289.008 Thread 0x000002e9600e2aa0 55475       4       java.util.Arrays::sort (37 bytes)
Event: 1289.009 Thread 0x000002e9600fcbb0 55476       3       com.android.tools.r8.dex.code.Q0::<init> (109 bytes)
Event: 1289.009 Thread 0x000002e9600fcbb0 nmethod 55476 0x000002e9471e5f90 code [0x000002e9471e6140, 0x000002e9471e63a8]
Event: 1289.009 Thread 0x000002e9600e2aa0 nmethod 55475 0x000002e94f4cde90 code [0x000002e94f4ce020, 0x000002e94f4ce100]
Event: 1289.011 Thread 0x000002e9600e2aa0 55477       4       com.android.tools.r8.internal.s9$$Lambda/0x0000000801681060::apply (12 bytes)
Event: 1289.012 Thread 0x000002e9600e2aa0 nmethod 55477 0x000002e94f0d6490 code [0x000002e94f0d6620, 0x000002e94f0d6780]
Event: 1289.012 Thread 0x000002e9600e2aa0 55478       4       com.android.tools.r8.internal.Hl$$Lambda/0x000000080166ecb0::apply (8 bytes)
Event: 1289.013 Thread 0x000002e9600e2aa0 nmethod 55478 0x000002e94f200690 code [0x000002e94f200820, 0x000002e94f200970]
Event: 1289.017 Thread 0x000002e9600fcbb0 55479       3       com.android.tools.r8.internal.N2::a (17 bytes)
Event: 1289.018 Thread 0x000002e9600fcbb0 nmethod 55479 0x000002e9476d8c10 code [0x000002e9476d8dc0, 0x000002e9476d8fd0]
Event: 1289.021 Thread 0x000002e9600e2aa0 55480       4       com.android.tools.r8.ir.regalloc.b::a (1134 bytes)
Event: 1289.055 Thread 0x000002e9600fcbb0 55485       3       com.android.tools.r8.internal.CJ::a (99 bytes)
Event: 1289.056 Thread 0x000002e9600fcbb0 nmethod 55485 0x000002e9472d1210 code [0x000002e9472d1400, 0x000002e9472d1888]
Event: 1289.056 Thread 0x000002e977e2bd10 55483       4       com.android.tools.r8.ir.regalloc.c::g (566 bytes)
Event: 1289.365 Thread 0x000002e9600fcbb0 55488       3       java.util.Collections$SetFromMap::equals (24 bytes)
Event: 1289.366 Thread 0x000002e9600fcbb0 nmethod 55488 0x000002e94770b410 code [0x000002e94770b5c0, 0x000002e94770b820]
Event: 1289.366 Thread 0x000002e9600fcbb0 55489       3       com.android.tools.r8.internal.ug::P2 (24 bytes)
Event: 1289.367 Thread 0x000002e9600fcbb0 nmethod 55489 0x000002e946e45290 code [0x000002e946e45460, 0x000002e946e45760]

GC Heap History (20 events):
Event: 587.168 GC heap after
{Heap after GC invocations=135 (full 0):
 garbage-first heap   total 1409024K, used 441197K [0x0000000680000000, 0x0000000800000000)
  region size 4096K, 3 young (12288K), 3 survivors (12288K)
 Metaspace       used 190613K, committed 193088K, reserved 1245184K
  class space    used 24321K, committed 25600K, reserved 1048576K
}
Event: 590.547 GC heap before
{Heap before GC invocations=135 (full 0):
 garbage-first heap   total 1409024K, used 1264493K [0x0000000680000000, 0x0000000800000000)
  region size 4096K, 204 young (835584K), 3 survivors (12288K)
 Metaspace       used 190624K, committed 193088K, reserved 1245184K
  class space    used 24321K, committed 25600K, reserved 1048576K
}
Event: 590.597 GC heap after
{Heap after GC invocations=136 (full 0):
 garbage-first heap   total 1409024K, used 436024K [0x0000000680000000, 0x0000000800000000)
  region size 4096K, 4 young (16384K), 4 survivors (16384K)
 Metaspace       used 190624K, committed 193088K, reserved 1245184K
  class space    used 24321K, committed 25600K, reserved 1048576K
}
Event: 1272.219 GC heap before
{Heap before GC invocations=136 (full 0):
 garbage-first heap   total 1409024K, used 1275704K [0x0000000680000000, 0x0000000800000000)
  region size 4096K, 206 young (843776K), 4 survivors (16384K)
 Metaspace       used 191123K, committed 193600K, reserved 1245184K
  class space    used 24363K, committed 25664K, reserved 1048576K
}
Event: 1274.447 GC heap after
{Heap after GC invocations=137 (full 0):
 garbage-first heap   total 1409024K, used 466284K [0x0000000680000000, 0x0000000800000000)
  region size 4096K, 13 young (53248K), 13 survivors (53248K)
 Metaspace       used 191123K, committed 193600K, reserved 1245184K
  class space    used 24363K, committed 25664K, reserved 1048576K
}
Event: 1274.534 GC heap before
{Heap before GC invocations=137 (full 0):
 garbage-first heap   total 1409024K, used 482668K [0x0000000680000000, 0x0000000800000000)
  region size 4096K, 17 young (69632K), 13 survivors (53248K)
 Metaspace       used 191125K, committed 193600K, reserved 1245184K
  class space    used 24363K, committed 25664K, reserved 1048576K
}
Event: 1274.688 GC heap after
{Heap after GC invocations=138 (full 0):
 garbage-first heap   total 1409024K, used 468431K [0x0000000680000000, 0x0000000800000000)
  region size 4096K, 2 young (8192K), 2 survivors (8192K)
 Metaspace       used 191125K, committed 193600K, reserved 1245184K
  class space    used 24363K, committed 25664K, reserved 1048576K
}
Event: 1282.305 GC heap before
{Heap before GC invocations=138 (full 0):
 garbage-first heap   total 1409024K, used 1148367K [0x0000000680000000, 0x0000000800000000)
  region size 4096K, 169 young (692224K), 2 survivors (8192K)
 Metaspace       used 191166K, committed 193664K, reserved 1245184K
  class space    used 24364K, committed 25664K, reserved 1048576K
}
Event: 1282.414 GC heap after
{Heap after GC invocations=139 (full 0):
 garbage-first heap   total 1409024K, used 518718K [0x0000000680000000, 0x0000000800000000)
  region size 4096K, 14 young (57344K), 14 survivors (57344K)
 Metaspace       used 191166K, committed 193664K, reserved 1245184K
  class space    used 24364K, committed 25664K, reserved 1048576K
}
Event: 1285.125 GC heap before
{Heap before GC invocations=139 (full 0):
 garbage-first heap   total 1409024K, used 752190K [0x0000000680000000, 0x0000000800000000)
  region size 4096K, 80 young (327680K), 14 survivors (57344K)
 Metaspace       used 191081K, committed 193664K, reserved 1245184K
  class space    used 24347K, committed 25664K, reserved 1048576K
}
Event: 1285.308 GC heap after
{Heap after GC invocations=140 (full 0):
 garbage-first heap   total 1605632K, used 484914K [0x0000000680000000, 0x0000000800000000)
  region size 4096K, 2 young (8192K), 2 survivors (8192K)
 Metaspace       used 191081K, committed 193664K, reserved 1245184K
  class space    used 24347K, committed 25664K, reserved 1048576K
}
Event: 1287.737 GC heap before
{Heap before GC invocations=140 (full 0):
 garbage-first heap   total 1605632K, used 1066546K [0x0000000680000000, 0x0000000800000000)
  region size 4096K, 145 young (593920K), 2 survivors (8192K)
 Metaspace       used 191090K, committed 193664K, reserved 1245184K
  class space    used 24347K, committed 25664K, reserved 1048576K
}
Event: 1287.773 GC heap after
{Heap after GC invocations=141 (full 0):
 garbage-first heap   total 1605632K, used 505276K [0x0000000680000000, 0x0000000800000000)
  region size 4096K, 7 young (28672K), 7 survivors (28672K)
 Metaspace       used 191090K, committed 193664K, reserved 1245184K
  class space    used 24347K, committed 25664K, reserved 1048576K
}
Event: 1288.661 GC heap before
{Heap before GC invocations=142 (full 0):
 garbage-first heap   total 1605632K, used 1025468K [0x0000000680000000, 0x0000000800000000)
  region size 4096K, 134 young (548864K), 7 survivors (28672K)
 Metaspace       used 191097K, committed 193664K, reserved 1245184K
  class space    used 24347K, committed 25664K, reserved 1048576K
}
Event: 1288.744 GC heap after
{Heap after GC invocations=143 (full 0):
 garbage-first heap   total 1605632K, used 487555K [0x0000000680000000, 0x0000000800000000)
  region size 4096K, 3 young (12288K), 3 survivors (12288K)
 Metaspace       used 191097K, committed 193664K, reserved 1245184K
  class space    used 24347K, committed 25664K, reserved 1048576K
}
Event: 1288.865 GC heap before
{Heap before GC invocations=143 (full 0):
 garbage-first heap   total 1605632K, used 553091K [0x0000000680000000, 0x0000000800000000)
  region size 4096K, 19 young (77824K), 3 survivors (12288K)
 Metaspace       used 191098K, committed 193664K, reserved 1245184K
  class space    used 24347K, committed 25664K, reserved 1048576K
}
Event: 1288.979 GC heap after
{Heap after GC invocations=144 (full 0):
 garbage-first heap   total 1605632K, used 467230K [0x0000000680000000, 0x0000000800000000)
  region size 4096K, 2 young (8192K), 2 survivors (8192K)
 Metaspace       used 191098K, committed 193664K, reserved 1245184K
  class space    used 24347K, committed 25664K, reserved 1048576K
}
Event: 1289.065 GC heap before
{Heap before GC invocations=144 (full 0):
 garbage-first heap   total 1605632K, used 532766K [0x0000000680000000, 0x0000000800000000)
  region size 4096K, 19 young (77824K), 2 survivors (8192K)
 Metaspace       used 191101K, committed 193664K, reserved 1245184K
  class space    used 24347K, committed 25664K, reserved 1048576K
}
Event: 1289.300 GC heap after
{Heap after GC invocations=145 (full 0):
 garbage-first heap   total 1605632K, used 449773K [0x0000000680000000, 0x0000000800000000)
  region size 4096K, 2 young (8192K), 2 survivors (8192K)
 Metaspace       used 191101K, committed 193664K, reserved 1245184K
  class space    used 24347K, committed 25664K, reserved 1048576K
}
Event: 1289.391 GC heap before
{Heap before GC invocations=145 (full 0):
 garbage-first heap   total 1605632K, used 519405K [0x0000000680000000, 0x0000000800000000)
  region size 4096K, 19 young (77824K), 2 survivors (8192K)
 Metaspace       used 191101K, committed 193664K, reserved 1245184K
  class space    used 24347K, committed 25664K, reserved 1048576K
}

Dll operation events (3 events):
Event: 0.028 Loaded shared library C:\Program Files\Android\Android Studio\jbr\bin\java.dll
Event: 0.036 Loaded shared library C:\Program Files\Android\Android Studio\jbr\bin\zip.dll
Event: 1.301 Loaded shared library C:\Program Files\Android\Android Studio\jbr\bin\verify.dll

Deoptimization events (20 events):
Event: 1286.953 Thread 0x000002e971cf9f20 DEOPT PACKING pc=0x000002e94f0452b8 sp=0x000000ec6f9fa730
Event: 1286.983 Thread 0x000002e971cf9f20 DEOPT UNPACKING pc=0x000002e94def46a2 sp=0x000000ec6f9fa748 mode 2
Event: 1287.057 Thread 0x000002e971cfb960 DEOPT PACKING pc=0x000002e9479dfffa sp=0x000000ec6fdfa750
Event: 1287.057 Thread 0x000002e971cfb960 DEOPT UNPACKING pc=0x000002e94def4e42 sp=0x000000ec6fdf9e38 mode 0
Event: 1287.213 Thread 0x000002e971cfb960 DEOPT PACKING pc=0x000002e946e39f2f sp=0x000000ec6fdfa8e0
Event: 1287.213 Thread 0x000002e971cfb960 DEOPT UNPACKING pc=0x000002e94def4e42 sp=0x000000ec6fdf9f20 mode 0
Event: 1287.216 Thread 0x000002e971cf9f20 DEOPT PACKING pc=0x000002e9479dfffa sp=0x000000ec6f9fa550
Event: 1287.216 Thread 0x000002e971cf9f20 DEOPT UNPACKING pc=0x000002e94def4e42 sp=0x000000ec6f9f9c38 mode 0
Event: 1287.273 Thread 0x000002e971cf9f20 DEOPT PACKING pc=0x000002e9479dfffa sp=0x000000ec6f9fa550
Event: 1287.273 Thread 0x000002e971cf9f20 DEOPT UNPACKING pc=0x000002e94def4e42 sp=0x000000ec6f9f9c38 mode 0
Event: 1287.397 Thread 0x000002e971cf9f20 DEOPT PACKING pc=0x000002e94981ceee sp=0x000000ec6f9fa650
Event: 1287.397 Thread 0x000002e971cf9f20 DEOPT UNPACKING pc=0x000002e94def4e42 sp=0x000000ec6f9f9d28 mode 0
Event: 1287.614 Thread 0x000002e971cfb960 DEOPT PACKING pc=0x000002e9479dfffa sp=0x000000ec6fdfa750
Event: 1287.614 Thread 0x000002e971cfb960 DEOPT UNPACKING pc=0x000002e94def4e42 sp=0x000000ec6fdf9e38 mode 0
Event: 1287.618 Thread 0x000002e971cfb960 DEOPT PACKING pc=0x000002e9499b1410 sp=0x000000ec6fdfa6e0
Event: 1287.640 Thread 0x000002e971cfb960 DEOPT UNPACKING pc=0x000002e94def4e42 sp=0x000000ec6fdf9c20 mode 0
Event: 1288.848 Thread 0x000002e971cfb960 Uncommon trap: trap_request=0xffffffcc fr.pc=0x000002e94f1a6258 relative=0x0000000000000138
Event: 1288.848 Thread 0x000002e971cfb960 Uncommon trap: reason=intrinsic_or_type_checked_inlining action=make_not_entrant pc=0x000002e94f1a6258 method=com.android.tools.r8.internal.s30.a(I[Ljava/lang/Object;)I @ 13 c2
Event: 1288.848 Thread 0x000002e971cfb960 DEOPT PACKING pc=0x000002e94f1a6258 sp=0x000000ec6fdfa930
Event: 1288.848 Thread 0x000002e971cfb960 DEOPT UNPACKING pc=0x000002e94def46a2 sp=0x000000ec6fdfa8b8 mode 2

Classes loaded (20 events):
Event: 572.564 Loading class java/util/concurrent/CountedCompleter
Event: 572.564 Loading class java/util/concurrent/CountedCompleter done
Event: 572.865 Loading class java/nio/BufferOverflowException
Event: 572.866 Loading class java/nio/BufferOverflowException done
Event: 572.887 Loading class java/security/DigestException
Event: 572.887 Loading class java/security/DigestException done
Event: 572.890 Loading class java/security/spec/InvalidKeySpecException
Event: 572.890 Loading class java/security/spec/InvalidKeySpecException done
Event: 572.961 Loading class java/security/InvalidAlgorithmParameterException
Event: 572.961 Loading class java/security/InvalidAlgorithmParameterException done
Event: 572.986 Loading class java/security/spec/MGF1ParameterSpec
Event: 572.986 Loading class java/security/spec/MGF1ParameterSpec done
Event: 573.010 Loading class java/util/concurrent/ForkJoinTask$AdaptedInterruptibleRunnable
Event: 573.010 Loading class java/util/concurrent/ForkJoinTask$AdaptedInterruptibleRunnable done
Event: 574.037 Loading class sun/security/rsa/RSACore$BlindingParameters
Event: 574.038 Loading class sun/security/rsa/RSACore$BlindingParameters done
Event: 574.039 Loading class sun/security/jca/JCAUtil$CachedSecureRandomHolder
Event: 574.041 Loading class sun/security/jca/JCAUtil$CachedSecureRandomHolder done
Event: 574.096 Loading class sun/security/rsa/RSACore$BlindingRandomPair
Event: 574.096 Loading class sun/security/rsa/RSACore$BlindingRandomPair done

Classes unloaded (20 events):
Event: 1283.711 Thread 0x000002e95ff2ecf0 Unloading class 0x0000000801833798 'kotlin/UNINITIALIZED_VALUE'
Event: 1283.711 Thread 0x000002e95ff2ecf0 Unloading class 0x0000000801833538 'kotlin/SynchronizedLazyImpl'
Event: 1283.711 Thread 0x000002e95ff2ecf0 Unloading class 0x0000000801833308 'kotlin/Lazy'
Event: 1283.711 Thread 0x000002e95ff2ecf0 Unloading class 0x0000000801833078 'kotlin/NoWhenBranchMatchedException'
Event: 1283.711 Thread 0x000002e95ff2ecf0 Unloading class 0x0000000801832e40 'kotlin/LazyKt'
Event: 1283.711 Thread 0x000002e95ff2ecf0 Unloading class 0x0000000801832c08 'kotlin/LazyKt__LazyKt'
Event: 1283.711 Thread 0x000002e95ff2ecf0 Unloading class 0x00000008018329d0 'kotlin/LazyKt__LazyJVMKt'
Event: 1283.711 Thread 0x000002e95ff2ecf0 Unloading class 0x0000000801832758 'androidx/room/compiler/processing/javac/JavacBasicAnnotationProcessor$xEnv$2'
Event: 1283.711 Thread 0x000002e95ff2ecf0 Unloading class 0x0000000801832528 'kotlin/jvm/functions/Function0'
Event: 1283.711 Thread 0x000002e95ff2ecf0 Unloading class 0x0000000801832298 'kotlin/UninitializedPropertyAccessException'
Event: 1283.711 Thread 0x000002e95ff2ecf0 Unloading class 0x0000000801832000 'kotlin/KotlinNullPointerException'
Event: 1283.711 Thread 0x000002e95ff2ecf0 Unloading class 0x0000000801831c38 'kotlin/jvm/internal/Intrinsics'
Event: 1283.711 Thread 0x000002e95ff2ecf0 Unloading class 0x00000008018319c8 'androidx/room/RoomProcessor$1'
Event: 1283.711 Thread 0x000002e95ff2ecf0 Unloading class 0x0000000801831770 'kotlin/jvm/internal/Lambda'
Event: 1283.711 Thread 0x000002e95ff2ecf0 Unloading class 0x0000000801831540 'kotlin/jvm/internal/FunctionBase'
Event: 1283.711 Thread 0x000002e95ff2ecf0 Unloading class 0x0000000801831310 'kotlin/jvm/functions/Function1'
Event: 1283.711 Thread 0x000002e95ff2ecf0 Unloading class 0x0000000801830d40 'kotlin/Function'
Event: 1283.711 Thread 0x000002e95ff2ecf0 Unloading class 0x0000000801831000 'androidx/room/RoomProcessor'
Event: 1283.711 Thread 0x000002e95ff2ecf0 Unloading class 0x0000000801830a30 'androidx/room/compiler/processing/javac/JavacBasicAnnotationProcessor'
Event: 1283.711 Thread 0x000002e95ff2ecf0 Unloading class 0x0000000801830800 'androidx/room/compiler/processing/XBasicAnnotationProcessor'

Classes redefined (0 events):
No events

Internal exceptions (20 events):
Event: 1275.828 Thread 0x000002e9721f3d00 Exception <a 'sun/nio/fs/WindowsException'{0x00000006d1ddd640}> (0x00000006d1ddd640) 
thrown [s\src\hotspot\share\prims\jni.cpp, line 537]
Event: 1275.832 Thread 0x000002e9721f3d00 Exception <a 'sun/nio/fs/WindowsException'{0x00000006d1ddf180}> (0x00000006d1ddf180) 
thrown [s\src\hotspot\share\prims\jni.cpp, line 537]
Event: 1275.836 Thread 0x000002e9721f3d00 Exception <a 'sun/nio/fs/WindowsException'{0x00000006d1de0ca8}> (0x00000006d1de0ca8) 
thrown [s\src\hotspot\share\prims\jni.cpp, line 537]
Event: 1275.839 Thread 0x000002e9721f3d00 Exception <a 'sun/nio/fs/WindowsException'{0x00000006d1de27c8}> (0x00000006d1de27c8) 
thrown [s\src\hotspot\share\prims\jni.cpp, line 537]
Event: 1275.841 Thread 0x000002e9721f3d00 Exception <a 'sun/nio/fs/WindowsException'{0x00000006d1de42c0}> (0x00000006d1de42c0) 
thrown [s\src\hotspot\share\prims\jni.cpp, line 537]
Event: 1275.847 Thread 0x000002e9721f3d00 Exception <a 'sun/nio/fs/WindowsException'{0x00000006d1e98d08}> (0x00000006d1e98d08) 
thrown [s\src\hotspot\share\prims\jni.cpp, line 537]
Event: 1275.874 Thread 0x000002e9721f3d00 Exception <a 'sun/nio/fs/WindowsException'{0x00000006d1e9a830}> (0x00000006d1e9a830) 
thrown [s\src\hotspot\share\prims\jni.cpp, line 537]
Event: 1275.877 Thread 0x000002e9721f3d00 Exception <a 'sun/nio/fs/WindowsException'{0x00000006d1e9c320}> (0x00000006d1e9c320) 
thrown [s\src\hotspot\share\prims\jni.cpp, line 537]
Event: 1275.881 Thread 0x000002e9721f3d00 Exception <a 'sun/nio/fs/WindowsException'{0x00000006d1e9ddf8}> (0x00000006d1e9ddf8) 
thrown [s\src\hotspot\share\prims\jni.cpp, line 537]
Event: 1275.884 Thread 0x000002e9721f3d00 Exception <a 'sun/nio/fs/WindowsException'{0x00000006d1e9f4a0}> (0x00000006d1e9f4a0) 
thrown [s\src\hotspot\share\prims\jni.cpp, line 537]
Event: 1275.887 Thread 0x000002e9721f3d00 Exception <a 'sun/nio/fs/WindowsException'{0x00000006d1ea09d0}> (0x00000006d1ea09d0) 
thrown [s\src\hotspot\share\prims\jni.cpp, line 537]
Event: 1275.891 Thread 0x000002e9721f3d00 Exception <a 'sun/nio/fs/WindowsException'{0x00000006d1ea1ee8}> (0x00000006d1ea1ee8) 
thrown [s\src\hotspot\share\prims\jni.cpp, line 537]
Event: 1275.893 Thread 0x000002e9721f3d00 Exception <a 'sun/nio/fs/WindowsException'{0x00000006d1ea3380}> (0x00000006d1ea3380) 
thrown [s\src\hotspot\share\prims\jni.cpp, line 537]
Event: 1275.914 Thread 0x000002e971cf6410 Exception <a 'sun/nio/fs/WindowsException'{0x00000006d18d4168}> (0x00000006d18d4168) 
thrown [s\src\hotspot\share\prims\jni.cpp, line 537]
Event: 1276.256 Thread 0x000002e971cfb960 Exception <a 'sun/nio/fs/WindowsException'{0x00000006cf7d4e48}> (0x00000006cf7d4e48) 
thrown [s\src\hotspot\share\prims\jni.cpp, line 537]
Event: 1276.318 Thread 0x000002e971cfac40 Exception <a 'sun/nio/fs/WindowsException'{0x00000006cf218130}> (0x00000006cf218130) 
thrown [s\src\hotspot\share\prims\jni.cpp, line 537]
Event: 1278.336 Thread 0x000002e971cf9890 Exception <a 'sun/nio/fs/WindowsException'{0x00000006c7aa3c38}> (0x00000006c7aa3c38) 
thrown [s\src\hotspot\share\prims\jni.cpp, line 537]
Event: 1278.347 Thread 0x000002e971cf9890 Exception <a 'sun/nio/fs/WindowsException'{0x00000006c7aa4c88}> (0x00000006c7aa4c88) 
thrown [s\src\hotspot\share\prims\jni.cpp, line 537]
Event: 1278.348 Thread 0x000002e971cf9890 Exception <a 'sun/nio/fs/WindowsException'{0x00000006c7aa5d28}> (0x00000006c7aa5d28) 
thrown [s\src\hotspot\share\prims\jni.cpp, line 537]
Event: 1278.349 Thread 0x000002e971cf9890 Exception <a 'sun/nio/fs/WindowsException'{0x00000006c7aa6dc8}> (0x00000006c7aa6dc8) 
thrown [s\src\hotspot\share\prims\jni.cpp, line 537]

ZGC Phase Switch (0 events):
No events

VM Operations (20 events):
Event: 1283.418 Executing VM operation: Cleanup done
Event: 1283.705 Executing VM operation: G1PauseRemark
Event: 1284.912 Executing VM operation: G1PauseRemark done
Event: 1285.113 Executing VM operation: G1CollectForAllocation (G1 Evacuation Pause)
Event: 1285.308 Executing VM operation: G1CollectForAllocation (G1 Evacuation Pause) done
Event: 1286.308 Executing VM operation: Cleanup
Event: 1286.420 Executing VM operation: Cleanup done
Event: 1287.421 Executing VM operation: Cleanup
Event: 1287.497 Executing VM operation: Cleanup done
Event: 1287.732 Executing VM operation: G1CollectForAllocation (G1 Evacuation Pause)
Event: 1287.773 Executing VM operation: G1CollectForAllocation (G1 Evacuation Pause) done
Event: 1288.575 Executing VM operation: G1PauseCleanup
Event: 1288.576 Executing VM operation: G1PauseCleanup done
Event: 1288.649 Executing VM operation: G1CollectForAllocation (G1 Evacuation Pause)
Event: 1288.744 Executing VM operation: G1CollectForAllocation (G1 Evacuation Pause) done
Event: 1288.847 Executing VM operation: G1CollectForAllocation (G1 Evacuation Pause)
Event: 1288.979 Executing VM operation: G1CollectForAllocation (G1 Evacuation Pause) done
Event: 1289.064 Executing VM operation: G1CollectForAllocation (G1 Evacuation Pause)
Event: 1289.300 Executing VM operation: G1CollectForAllocation (G1 Evacuation Pause) done
Event: 1289.387 Executing VM operation: G1CollectForAllocation (G1 Evacuation Pause)

Memory protections (0 events):
No events

Nmethod flushes (20 events):
Event: 1284.900 Thread 0x000002e95ff2ecf0 flushing  nmethod 0x000002e949899290
Event: 1284.900 Thread 0x000002e95ff2ecf0 flushing  nmethod 0x000002e9498f0910
Event: 1284.900 Thread 0x000002e95ff2ecf0 flushing  nmethod 0x000002e9498f1890
Event: 1284.900 Thread 0x000002e95ff2ecf0 flushing  nmethod 0x000002e9498f7210
Event: 1284.900 Thread 0x000002e95ff2ecf0 flushing  nmethod 0x000002e949949810
Event: 1284.900 Thread 0x000002e95ff2ecf0 flushing  nmethod 0x000002e949a28790
Event: 1284.900 Thread 0x000002e95ff2ecf0 flushing  nmethod 0x000002e949bce190
Event: 1284.900 Thread 0x000002e95ff2ecf0 flushing  nmethod 0x000002e949bd5590
Event: 1284.900 Thread 0x000002e95ff2ecf0 flushing  nmethod 0x000002e949bdc690
Event: 1284.900 Thread 0x000002e95ff2ecf0 flushing  nmethod 0x000002e949be1590
Event: 1284.900 Thread 0x000002e95ff2ecf0 flushing  nmethod 0x000002e949be1a10
Event: 1284.900 Thread 0x000002e95ff2ecf0 flushing  nmethod 0x000002e949be2110
Event: 1284.900 Thread 0x000002e95ff2ecf0 flushing  nmethod 0x000002e949c18b10
Event: 1284.900 Thread 0x000002e95ff2ecf0 flushing  nmethod 0x000002e949c18f10
Event: 1284.900 Thread 0x000002e95ff2ecf0 flushing  nmethod 0x000002e949c1b590
Event: 1284.900 Thread 0x000002e95ff2ecf0 flushing  nmethod 0x000002e949c1c110
Event: 1284.900 Thread 0x000002e95ff2ecf0 flushing  nmethod 0x000002e949c1c610
Event: 1284.900 Thread 0x000002e95ff2ecf0 flushing  nmethod 0x000002e949cdd790
Event: 1284.900 Thread 0x000002e95ff2ecf0 flushing  nmethod 0x000002e949d4d810
Event: 1284.900 Thread 0x000002e95ff2ecf0 flushing  nmethod 0x000002e949d63710

Events (20 events):
Event: 1274.457 Thread 0x000002e9721efb60 Thread exited: 0x000002e9721efb60
Event: 1274.457 Thread 0x000002e971cfd3a0 Thread exited: 0x000002e971cfd3a0
Event: 1274.482 Thread 0x000002e9600e2aa0 Thread added: 0x000002e9782918f0
Event: 1275.378 Thread 0x000002e9782918f0 Thread exited: 0x000002e9782918f0
Event: 1275.444 Thread 0x000002e9600e2aa0 Thread added: 0x000002e965896120
Event: 1275.760 Thread 0x000002e965896120 Thread exited: 0x000002e965896120
Event: 1276.356 Thread 0x000002e9600fcbb0 Thread added: 0x000002e978290480
Event: 1277.482 Thread 0x000002e978290480 Thread exited: 0x000002e978290480
Event: 1277.665 Thread 0x000002e9600fcbb0 Thread added: 0x000002e978290480
Event: 1277.955 Thread 0x000002e9600e2aa0 Thread added: 0x000002e965896120
Event: 1279.845 Thread 0x000002e971cf9890 Thread added: 0x000002e9721efb60
Event: 1284.929 Thread 0x000002e971cf77c0 Thread exited: 0x000002e971cf77c0
Event: 1286.037 Thread 0x000002e971cf9890 Thread added: 0x000002e96acd7bf0
Event: 1288.125 Thread 0x000002e965896120 Thread exited: 0x000002e965896120
Event: 1288.351 Thread 0x000002e9600e2aa0 Thread added: 0x000002e97d2615b0
Event: 1288.450 Thread 0x000002e971cf9890 Thread added: 0x000002e97bf0dda0
Event: 1288.506 Thread 0x000002e971cfbff0 Thread added: 0x000002e97bf0fe70
Event: 1288.744 Thread 0x000002e97d2615b0 Thread exited: 0x000002e97d2615b0
Event: 1288.985 Thread 0x000002e978290480 Thread exited: 0x000002e978290480
Event: 1289.056 Thread 0x000002e9600fcbb0 Thread added: 0x000002e977e2bd10


Dynamic libraries:
0x00007ff65bc50000 - 0x00007ff65bc5a000 	C:\Program Files\Android\Android Studio\jbr\bin\java.exe
0x00007ff873960000 - 0x00007ff873bc8000 	C:\WINDOWS\SYSTEM32\ntdll.dll
0x00007ff873160000 - 0x00007ff873229000 	C:\WINDOWS\System32\KERNEL32.DLL
0x00007ff870d30000 - 0x00007ff871122000 	C:\WINDOWS\System32\KERNELBASE.dll
0x00007ff8711f0000 - 0x00007ff87133b000 	C:\WINDOWS\System32\ucrtbase.dll
0x00007ff837e20000 - 0x00007ff837e3b000 	C:\Program Files\Android\Android Studio\jbr\bin\VCRUNTIME140.dll
0x00007ff867790000 - 0x00007ff8677a8000 	C:\Program Files\Android\Android Studio\jbr\bin\jli.dll
0x00007ff871730000 - 0x00007ff8718f5000 	C:\WINDOWS\System32\USER32.dll
0x00007ff870c70000 - 0x00007ff870c97000 	C:\WINDOWS\System32\win32u.dll
0x00007ff872ea0000 - 0x00007ff872ecb000 	C:\WINDOWS\System32\GDI32.dll
0x00007ff8713e0000 - 0x00007ff87150d000 	C:\WINDOWS\System32\gdi32full.dll
0x00007ff85bf00000 - 0x00007ff85c193000 	C:\WINDOWS\WinSxS\amd64_microsoft.windows.common-controls_6595b64144ccf1df_6.0.26100.6899_none_3e0efeeae32e88c1\COMCTL32.dll
0x00007ff871510000 - 0x00007ff8715b3000 	C:\WINDOWS\System32\msvcp_win.dll
0x00007ff873770000 - 0x00007ff873819000 	C:\WINDOWS\System32\msvcrt.dll
0x00007ff8733e0000 - 0x00007ff87340f000 	C:\WINDOWS\System32\IMM32.DLL
0x00007ff867370000 - 0x00007ff86737c000 	C:\Program Files\Android\Android Studio\jbr\bin\vcruntime140_1.dll
0x00007ff847a70000 - 0x00007ff847afd000 	C:\Program Files\Android\Android Studio\jbr\bin\msvcp140.dll
0x00007fffec8f0000 - 0x00007fffed586000 	C:\Program Files\Android\Android Studio\jbr\bin\server\jvm.dll
0x00007ff8732f0000 - 0x00007ff8733a4000 	C:\WINDOWS\System32\ADVAPI32.dll
0x00007ff873230000 - 0x00007ff8732d6000 	C:\WINDOWS\System32\sechost.dll
0x00007ff872570000 - 0x00007ff872688000 	C:\WINDOWS\System32\RPCRT4.dll
0x00007ff871c80000 - 0x00007ff871cf4000 	C:\WINDOWS\System32\WS2_32.dll
0x00007ff870950000 - 0x00007ff8709ae000 	C:\WINDOWS\SYSTEM32\POWRPROF.dll
0x00007ff85c310000 - 0x00007ff85c345000 	C:\WINDOWS\SYSTEM32\WINMM.dll
0x00007ff8647e0000 - 0x00007ff8647eb000 	C:\WINDOWS\SYSTEM32\VERSION.dll
0x00007ff870930000 - 0x00007ff870944000 	C:\WINDOWS\SYSTEM32\UMPDC.dll
0x00007ff86f8c0000 - 0x00007ff86f8db000 	C:\WINDOWS\SYSTEM32\kernel.appcore.dll
0x00007ff863700000 - 0x00007ff86370a000 	C:\Program Files\Android\Android Studio\jbr\bin\jimage.dll
0x00007ff86e2e0000 - 0x00007ff86e522000 	C:\WINDOWS\SYSTEM32\DBGHELP.DLL
0x00007ff871900000 - 0x00007ff871c7b000 	C:\WINDOWS\System32\combase.dll
0x00007ff872ee0000 - 0x00007ff872fb7000 	C:\WINDOWS\System32\OLEAUT32.dll
0x00007ff84b320000 - 0x00007ff84b35c000 	C:\WINDOWS\SYSTEM32\dbgcore.DLL
0x00007ff871340000 - 0x00007ff8713d8000 	C:\WINDOWS\System32\bcryptPrimitives.dll
0x00007ff868190000 - 0x00007ff86819e000 	C:\Program Files\Android\Android Studio\jbr\bin\instrument.dll
0x00007ffffce50000 - 0x00007ffffce70000 	C:\Program Files\Android\Android Studio\jbr\bin\java.dll
0x00007ffffce30000 - 0x00007ffffce48000 	C:\Program Files\Android\Android Studio\jbr\bin\zip.dll
0x00007ff871d00000 - 0x00007ff87244d000 	C:\WINDOWS\System32\SHELL32.dll
0x00007ff8715c0000 - 0x00007ff87172b000 	C:\WINDOWS\System32\wintypes.dll
0x00007ff86e780000 - 0x00007ff86efdd000 	C:\WINDOWS\SYSTEM32\windows.storage.dll
0x00007ff873820000 - 0x00007ff873912000 	C:\WINDOWS\System32\SHCORE.dll
0x00007ff872790000 - 0x00007ff8727f2000 	C:\WINDOWS\System32\shlwapi.dll
0x00007ff8709e0000 - 0x00007ff870a09000 	C:\WINDOWS\SYSTEM32\profapi.dll
0x00007ff838ad0000 - 0x00007ff838ae0000 	C:\Program Files\Android\Android Studio\jbr\bin\net.dll
0x00007ff867180000 - 0x00007ff86729f000 	C:\WINDOWS\SYSTEM32\WINHTTP.dll
0x00007ff86fe30000 - 0x00007ff86fe9b000 	C:\WINDOWS\system32\mswsock.dll
0x00007ffff2330000 - 0x00007ffff2346000 	C:\Program Files\Android\Android Studio\jbr\bin\nio.dll
0x00007fffef3e0000 - 0x00007fffef3f0000 	C:\Program Files\Android\Android Studio\jbr\bin\verify.dll
0x00007ff864730000 - 0x00007ff864757000 	C:\Users\zs computer\.gradle\native\c067742578af261105cb4f569cf0c3c89f3d7b1fecec35dd04571415982c5e48\windows-amd64\native-platform.dll
0x00007ff823ff0000 - 0x00007ff824134000 	C:\Users\zs computer\.gradle\native\38dada09dfb8b06ba9b0570ebf7e218e3eb74d4ef43ca46872605cf95ebc2f47\windows-amd64\native-platform-file-events.dll
0x00007ffff17d0000 - 0x00007ffff17d9000 	C:\Program Files\Android\Android Studio\jbr\bin\management.dll
0x00007ffff17c0000 - 0x00007ffff17cb000 	C:\Program Files\Android\Android Studio\jbr\bin\management_ext.dll
0x00007ff873600000 - 0x00007ff873608000 	C:\WINDOWS\System32\PSAPI.DLL
0x00007ff8700e0000 - 0x00007ff8700fb000 	C:\WINDOWS\SYSTEM32\CRYPTSP.dll
0x00007ff86f820000 - 0x00007ff86f85b000 	C:\WINDOWS\system32\rsaenh.dll
0x00007ff86fed0000 - 0x00007ff86fefb000 	C:\WINDOWS\SYSTEM32\USERENV.dll
0x00007ff870a10000 - 0x00007ff870a36000 	C:\WINDOWS\SYSTEM32\bcrypt.dll
0x00007ff870100000 - 0x00007ff87010c000 	C:\WINDOWS\SYSTEM32\CRYPTBASE.dll
0x00007ff86f330000 - 0x00007ff86f364000 	C:\WINDOWS\SYSTEM32\IPHLPAPI.DLL
0x00007ff8732e0000 - 0x00007ff8732ea000 	C:\WINDOWS\System32\NSI.dll
0x00007ffff17e0000 - 0x00007ffff17e9000 	C:\Program Files\Android\Android Studio\jbr\bin\extnet.dll
0x00007ffffdb10000 - 0x00007ffffdb18000 	C:\WINDOWS\system32\wshunix.dll
0x00007ff863730000 - 0x00007ff863748000 	C:\WINDOWS\system32\napinsp.dll
0x00007ff86f3d0000 - 0x00007ff86f4f6000 	C:\WINDOWS\SYSTEM32\DNSAPI.dll
0x00007ff863710000 - 0x00007ff863722000 	C:\WINDOWS\System32\winrnr.dll
0x00007ff8428a0000 - 0x00007ff8428c8000 	C:\WINDOWS\system32\nlansp_c.dll
0x00007ff866650000 - 0x00007ff866666000 	C:\WINDOWS\system32\wshbth.dll
0x00007ff864810000 - 0x00007ff86481b000 	C:\Windows\System32\rasadhlp.dll
0x00007ff863a30000 - 0x00007ff863ab6000 	C:\WINDOWS\System32\fwpuclnt.dll
0x00007ff867b40000 - 0x00007ff867b47000 	C:\Program Files\Android\Android Studio\jbr\bin\rmi.dll
0x00007ff86f9e0000 - 0x00007ff86fa16000 	C:\WINDOWS\SYSTEM32\ntmarta.dll

JVMTI agents:
C:\Users\zs computer\.gradle\wrapper\dists\gradle-8.6-bin\afr5mpiioh2wthjmwnkmdsd5w\gradle-8.6\lib\agents\gradle-instrumentation-agent-8.6.jar path:C:\Program Files\Android\Android Studio\jbr\bin\instrument.dll, loaded, initialized, instrumentlib options:none

dbghelp: loaded successfully - version: 4.0.5 - missing functions: none
symbol engine: initialized successfully - sym options: 0x614 - pdb path: .;C:\Program Files\Android\Android Studio\jbr\bin;C:\WINDOWS\SYSTEM32;C:\WINDOWS\WinSxS\amd64_microsoft.windows.common-controls_6595b64144ccf1df_6.0.26100.6899_none_3e0efeeae32e88c1;C:\Program Files\Android\Android Studio\jbr\bin\server;C:\Users\zs computer\.gradle\native\c067742578af261105cb4f569cf0c3c89f3d7b1fecec35dd04571415982c5e48\windows-amd64;C:\Users\zs computer\.gradle\native\38dada09dfb8b06ba9b0570ebf7e218e3eb74d4ef43ca46872605cf95ebc2f47\windows-amd64

VM Arguments:
jvm_args: -XX:+HeapDumpOnOutOfMemoryError --add-opens=java.base/java.util=ALL-UNNAMED --add-opens=java.base/java.lang=ALL-UNNAMED --add-opens=java.base/java.lang.invoke=ALL-UNNAMED --add-opens=java.prefs/java.util.prefs=ALL-UNNAMED --add-opens=java.base/java.nio.charset=ALL-UNNAMED --add-opens=java.base/java.net=ALL-UNNAMED --add-opens=java.base/java.util.concurrent.atomic=ALL-UNNAMED -Xmx6144m -Dfile.encoding=UTF-8 -Duser.country=US -Duser.language=en -Duser.variant -javaagent:C:\Users\zs computer\.gradle\wrapper\dists\gradle-8.6-bin\afr5mpiioh2wthjmwnkmdsd5w\gradle-8.6\lib\agents\gradle-instrumentation-agent-8.6.jar 
java_command: org.gradle.launcher.daemon.bootstrap.GradleDaemon 8.6
java_class_path (initial): C:\Users\zs computer\.gradle\wrapper\dists\gradle-8.6-bin\afr5mpiioh2wthjmwnkmdsd5w\gradle-8.6\lib\gradle-launcher-8.6.jar
Launcher Type: SUN_STANDARD

[Global flags]
     intx CICompilerCount                          = 4                                         {product} {ergonomic}
     uint ConcGCThreads                            = 2                                         {product} {ergonomic}
     uint G1ConcRefinementThreads                  = 8                                         {product} {ergonomic}
   size_t G1HeapRegionSize                         = 4194304                                   {product} {ergonomic}
    uintx GCDrainStackTargetSize                   = 64                                        {product} {ergonomic}
     bool HeapDumpOnOutOfMemoryError               = true                                   {manageable} {command line}
   size_t InitialHeapSize                          = 134217728                                 {product} {ergonomic}
   size_t MarkStackSize                            = 4194304                                   {product} {ergonomic}
   size_t MaxHeapSize                              = 6442450944                                {product} {command line}
   size_t MaxNewSize                               = 3862953984                                {product} {ergonomic}
   size_t MinHeapDeltaBytes                        = 4194304                                   {product} {ergonomic}
   size_t MinHeapSize                              = 8388608                                   {product} {ergonomic}
    uintx NonNMethodCodeHeapSize                   = 5839372                                {pd product} {ergonomic}
    uintx NonProfiledCodeHeapSize                  = 122909434                              {pd product} {ergonomic}
    uintx ProfiledCodeHeapSize                     = 122909434                              {pd product} {ergonomic}
    uintx ReservedCodeCacheSize                    = 251658240                              {pd product} {ergonomic}
     bool SegmentedCodeCache                       = true                                      {product} {ergonomic}
   size_t SoftMaxHeapSize                          = 6442450944                             {manageable} {ergonomic}
     bool UseCompressedOops                        = true                           {product lp64_product} {ergonomic}
     bool UseG1GC                                  = true                                      {product} {ergonomic}
     bool UseLargePagesIndividualAllocation        = false                                  {pd product} {ergonomic}

Logging:
Log output configuration:
 #0: stdout all=warning uptime,level,tags foldmultilines=false
 #1: stderr all=off uptime,level,tags foldmultilines=false

Environment Variables:
PATH=C:\Program Files\Common Files\Oracle\Java\javapath;C:\WINDOWS\system32;C:\WINDOWS;C:\WINDOWS\System32\Wbem;C:\WINDOWS\System32\WindowsPowerShell\v1.0\;C:\WINDOWS\System32\OpenSSH\;C:\Program Files\Git\cmd;C:\Users\zs computer\AppData\Local\Microsoft\WindowsApps;;C:\Program Files\JetBrains\IntelliJ IDEA Community Edition 2025.1.3\bin;
USERNAME=zs computer
OS=Windows_NT
PROCESSOR_IDENTIFIER=Intel64 Family 6 Model 142 Stepping 10, GenuineIntel
TMP=C:\Users\ZSCOMP~1\AppData\Local\Temp
TEMP=C:\Users\ZSCOMP~1\AppData\Local\Temp




Periodic native trim disabled

JNI global refs:
JNI global refs: 30, weak refs: 4

JNI global refs memory usage: 835, weak refs: 1529

Process memory usage:
Resident Set Size: 1640936K (19% of 8223956K total physical memory with 1012200K free physical memory)

OOME stack traces (most recent first):
Classloader memory used:
Loader org.gradle.internal.classloader.VisitableURLClassLoader$InstrumentingVisitableURLClassLoader: 46545K
Loader java.net.URLClassLoader                                                         : 44826K
Loader org.gradle.internal.classloader.VisitableURLClassLoader                         : 42503K
Loader bootstrap                                                                       : 33598K
Loader jdk.internal.loader.ClassLoaders$AppClassLoader                                 : 10763K
Loader org.gradle.initialization.MixInLegacyTypesClassLoader                           : 9874K
Loader jdk.internal.reflect.DelegatingClassLoader                                      : 1987K
Loader jdk.internal.loader.ClassLoaders$PlatformClassLoader                            : 938K
Loader org.gradle.internal.classloader.VisitableURLClassLoader                         : 51528B
Loader org.codehaus.groovy.runtime.callsite.CallSiteClassLoader                        : 9424B
Loader sun.reflect.misc.MethodUtil                                                     : 3000B

Classes loaded by more than one classloader:
Class kotlin.text.StringsKt__StringsJVMKt                                             : loaded 6 times (x 71B)
Class kotlin.text.StringsKt__RegexExtensionsJVMKt                                     : loaded 6 times (x 71B)
Class kotlin.jvm.KotlinReflectionNotSupportedError                                    : loaded 6 times (x 82B)
Class kotlin.text.StringsKt__StringsKt                                                : loaded 6 times (x 71B)
Class kotlin.NotImplementedError                                                      : loaded 6 times (x 82B)
Class kotlin.collections.ArraysKt___ArraysJvmKt                                       : loaded 6 times (x 71B)
Class kotlin.collections.SetsKt                                                       : loaded 6 times (x 71B)
Class kotlin.reflect.KFunction                                                        : loaded 6 times (x 70B)
Class kotlin.collections.CollectionsKt                                                : loaded 6 times (x 71B)
Class kotlin.collections.CollectionsKt__CollectionsKt                                 : loaded 6 times (x 71B)
Class kotlin.collections.MapsKt__MapsKt                                               : loaded 6 times (x 71B)
Class kotlin.jvm.internal.Lambda                                                      : loaded 6 times (x 75B)
Class kotlin.UninitializedPropertyAccessException                                     : loaded 6 times (x 82B)
Class kotlin.collections.CollectionsKt__CollectionsJVMKt                              : loaded 6 times (x 71B)
Class kotlin._Assertions                                                              : loaded 6 times (x 71B)
Class kotlin.jvm.internal.FunctionReference                                           : loaded 6 times (x 122B)
Class kotlin.sequences.SequencesKt                                                    : loaded 6 times (x 71B)
Class kotlin.collections.CollectionsKt__IteratorsKt                                   : loaded 6 times (x 71B)
Class kotlin.enums.EnumEntriesList                                                    : loaded 6 times (x 223B)
Class kotlin.text.StringsKt                                                           : loaded 6 times (x 71B)
Class kotlin.jvm.internal.FunctionBase                                                : loaded 6 times (x 70B)
Class kotlin.comparisons.ComparisonsKt___ComparisonsJvmKt                             : loaded 6 times (x 71B)
Class kotlin.jvm.internal.markers.KMappedMarker                                       : loaded 6 times (x 70B)
Class kotlin.sequences.SequencesKt__SequenceBuilderKt                                 : loaded 6 times (x 71B)
Class kotlin.sequences.Sequence                                                       : loaded 6 times (x 70B)
Class kotlin.LazyKt__LazyJVMKt                                                        : loaded 6 times (x 71B)
Class kotlin.NoWhenBranchMatchedException                                             : loaded 6 times (x 82B)
Class kotlin.Lazy                                                                     : loaded 6 times (x 70B)
Class kotlin.text.StringsKt__StringNumberConversionsKt                                : loaded 6 times (x 71B)
Class kotlin.text.StringsKt__StringNumberConversionsJVMKt                             : loaded 6 times (x 71B)
Class kotlin.collections.CollectionsKt__IteratorsJVMKt                                : loaded 6 times (x 71B)
Class kotlin.collections.CollectionsKt__ReversedViewsKt                               : loaded 6 times (x 71B)
Class kotlin.text.StringsKt__AppendableKt                                             : loaded 6 times (x 71B)
Class kotlin.jvm.internal.CallableReference                                           : loaded 6 times (x 106B)
Class kotlin.text.StringsKt__StringBuilderKt                                          : loaded 6 times (x 71B)
Class kotlin.jvm.internal.CallableReference$NoReceiver                                : loaded 6 times (x 71B)
Class kotlin.collections.ArraysKt__ArraysJVMKt                                        : loaded 6 times (x 71B)
Class kotlin.internal.ProgressionUtilKt                                               : loaded 6 times (x 71B)
Class kotlin.LazyKt                                                                   : loaded 6 times (x 71B)
Class kotlin.collections.SetsKt__SetsKt                                               : loaded 6 times (x 71B)
Class kotlin.Function                                                                 : loaded 6 times (x 70B)
Class kotlin.enums.EnumEntries                                                        : loaded 6 times (x 70B)
Class kotlin.collections.ArraysKt                                                     : loaded 6 times (x 71B)
Class kotlin.collections.SetsKt__SetsJVMKt                                            : loaded 6 times (x 71B)
Class kotlin.collections.ArraysKt__ArraysKt                                           : loaded 6 times (x 71B)
Class kotlin.collections.EmptyIterator                                                : loaded 6 times (x 89B)
Class kotlin.text.StringsKt__RegexExtensionsKt                                        : loaded 6 times (x 71B)
Class kotlin.ranges.RangesKt___RangesKt                                               : loaded 6 times (x 71B)
Class kotlin.SynchronizedLazyImpl                                                     : loaded 6 times (x 76B)
Class kotlin.sequences.SequencesKt__SequencesJVMKt                                    : loaded 6 times (x 71B)
Class kotlin.collections.AbstractList                                                 : loaded 6 times (x 197B)
Class kotlin.collections.AbstractCollection                                           : loaded 6 times (x 117B)
Class kotlin.text.StringsKt__StringBuilderJVMKt                                       : loaded 6 times (x 71B)
Class kotlin.LazyKt__LazyKt                                                           : loaded 6 times (x 71B)
Class kotlin.UNINITIALIZED_VALUE                                                      : loaded 6 times (x 71B)
Class kotlin.sequences.SequencesKt__SequencesKt                                       : loaded 6 times (x 71B)
Class kotlin.KotlinNullPointerException                                               : loaded 6 times (x 83B)
Class kotlin.comparisons.ComparisonsKt__ComparisonsKt                                 : loaded 6 times (x 71B)
Class kotlin.Pair                                                                     : loaded 6 times (x 72B)
Class kotlin.collections.CollectionsKt__IterablesKt                                   : loaded 6 times (x 71B)
Class kotlin.collections.MapsKt                                                       : loaded 6 times (x 71B)
Class kotlin.collections.AbstractList$Companion                                       : loaded 6 times (x 71B)
Class kotlin.collections.SetsKt___SetsKt                                              : loaded 6 times (x 71B)
Class kotlin.jvm.internal.Intrinsics                                                  : loaded 6 times (x 71B)
Class kotlin.ranges.RangesKt__RangesKt                                                : loaded 6 times (x 71B)
Class kotlin.reflect.KAnnotatedElement                                                : loaded 6 times (x 70B)
Class kotlin.sequences.SequencesKt___SequencesKt                                      : loaded 6 times (x 71B)
Class kotlin.comparisons.ComparisonsKt                                                : loaded 6 times (x 71B)
Class kotlin.comparisons.ComparisonsKt___ComparisonsKt                                : loaded 6 times (x 71B)
Class kotlin.collections.MapsKt__MapsJVMKt                                            : loaded 6 times (x 71B)
Class kotlin.collections.CollectionsKt__MutableCollectionsJVMKt                       : loaded 6 times (x 71B)
Class kotlin.enums.EnumEntriesKt                                                      : loaded 6 times (x 71B)
Class kotlin.collections.CollectionsKt__MutableCollectionsKt                          : loaded 6 times (x 71B)
Class kotlin.text.StringsKt___StringsKt                                               : loaded 6 times (x 71B)
Class kotlin.collections.MapsKt__MapWithDefaultKt                                     : loaded 6 times (x 71B)
Class kotlin.collections.EmptyList                                                    : loaded 6 times (x 174B)
Class kotlin.collections.CollectionsKt___CollectionsJvmKt                             : loaded 6 times (x 71B)
Class kotlin.collections.MapsKt___MapsKt                                              : loaded 6 times (x 71B)
Class kotlin.collections.ArraysKt___ArraysKt                                          : loaded 6 times (x 71B)
Class kotlin.Unit                                                                     : loaded 6 times (x 71B)
Class kotlin.text.StringsKt___StringsJvmKt                                            : loaded 6 times (x 71B)
Class kotlin.reflect.KDeclarationContainer                                            : loaded 6 times (x 70B)
Class kotlin.sequences.SequencesKt___SequencesJvmKt                                   : loaded 6 times (x 71B)
Class kotlin.text.StringsKt__IndentKt                                                 : loaded 6 times (x 71B)
Class kotlin.TuplesKt                                                                 : loaded 6 times (x 71B)
Class kotlin.collections.CollectionsKt___CollectionsKt                                : loaded 6 times (x 71B)
Class kotlin.ranges.RangesKt                                                          : loaded 6 times (x 71B)
Class kotlin.collections.EmptySet                                                     : loaded 6 times (x 122B)
Class kotlin.collections.ArraysUtilJVM                                                : loaded 6 times (x 71B)
Class kotlin.jvm.functions.Function0                                                  : loaded 6 times (x 70B)
Class kotlin.jvm.functions.Function1                                                  : loaded 6 times (x 70B)
Class kotlin.reflect.KCallable                                                        : loaded 6 times (x 70B)
Class kotlin.collections.MapsKt___MapsJvmKt                                           : loaded 6 times (x 71B)
Class kotlin.jvm.functions.Function2                                                  : loaded 6 times (x 70B)
Class com.google.common.base.Predicate                                                : loaded 5 times (x 70B)
Class com.google.common.collect.ImmutableMap                                          : loaded 5 times (x 120B)
Class com.google.common.collect.RegularImmutableAsList                                : loaded 5 times (x 217B)
Class [Lcom.google.common.collect.AbstractMapEntry;                                   : loaded 5 times (x 69B)
Class com.google.common.collect.Sets                                                  : loaded 5 times (x 71B)
Class kotlin.annotation.Target                                                        : loaded 5 times (x 70B)
Class com.google.common.collect.ImmutableEntry                                        : loaded 5 times (x 82B)
Class kotlin.io.TerminateException                                                    : loaded 5 times (x 82B)
Class kotlin.io.FilesKt__FilePathComponentsKt                                         : loaded 5 times (x 71B)
Class com.google.common.collect.UnmodifiableListIterator                              : loaded 5 times (x 95B)
Class com.google.common.collect.Iterators                                             : loaded 5 times (x 71B)
Class kotlin.io.CloseableKt                                                           : loaded 5 times (x 71B)
Class com.google.common.base.Platform$JdkPatternCompiler                              : loaded 5 times (x 75B)
Class kotlin.annotation.Retention                                                     : loaded 5 times (x 70B)
Class com.google.common.collect.Lists$StringAsImmutableList                           : loaded 5 times (x 207B)
Class com.google.common.collect.CollectPreconditions                                  : loaded 5 times (x 71B)
Class com.google.common.collect.Maps$AbstractFilteredMap                              : loaded 5 times (x 127B)
Class com.google.common.collect.Sets$3                                                : loaded 5 times (x 139B)
Class com.google.common.collect.SortedMapDifference                                   : loaded 5 times (x 70B)
Class com.google.common.collect.ImmutableSet                                          : loaded 5 times (x 145B)
Class kotlin.io.FilesKt                                                               : loaded 5 times (x 71B)
Class com.google.common.collect.RegularImmutableMap$Values                            : loaded 5 times (x 207B)
Class com.google.common.collect.AbstractMultimap                                      : loaded 5 times (x 123B)
Class com.google.common.collect.Sets$FilteredSet                                      : loaded 5 times (x 137B)
Class kotlin.sequences.FilteringSequence                                              : loaded 5 times (x 75B)
Class kotlin.text.CharsKt__CharJVMKt                                                  : loaded 5 times (x 71B)
Class com.google.common.collect.ImmutableMap$MapViewOfValuesAsSingletonSets           : loaded 5 times (x 126B)
Class com.google.common.collect.RegularImmutableMap                                   : loaded 5 times (x 121B)
Class com.google.common.collect.ImmutableList$Builder                                 : loaded 5 times (x 77B)
Class kotlin.collections.EmptyMap                                                     : loaded 5 times (x 109B)
Class [Lcom.google.common.collect.AbstractIterator$State;                             : loaded 5 times (x 69B)
Class com.google.common.collect.Sets$ImprovedAbstractSet                              : loaded 5 times (x 135B)
Class com.google.common.collect.RegularImmutableMap$BucketOverflowException           : loaded 5 times (x 82B)
Class com.google.common.collect.AbstractMapEntry                                      : loaded 5 times (x 81B)
Class com.google.common.collect.SingletonImmutableBiMap                               : loaded 5 times (x 143B)
Class com.google.common.base.Objects                                                  : loaded 5 times (x 71B)
Class com.google.common.collect.Sets$4                                                : loaded 5 times (x 139B)
Class com.google.common.collect.IndexedImmutableSet                                   : loaded 5 times (x 152B)
Class com.google.common.collect.ImmutableMap$1                                        : loaded 5 times (x 81B)
Class com.google.common.collect.UnmodifiableIterator                                  : loaded 5 times (x 80B)
Class com.google.common.collect.Sets$SetView                                          : loaded 5 times (x 138B)
Class com.google.common.collect.ImmutableEnumSet                                      : loaded 5 times (x 146B)
Class com.google.common.collect.BiMap                                                 : loaded 5 times (x 70B)
Class com.google.common.primitives.Ints                                               : loaded 5 times (x 71B)
Class com.google.common.collect.Maps$8                                                : loaded 5 times (x 82B)
Class com.google.common.collect.ImmutableList$1                                       : loaded 5 times (x 97B)
Class com.google.common.collect.AbstractIterator$State                                : loaded 5 times (x 79B)
Class com.google.common.collect.Platform                                              : loaded 5 times (x 71B)
Class com.google.common.collect.RegularImmutableBiMap                                 : loaded 5 times (x 149B)
Class com.google.common.base.PatternCompiler                                          : loaded 5 times (x 70B)
Class com.google.common.collect.AbstractIterator                                      : loaded 5 times (x 82B)
Class com.google.common.collect.Hashing                                               : loaded 5 times (x 71B)
Class [Lcom.google.common.collect.ImmutableMapEntry;                                  : loaded 5 times (x 69B)
Class com.google.common.base.Platform                                                 : loaded 5 times (x 71B)
Class kotlin.collections.IndexingIterable                                             : loaded 5 times (x 79B)
Class com.google.common.collect.Multiset                                              : loaded 5 times (x 70B)
Class com.google.common.collect.ObjectArrays                                          : loaded 5 times (x 71B)
Class com.google.common.collect.AbstractIndexedListIterator                           : loaded 5 times (x 96B)
Class [Lcom.google.common.collect.ImmutableEntry;                                     : loaded 5 times (x 69B)
Class com.google.common.base.Preconditions                                            : loaded 5 times (x 71B)
Class com.google.common.collect.Maps                                                  : loaded 5 times (x 71B)
Class com.google.common.collect.ImmutableMapEntrySet                                  : loaded 5 times (x 152B)
Class kotlin.jvm.internal.DefaultConstructorMarker                                    : loaded 5 times (x 71B)
Class kotlin.io.FileSystemException                                                   : loaded 5 times (x 82B)
Class kotlin.text.CharsKt__CharKt                                                     : loaded 5 times (x 71B)
Class com.google.common.collect.RegularImmutableList                                  : loaded 5 times (x 213B)
Class com.google.common.base.Function                                                 : loaded 5 times (x 70B)
Class com.google.common.base.Joiner$1                                                 : loaded 5 times (x 80B)
Class com.google.common.collect.PeekingIterator                                       : loaded 5 times (x 70B)
Class com.google.common.base.Equivalence                                              : loaded 5 times (x 82B)
Class com.google.common.collect.ImmutableMapEntry$NonTerminalImmutableMapEntry        : loaded 5 times (x 85B)
Class com.google.common.base.Joiner$2                                                 : loaded 5 times (x 79B)
Class kotlin.io.FileAlreadyExistsException                                            : loaded 5 times (x 82B)
Class kotlin.collections.IndexingIterator                                             : loaded 5 times (x 79B)
Class com.google.common.collect.AbstractIterator$1                                    : loaded 5 times (x 71B)
Class com.google.common.collect.ImmutableMapEntry                                     : loaded 5 times (x 85B)
Class com.google.common.collect.ListMultimap                                          : loaded 5 times (x 70B)
Class kotlin.sequences.FilteringSequence$iterator$1                                   : loaded 5 times (x 79B)
Class com.google.common.base.CommonPattern                                            : loaded 5 times (x 74B)
Class kotlin.io.FilesKt__FileTreeWalkKt                                               : loaded 5 times (x 71B)
Class com.google.common.collect.ImmutableEnumMap                                      : loaded 5 times (x 126B)
Class com.google.common.collect.Sets$2                                                : loaded 5 times (x 139B)
Class com.google.common.collect.ImmutableMapEntrySet$RegularEntrySet                  : loaded 5 times (x 152B)
Class kotlin.io.FilesKt__FileReadWriteKt                                              : loaded 5 times (x 71B)
Class com.google.common.collect.Maps$EntryTransformer                                 : loaded 5 times (x 70B)
Class com.google.common.collect.Maps$BiMapConverter                                   : loaded 5 times (x 90B)
Class kotlin.sequences.ConstrainedOnceSequence                                        : loaded 5 times (x 75B)
Class com.google.common.base.Joiner                                                   : loaded 5 times (x 79B)
Class com.google.common.collect.ImmutableList                                         : loaded 5 times (x 206B)
Class com.google.common.collect.ImmutableAsList                                       : loaded 5 times (x 209B)
Class com.google.common.collect.Iterators$9                                           : loaded 5 times (x 81B)
Class com.google.common.base.Converter                                                : loaded 5 times (x 90B)
Class com.google.common.collect.ImmutableCollection$Builder                           : loaded 5 times (x 76B)
Class com.google.common.collect.ImmutableSet$CachingAsList                            : loaded 5 times (x 148B)
Class kotlin.collections.IndexedValue                                                 : loaded 5 times (x 72B)
Class com.google.common.collect.Iterators$ArrayItr                                    : loaded 5 times (x 97B)
Class com.google.common.collect.Lists                                                 : loaded 5 times (x 71B)
Class kotlin.io.FilesKt__UtilsKt                                                      : loaded 5 times (x 71B)
Class com.google.common.collect.ImmutableCollection                                   : loaded 5 times (x 125B)
Class com.google.common.collect.Collections2$FilteredCollection                       : loaded 5 times (x 119B)
Class com.google.common.collect.ImmutableMap$Builder                                  : loaded 5 times (x 82B)
Class com.google.common.collect.Iterators$5                                           : loaded 5 times (x 82B)
Class com.google.common.collect.Iterators$4                                           : loaded 5 times (x 82B)
Class com.google.common.collect.ImmutableBiMap                                        : loaded 5 times (x 143B)
Class [Lkotlin.reflect.KAnnotatedElement;                                             : loaded 5 times (x 69B)
Class [Lkotlin.reflect.KCallable;                                                     : loaded 5 times (x 69B)
Class com.google.common.collect.Sets$1                                                : loaded 5 times (x 139B)
Class com.google.common.collect.Maps$ViewCachingAbstractMap                           : loaded 5 times (x 125B)
Class com.google.common.collect.ForwardingObject                                      : loaded 5 times (x 72B)
Class com.google.common.collect.ImmutableMap$IteratorBasedImmutableMap                : loaded 5 times (x 126B)
Class kotlin.Metadata                                                                 : loaded 5 times (x 70B)
Class com.google.common.collect.Iterators$1                                           : loaded 5 times (x 81B)
Class com.google.common.collect.MapDifference                                         : loaded 5 times (x 70B)
Class com.google.common.collect.ImmutableList$SubList                                 : loaded 5 times (x 209B)
Class com.google.common.primitives.IntsMethodsForWeb                                  : loaded 5 times (x 71B)
Class com.google.common.collect.ImmutableList$ReverseImmutableList                    : loaded 5 times (x 209B)
Class kotlin.io.NoSuchFileException                                                   : loaded 5 times (x 82B)
Class com.google.common.base.JdkPattern                                               : loaded 5 times (x 75B)
Class com.google.common.collect.Iterators$MergingIterator                             : loaded 5 times (x 81B)
Class kotlin.text.CharsKt                                                             : loaded 5 times (x 71B)
Class com.google.common.collect.SingletonImmutableList                                : loaded 5 times (x 207B)
Class com.google.common.collect.RegularImmutableMap$KeySet                            : loaded 5 times (x 152B)
Class com.google.common.collect.Multimap                                              : loaded 5 times (x 70B)
Class com.google.common.base.ExtraObjectsMethodsForWeb                                : loaded 5 times (x 71B)
Class com.google.common.collect.TransformedIterator                                   : loaded 5 times (x 80B)
Class com.google.common.collect.NullnessCasts                                         : loaded 4 times (x 71B)
Class kotlin.jvm.internal.Reflection                                                  : loaded 4 times (x 71B)
Class kotlin.reflect.KProperty                                                        : loaded 4 times (x 70B)
Class [Lkotlin.reflect.KDeclarationContainer;                                         : loaded 4 times (x 69B)
Class kotlin.reflect.KProperty$Getter                                                 : loaded 4 times (x 70B)
Class com.google.common.collect.ImmutableMultimap$Keys                                : loaded 4 times (x 166B)
Class com.google.common.collect.Maps$FilteredEntryMap$EntrySet$1                      : loaded 4 times (x 82B)
Class kotlin.reflect.KProperty$Accessor                                               : loaded 4 times (x 70B)
Class org.apache.commons.io.filefilter.IOFileFilter                                   : loaded 4 times (x 70B)
Class com.google.common.collect.ImmutableMultimap$Values                              : loaded 4 times (x 126B)
Class com.google.common.collect.ImmutableMultiset                                     : loaded 4 times (x 163B)
Class kotlin.ranges.IntProgression                                                    : loaded 4 times (x 81B)
Class [Lkotlin.Pair;                                                                  : loaded 4 times (x 69B)
Class com.google.common.collect.Iterators$10                                          : loaded 4 times (x 81B)
Class kotlin.jvm.internal.PropertyReference                                           : loaded 4 times (x 115B)
Class kotlin.ranges.IntRange                                                          : loaded 4 times (x 93B)
Class kotlin.reflect.KMutableProperty                                                 : loaded 4 times (x 70B)
Class com.google.common.collect.ImmutableMultimap                                     : loaded 4 times (x 147B)
Class kotlin.io.FileTreeWalk$FileTreeWalkIterator                                     : loaded 4 times (x 83B)
Class com.google.common.collect.ImmutableBiMapFauxverideShim                          : loaded 4 times (x 120B)
Class kotlin.jvm.internal.PropertyReference1                                          : loaded 4 times (x 127B)
Class kotlin.UnsafeLazyImpl                                                           : loaded 4 times (x 76B)
Class kotlin.LazyKt__LazyJVMKt$WhenMappings                                           : loaded 4 times (x 71B)
Class org.apache.commons.io.file.PathFilter                                           : loaded 4 times (x 70B)
Class kotlin.LazyThreadSafetyMode                                                     : loaded 4 times (x 79B)
Class javax.xml.bind.JAXBException                                                    : loaded 4 times (x 85B)
Class com.google.common.collect.Maps$FilteredEntryMap                                 : loaded 4 times (x 128B)
Class com.google.common.primitives.Ints$IntConverter                                  : loaded 4 times (x 90B)
Class kotlin.text.Regex                                                               : loaded 4 times (x 72B)
Class kotlin.collections.ArrayAsCollection                                            : loaded 4 times (x 105B)
Class kotlin.jvm.internal.ReflectionFactory                                           : loaded 4 times (x 91B)
Class com.google.common.collect.Maps$FilteredEntryMap$EntrySet                        : loaded 4 times (x 152B)
Class kotlin.io.LinesSequence                                                         : loaded 4 times (x 75B)
Class kotlin.reflect.KType                                                            : loaded 4 times (x 70B)
Class kotlin.io.FileTreeWalk$FileTreeWalkIterator$WhenMappings                        : loaded 4 times (x 71B)
Class kotlin.text.DelimitedRangesSequence$iterator$1                                  : loaded 4 times (x 79B)
Class kotlin.text.DelimitedRangesSequence                                             : loaded 4 times (x 75B)
Class android.databinding.tool.CompilerArguments                                      : loaded 4 times (x 72B)
Class [Lkotlin.reflect.KClass;                                                        : loaded 4 times (x 69B)
Class kotlin.collections.AbstractIterator                                             : loaded 4 times (x 83B)
Class kotlin.io.LinesSequence$iterator$1                                              : loaded 4 times (x 79B)
Class com.google.common.collect.ImmutableMultisetGwtSerializationDependencies         : loaded 4 times (x 125B)
Class com.google.common.collect.ForwardingSet                                         : loaded 4 times (x 151B)
Class kotlin.io.FileTreeWalk$DirectoryState                                           : loaded 4 times (x 73B)
Class kotlin.sequences.TransformingSequence                                           : loaded 4 times (x 75B)
Class com.google.common.base.Strings                                                  : loaded 4 times (x 71B)
Class kotlin.io.FileTreeWalk$WalkState                                                : loaded 4 times (x 73B)
Class kotlin.collections.CollectionsKt___CollectionsKt$withIndex$1                    : loaded 4 times (x 79B)
Class kotlin.ranges.IntProgression$Companion                                          : loaded 4 times (x 71B)
Class android.databinding.tool.CompilerArguments$Companion                            : loaded 4 times (x 71B)
Class kotlin.reflect.KProperty2                                                       : loaded 4 times (x 70B)
Class [Lkotlin.LazyThreadSafetyMode;                                                  : loaded 4 times (x 69B)
Class [Lkotlin.reflect.KClassifier;                                                   : loaded 4 times (x 69B)
Class kotlin.ranges.IntRange$Companion                                                : loaded 4 times (x 71B)
Class kotlin.sequences.TransformingSequence$iterator$1                                : loaded 4 times (x 79B)
Class kotlin.io.FileTreeWalk$FileTreeWalkIterator$TopDownDirectoryState               : loaded 4 times (x 74B)
Class kotlin.reflect.KProperty1                                                       : loaded 4 times (x 70B)
Class kotlin.reflect.KClass                                                           : loaded 4 times (x 70B)
Class com.google.common.collect.ImmutableMultimap$1                                   : loaded 4 times (x 82B)
Class kotlin.text.Charsets                                                            : loaded 4 times (x 71B)
Class kotlin.ranges.OpenEndRange                                                      : loaded 4 times (x 70B)
Class android.databinding.tool.writer.JavaFileWriter                                  : loaded 4 times (x 74B)
Class com.google.common.collect.ImmutableMultimap$2                                   : loaded 4 times (x 81B)
Class kotlin.jvm.internal.PropertyReference1Impl                                      : loaded 4 times (x 127B)
Class kotlin.reflect.KProperty0                                                       : loaded 4 times (x 70B)
Class kotlin.jvm.internal.CollectionToArray                                           : loaded 4 times (x 71B)
Class [Lkotlin.reflect.KProperty;                                                     : loaded 4 times (x 69B)
Class com.google.common.collect.BaseImmutableMultimap                                 : loaded 4 times (x 123B)
Class com.google.common.collect.ImmutableMultimap$Builder                             : loaded 4 times (x 83B)
Class com.google.common.collect.EmptyImmutableListMultimap                            : loaded 4 times (x 176B)
Class com.google.common.collect.Maps$KeySet                                           : loaded 4 times (x 137B)
Class kotlin.io.TextStreamsKt                                                         : loaded 4 times (x 71B)
Class [Lkotlin.io.FileWalkDirection;                                                  : loaded 4 times (x 69B)
Class com.google.common.collect.ImmutableMultimap$EntryCollection                     : loaded 4 times (x 128B)
Class kotlin.reflect.KMutableProperty0                                                : loaded 4 times (x 70B)
Class com.google.common.collect.ImmutableListMultimap                                 : loaded 4 times (x 176B)
Class kotlin.text.Regex$Companion                                                     : loaded 4 times (x 71B)
Class kotlin.reflect.KClassifier                                                      : loaded 4 times (x 70B)
Class kotlin.io.FileTreeWalk                                                          : loaded 4 times (x 75B)
Class kotlin.reflect.KMutableProperty1                                                : loaded 4 times (x 70B)
Class kotlin.reflect.KMutableProperty2                                                : loaded 4 times (x 70B)
Class com.google.common.collect.ForwardingCollection                                  : loaded 4 times (x 130B)
Class kotlin.io.FileWalkDirection                                                     : loaded 4 times (x 79B)
Class kotlin.reflect.KTypeParameter                                                   : loaded 4 times (x 70B)
Class kotlin.ranges.ClosedRange                                                       : loaded 4 times (x 70B)
Class com.sun.xml.bind.v2.model.runtime.RuntimeElementPropertyInfo                    : loaded 3 times (x 70B)
Class com.google.common.base.PairwiseEquivalence                                      : loaded 3 times (x 83B)
Class com.google.gson.ReflectionAccessFilter$FilterResult                             : loaded 3 times (x 79B)
Class com.google.gson.internal.UnsafeAllocator$4                                      : loaded 3 times (x 72B)
Class com.sun.xml.bind.v2.runtime.unmarshaller.DefaultIDResolver                      : loaded 3 times (x 76B)
Class com.sun.xml.bind.v2.model.annotation.XmlTypeQuick                               : loaded 3 times (x 95B)
Class javax.xml.bind.annotation.XmlID                                                 : loaded 3 times (x 70B)
Class com.sun.xml.bind.v2.model.impl.RuntimeArrayInfoImpl                             : loaded 3 times (x 107B)
Class com.sun.xml.bind.v2.model.core.ReferencePropertyInfo                            : loaded 3 times (x 70B)
Class com.sun.xml.bind.v2.model.impl.RuntimeTypeRefImpl                               : loaded 3 times (x 96B)
Class com.sun.xml.bind.v2.runtime.unmarshaller.LeafPropertyLoader                     : loaded 3 times (x 78B)
Class org.apache.commons.io.output.QueueOutputStream                                  : loaded 3 times (x 87B)
Class com.google.common.base.Equivalence$Identity                                     : loaded 3 times (x 82B)
Class com.google.common.base.Splitter$1                                               : loaded 3 times (x 77B)
Class com.google.common.cache.LocalCache$Strength$3                                   : loaded 3 times (x 81B)
Class com.google.gson.internal.ConstructorConstructor                                 : loaded 3 times (x 72B)
Class [Lcom.google.common.collect.Maps$EntryFunction;                                 : loaded 3 times (x 69B)
Class com.google.common.collect.AllEqualOrdering                                      : loaded 3 times (x 114B)
Class com.android.tools.build.jetifier.core.proguard.ProGuardTypesMap$JsonData        : loaded 3 times (x 72B)
Class com.google.gson.Gson$4                                                          : loaded 3 times (x 76B)
Class com.android.tools.build.jetifier.core.proguard.ProGuardTypesMap$Companion       : loaded 3 times (x 71B)
Class com.google.gson.internal.UnsafeAllocator$3                                      : loaded 3 times (x 73B)
Class kotlin.collections.MapWithDefault                                               : loaded 3 times (x 70B)
Class com.sun.xml.bind.v2.runtime.JaxBeanInfo                                         : loaded 3 times (x 89B)
Class com.sun.xml.bind.v2.model.annotation.XmlElementRefQuick                         : loaded 3 times (x 94B)
Class com.sun.xml.bind.v2.runtime.property.ArrayElementNodeProperty                   : loaded 3 times (x 105B)
Class com.sun.xml.bind.v2.ClassFactory$1                                              : loaded 3 times (x 83B)
Class com.google.common.collect.ForwardingMapEntry                                    : loaded 3 times (x 86B)
Class com.android.tools.build.jetifier.core.utils.StdOutLogConsumer                   : loaded 3 times (x 77B)
Class javax.xml.bind.annotation.XmlAnyElement                                         : loaded 3 times (x 70B)
Class com.squareup.javapoet.ClassName                                                 : loaded 3 times (x 84B)
Class com.google.common.collect.Iterables                                             : loaded 3 times (x 71B)
Class com.google.common.collect.LexicographicalOrdering                               : loaded 3 times (x 115B)
Class com.google.common.base.Splitter$Strategy                                        : loaded 3 times (x 70B)
Class com.google.gson.Gson$3                                                          : loaded 3 times (x 75B)
Class com.google.common.cache.CacheBuilder$NullListener                               : loaded 3 times (x 82B)
Class com.google.common.cache.LocalCache$Strength$2                                   : loaded 3 times (x 81B)
Class com.google.gson.internal.bind.ReflectiveTypeAdapterFactory$BoundField           : loaded 3 times (x 75B)
Class kotlin.collections.AbstractIterator$WhenMappings                                : loaded 3 times (x 71B)
Class com.google.gson.internal.UnsafeAllocator$2                                      : loaded 3 times (x 73B)
Class android.databinding.tool.processing.scopes.ScopeProvider                        : loaded 3 times (x 70B)
Class com.sun.xml.bind.v2.model.runtime.RuntimeBuiltinLeafInfo                        : loaded 3 times (x 70B)
Class com.sun.xml.bind.v2.runtime.reflect.PrimitiveArrayListerInteger                 : loaded 3 times (x 76B)
Class com.sun.xml.bind.v2.runtime.IllegalAnnotationsException$Builder                 : loaded 3 times (x 77B)
Class com.sun.xml.bind.v2.model.annotation.RuntimeAnnotationReader                    : loaded 3 times (x 70B)
Class javax.activation.DataSource                                                     : loaded 3 times (x 70B)
Class com.google.gson.LongSerializationPolicy                                         : loaded 3 times (x 80B)
Class com.sun.xml.bind.v2.runtime.property.PropertyFactory                            : loaded 3 times (x 71B)
Class javax.xml.bind.annotation.DomHandler                                            : loaded 3 times (x 70B)
Class kotlin.ranges.IntProgressionIterator                                            : loaded 3 times (x 82B)
Class com.google.common.collect.RegularImmutableSet                                   : loaded 3 times (x 149B)
Class com.google.gson.Gson$2                                                          : loaded 3 times (x 76B)
Class com.google.gson.internal.UnsafeAllocator$1                                      : loaded 3 times (x 73B)
Class com.google.common.cache.CacheLoader$FunctionToCacheLoader                       : loaded 3 times (x 75B)
Class [Ljavax.xml.bind.annotation.XmlAccessType;                                      : loaded 3 times (x 69B)
Class javax.xml.bind.annotation.XmlElementDecl                                        : loaded 3 times (x 70B)
Class com.google.common.collect.Maps$IteratorBasedAbstractMap$1                       : loaded 3 times (x 138B)
Class com.sun.xml.bind.v2.model.impl.ClassInfoImpl$DuplicateException                 : loaded 3 times (x 82B)
Class javax.xml.bind.UnmarshallerHandler                                              : loaded 3 times (x 70B)
Class com.android.tools.build.jetifier.core.proguard.ProGuardType$Companion           : loaded 3 times (x 71B)
Class com.google.common.cache.AbstractCache$StatsCounter                              : loaded 3 times (x 70B)
Class com.google.gson.Gson$1                                                          : loaded 3 times (x 76B)
Class [Lkotlin.collections.State;                                                     : loaded 3 times (x 69B)
Class com.google.gson.internal.UnsafeAllocator                                        : loaded 3 times (x 72B)
Class com.sun.xml.bind.v2.model.impl.TypeRefImpl                                      : loaded 3 times (x 87B)
Class com.sun.xml.bind.v2.runtime.JAXBContextImpl$JAXBContextBuilder                  : loaded 3 times (x 86B)
Class com.sun.xml.bind.v2.model.annotation.XmlSchemaQuick                             : loaded 3 times (x 95B)
Class com.android.tools.build.jetifier.core.rule.RewriteRulesMap                      : loaded 3 times (x 72B)
Class com.google.common.cache.CacheLoader$1                                           : loaded 3 times (x 75B)
Class com.google.gson.Gson                                                            : loaded 3 times (x 72B)
Class com.google.gson.internal.sql.SqlTypesSupport                                    : loaded 3 times (x 71B)
Class com.sun.xml.bind.v2.model.impl.PropertySeed                                     : loaded 3 times (x 70B)
Class javax.xml.bind.annotation.XmlAttribute                                          : loaded 3 times (x 70B)
Class [Lcom.sun.xml.bind.v2.model.core.ID;                                            : loaded 3 times (x 69B)
Class com.android.tools.build.jetifier.core.config.Config$Companion                   : loaded 3 times (x 71B)
Class com.google.common.collect.ImmutableSet$SetBuilderImpl                           : loaded 3 times (x 76B)
Class com.sun.xml.bind.v2.model.impl.RuntimeBuiltinLeafInfoImpl$StringImpl            : loaded 3 times (x 134B)
Class com.sun.xml.bind.v2.runtime.unmarshaller.ProxyLoader                            : loaded 3 times (x 78B)
Class com.sun.xml.bind.v2.model.core.ArrayInfo                                        : loaded 3 times (x 70B)
Class com.sun.xml.bind.v2.model.impl.ClassInfoImpl                                    : loaded 3 times (x 137B)
Class org.apache.commons.io.output.UnsynchronizedByteArrayOutputStream                : loaded 3 times (x 102B)
Class com.sun.xml.bind.api.RawAccessor                                                : loaded 3 times (x 73B)
Class com.google.common.collect.Maps$EntrySet                                         : loaded 3 times (x 136B)
Class com.google.common.cache.LocalCache$EntryFactory$8                               : loaded 3 times (x 83B)
Class com.google.gson.ToNumberPolicy$4                                                : loaded 3 times (x 83B)
Class org.apache.commons.io.output.ThresholdingOutputStream                           : loaded 3 times (x 94B)
Class com.sun.xml.bind.annotation.XmlLocation                                         : loaded 3 times (x 70B)
Class com.android.tools.build.jetifier.core.proguard.ProGuardTypesMap                 : loaded 3 times (x 72B)
Class com.google.common.base.MoreObjects                                              : loaded 3 times (x 71B)
Class com.google.gson.Gson$FutureTypeAdapter                                          : loaded 3 times (x 76B)
Class com.squareup.javapoet.MethodSpec                                                : loaded 3 times (x 72B)
Class com.google.common.collect.ImmutableSet$EmptySetBuilderImpl                      : loaded 3 times (x 76B)
Class com.squareup.javapoet.TypeSpec$Builder                                          : loaded 3 times (x 72B)
Class com.google.gson.internal.bind.ObjectTypeAdapter$1                               : loaded 3 times (x 76B)
Class com.google.common.cache.LocalCache$EntryFactory$7                               : loaded 3 times (x 83B)
Class com.google.gson.ToNumberPolicy$3                                                : loaded 3 times (x 83B)
Class com.android.tools.build.jetifier.core.utils.LogConsumer                         : loaded 3 times (x 70B)
Class org.apache.commons.io.output.AppendableWriter                                   : loaded 3 times (x 100B)
Class com.sun.xml.bind.api.JAXBRIContext                                              : loaded 3 times (x 89B)
Class [Lcom.sun.xml.bind.v2.runtime.Location;                                         : loaded 3 times (x 69B)
Class [Lcom.sun.xml.bind.v2.model.core.PropertyKind;                                  : loaded 3 times (x 69B)
Class com.sun.xml.bind.v2.runtime.reflect.PrimitiveArrayListerShort                   : loaded 3 times (x 76B)
Class com.sun.xml.bind.v2.runtime.reflect.NullSafeAccessor                            : loaded 3 times (x 85B)
Class com.sun.xml.bind.v2.runtime.property.AttributeProperty                          : loaded 3 times (x 105B)
Class com.sun.xml.bind.v2.model.impl.Util                                             : loaded 3 times (x 71B)
Class com.sun.xml.bind.v2.model.annotation.LocatableAnnotation                        : loaded 3 times (x 85B)
Class com.sun.xml.bind.IDResolver                                                     : loaded 3 times (x 75B)
Class org.apache.commons.io.output.ByteArrayOutputStream                              : loaded 3 times (x 102B)
Class com.google.common.collect.SortedSetMultimap                                     : loaded 3 times (x 70B)
Class com.google.gson.internal.bind.DefaultDateTypeAdapter                            : loaded 3 times (x 74B)
Class com.google.gson.GsonBuilder                                                     : loaded 3 times (x 72B)
Class com.google.common.cache.LocalCache$EntryFactory$6                               : loaded 3 times (x 83B)
Class com.google.gson.ToNumberPolicy$2                                                : loaded 3 times (x 83B)
Class com.google.gson.internal.ReflectionAccessFilterHelper                           : loaded 3 times (x 71B)
Class com.google.gson.internal.reflect.ReflectionHelper$RecordHelper                  : loaded 3 times (x 75B)
Class android.databinding.annotationprocessor.ProcessDataBinding$Callback             : loaded 3 times (x 70B)
Class com.sun.xml.bind.v2.model.core.LeafInfo                                         : loaded 3 times (x 70B)
Class com.android.tools.build.jetifier.core.pom.DependencyVersionsMap$Companion       : loaded 3 times (x 71B)
Class com.android.tools.build.jetifier.core.PackageMap$Companion                      : loaded 3 times (x 71B)
Class com.sun.xml.bind.v2.model.impl.SingleTypePropertyInfoImpl                       : loaded 3 times (x 113B)
Class com.sun.xml.bind.InternalAccessorFactory                                        : loaded 3 times (x 70B)
Class com.sun.xml.bind.v2.runtime.unmarshaller.LocatorExWrapper                       : loaded 3 times (x 86B)
Class com.android.tools.build.jetifier.core.type.TypesMap$JsonData                    : loaded 3 times (x 72B)
Class com.google.common.base.CharMatcher$IsEither                                     : loaded 3 times (x 111B)
Class com.squareup.javapoet.AnnotationSpec                                            : loaded 3 times (x 72B)
Class com.sun.xml.bind.v2.runtime.property.ArrayElementLeafProperty                   : loaded 3 times (x 105B)
Class com.sun.xml.bind.v2.model.impl.ElementPropertyInfoImpl$1                        : loaded 3 times (x 200B)
Class com.sun.xml.bind.v2.model.impl.ERPropertyInfoImpl                               : loaded 3 times (x 108B)
Class com.sun.xml.bind.v2.model.impl.RuntimeBuiltinLeafInfoImpl$1                     : loaded 3 times (x 76B)
Class com.squareup.javapoet.CodeBlock                                                 : loaded 3 times (x 72B)
Class com.google.common.collect.ReverseOrdering                                       : loaded 3 times (x 115B)
Class com.google.gson.internal.Primitives                                             : loaded 3 times (x 71B)
Class com.google.common.cache.LocalCache$EntryFactory$5                               : loaded 3 times (x 83B)
Class com.google.gson.stream.JsonWriter                                               : loaded 3 times (x 98B)
Class com.google.gson.internal.Excluder                                               : loaded 3 times (x 75B)
Class [Lcom.google.gson.FieldNamingStrategy;                                          : loaded 3 times (x 69B)
Class com.google.gson.ToNumberPolicy$1                                                : loaded 3 times (x 83B)
Class com.google.common.cache.LocalCache$1                                            : loaded 3 times (x 89B)
Class javax.xml.bind.annotation.XmlAttachmentRef                                      : loaded 3 times (x 70B)
Class com.sun.xml.bind.v2.model.impl.RuntimeClassInfoImpl$RuntimePropertySeed         : loaded 3 times (x 84B)
Class com.sun.xml.bind.v2.runtime.reflect.TransducedAccessor                          : loaded 3 times (x 78B)
Class com.sun.xml.bind.v2.runtime.NameList                                            : loaded 3 times (x 72B)
Class com.google.common.collect.ImmutableSet$Builder                                  : loaded 3 times (x 85B)
Class com.google.common.cache.LocalCache$Strength$1                                   : loaded 3 times (x 81B)
Class com.google.common.collect.SetMultimap                                           : loaded 3 times (x 70B)
Class com.google.common.base.CharMatcher$InRange                                      : loaded 3 times (x 111B)
Class com.google.common.cache.LocalCache$EntryFactory$4                               : loaded 3 times (x 83B)
Class com.google.gson.internal.bind.NumberTypeAdapter                                 : loaded 3 times (x 74B)
Class com.google.gson.internal.$Gson$Types$ParameterizedTypeImpl                      : loaded 3 times (x 81B)
Class com.google.common.collect.Maps$FilteredEntryMap$EntrySet$1$1                    : loaded 3 times (x 87B)
Class com.sun.xml.bind.v2.runtime.CompositeStructureBeanInfo                          : loaded 3 times (x 98B)
Class com.sun.xml.bind.v2.runtime.property.ArrayERProperty                            : loaded 3 times (x 104B)
Class com.sun.xml.bind.v2.model.impl.RuntimeBuiltinLeafInfoImpl$2                     : loaded 3 times (x 136B)
Class com.sun.xml.bind.v2.util.QNameMap$Entry                                         : loaded 3 times (x 72B)
Class org.apache.commons.io.FileExistsException                                       : loaded 3 times (x 82B)
Class com.sun.xml.bind.v2.model.impl.BuiltinLeafInfoImpl                              : loaded 3 times (x 105B)
Class com.google.gson.internal.bind.TypeAdapterRuntimeTypeWrapper                     : loaded 3 times (x 74B)
Class com.sun.xml.bind.v2.model.impl.RuntimeBuiltinLeafInfoImpl                       : loaded 3 times (x 133B)
Class javax.xml.bind.annotation.XmlSchemaType                                         : loaded 3 times (x 70B)
Class android.databinding.tool.CompilerArguments$Type                                 : loaded 3 times (x 79B)
Class com.sun.xml.bind.v2.runtime.unmarshaller.XsiNilLoader$Single                    : loaded 3 times (x 80B)
Class com.sun.xml.bind.v2.runtime.reflect.TransducedAccessor$CompositeTransducedAccessorImpl: loaded 3 times (x 79B)
Class com.google.common.cache.LocalCache$2                                            : loaded 3 times (x 142B)
Class com.google.common.collect.AbstractSetMultimap                                   : loaded 3 times (x 174B)
Class com.android.tools.build.jetifier.core.utils.LogLevel                            : loaded 3 times (x 79B)
Class [Lcom.android.tools.build.jetifier.core.utils.LogLevel;                         : loaded 3 times (x 69B)
Class com.google.common.collect.Multimaps                                             : loaded 3 times (x 71B)
Class com.google.common.base.Ticker$1                                                 : loaded 3 times (x 72B)
Class com.google.common.cache.LocalCache$EntryFactory$3                               : loaded 3 times (x 83B)
Class com.google.gson.internal.bind.JsonAdapterAnnotationTypeAdapterFactory           : loaded 3 times (x 75B)
Class com.google.gson.internal.LinkedTreeMap$Node                                     : loaded 3 times (x 79B)
Class com.sun.xml.bind.v2.runtime.JAXBContextImpl$6                                   : loaded 3 times (x 91B)
Class com.sun.xml.bind.v2.runtime.ValueListBeanInfoImpl                               : loaded 3 times (x 89B)
Class com.android.tools.build.jetifier.core.TypeRewriter$Companion                    : loaded 3 times (x 71B)
Class com.sun.xml.bind.v2.runtime.unmarshaller.DomLoader                              : loaded 3 times (x 78B)
Class com.sun.istack.SAXParseException2                                               : loaded 3 times (x 88B)
Class com.google.common.cache.LocalCache$EntryFactory$2                               : loaded 3 times (x 83B)
Class com.google.gson.internal.reflect.ReflectionHelper$RecordSupportedHelper         : loaded 3 times (x 78B)
Class javax.xml.bind.annotation.XmlSchema                                             : loaded 3 times (x 70B)
Class com.sun.xml.bind.v2.runtime.Name                                                : loaded 3 times (x 75B)
Class com.sun.xml.bind.v2.model.impl.RuntimeBuiltinLeafInfoImpl$3                     : loaded 3 times (x 136B)
Class com.sun.xml.bind.v2.model.core.BuiltinLeafInfo                                  : loaded 3 times (x 70B)
Class com.sun.xml.bind.v2.runtime.property.TagAndType                                 : loaded 3 times (x 72B)
Class com.google.common.base.CharMatcher$NamedFastMatcher                             : loaded 3 times (x 112B)
Class com.google.common.base.CharMatcher$1                                            : loaded 3 times (x 113B)
Class com.google.common.collect.Maps$IteratorBasedAbstractMap                         : loaded 3 times (x 125B)
Class [Lcom.google.common.cache.RemovalListener;                                      : loaded 3 times (x 69B)
Class com.google.common.cache.LocalCache$EntryFactory$1                               : loaded 3 times (x 83B)
Class com.google.gson.stream.JsonReader                                               : loaded 3 times (x 97B)
Class com.sun.xml.bind.v2.model.runtime.RuntimeLeafInfo                               : loaded 3 times (x 70B)
Class javax.xml.bind.annotation.XmlElement                                            : loaded 3 times (x 70B)
Class com.sun.xml.bind.v2.model.runtime.RuntimeTypeRef                                : loaded 3 times (x 70B)
Class com.squareup.javapoet.CodeWriter                                                : loaded 3 times (x 72B)
Class com.sun.xml.bind.v2.runtime.property.SingleMapNodeProperty                      : loaded 3 times (x 102B)
Class javax.xml.bind.annotation.XmlIDREF                                              : loaded 3 times (x 70B)
Class javax.xml.bind.annotation.XmlSchemaTypes                                        : loaded 3 times (x 70B)
Class com.sun.xml.bind.v2.runtime.unmarshaller.ChildLoader                            : loaded 3 times (x 72B)
Class com.sun.xml.bind.v2.runtime.property.Utils                                      : loaded 3 times (x 71B)
Class com.sun.xml.bind.v2.model.impl.ModelBuilder$1                                   : loaded 3 times (x 76B)
Class com.sun.xml.bind.v2.model.impl.ArrayInfoImpl                                    : loaded 3 times (x 98B)
Class [Lcom.squareup.javapoet.TypeSpec$Kind;                                          : loaded 3 times (x 69B)
Class com.google.common.base.CharMatcher                                              : loaded 3 times (x 111B)
Class com.google.common.collect.ByFunctionOrdering                                    : loaded 3 times (x 115B)
Class com.sun.xml.bind.v2.model.runtime.RuntimeAttributePropertyInfo                  : loaded 3 times (x 70B)
Class com.sun.xml.bind.v2.model.impl.RuntimeBuiltinLeafInfoImpl$4                     : loaded 3 times (x 136B)
Class javax.xml.bind.Marshaller                                                       : loaded 3 times (x 70B)
Class com.sun.xml.bind.v2.runtime.ClassBeanInfoImpl                                   : loaded 3 times (x 92B)
Class com.sun.xml.bind.v2.model.core.ErrorHandler                                     : loaded 3 times (x 70B)
Class com.sun.xml.bind.v2.model.runtime.RuntimeNonElement                             : loaded 3 times (x 70B)
Class com.google.gson.internal.LazilyParsedNumber                                     : loaded 3 times (x 78B)
Class com.google.gson.internal.bind.MapTypeAdapterFactory$Adapter                     : loaded 3 times (x 74B)
Class com.google.gson.internal.sql.SqlTimeTypeAdapter$1                               : loaded 3 times (x 75B)
Class com.google.gson.internal.Streams                                                : loaded 3 times (x 71B)
Class com.squareup.javapoet.TypeSpec$Kind                                             : loaded 3 times (x 79B)
Class com.google.common.base.Optional                                                 : loaded 3 times (x 80B)
Class com.sun.xml.bind.v2.runtime.RuntimeUtil                                         : loaded 3 times (x 71B)
Class com.sun.xml.bind.v2.model.core.ValuePropertyInfo                                : loaded 3 times (x 70B)
Class com.sun.xml.bind.v2.runtime.property.SingleMapNodeProperty$2                    : loaded 3 times (x 78B)
Class javax.xml.bind.helpers.AbstractUnmarshallerImpl                                 : loaded 3 times (x 130B)
Class com.sun.xml.bind.v2.runtime.unmarshaller.UnmarshallingContext$State             : loaded 3 times (x 72B)
Class com.sun.xml.bind.v2.runtime.unmarshaller.UnmarshallingContext$ExpectedTypeRootLoader: loaded 3 times (x 80B)
Class com.sun.xml.bind.v2.runtime.ElementBeanInfoImpl$1                               : loaded 3 times (x 106B)
Class com.sun.xml.bind.v2.runtime.property.ArrayERProperty$ItemsLoader                : loaded 3 times (x 78B)
Class com.sun.xml.bind.v2.model.impl.GetterSetterPropertySeed                         : loaded 3 times (x 90B)
Class com.sun.xml.bind.v2.model.impl.RuntimeBuiltinLeafInfoImpl$5                     : loaded 3 times (x 136B)
Class android.databinding.tool.processing.Scope                                       : loaded 3 times (x 71B)
Class com.google.common.base.Equivalence$Equals                                       : loaded 3 times (x 82B)
Class com.google.common.util.concurrent.ExecutionError                                : loaded 3 times (x 82B)
Class kotlin.collections.CollectionsKt___CollectionsKt$asSequence$$inlined$Sequence$1 : loaded 3 times (x 75B)
Class com.google.gson.internal.bind.DefaultDateTypeAdapter$DateType$1                 : loaded 3 times (x 73B)
Class com.sun.xml.bind.v2.model.core.EnumLeafInfo                                     : loaded 3 times (x 70B)
Class javax.xml.bind.annotation.XmlList                                               : loaded 3 times (x 70B)
Class com.google.common.util.concurrent.UncheckedExecutionException                   : loaded 3 times (x 82B)
Class com.sun.xml.bind.v2.runtime.property.SingleMapNodeProperty$1                    : loaded 3 times (x 78B)
Class com.google.common.collect.ExplicitOrdering                                      : loaded 3 times (x 115B)
Class com.google.common.collect.AbstractMapBasedMultimap$WrappedCollection            : loaded 3 times (x 124B)
Class com.google.common.base.CharMatcher$Is                                           : loaded 3 times (x 111B)
Class com.google.common.base.CharMatcher$Negated                                      : loaded 3 times (x 113B)
Class [Lcom.squareup.javapoet.TypeName;                                               : loaded 3 times (x 69B)
Class com.google.common.cache.LocalCache$ValueReference                               : loaded 3 times (x 70B)
Class com.android.tools.build.jetifier.core.PackageMap                                : loaded 3 times (x 72B)
Class com.sun.xml.bind.v2.model.annotation.XmlElementDeclQuick                        : loaded 3 times (x 96B)
Class com.sun.xml.bind.v2.runtime.ElementBeanInfoImpl$IntercepterLoader               : loaded 3 times (x 81B)
Class com.sun.xml.bind.v2.runtime.property.SingleElementNodeProperty                  : loaded 3 times (x 102B)
Class com.sun.xml.bind.api.impl.NameConverter$1                                       : loaded 3 times (x 93B)
Class com.sun.xml.bind.v2.model.impl.RuntimeBuiltinLeafInfoImpl$6                     : loaded 3 times (x 136B)
Class javax.xml.bind.ValidationEventLocator                                           : loaded 3 times (x 70B)
Class com.google.gson.internal.bind.DefaultDateTypeAdapter$DateType                   : loaded 3 times (x 73B)
Class com.google.gson.JsonNull                                                        : loaded 3 times (x 92B)
Class com.google.gson.internal.bind.TypeAdapters$29                                   : loaded 3 times (x 75B)
Class com.google.gson.internal.bind.MapTypeAdapterFactory                             : loaded 3 times (x 75B)
Class com.sun.xml.bind.v2.runtime.unmarshaller.StructureLoader$1                      : loaded 3 times (x 71B)
Class com.google.gson.internal.Streams$AppendableWriter                               : loaded 3 times (x 99B)
Class com.sun.xml.bind.v2.model.impl.LeafInfoImpl                                     : loaded 3 times (x 102B)
Class com.sun.xml.bind.v2.runtime.reflect.PrimitiveArrayListerDouble                  : loaded 3 times (x 76B)
Class com.sun.xml.bind.v2.runtime.unmarshaller.Loader                                 : loaded 3 times (x 77B)
Class com.sun.xml.bind.api.impl.NameConverter$2                                       : loaded 3 times (x 93B)
Class com.sun.xml.bind.v2.model.impl.RuntimeBuiltinLeafInfoImpl$7                     : loaded 3 times (x 136B)
Class com.sun.xml.bind.v2.model.runtime.RuntimeClassInfo                              : loaded 3 times (x 70B)
Class com.sun.xml.bind.v2.runtime.reflect.AdaptedAccessor                             : loaded 3 times (x 85B)
Class com.squareup.javapoet.LineWrapper$1                                             : loaded 3 times (x 71B)
Class com.sun.xml.bind.v2.runtime.unmarshaller.XsiTypeLoader                          : loaded 3 times (x 78B)
Class com.google.gson.internal.bind.ReflectiveTypeAdapterFactory$1                    : loaded 3 times (x 79B)
Class com.sun.xml.bind.v2.runtime.unmarshaller.WildcardLoader                         : loaded 3 times (x 79B)
Class com.sun.xml.bind.v2.runtime.reflect.TransducedAccessor$IDREFTransducedAccessorImpl: loaded 3 times (x 80B)
Class javax.xml.bind.annotation.W3CDomHandler                                         : loaded 3 times (x 85B)
Class com.sun.xml.bind.v2.runtime.property.SingleReferenceNodeProperty                : loaded 3 times (x 102B)
Class com.google.common.cache.CacheLoader$UnsupportedLoadingOperationException        : loaded 3 times (x 82B)
Class com.sun.xml.bind.v2.runtime.reflect.Accessor$1                                  : loaded 3 times (x 85B)
Class com.google.common.collect.ImmutableBiMap$Builder                                : loaded 3 times (x 82B)
Class com.google.common.base.Suppliers$NonSerializableMemoizingSupplier               : loaded 3 times (x 79B)
Class com.google.common.base.CharMatcher$And                                          : loaded 3 times (x 112B)
Class com.google.gson.JsonObject                                                      : loaded 3 times (x 93B)
Class com.google.common.cache.LocalCache$LocalLoadingCache                            : loaded 3 times (x 134B)
Class [Lcom.google.common.cache.Weigher;                                              : loaded 3 times (x 69B)
Class [Lcom.google.gson.LongSerializationPolicy;                                      : loaded 3 times (x 69B)
Class com.google.gson.internal.bind.TypeAdapters$28                                   : loaded 3 times (x 75B)
Class com.google.gson.internal.bind.TypeAdapters$EnumTypeAdapter                      : loaded 3 times (x 74B)
Class javax.xml.bind.annotation.XmlElementRef                                         : loaded 3 times (x 70B)
Class com.sun.xml.bind.v2.model.annotation.XmlElementRefsQuick                        : loaded 3 times (x 91B)
Class com.sun.istack.FinalArrayList                                                   : loaded 3 times (x 209B)
Class com.sun.xml.bind.v2.model.impl.RuntimeBuiltinLeafInfoImpl$8                     : loaded 3 times (x 136B)
Class com.sun.xml.bind.api.ErrorListener                                              : loaded 3 times (x 70B)
Class com.sun.xml.bind.v2.model.runtime.RuntimePropertyInfo                           : loaded 3 times (x 70B)
Class com.sun.xml.bind.v2.util.FlattenIterator                                        : loaded 3 times (x 79B)
Class com.sun.xml.bind.v2.runtime.reflect.PrimitiveArrayListerFloat                   : loaded 3 times (x 76B)
Class com.google.common.collect.FluentIterable                                        : loaded 3 times (x 81B)
Class com.google.common.cache.LoadingCache                                            : loaded 3 times (x 70B)
Class com.google.gson.FieldNamingPolicy$7                                             : loaded 3 times (x 83B)
Class com.google.common.collect.FluentIterable$1                                      : loaded 3 times (x 81B)
Class com.google.gson.internal.bind.TypeAdapters$27                                   : loaded 3 times (x 75B)
Class com.google.gson.internal.reflect.ReflectionHelper                               : loaded 3 times (x 71B)
Class com.sun.xml.bind.v2.model.annotation.RuntimeInlineAnnotationReader              : loaded 3 times (x 106B)
Class com.google.gson.FieldNamingStrategy                                             : loaded 3 times (x 70B)
Class com.squareup.javapoet.JavaFile$Builder                                          : loaded 3 times (x 72B)
Class javax.xml.bind.annotation.XmlAccessType                                         : loaded 3 times (x 79B)
Class com.sun.xml.bind.v2.model.annotation.XmlEnumQuick                               : loaded 3 times (x 91B)
Class com.google.gson.JsonArray                                                       : loaded 3 times (x 100B)
Class javax.xml.bind.annotation.XmlType                                               : loaded 3 times (x 70B)
Class [Ljavax.xml.bind.annotation.XmlElement;                                         : loaded 3 times (x 69B)
Class com.sun.xml.bind.v2.runtime.reflect.Utils$1                                     : loaded 3 times (x 77B)
Class com.sun.xml.bind.v2.runtime.property.ArrayERProperty$ReceiverImpl               : loaded 3 times (x 75B)
Class com.google.common.collect.ImmutableSet$RegularSetBuilderImpl                    : loaded 3 times (x 77B)
Class com.google.common.cache.CacheLoader$InvalidCacheLoadException                   : loaded 3 times (x 82B)
Class com.sun.xml.bind.v2.model.annotation.XmlSchemaTypeQuick                         : loaded 3 times (x 93B)
Class com.sun.xml.bind.v2.model.impl.RuntimeBuiltinLeafInfoImpl$10                    : loaded 3 times (x 136B)
Class com.sun.xml.bind.v2.model.impl.RuntimeBuiltinLeafInfoImpl$9                     : loaded 3 times (x 136B)
Class com.sun.xml.bind.v2.runtime.BridgeImpl                                          : loaded 3 times (x 87B)
Class com.google.gson.ToNumberStrategy                                                : loaded 3 times (x 70B)
Class com.google.gson.TypeAdapter                                                     : loaded 3 times (x 73B)
Class com.google.gson.FieldNamingPolicy$6                                             : loaded 3 times (x 83B)
Class com.google.gson.internal.bind.TypeAdapters$26                                   : loaded 3 times (x 75B)
Class com.google.common.collect.FluentIterable$2                                      : loaded 3 times (x 81B)
Class com.google.gson.internal.bind.ArrayTypeAdapter                                  : loaded 3 times (x 74B)
Class com.google.common.collect.NullsFirstOrdering                                    : loaded 3 times (x 115B)
Class com.sun.xml.bind.v2.model.impl.Utils                                            : loaded 3 times (x 71B)
Class javax.xml.bind.ValidationEvent                                                  : loaded 3 times (x 70B)
Class com.google.common.base.Absent                                                   : loaded 3 times (x 80B)
Class com.sun.xml.bind.v2.runtime.JaxBeanInfo$1                                       : loaded 3 times (x 77B)
Class com.squareup.javapoet.Util                                                      : loaded 3 times (x 71B)
Class com.google.common.collect.NullsLastOrdering                                     : loaded 3 times (x 115B)
Class com.google.common.collect.Iterables$5                                           : loaded 3 times (x 81B)
Class [Lcom.sun.xml.bind.v2.runtime.unmarshaller.Scope;                               : loaded 3 times (x 69B)
Class com.sun.xml.bind.v2.model.impl.RuntimeBuiltinLeafInfoImpl$11                    : loaded 3 times (x 136B)
Class com.sun.xml.bind.v2.model.core.ElementInfo                                      : loaded 3 times (x 70B)
Class com.sun.xml.bind.v2.model.runtime.RuntimeEnumLeafInfo                           : loaded 3 times (x 70B)
Class com.google.common.base.Splitter$1$1                                             : loaded 3 times (x 86B)
Class com.google.gson.FieldNamingPolicy$5                                             : loaded 3 times (x 83B)
Class com.google.gson.internal.bind.TypeAdapters$25                                   : loaded 3 times (x 75B)
Class com.google.common.collect.FluentIterable$3                                      : loaded 3 times (x 81B)
Class com.squareup.javapoet.MethodSpec$Builder                                        : loaded 3 times (x 72B)
Class org.apache.commons.io.FilenameUtils                                             : loaded 3 times (x 71B)
Class com.sun.xml.bind.v2.runtime.JAXBContextImpl$5                                   : loaded 3 times (x 74B)
Class com.google.common.collect.ArrayListMultimapGwtSerializationDependencies         : loaded 3 times (x 172B)
Class com.google.gson.internal.LinkedTreeMap$EntrySet$1                               : loaded 3 times (x 81B)
Class com.sun.xml.bind.v2.runtime.Location                                            : loaded 3 times (x 70B)
Class com.sun.xml.bind.v2.model.runtime.RuntimeValuePropertyInfo                      : loaded 3 times (x 70B)
Class com.sun.xml.bind.v2.model.impl.ClassInfoImpl$PropertyGroup                      : loaded 3 times (x 79B)
Class com.google.common.math.MathPreconditions                                        : loaded 3 times (x 71B)
Class com.sun.xml.bind.v2.model.core.ID                                               : loaded 3 times (x 79B)
Class javax.xml.bind.annotation.XmlInlineBinaryData                                   : loaded 3 times (x 70B)
Class com.google.common.cache.LocalCache$EntryFactory                                 : loaded 3 times (x 83B)
Class com.android.tools.build.jetifier.core.config.Config$JsonData                    : loaded 3 times (x 72B)
Class com.android.tools.build.jetifier.core.type.JavaType$Companion                   : loaded 3 times (x 71B)
Class com.google.gson.FieldNamingPolicy$4                                             : loaded 3 times (x 83B)
Class com.google.gson.internal.bind.TypeAdapters$24                                   : loaded 3 times (x 75B)
Class com.google.gson.internal.bind.TypeAdapters$34$1                                 : loaded 3 times (x 74B)
Class com.sun.xml.bind.v2.runtime.property.ArrayElementProperty                       : loaded 3 times (x 105B)
Class com.sun.xml.bind.api.impl.NameUtil                                              : loaded 3 times (x 80B)
Class com.sun.xml.bind.v2.util.ByteArrayOutputStreamEx                                : loaded 3 times (x 94B)
Class com.sun.xml.bind.v2.model.impl.RuntimeBuiltinLeafInfoImpl$12                    : loaded 3 times (x 136B)
Class com.sun.xml.bind.v2.model.impl.RuntimeBuiltinLeafInfoImpl$PcdataImpl            : loaded 3 times (x 134B)
Class com.sun.xml.bind.v2.model.impl.ElementInfoImpl                                  : loaded 3 times (x 109B)
Class com.sun.xml.bind.v2.model.annotation.AbstractInlineAnnotationReaderImpl         : loaded 3 times (x 104B)
Class com.sun.xml.bind.v2.model.annotation.AnnotationReader                           : loaded 3 times (x 70B)
Class com.sun.xml.bind.v2.model.nav.ReflectionNavigator                               : loaded 3 times (x 123B)
Class javax.xml.bind.annotation.XmlMixed                                              : loaded 3 times (x 70B)
Class com.sun.xml.bind.v2.runtime.reflect.Accessor$GetterOnlyReflection               : loaded 3 times (x 85B)
Class com.google.gson.internal.bind.DateTypeAdapter                                   : loaded 3 times (x 74B)
Class com.sun.xml.bind.v2.model.impl.ClassInfoImpl$1                                  : loaded 3 times (x 71B)
Class com.sun.xml.bind.v2.runtime.property.Property                                   : loaded 3 times (x 70B)
Class com.sun.xml.bind.v2.runtime.reflect.PrimitiveArrayListerBoolean                 : loaded 3 times (x 76B)
Class com.squareup.javapoet.ParameterizedTypeName                                     : loaded 3 times (x 81B)
Class com.sun.xml.bind.v2.runtime.unmarshaller.DefaultValueLoaderDecorator            : loaded 3 times (x 78B)
Class com.sun.xml.bind.v2.runtime.property.ArrayProperty                              : loaded 3 times (x 102B)
Class com.sun.xml.bind.v2.runtime.property.PropertyFactory$1                          : loaded 3 times (x 71B)
Class com.sun.xml.bind.v2.runtime.reflect.Accessor$2                                  : loaded 3 times (x 87B)
Class javax.xml.bind.annotation.XmlValue                                              : loaded 3 times (x 70B)
Class com.sun.xml.bind.api.CompositeStructure                                         : loaded 3 times (x 72B)
Class com.google.gson.FieldNamingPolicy$3                                             : loaded 3 times (x 83B)
Class com.google.gson.internal.bind.TypeAdapters$23                                   : loaded 3 times (x 75B)
Class org.apache.commons.io.StandardLineSeparator                                     : loaded 3 times (x 79B)
Class javax.xml.bind.JAXBContext                                                      : loaded 3 times (x 78B)
Class javax.xml.bind.Binder                                                           : loaded 3 times (x 85B)
Class com.sun.xml.bind.v2.model.impl.RuntimeReferencePropertyInfoImpl                 : loaded 3 times (x 141B)
Class com.sun.xml.bind.v2.runtime.unmarshaller.LeafPropertyXsiLoader                  : loaded 3 times (x 78B)
Class com.sun.xml.bind.v2.runtime.property.ArrayReferenceNodeProperty                 : loaded 3 times (x 104B)
Class [Lcom.sun.xml.bind.v2.runtime.property.AttributeProperty;                       : loaded 3 times (x 69B)
Class javax.xml.bind.annotation.XmlElements                                           : loaded 3 times (x 70B)
Class com.sun.xml.bind.v2.model.impl.ClassInfoImpl$ConflictException                  : loaded 3 times (x 82B)
Class com.sun.xml.bind.v2.model.annotation.XmlElementQuick                            : loaded 3 times (x 96B)
Class com.sun.xml.bind.v2.model.impl.RuntimeBuiltinLeafInfoImpl$13                    : loaded 3 times (x 137B)
Class com.sun.xml.bind.v2.model.impl.ModelBuilderI                                    : loaded 3 times (x 70B)
Class com.sun.xml.bind.v2.runtime.LeafBeanInfoImpl                                    : loaded 3 times (x 89B)
Class org.apache.commons.io.output.NullOutputStream                                   : loaded 3 times (x 85B)
Class com.google.gson.internal.ObjectConstructor                                      : loaded 3 times (x 70B)
Class com.sun.xml.bind.v2.model.core.AttributePropertyInfo                            : loaded 3 times (x 70B)
Class com.sun.xml.bind.v2.runtime.reflect.Accessor$ReadOnlyFieldReflection            : loaded 3 times (x 85B)
Class android.databinding.tool.util.LoggedErrorException                              : loaded 3 times (x 82B)
Class com.google.common.base.Suppliers$MemoizingSupplier                              : loaded 3 times (x 79B)
Class com.google.common.cache.Weigher                                                 : loaded 3 times (x 70B)
Class com.google.gson.stream.MalformedJsonException                                   : loaded 3 times (x 82B)
Class com.squareup.javapoet.TypeName$2                                                : loaded 3 times (x 71B)
Class com.squareup.javapoet.AnnotationSpec$Builder                                    : loaded 3 times (x 72B)
Class com.google.gson.internal.Excluder$1                                             : loaded 3 times (x 74B)
Class com.google.gson.FieldNamingPolicy$2                                             : loaded 3 times (x 83B)
Class com.google.gson.TypeAdapter$1                                                   : loaded 3 times (x 74B)
Class com.google.gson.internal.bind.TypeAdapters$22                                   : loaded 3 times (x 75B)
Class kotlin.collections.State                                                        : loaded 3 times (x 79B)
Class com.android.tools.build.jetifier.core.rule.RewriteRule$Companion                : loaded 3 times (x 71B)
Class com.android.tools.build.jetifier.core.rule.RewriteRule                          : loaded 3 times (x 72B)
Class javax.xml.bind.JAXBIntrospector                                                 : loaded 3 times (x 73B)
Class com.sun.xml.bind.v2.model.impl.RuntimeEnumLeafInfoImpl                          : loaded 3 times (x 149B)
Class [Lcom.sun.xml.bind.v2.runtime.property.PropertyImpl;                            : loaded 3 times (x 69B)
Class com.sun.xml.bind.v2.runtime.reflect.AdaptedLister                               : loaded 3 times (x 77B)
Class com.sun.xml.bind.v2.model.nav.ReflectionNavigator$10                            : loaded 3 times (x 77B)
Class com.sun.xml.bind.v2.model.impl.RuntimeBuiltinLeafInfoImpl$UUIDImpl              : loaded 3 times (x 136B)
Class com.sun.xml.bind.v2.model.impl.RuntimeBuiltinLeafInfoImpl$14                    : loaded 3 times (x 136B)
Class com.sun.xml.bind.v2.model.core.RegistryInfo                                     : loaded 3 times (x 70B)
Class com.android.tools.build.jetifier.core.utils.Log                                 : loaded 3 times (x 71B)
Class com.google.common.collect.ArrayListMultimap                                     : loaded 3 times (x 172B)
Class com.squareup.javapoet.TypeName$1                                                : loaded 3 times (x 109B)
Class com.sun.xml.bind.v2.runtime.unmarshaller.XmlVisitor                             : loaded 3 times (x 70B)
Class com.google.gson.FieldNamingPolicy$1                                             : loaded 3 times (x 83B)
Class com.google.common.cache.LocalCache$Strength                                     : loaded 3 times (x 81B)
Class com.google.common.cache.Cache                                                   : loaded 3 times (x 70B)
Class com.google.gson.internal.bind.TypeAdapters$21                                   : loaded 3 times (x 75B)
Class javax.xml.bind.UnmarshalException                                               : loaded 3 times (x 85B)
Class com.android.tools.build.jetifier.core.type.TypesMap$Companion                   : loaded 3 times (x 71B)
Class com.google.gson.stream.JsonToken                                                : loaded 3 times (x 79B)
Class javax.xml.bind.annotation.adapters.XmlJavaTypeAdapters                          : loaded 3 times (x 70B)
Class [Ljavax.xml.bind.annotation.XmlAccessOrder;                                     : loaded 3 times (x 69B)
Class com.sun.xml.bind.v2.runtime.unmarshaller.Intercepter                            : loaded 3 times (x 70B)
Class com.sun.xml.bind.v2.model.impl.ClassInfoImpl$SecondaryAnnotation                : loaded 3 times (x 80B)
Class com.sun.xml.bind.v2.model.impl.RuntimeBuiltinLeafInfoImpl$15                    : loaded 3 times (x 136B)
Class com.sun.xml.bind.v2.runtime.AnyTypeBeanInfo                                     : loaded 3 times (x 92B)
Class com.sun.xml.bind.v2.model.core.MaybeElement                                     : loaded 3 times (x 70B)
Class org.apache.commons.io.Charsets                                                  : loaded 3 times (x 71B)
Class com.android.tools.build.jetifier.core.pom.PomRewriteRule                        : loaded 3 times (x 72B)
Class com.google.gson.internal.LinkedTreeMap                                          : loaded 3 times (x 123B)
Class javax.xml.bind.annotation.XmlMimeType                                           : loaded 3 times (x 70B)
Class com.google.gson.stream.JsonReader$1                                             : loaded 3 times (x 72B)
Class com.google.common.base.NullnessCasts                                            : loaded 3 times (x 71B)
Class kotlin.jvm.functions.Function3                                                  : loaded 3 times (x 70B)
Class com.google.common.base.CharMatcher$NegatedFastMatcher                           : loaded 3 times (x 113B)
Class com.google.common.cache.CacheBuilder$2                                          : loaded 3 times (x 79B)
Class com.google.common.cache.LocalCache                                              : loaded 3 times (x 187B)
Class com.google.gson.internal.bind.TypeAdapters$20                                   : loaded 3 times (x 75B)
Class com.google.gson.internal.LinkedTreeMap$EntrySet                                 : loaded 3 times (x 136B)
Class com.sun.xml.bind.v2.model.runtime.RuntimeArrayInfo                              : loaded 3 times (x 70B)
Class com.sun.xml.bind.v2.model.impl.ReferencePropertyInfoImpl                        : loaded 3 times (x 127B)
Class javax.xml.bind.annotation.XmlTransient                                          : loaded 3 times (x 70B)
Class com.sun.xml.bind.v2.model.impl.AnyTypeImpl                                      : loaded 3 times (x 89B)
Class com.sun.xml.bind.v2.model.impl.RuntimeBuiltinLeafInfoImpl$16                    : loaded 3 times (x 136B)
Class com.sun.xml.bind.v2.runtime.IllegalAnnotationsException                         : loaded 3 times (x 86B)
Class com.google.gson.internal.LinkedTreeMap$1                                        : loaded 3 times (x 91B)
Class com.sun.xml.bind.v2.model.impl.TypeInfoSetImpl$1                                : loaded 3 times (x 80B)
Class com.sun.xml.bind.v2.model.impl.ElementPropertyInfoImpl                          : loaded 3 times (x 123B)
Class com.sun.xml.bind.v2.runtime.reflect.Accessor$SetterOnlyReflection               : loaded 3 times (x 85B)
Class com.google.common.cache.RemovalListener                                         : loaded 3 times (x 70B)
Class com.google.common.collect.Maps$EntryFunction$1                                  : loaded 3 times (x 91B)
Class com.sun.xml.bind.v2.runtime.unmarshaller.StructureLoader                        : loaded 3 times (x 78B)
Class com.google.common.collect.AbstractMapBasedMultimap$WrappedCollection$WrappedIterator: loaded 3 times (x 84B)
Class com.sun.xml.bind.v2.model.impl.Utils$1                                          : loaded 3 times (x 77B)
Class com.sun.xml.bind.v2.model.impl.RuntimeTypeInfoSetImpl                           : loaded 3 times (x 123B)
Class com.sun.xml.bind.api.Bridge                                                     : loaded 3 times (x 85B)
Class com.google.common.collect.ImmutableSortedSet$Builder                            : loaded 3 times (x 86B)
Class com.google.common.cache.CacheBuilder$1                                          : loaded 3 times (x 85B)
Class [Lcom.google.common.cache.LocalCache$Strength;                                  : loaded 3 times (x 69B)
Class [Lcom.google.common.cache.LocalCache$Segment;                                   : loaded 3 times (x 69B)
Class com.google.common.base.Present                                                  : loaded 3 times (x 81B)
Class com.google.gson.internal.sql.SqlTimeTypeAdapter                                 : loaded 3 times (x 74B)
Class com.google.gson.internal.bind.TreeTypeAdapter                                   : loaded 3 times (x 75B)
Class com.sun.xml.bind.v2.model.impl.RuntimeElementInfoImpl                           : loaded 3 times (x 119B)
Class com.sun.xml.bind.v2.model.core.ElementPropertyInfo                              : loaded 3 times (x 70B)
Class com.sun.xml.bind.v2.runtime.unmarshaller.LocatorEx                              : loaded 3 times (x 70B)
Class com.google.gson.internal.bind.JsonTreeReader                                    : loaded 3 times (x 98B)
Class com.google.common.base.CharMatcher$FastMatcher                                  : loaded 3 times (x 111B)
Class com.sun.xml.bind.v2.runtime.reflect.Lister$ArrayLister                          : loaded 3 times (x 77B)
Class com.sun.xml.bind.v2.runtime.property.PropertyImpl                               : loaded 3 times (x 102B)
Class com.sun.xml.bind.v2.model.impl.RuntimeBuiltinLeafInfoImpl$17                    : loaded 3 times (x 136B)
Class com.sun.xml.bind.v2.runtime.BridgeContextImpl                                   : loaded 3 times (x 77B)
Class com.sun.xml.bind.v2.runtime.ElementBeanInfoImpl                                 : loaded 3 times (x 89B)
Class com.sun.xml.bind.v2.runtime.BridgeAdapter                                       : loaded 3 times (x 87B)
Class com.squareup.javapoet.LineWrapper$FlushType                                     : loaded 3 times (x 79B)
Class [Lcom.google.gson.ToNumberPolicy;                                               : loaded 3 times (x 69B)
Class com.google.gson.ToNumberPolicy                                                  : loaded 3 times (x 83B)
Class com.squareup.javapoet.FieldSpec                                                 : loaded 3 times (x 72B)
Class com.google.common.collect.NaturalOrdering                                       : loaded 3 times (x 115B)
Class com.google.common.collect.Maps$EntryFunction$2                                  : loaded 3 times (x 91B)
Class com.google.common.base.Ticker                                                   : loaded 3 times (x 72B)
Class [Lcom.google.common.base.Function;                                              : loaded 3 times (x 69B)
Class com.sun.xml.bind.v2.runtime.InternalBridge                                      : loaded 3 times (x 87B)
Class com.squareup.javapoet.CodeBlock$Builder                                         : loaded 3 times (x 72B)
Class javax.xml.bind.annotation.XmlElement$DEFAULT                                    : loaded 3 times (x 71B)
Class javax.xml.bind.helpers.DefaultValidationEventHandler                            : loaded 3 times (x 75B)
Class com.sun.xml.bind.v2.runtime.unmarshaller.Scope                                  : loaded 3 times (x 72B)
Class com.google.gson.TypeAdapterFactory                                              : loaded 3 times (x 70B)
Class com.google.gson.internal.bind.CollectionTypeAdapterFactory                      : loaded 3 times (x 75B)
Class com.sun.xml.bind.v2.model.runtime.RuntimeElement                                : loaded 3 times (x 70B)
Class javax.xml.bind.annotation.XmlElementRefs                                        : loaded 3 times (x 70B)
Class com.sun.xml.bind.v2.runtime.reflect.ListIterator                                : loaded 3 times (x 70B)
Class com.android.tools.build.jetifier.core.pom.PomRewriteRule$Companion              : loaded 3 times (x 71B)
Class com.google.common.base.Supplier                                                 : loaded 3 times (x 70B)
Class com.google.gson.JsonElement                                                     : loaded 3 times (x 92B)
Class [Lcom.google.gson.ReflectionAccessFilter$FilterResult;                          : loaded 3 times (x 69B)
Class com.sun.xml.bind.v2.model.core.PropertyInfo                                     : loaded 3 times (x 70B)
Class com.sun.xml.bind.v2.model.impl.RuntimeBuiltinLeafInfoImpl$18                    : loaded 3 times (x 136B)
Class javax.activation.MimeTypeParseException                                         : loaded 3 times (x 82B)
Class com.sun.xml.bind.WhiteSpaceProcessor                                            : loaded 3 times (x 71B)
Class com.sun.xml.bind.v2.runtime.AttributeAccessor                                   : loaded 3 times (x 70B)
Class com.sun.xml.bind.v2.model.annotation.Locatable                                  : loaded 3 times (x 70B)
Class com.sun.xml.bind.v2.ClassFactory                                                : loaded 3 times (x 71B)
Class com.google.gson.internal.ConstructorConstructor$11                              : loaded 3 times (x 75B)
Class com.sun.xml.bind.DatatypeConverterImpl                                          : loaded 3 times (x 111B)
Class com.google.gson.FieldNamingPolicy                                               : loaded 3 times (x 83B)
Class com.android.tools.build.jetifier.core.proguard.ProGuardTypesMap$expandedRules$2 : loaded 3 times (x 79B)
Class android.databinding.annotationprocessor.ProcessDataBinding                      : loaded 3 times (x 87B)
Class [Lcom.google.common.cache.CacheBuilder$OneWeigher;                              : loaded 3 times (x 69B)
Class com.google.gson.internal.bind.TypeAdapters                                      : loaded 3 times (x 71B)
Class com.google.common.base.CharMatcher$Or                                           : loaded 3 times (x 112B)
Class com.google.common.base.Suppliers                                                : loaded 3 times (x 71B)
Class com.google.gson.JsonPrimitive                                                   : loaded 3 times (x 93B)
Class com.google.gson.internal.sql.SqlTimestampTypeAdapter$1                          : loaded 3 times (x 75B)
Class com.sun.xml.bind.v2.model.core.MapPropertyInfo                                  : loaded 3 times (x 70B)
Class com.sun.xml.bind.AccessorFactoryImpl                                            : loaded 3 times (x 81B)
Class kotlin.jvm.internal.FunctionReferenceImpl                                       : loaded 3 times (x 122B)
Class kotlin.collections.IntIterator                                                  : loaded 3 times (x 82B)
Class com.android.tools.build.jetifier.core.proguard.ProGuardType                     : loaded 3 times (x 72B)
Class com.google.common.cache.CacheStats                                              : loaded 3 times (x 71B)
Class com.sun.xml.bind.v2.runtime.unmarshaller.XmlVisitor$TextPredictor               : loaded 3 times (x 70B)
Class javax.xml.bind.annotation.XmlRegistry                                           : loaded 3 times (x 70B)
Class com.sun.xml.bind.v2.model.impl.RuntimeBuiltinLeafInfoImpl$19                    : loaded 3 times (x 136B)
Class com.google.gson.reflect.TypeToken                                               : loaded 3 times (x 75B)
Class org.apache.commons.io.IOUtils                                                   : loaded 3 times (x 71B)
Class com.google.gson.internal.ConstructorConstructor$9                               : loaded 3 times (x 76B)
Class android.databinding.tool.util.Preconditions                                     : loaded 3 times (x 71B)
Class com.sun.xml.bind.v2.model.core.ClassInfo                                        : loaded 3 times (x 70B)
Class com.sun.xml.bind.v2.runtime.reflect.PrimitiveArrayListerLong                    : loaded 3 times (x 76B)
Class com.sun.xml.bind.v2.runtime.unmarshaller.UnmarshallingContext$DefaultRootLoader : loaded 3 times (x 80B)
Class com.google.common.cache.CacheBuilder                                            : loaded 3 times (x 72B)
Class com.sun.xml.bind.v2.model.core.Element                                          : loaded 3 times (x 70B)
Class com.sun.xml.bind.v2.model.impl.DummyPropertyInfo                                : loaded 3 times (x 70B)
Class com.sun.xml.bind.v2.model.impl.MapPropertyInfoImpl                              : loaded 3 times (x 119B)
Class com.squareup.javapoet.JavaFile                                                  : loaded 3 times (x 72B)
Class com.google.common.base.CharMatcher$BitSetMatcher                                : loaded 3 times (x 112B)
Class com.google.gson.internal.ConstructorConstructor$13                              : loaded 3 times (x 75B)
Class com.google.gson.internal.bind.TypeAdapters$31                                   : loaded 3 times (x 76B)
Class com.sun.xml.bind.v2.ContextFactory                                              : loaded 3 times (x 71B)
Class com.sun.xml.bind.v2.model.core.NonElement                                       : loaded 3 times (x 70B)
Class com.sun.xml.bind.api.impl.NameConverter                                         : loaded 3 times (x 70B)
Class com.sun.xml.bind.v2.runtime.reflect.Lister$CollectionLister                     : loaded 3 times (x 77B)
Class javax.xml.bind.annotation.XmlAccessOrder                                        : loaded 3 times (x 79B)
Class com.sun.xml.bind.v2.model.impl.RuntimeAnyTypeImpl                               : loaded 3 times (x 94B)
Class com.sun.xml.bind.v2.model.nav.Navigator                                         : loaded 3 times (x 70B)
Class com.google.gson.JsonSyntaxException                                             : loaded 3 times (x 82B)
Class com.google.gson.internal.bind.ArrayTypeAdapter$1                                : loaded 3 times (x 75B)
Class com.google.gson.internal.bind.JsonTreeWriter                                    : loaded 3 times (x 98B)
Class com.squareup.javapoet.TypeSpec                                                  : loaded 3 times (x 72B)
Class com.google.common.base.CharMatcher$None                                         : loaded 3 times (x 112B)
Class com.google.common.base.AbstractIterator                                         : loaded 3 times (x 80B)
Class [Landroid.databinding.tool.CompilerArguments$Type;                              : loaded 3 times (x 69B)
Class com.google.gson.LongSerializationPolicy$2                                       : loaded 3 times (x 80B)
Class org.apache.commons.io.FileUtils                                                 : loaded 3 times (x 71B)
Class com.sun.xml.bind.unmarshaller.InfosetScanner                                    : loaded 3 times (x 70B)
Class com.sun.xml.bind.v2.model.impl.RuntimeMapPropertyInfoImpl                       : loaded 3 times (x 137B)
Class [Lcom.sun.xml.bind.v2.util.QNameMap$Entry;                                      : loaded 3 times (x 69B)
Class com.sun.xml.bind.v2.model.impl.RuntimeBuiltinLeafInfoImpl$28                    : loaded 3 times (x 76B)
Class com.sun.xml.bind.v2.model.impl.RuntimeElementPropertyInfoImpl                   : loaded 3 times (x 139B)
Class com.sun.xml.bind.v2.model.impl.AttributePropertyInfoImpl                        : loaded 3 times (x 124B)
Class com.sun.xml.bind.v2.runtime.property.StructureLoaderBuilder                     : loaded 3 times (x 70B)
Class com.sun.xml.bind.v2.runtime.unmarshaller.UnmarshallerImpl                       : loaded 3 times (x 139B)
Class com.google.common.collect.ReverseNaturalOrdering                                : loaded 3 times (x 114B)
Class com.google.common.math.IntMath$1                                                : loaded 3 times (x 71B)
Class javax.xml.bind.annotation.XmlElementWrapper                                     : loaded 3 times (x 70B)
Class javax.xml.bind.annotation.adapters.XmlJavaTypeAdapter                           : loaded 3 times (x 70B)
Class com.sun.xml.bind.v2.model.annotation.AnnotationSource                           : loaded 3 times (x 70B)
Class [Lcom.google.common.cache.CacheBuilder$NullListener;                            : loaded 3 times (x 69B)
Class com.google.gson.LongSerializationPolicy$1                                       : loaded 3 times (x 80B)
Class [Lcom.google.gson.stream.JsonToken;                                             : loaded 3 times (x 69B)
Class com.squareup.javapoet.ParameterSpec$Builder                                     : loaded 3 times (x 72B)
Class com.sun.xml.bind.v2.model.impl.ModelBuilder                                     : loaded 3 times (x 92B)
Class com.sun.xml.bind.v2.model.impl.RuntimeBuiltinLeafInfoImpl$27                    : loaded 3 times (x 136B)
Class [Lcom.sun.xml.bind.v2.model.annotation.Locatable;                               : loaded 3 times (x 69B)
Class com.sun.xml.bind.v2.runtime.unmarshaller.SAXConnector                           : loaded 3 times (x 101B)
Class com.android.tools.build.jetifier.core.pom.DependencyVersionsMap                 : loaded 3 times (x 72B)
Class [Lcom.squareup.javapoet.LineWrapper$FlushType;                                  : loaded 3 times (x 69B)
Class com.sun.xml.bind.v2.model.core.TypeInfo                                         : loaded 3 times (x 70B)
Class com.android.tools.build.jetifier.core.PackageMap$PackageRule$JsonData           : loaded 3 times (x 72B)
Class com.sun.xml.bind.v2.runtime.BinderImpl                                          : loaded 3 times (x 86B)
Class com.sun.xml.bind.v2.model.impl.RuntimeBuiltinLeafInfoImpl$10$1                  : loaded 3 times (x 356B)
Class com.sun.xml.bind.v2.model.impl.RuntimeBuiltinLeafInfoImpl$26                    : loaded 3 times (x 136B)
Class [Lcom.sun.xml.bind.v2.runtime.property.StructureLoaderBuilder;                  : loaded 3 times (x 69B)
Class kotlin.Triple                                                                   : loaded 3 times (x 72B)
Class android.databinding.tool.writer.AnnotationJavaFileWriter                        : loaded 3 times (x 75B)
Class com.sun.xml.bind.v2.runtime.property.Utils$1                                    : loaded 3 times (x 77B)
Class com.sun.xml.bind.v2.model.impl.TypeInfoImpl                                     : loaded 3 times (x 85B)
Class com.sun.xml.bind.v2.runtime.JAXBContextImpl$1                                   : loaded 3 times (x 78B)
Class com.sun.xml.bind.annotation.OverrideAnnotationOf                                : loaded 3 times (x 70B)
Class com.sun.xml.bind.v2.model.impl.RuntimeValuePropertyInfoImpl                     : loaded 3 times (x 135B)
Class com.google.common.base.Predicates$CompositionPredicate                          : loaded 3 times (x 88B)
Class com.google.gson.internal.JsonReaderInternalAccess                               : loaded 3 times (x 72B)
Class com.google.gson.JsonIOException                                                 : loaded 3 times (x 82B)
Class com.google.gson.internal.$Gson$Types                                            : loaded 3 times (x 71B)
Class com.google.gson.internal.reflect.ReflectionHelper$RecordNotSupportedHelper      : loaded 3 times (x 78B)
Class com.google.common.base.Suppliers$SupplierOfInstance                             : loaded 3 times (x 79B)
Class com.sun.xml.bind.v2.runtime.unmarshaller.Base64Data                             : loaded 3 times (x 89B)
Class com.sun.xml.bind.v2.model.runtime.RuntimeNonElementRef                          : loaded 3 times (x 70B)
Class com.sun.xml.bind.v2.runtime.reflect.Accessor$FieldReflection                    : loaded 3 times (x 85B)
Class com.google.gson.internal.bind.TypeAdapters$32                                   : loaded 3 times (x 76B)
Class com.google.gson.internal.ConstructorConstructor$16                              : loaded 3 times (x 75B)
Class com.google.common.collect.CompoundOrdering                                      : loaded 3 times (x 115B)
Class com.google.gson.internal.bind.ReflectiveTypeAdapterFactory$RecordAdapter        : loaded 3 times (x 77B)
Class com.sun.xml.bind.v2.runtime.property.SingleElementLeafProperty                  : loaded 3 times (x 102B)
Class com.sun.xml.bind.api.impl.NameConverter$Standard                                : loaded 3 times (x 93B)
Class com.sun.xml.bind.v2.model.annotation.Init                                       : loaded 3 times (x 71B)
Class com.sun.xml.bind.Util                                                           : loaded 3 times (x 71B)
Class com.sun.xml.bind.v2.model.impl.RuntimeBuiltinLeafInfoImpl$24                    : loaded 3 times (x 137B)
Class com.google.gson.internal.bind.ReflectiveTypeAdapterFactory                      : loaded 3 times (x 75B)
Class com.google.gson.internal.sql.SqlTimestampTypeAdapter                            : loaded 3 times (x 76B)
Class com.sun.xml.bind.v2.model.annotation.XmlAttributeQuick                          : loaded 3 times (x 93B)
Class com.sun.xml.bind.v2.model.core.NonElementRef                                    : loaded 3 times (x 70B)
Class com.sun.xml.bind.v2.runtime.reflect.Lister                                      : loaded 3 times (x 76B)
Class com.google.common.cache.LocalCache$ComputingValueReference                      : loaded 3 times (x 97B)
Class com.android.tools.build.jetifier.core.config.ConfigParser                       : loaded 3 times (x 71B)
Class com.squareup.javapoet.ArrayTypeName                                             : loaded 3 times (x 81B)
Class com.google.common.collect.SingletonImmutableSet                                 : loaded 3 times (x 146B)
Class kotlin.jvm.internal.ArrayIteratorKt                                             : loaded 3 times (x 71B)
Class com.google.common.collect.Ordering                                              : loaded 3 times (x 114B)
Class com.sun.xml.bind.v2.model.impl.TypeInfoSetImpl                                  : loaded 3 times (x 111B)
Class com.sun.xml.bind.v2.model.runtime.RuntimeTypeInfoSet                            : loaded 3 times (x 70B)
Class javax.activation.DataHandler                                                    : loaded 3 times (x 92B)
Class com.sun.xml.bind.v2.model.impl.RuntimeBuiltinLeafInfoImpl$23                    : loaded 3 times (x 136B)
Class com.sun.xml.bind.v2.runtime.reflect.Accessor$GetterSetterReflection             : loaded 3 times (x 85B)
Class com.sun.xml.bind.v2.model.nav.ParameterizedTypeImpl                             : loaded 3 times (x 85B)
Class com.android.tools.build.jetifier.core.pom.PomRewriteRule$JsonData               : loaded 3 times (x 72B)
Class com.sun.xml.bind.v2.runtime.property.ArrayReferenceNodeProperty$MixedTextLoader : loaded 3 times (x 78B)
Class com.sun.xml.bind.v2.runtime.unmarshaller.XsiNilLoader$Array                     : loaded 3 times (x 80B)
Class com.sun.xml.bind.AccessorFactory                                                : loaded 3 times (x 70B)
Class kotlin.jvm.internal.ArrayIterator                                               : loaded 3 times (x 79B)
Class com.google.common.collect.Sets$3$1                                              : loaded 3 times (x 82B)
Class com.google.gson.internal.sql.SqlDateTypeAdapter$1                               : loaded 3 times (x 75B)
Class com.google.common.cache.LocalCache$LoadingValueReference                        : loaded 3 times (x 97B)
Class com.google.gson.internal.sql.SqlDateTypeAdapter                                 : loaded 3 times (x 74B)
Class com.google.common.cache.LocalCache$Segment                                      : loaded 3 times (x 154B)
Class com.sun.xml.bind.v2.model.nav.ReflectionNavigator$6                             : loaded 3 times (x 81B)
Class com.sun.xml.bind.v2.model.impl.RuntimeBuiltinLeafInfoImpl$22                    : loaded 3 times (x 136B)
Class com.android.tools.build.jetifier.core.rule.RewriteRulesMap$Companion            : loaded 3 times (x 71B)
Class com.sun.xml.bind.v2.model.runtime.RuntimeTypeInfo                               : loaded 3 times (x 70B)
Class com.sun.xml.bind.v2.model.impl.RuntimeBuiltinLeafInfoImpl$21                    : loaded 3 times (x 136B)
Class com.sun.xml.bind.v2.model.nav.ReflectionNavigator$5                             : loaded 3 times (x 77B)
Class com.android.tools.build.jetifier.core.config.Config                             : loaded 3 times (x 72B)
Class com.squareup.javapoet.TypeVariableName                                          : loaded 3 times (x 81B)
Class javax.xml.bind.DatatypeConverterInterface                                       : loaded 3 times (x 70B)
Class com.google.common.collect.AbstractMapBasedMultimap$WrappedSet                   : loaded 3 times (x 142B)
Class com.sun.xml.bind.v2.model.impl.RuntimeBuiltinLeafInfoImpl$20                    : loaded 3 times (x 136B)
Class com.google.gson.Gson$5                                                          : loaded 3 times (x 76B)
Class com.sun.xml.bind.v2.model.nav.ReflectionNavigator$BinderArg                     : loaded 3 times (x 73B)
Class com.sun.xml.bind.v2.model.annotation.SecureLoader                               : loaded 3 times (x 71B)
Class com.sun.xml.bind.v2.model.impl.PropertyInfoImpl                                 : loaded 3 times (x 108B)
Class com.sun.xml.bind.v2.runtime.output.Pcdata                                       : loaded 3 times (x 88B)
Class com.sun.xml.bind.v2.util.QNameMap                                               : loaded 3 times (x 72B)
Class com.sun.xml.bind.v2.runtime.JAXBContextImpl                                     : loaded 3 times (x 90B)
Class com.google.gson.internal.ConstructorConstructor$18                              : loaded 3 times (x 75B)
Class kotlin.sequences.SequencesKt___SequencesKt$filterNotNull$1                      : loaded 3 times (x 78B)
Class com.sun.xml.bind.v2.TODO                                                        : loaded 3 times (x 71B)
Class com.sun.xml.bind.v2.runtime.unmarshaller.TextLoader                             : loaded 3 times (x 78B)
Class com.google.common.cache.CacheLoader                                             : loaded 3 times (x 74B)
Class com.google.common.collect.SortedIterable                                        : loaded 3 times (x 70B)
Class com.sun.xml.bind.v2.runtime.property.UnmarshallerChain                          : loaded 3 times (x 72B)
Class com.google.common.collect.AbstractListMultimap                                  : loaded 3 times (x 172B)
Class com.sun.istack.SAXException2                                                    : loaded 3 times (x 83B)
Class com.sun.xml.bind.v2.runtime.reflect.Utils                                       : loaded 3 times (x 71B)
Class [Lcom.sun.xml.bind.v2.runtime.property.Property;                                : loaded 3 times (x 69B)
Class com.sun.istack.Pool                                                             : loaded 3 times (x 70B)
Class com.sun.xml.bind.v2.model.annotation.XmlValueQuick                              : loaded 3 times (x 90B)
Class com.sun.xml.bind.v2.model.nav.ReflectionNavigator$3                             : loaded 3 times (x 77B)
Class com.android.tools.build.jetifier.core.type.JavaType                             : loaded 3 times (x 72B)
Class com.google.common.collect.Maps$EntryFunction                                    : loaded 3 times (x 91B)
Class com.google.gson.JsonParseException                                              : loaded 3 times (x 82B)
Class javax.xml.bind.annotation.XmlAnyAttribute                                       : loaded 3 times (x 70B)
Class com.sun.xml.bind.v2.model.impl.ValuePropertyInfoImpl                            : loaded 3 times (x 120B)
Class com.google.gson.internal.LinkedTreeMap$LinkedTreeMapIterator                    : loaded 3 times (x 80B)
Class com.google.gson.internal.ConstructorConstructor$19                              : loaded 3 times (x 76B)
Class com.google.gson.internal.bind.ReflectiveTypeAdapterFactory$Adapter              : loaded 3 times (x 77B)
Class com.google.gson.internal.bind.TypeAdapters$10                                   : loaded 3 times (x 75B)
Class org.apache.commons.io.output.AbstractByteArrayOutputStream                      : loaded 3 times (x 102B)
Class com.sun.xml.bind.v2.model.impl.EnumLeafInfoImpl                                 : loaded 3 times (x 128B)
Class com.sun.xml.bind.v2.model.nav.ReflectionNavigator$2                             : loaded 3 times (x 81B)
Class com.google.common.base.Splitter$SplittingIterator                               : loaded 3 times (x 84B)
Class com.google.common.collect.ComparatorOrdering                                    : loaded 3 times (x 115B)
Class com.google.common.collect.ImmutableSet$JdkBackedSetBuilderImpl                  : loaded 3 times (x 76B)
Class javax.xml.bind.annotation.XmlAccessorType                                       : loaded 3 times (x 70B)
Class com.sun.xml.bind.v2.model.annotation.XmlTransientQuick                          : loaded 3 times (x 90B)
Class com.sun.xml.bind.v2.runtime.reflect.DefaultTransducedAccessor                   : loaded 3 times (x 79B)
Class com.android.tools.build.jetifier.core.type.TypesMap                             : loaded 3 times (x 72B)
Class com.sun.xml.bind.v2.runtime.reflect.Lister$2                                    : loaded 3 times (x 77B)
Class javax.xml.bind.annotation.XmlEnum                                               : loaded 3 times (x 70B)
Class com.google.common.cache.CacheBuilder$OneWeigher                                 : loaded 3 times (x 82B)
Class com.google.gson.internal.bind.TypeAdapters$9                                    : loaded 3 times (x 75B)
Class [Lcom.sun.xml.bind.v2.model.impl.ClassInfoImpl$SecondaryAnnotation;             : loaded 3 times (x 69B)
Class com.sun.xml.bind.api.BridgeContext                                              : loaded 3 times (x 76B)
Class com.sun.xml.bind.v2.model.core.TypeInfoSet                                      : loaded 3 times (x 70B)
Class org.apache.commons.io.output.NullWriter                                         : loaded 3 times (x 99B)
Class com.google.gson.internal.bind.TypeAdapters$11                                   : loaded 3 times (x 75B)
Class [Lcom.google.gson.FieldNamingPolicy;                                            : loaded 3 times (x 69B)
Class com.sun.xml.bind.v2.util.TypeCast                                               : loaded 3 times (x 71B)
Class com.sun.xml.bind.v2.model.nav.ReflectionNavigator$1                             : loaded 3 times (x 81B)
Class com.sun.xml.bind.v2.runtime.reflect.Lister$1                                    : loaded 3 times (x 76B)
Class com.google.common.cache.LocalCache$LocalManualCache$1                           : loaded 3 times (x 75B)
Class com.sun.xml.bind.v2.runtime.JAXBContextImpl$2                                   : loaded 3 times (x 78B)
Class com.google.common.collect.ImmutableSortedAsList                                 : loaded 3 times (x 221B)
Class com.google.common.base.Splitter                                                 : loaded 3 times (x 72B)
Class com.google.common.collect.Iterators$6                                           : loaded 3 times (x 81B)
Class com.google.common.base.CharMatcher$ForPredicate                                 : loaded 3 times (x 112B)
Class com.squareup.javapoet.JavaFile$1                                                : loaded 3 times (x 79B)
Class com.google.gson.internal.bind.ObjectTypeAdapter                                 : loaded 3 times (x 74B)
Class com.google.gson.internal.bind.TypeAdapters$33                                   : loaded 3 times (x 76B)
Class com.google.common.base.Predicates                                               : loaded 3 times (x 71B)
Class com.google.gson.internal.bind.TypeAdapters$8                                    : loaded 3 times (x 75B)
Class com.android.tools.build.jetifier.core.TypeRewriter                              : loaded 3 times (x 72B)
Class com.google.gson.internal.bind.CollectionTypeAdapterFactory$Adapter              : loaded 3 times (x 74B)
Class com.sun.xml.bind.api.AccessorException                                          : loaded 3 times (x 82B)
Class com.sun.xml.bind.v2.model.runtime.RuntimeReferencePropertyInfo                  : loaded 3 times (x 70B)
Class javax.xml.bind.annotation.XmlRootElement                                        : loaded 3 times (x 70B)
Class com.sun.xml.bind.v2.model.core.Ref                                              : loaded 3 times (x 72B)
Class com.sun.xml.bind.v2.model.runtime.RuntimeElementInfo                            : loaded 3 times (x 70B)
Class com.sun.xml.bind.v2.model.impl.RuntimeModelBuilder                              : loaded 3 times (x 100B)
Class com.google.gson.internal.bind.TypeAdapters$12                                   : loaded 3 times (x 75B)
Class [Lcom.google.gson.ToNumberStrategy;                                             : loaded 3 times (x 69B)
Class com.sun.xml.bind.v2.runtime.reflect.Accessor                                    : loaded 3 times (x 85B)
Class com.sun.xml.bind.v2.model.impl.RuntimeAttributePropertyInfoImpl                 : loaded 3 times (x 144B)
Class com.sun.xml.bind.v2.runtime.reflect.TransducedAccessor$CompositeContextDependentTransducedAccessorImpl: loaded 3 times (x 79B)
Class kotlin.properties.ReadOnlyProperty                                              : loaded 3 times (x 70B)
Class com.google.common.base.CharMatcher$AnyOf                                        : loaded 3 times (x 112B)
Class com.google.gson.internal.bind.TypeAdapters$34                                   : loaded 3 times (x 76B)
Class org.apache.commons.io.output.StringBuilderWriter                                : loaded 3 times (x 100B)
Class [Lorg.apache.commons.io.StandardLineSeparator;                                  : loaded 3 times (x 69B)
Class com.google.gson.internal.bind.TypeAdapters$7                                    : loaded 3 times (x 75B)
Class com.google.gson.annotations.SerializedName                                      : loaded 3 times (x 70B)
Class com.google.gson.internal.$Gson$Preconditions                                    : loaded 3 times (x 71B)
Class com.android.tools.build.jetifier.core.pom.PomDependency                         : loaded 3 times (x 72B)
Class com.sun.xml.bind.v2.runtime.unmarshaller.UnmarshallingContext                   : loaded 3 times (x 103B)
Class com.sun.xml.bind.v2.runtime.LifecycleMethods                                    : loaded 3 times (x 72B)
Class com.sun.xml.bind.v2.model.annotation.MethodLocatable                            : loaded 3 times (x 78B)
Class com.sun.xml.bind.v2.model.runtime.RuntimeMapPropertyInfo                        : loaded 3 times (x 70B)
Class com.sun.xml.bind.v2.model.nav.TypeVisitor                                       : loaded 3 times (x 76B)
Class com.google.gson.internal.bind.DateTypeAdapter$1                                 : loaded 3 times (x 75B)
Class com.google.gson.internal.bind.TypeAdapters$13                                   : loaded 3 times (x 75B)
Class com.google.common.math.IntMath                                                  : loaded 3 times (x 71B)
Class com.google.common.collect.RegularImmutableSortedSet                             : loaded 3 times (x 300B)
Class com.google.gson.internal.bind.TypeAdapters$6                                    : loaded 3 times (x 75B)
Class com.google.common.cache.ReferenceEntry                                          : loaded 3 times (x 70B)
Class com.google.gson.internal.bind.TypeAdapters$19                                   : loaded 3 times (x 75B)
Class com.sun.xml.bind.v2.runtime.JAXBContextImpl$3                                   : loaded 3 times (x 74B)
Class com.google.gson.internal.bind.ReflectiveTypeAdapterFactory$FieldReflectionAdapter: loaded 3 times (x 77B)
Class com.sun.istack.Pool$Impl                                                        : loaded 3 times (x 77B)
Class org.apache.commons.io.CloseableURLConnection                                    : loaded 3 times (x 117B)
Class com.squareup.javapoet.TypeName                                                  : loaded 3 times (x 81B)
Class com.sun.xml.bind.v2.runtime.Transducer                                          : loaded 3 times (x 70B)
Class com.sun.xml.bind.v2.model.impl.RuntimeClassInfoImpl                             : loaded 3 times (x 162B)
Class com.sun.xml.bind.v2.model.impl.RuntimeBuiltinLeafInfoImpl$StringImplImpl        : loaded 3 times (x 136B)
Class javax.xml.bind.MarshalException                                                 : loaded 3 times (x 85B)
Class com.sun.xml.bind.v2.runtime.unmarshaller.XsiNilLoader                           : loaded 3 times (x 80B)
Class com.sun.xml.bind.v2.runtime.property.SingleReferenceNodeProperty$1              : loaded 3 times (x 85B)
Class com.sun.xml.bind.v2.runtime.reflect.PrimitiveArrayListerByte                    : loaded 3 times (x 76B)
Class com.google.common.base.CharMatcher$IsNot                                        : loaded 3 times (x 111B)
Class com.google.common.cache.LocalCache$LocalManualCache                             : loaded 3 times (x 99B)
Class com.google.gson.internal.bind.TypeAdapters$5                                    : loaded 3 times (x 75B)
Class javax.xml.bind.Unmarshaller                                                     : loaded 3 times (x 70B)
Class com.google.gson.internal.bind.NumberTypeAdapter$1                               : loaded 3 times (x 76B)
Class com.google.gson.internal.bind.TypeAdapters$1                                    : loaded 3 times (x 75B)
Class com.google.gson.internal.bind.TypeAdapters$14                                   : loaded 3 times (x 75B)
Class com.google.gson.internal.bind.TypeAdapters$18                                   : loaded 3 times (x 75B)
Class com.google.gson.internal.bind.SerializationDelegatingTypeAdapter                : loaded 3 times (x 74B)
Class com.google.gson.annotations.JsonAdapter                                         : loaded 3 times (x 70B)
Class com.sun.xml.bind.v2.runtime.ArrayBeanInfoImpl                                   : loaded 3 times (x 89B)
Class com.squareup.javapoet.FieldSpec$Builder                                         : loaded 3 times (x 72B)
Class com.sun.xml.bind.v2.model.annotation.Quick                                      : loaded 3 times (x 88B)
Class com.squareup.javapoet.ParameterSpec                                             : loaded 3 times (x 72B)
Class com.google.common.base.FunctionalEquivalence                                    : loaded 3 times (x 83B)
Class com.google.common.collect.AbstractMapBasedMultimap                              : loaded 3 times (x 139B)
Class com.sun.xml.bind.v2.model.impl.FieldPropertySeed                                : loaded 3 times (x 90B)
Class com.sun.xml.bind.v2.model.core.TypeRef                                          : loaded 3 times (x 70B)
Class com.sun.xml.bind.v2.runtime.reflect.ListTransducedAccessorImpl                  : loaded 3 times (x 80B)
Class javax.xml.bind.PropertyException                                                : loaded 3 times (x 85B)
Class com.sun.xml.bind.v2.runtime.reflect.Lister$IDREFS                               : loaded 3 times (x 77B)
Class com.sun.xml.bind.v2.runtime.reflect.PrimitiveArrayListerCharacter               : loaded 3 times (x 76B)
Class com.squareup.javapoet.LineWrapper                                               : loaded 3 times (x 72B)
Class com.sun.xml.bind.v2.runtime.Coordinator                                         : loaded 3 times (x 83B)
Class javax.xml.bind.ValidationEventHandler                                           : loaded 3 times (x 70B)
Class com.sun.xml.bind.v2.model.annotation.XmlRootElementQuick                        : loaded 3 times (x 92B)
Class com.sun.xml.bind.v2.runtime.NameBuilder                                         : loaded 3 times (x 72B)
Class com.google.common.collect.ImmutableSortedSet                                    : loaded 3 times (x 300B)
Class com.google.gson.internal.bind.TypeAdapters$2                                    : loaded 3 times (x 75B)
Class com.google.gson.internal.bind.TypeAdapters$15                                   : loaded 3 times (x 75B)
Class com.google.gson.internal.sql.SqlTypesSupport$1                                  : loaded 3 times (x 74B)
Class [Lcom.google.common.cache.LocalCache$EntryFactory;                              : loaded 3 times (x 69B)
Class com.google.common.cache.CacheLoader$SupplierToCacheLoader                       : loaded 3 times (x 75B)
Class com.google.gson.internal.bind.TypeAdapters$4                                    : loaded 3 times (x 75B)
Class com.sun.xml.bind.v2.runtime.unmarshaller.TagName                                : loaded 3 times (x 75B)
Class com.google.gson.internal.bind.TypeAdapters$17                                   : loaded 3 times (x 75B)
Class javax.xml.bind.annotation.XmlAccessorOrder                                      : loaded 3 times (x 70B)
Class javax.xml.bind.JAXBElement                                                      : loaded 3 times (x 81B)
Class com.sun.xml.bind.v2.runtime.unmarshaller.SAXConnector$TagNameImpl               : loaded 3 times (x 75B)
Class com.android.tools.build.jetifier.core.PackageMap$PackageRule                    : loaded 3 times (x 72B)
Class com.android.tools.build.jetifier.core.rule.RewriteRule$JsonData                 : loaded 3 times (x 72B)
Class com.google.common.collect.UsingToStringOrdering                                 : loaded 3 times (x 114B)
Class com.google.gson.internal.sql.SqlTypesSupport$2                                  : loaded 3 times (x 74B)
Class com.google.gson.internal.bind.TypeAdapters$3                                    : loaded 3 times (x 75B)
Class javax.xml.bind.annotation.XmlSeeAlso                                            : loaded 3 times (x 70B)
Class com.sun.xml.bind.v2.model.core.PropertyKind                                     : loaded 3 times (x 79B)
Class [Lcom.sun.xml.bind.v2.model.impl.ClassInfoImpl$PropertyGroup;                   : loaded 3 times (x 69B)
Class com.sun.xml.bind.v2.runtime.unmarshaller.Receiver                               : loaded 3 times (x 70B)
Class [Lcom.sun.xml.bind.v2.model.annotation.Quick;                                   : loaded 3 times (x 69B)
Class com.google.gson.internal.bind.TypeAdapters$16                                   : loaded 3 times (x 75B)
Class android.databinding.tool.reflection.ModelAnalyzer$mutableLiveDataType$2         : loaded 2 times (x 79B)
Class android.databinding.tool.store.ResourceBundle$BindingTargetBundle$BindingBundle : loaded 2 times (x 82B)
Class com.sun.xml.bind.v2.runtime.unmarshaller.IntData                                : loaded 2 times (x 89B)
Class kotlin.io.FileTreeWalk$FileTreeWalkIterator$SingleFileState                     : loaded 2 times (x 74B)
Class org.objectweb.asm.RecordComponentVisitor                                        : loaded 2 times (x 77B)
Class com.google.common.reflect.TypeResolver$TypeTable                                : loaded 2 times (x 73B)
Class org.apache.http.client.methods.AbortableHttpRequest                             : loaded 2 times (x 70B)
Class android.databinding.parser.BindingExpressionParser$UnaryOpContext               : loaded 2 times (x 133B)
Class kotlin.jvm.internal.markers.KMutableList                                        : loaded 2 times (x 70B)
Class android.databinding.tool.writer.LayoutBinderWriterKt$invalidateFlagSet$2        : loaded 2 times (x 78B)
Class android.databinding.internal.org.antlr.v4.runtime.misc.DoubleKeyMap             : loaded 2 times (x 78B)
Class android.databinding.tool.writer.LayoutBinderWriter$declareHasPendingBindings$1  : loaded 2 times (x 79B)
Class android.databinding.internal.org.antlr.v4.runtime.atn.SemanticContext$AND       : loaded 2 times (x 75B)
Class android.databinding.parser.BindingExpressionParser$IdentifierContext            : loaded 2 times (x 132B)
Class android.databinding.tool.expr.Dependency                                        : loaded 2 times (x 81B)
Class android.databinding.tool.writer.LayoutBinderWriter$executePendingBindings$1$1$7$1$2$setterValues$1: loaded 2 times (x 79B)
Class android.databinding.tool.reflection.ModelClass$minApi$2                         : loaded 2 times (x 79B)
Class android.databinding.tool.processing.scopes.FileScopeProvider                    : loaded 2 times (x 70B)
Class org.apache.commons.io.file.AccumulatorPathVisitor                               : loaded 2 times (x 95B)
Class android.databinding.tool.writer.LayoutBinderWriter$declareSetVariable$1$1       : loaded 2 times (x 79B)
Class kotlin.reflect.jvm.internal.CachesKt$CACHE_FOR_NULLABLE_BASE_CLASSIFIERS$1      : loaded 2 times (x 78B)
Class kotlin.coroutines.jvm.internal.RestrictedContinuationImpl                       : loaded 2 times (x 87B)
Class kotlin.jvm.internal.ArrayLongIterator                                           : loaded 2 times (x 83B)
Class com.google.common.reflect.TypeResolver$TypeTable$1                              : loaded 2 times (x 73B)
Class org.gradle.internal.service.ServiceLookupException                              : loaded 2 times (x 82B)
Class com.google.common.util.concurrent.AbstractFuture                                : loaded 2 times (x 106B)
Class android.databinding.tool.reflection.annotation.AnnotationLogger$TypeElementRoot : loaded 2 times (x 74B)
Class kotlin.jvm.internal.MutablePropertyReference1Impl                               : loaded 2 times (x 137B)
Class android.databinding.tool.writer.LayoutBinderWriterKt$dirtyFlagSet$2             : loaded 2 times (x 78B)
Class android.databinding.tool.writer.LayoutBinderWriter$write$1                      : loaded 2 times (x 79B)
Class android.databinding.tool.reflection.annotation.AnnotationClass$allMethods$2     : loaded 2 times (x 79B)
Class [Landroid.databinding.internal.org.antlr.v4.runtime.atn.SemanticContext;        : loaded 2 times (x 69B)
Class android.databinding.internal.org.antlr.v4.runtime.BufferedTokenStream           : loaded 2 times (x 126B)
Class android.databinding.tool.processing.Scope$1                                     : loaded 2 times (x 76B)
Class android.databinding.internal.org.antlr.v4.runtime.RuntimeMetaData               : loaded 2 times (x 71B)
Class android.databinding.tool.writer.LayoutBinderWriter$readWithDependants$1$2$readCode$1$2$4$4$cond$1$1$2$1$1: loaded 2 times (x 79B)
Class android.databinding.internal.org.antlr.v4.runtime.ParserRuleContext             : loaded 2 times (x 131B)
Class kotlin.reflect.jvm.internal.KClassImpl$Data$allMembers$2                        : loaded 2 times (x 79B)
Class com.google.common.base.Functions$ConstantFunction                               : loaded 2 times (x 84B)
Class com.google.common.collect.ImmutableMapValues                                    : loaded 2 times (x 126B)
Class org.apache.http.message.AbstractHttpMessage                                     : loaded 2 times (x 108B)
Class com.google.common.base.CharMatcher$Any                                          : loaded 2 times (x 112B)
Class com.google.common.util.concurrent.ListenableFuture                              : loaded 2 times (x 70B)
Class android.databinding.parser.BindingExpressionParser$SingleLambdaParameterContext : loaded 2 times (x 133B)
Class com.google.common.base.CharMatcher$JavaLetter                                   : loaded 2 times (x 111B)
Class org.gradle.internal.classloader.ClassLoaderFactory                              : loaded 2 times (x 70B)
Class android.databinding.parser.BindingExpressionParser$GlobalMethodInvocationContext: loaded 2 times (x 134B)
Class kotlin.reflect.jvm.internal.CachesKt$K_CLASS_CACHE$1                            : loaded 2 times (x 78B)
Class android.databinding.internal.org.antlr.v4.runtime.VocabularyImpl                : loaded 2 times (x 82B)
Class kotlin.reflect.jvm.internal.impl.builtins.PrimitiveType                         : loaded 2 times (x 79B)
Class android.databinding.tool.writer.KCode$block$1                                   : loaded 2 times (x 79B)
Class android.databinding.internal.org.antlr.v4.runtime.BaseErrorListener             : loaded 2 times (x 81B)
Class android.databinding.tool.expr.BuiltInVariableExpr                               : loaded 2 times (x 153B)
Class android.databinding.internal.org.antlr.v4.runtime.atn.RuleStartState            : loaded 2 times (x 82B)
Class android.databinding.tool.writer.LayoutBinderWriter$declareDirtyFlags$1          : loaded 2 times (x 79B)
Class org.jetbrains.kotlin.build.report.metrics.GradleBuildTime$Companion             : loaded 2 times (x 71B)
Class org.jetbrains.org.objectweb.asm.AnnotationWriter                                : loaded 2 times (x 78B)
Class org.apache.commons.io.function.IOBiFunction                                     : loaded 2 times (x 70B)
Class [Lorg.apache.commons.io.FileSystem;                                             : loaded 2 times (x 69B)
Class kotlin.reflect.jvm.internal.impl.name.SpecialNames                              : loaded 2 times (x 71B)
Class com.google.common.collect.LinkedHashMultimap$ValueSetLink                       : loaded 2 times (x 70B)
Class android.databinding.tool.util.FileUtil$listAndSortFiles$$inlined$sortedBy$1     : loaded 2 times (x 89B)
Class org.gradle.api.internal.classpath.DefaultModuleRegistry                         : loaded 2 times (x 86B)
Class com.google.common.collect.ImmutableMap$SerializedForm                           : loaded 2 times (x 73B)
Class org.gradle.internal.service.CachingServiceLocator                               : loaded 2 times (x 82B)
Class com.google.common.collect.Streams                                               : loaded 2 times (x 71B)
Class com.google.common.collect.LinkedHashMultimap$ValueEntry                         : loaded 2 times (x 89B)
Class com.google.common.collect.Multimaps$CustomSetMultimap                           : loaded 2 times (x 178B)
Class com.google.common.collect.AbstractMapBasedMultimap$KeySet                       : loaded 2 times (x 137B)
Class kotlin.collections.AbstractList$IteratorImpl                                    : loaded 2 times (x 82B)
Class kotlin.reflect.jvm.internal.CachesKt$CACHE_FOR_GENERIC_CLASSIFIERS$1            : loaded 2 times (x 78B)
Class kotlin.reflect.jvm.internal.impl.name.FqNameUnsafe$1                            : loaded 2 times (x 74B)
Class com.google.common.collect.ImmutableSortedMap$1EntrySet                          : loaded 2 times (x 153B)
Class android.databinding.annotationprocessor.BindableBag                             : loaded 2 times (x 72B)
Class android.databinding.internal.org.antlr.v4.runtime.CommonTokenFactory            : loaded 2 times (x 79B)
Class android.databinding.tool.writer.LayoutBinderWriterKt$oldValueName$2             : loaded 2 times (x 78B)
Class android.databinding.tool.writer.ExprModelExt                                    : loaded 2 times (x 72B)
Class android.databinding.tool.reflection.ImportBag                                   : loaded 2 times (x 72B)
Class org.apache.commons.io.filefilter.ConditionalFileFilter                          : loaded 2 times (x 70B)
Class android.databinding.tool.expr.VersionProvider                                   : loaded 2 times (x 70B)
Class android.databinding.tool.BindableCompat                                         : loaded 2 times (x 72B)
Class android.databinding.tool.writer.LayoutBinderWriter$declareCallbackImplementations$1$2$2: loaded 2 times (x 79B)
Class kotlin.collections.SlidingWindowKt                                              : loaded 2 times (x 71B)
Class kotlin.jvm.internal.markers.KMutableMap                                         : loaded 2 times (x 70B)
Class com.google.common.collect.CollectSpliterators$1WithCharacteristics              : loaded 2 times (x 90B)
Class kotlin.reflect.jvm.internal.impl.descriptors.runtime.structure.ReflectClassUtilKt: loaded 2 times (x 71B)
Class org.jetbrains.kotlin.build.report.metrics.BuildTime                             : loaded 2 times (x 70B)
Class android.databinding.internal.org.antlr.v4.runtime.ConsoleErrorListener          : loaded 2 times (x 81B)
Class com.google.common.collect.Multimaps$CustomListMultimap                          : loaded 2 times (x 174B)
Class android.databinding.tool.ext.Replacement                                        : loaded 2 times (x 72B)
Class com.google.common.io.Closer$SuppressingSuppressor                               : loaded 2 times (x 75B)
Class com.google.common.util.concurrent.AbstractFuture$UnsafeAtomicHelper             : loaded 2 times (x 78B)
Class com.google.common.collect.HashBiMap$Inverse                                     : loaded 2 times (x 142B)
Class com.sun.xml.bind.v2.runtime.output.XmlOutput                                    : loaded 2 times (x 70B)
Class org.gradle.api.internal.classpath.EffectiveClassPath                            : loaded 2 times (x 90B)
Class org.apache.commons.io.file.Counters$AbstractPathCounters                        : loaded 2 times (x 82B)
Class org.apache.commons.io.filefilter.FileEqualsFileFilter                           : loaded 2 times (x 116B)
Class android.databinding.tool.reflection.annotation.AnnotationLogger$ElementChild    : loaded 2 times (x 74B)
Class android.databinding.tool.store.SetterStore$ViewBindingRootViewSetterCall        : loaded 2 times (x 90B)
Class android.databinding.tool.ext.Collection_extKt$joinToCamelCase$1                 : loaded 2 times (x 125B)
Class android.databinding.tool.writer.LayoutBinderWriter$onFieldChange$1$1$1          : loaded 2 times (x 79B)
Class android.databinding.tool.Context                                                : loaded 2 times (x 71B)
Class [Lcom.google.common.collect.HashBiMap$BiEntry;                                  : loaded 2 times (x 69B)
Class com.google.common.base.CharMatcher$JavaDigit                                    : loaded 2 times (x 111B)
Class com.google.common.reflect.Types$TypeVariableInvocationHandler                   : loaded 2 times (x 75B)
Class org.jetbrains.kotlin.name.FqNameUnsafe                                          : loaded 2 times (x 72B)
Class android.databinding.tool.LibTypes$dataBinderMapper$2                            : loaded 2 times (x 79B)
Class [Lorg.jetbrains.org.objectweb.asm.Type;                                         : loaded 2 times (x 69B)
Class kotlin.reflect.jvm.internal.KDeclarationContainerImpl                           : loaded 2 times (x 84B)
Class com.google.common.base.StandardSystemProperty                                   : loaded 2 times (x 79B)
Class kotlin.coroutines.intrinsics.IntrinsicsKt__IntrinsicsKt                         : loaded 2 times (x 71B)
Class org.jetbrains.org.objectweb.asm.Type                                            : loaded 2 times (x 72B)
Class org.jetbrains.kotlin.name.FqName                                                : loaded 2 times (x 72B)
Class org.jetbrains.kotlin.build.report.metrics.DoNothingBuildMetricsReporter         : loaded 2 times (x 86B)
Class android.databinding.internal.org.antlr.v4.runtime.DefaultErrorStrategy          : loaded 2 times (x 105B)
Class android.databinding.tool.expr.FieldAccessExpr                                   : loaded 2 times (x 159B)
Class com.google.common.collect.MultimapBuilder$ArrayListSupplier                     : loaded 2 times (x 77B)
Class android.databinding.tool.store.Location                                         : loaded 2 times (x 78B)
Class kotlin.text.RegexKt                                                             : loaded 2 times (x 71B)
Class com.google.common.util.concurrent.internal.InternalFutureFailureAccess          : loaded 2 times (x 72B)
Class com.sun.xml.bind.v2.runtime.output.UTF8XmlOutput                                : loaded 2 times (x 100B)
Class android.databinding.tool.LibTypes$viewBinding$2                                 : loaded 2 times (x 79B)
Class org.objectweb.asm.signature.SignatureVisitor                                    : loaded 2 times (x 87B)
Class [Landroid.databinding.tool.writer.Scope;                                        : loaded 2 times (x 69B)
Class com.google.common.collect.IndexedImmutableSet$1                                 : loaded 2 times (x 213B)
Class kotlin.reflect.jvm.internal.KCallableImpl$_returnType$1                         : loaded 2 times (x 79B)
Class android.databinding.internal.org.antlr.v4.runtime.atn.NotSetTransition          : loaded 2 times (x 76B)
Class org.jetbrains.kotlin.name.ClassId$Companion                                     : loaded 2 times (x 71B)
Class android.databinding.tool.ext.VersionedLazyExt                                   : loaded 2 times (x 75B)
Class android.databinding.tool.expr.ComparisonExpr                                    : loaded 2 times (x 153B)
Class android.databinding.parser.BindingExpressionParser$ConstantValueContext         : loaded 2 times (x 134B)
Class [Landroid.databinding.tool.expr.TernaryExpr$Type;                               : loaded 2 times (x 69B)
Class android.databinding.tool.writer.LayoutBinderWriter$declareCallbackImplementations$1$2$2$2: loaded 2 times (x 79B)
Class org.jetbrains.org.objectweb.asm.AnnotationVisitor                               : loaded 2 times (x 77B)
Class org.gradle.api.internal.classpath.ModuleRegistry                                : loaded 2 times (x 70B)
Class org.gradle.internal.installation.GradleInstallation$1                           : loaded 2 times (x 75B)
Class com.google.common.collect.Maps$1                                                : loaded 2 times (x 82B)
Class [Lorg.objectweb.asm.SymbolTable$Entry;                                          : loaded 2 times (x 69B)
Class android.databinding.tool.util.GenerationalClassUtil                             : loaded 2 times (x 72B)
Class android.databinding.tool.reflection.InjectedClass$typeName$2                    : loaded 2 times (x 79B)
Class android.databinding.internal.org.antlr.v4.runtime.dfa.DFASerializer             : loaded 2 times (x 74B)
Class kotlin.reflect.jvm.internal.KDeclarationContainerImpl$Companion                 : loaded 2 times (x 71B)
Class android.databinding.internal.org.antlr.v4.runtime.misc.IntegerList              : loaded 2 times (x 72B)
Class android.databinding.internal.org.antlr.v4.runtime.NoViableAltException          : loaded 2 times (x 91B)
Class android.databinding.internal.org.antlr.v4.runtime.atn.SetTransition             : loaded 2 times (x 76B)
Class android.databinding.parser.BindingExpressionParser$BinaryOpContext              : loaded 2 times (x 134B)
Class android.databinding.tool.writer.LayoutBinderWriter$declareCallbackInstances$1   : loaded 2 times (x 79B)
Class android.databinding.tool.writer.LayoutBinderWriter$readWithDependants$1$2$readCode$1$2$1: loaded 2 times (x 79B)
Class android.databinding.tool.writer.LayoutBinderWriter$onFieldChange$1$1$1$1$1      : loaded 2 times (x 79B)
Class com.google.common.collect.Iterators$EmptyModifiableIterator                     : loaded 2 times (x 86B)
Class android.databinding.tool.store.BindingAdapterStore$merge$$inlined$merge$2$1     : loaded 2 times (x 77B)
Class android.databinding.tool.LibTypes$appCompatResources$2                          : loaded 2 times (x 79B)
Class com.google.common.collect.ImmutableSortedMap                                    : loaded 2 times (x 217B)
Class com.google.common.reflect.Types$ClassOwnership$1LocalClass                      : loaded 2 times (x 71B)
Class org.gradle.internal.classloader.ClasspathUtil                                   : loaded 2 times (x 71B)
Class kotlin.jvm.internal.PropertyReference0                                          : loaded 2 times (x 127B)
Class kotlin.reflect.jvm.internal.ReflectProperties                                   : loaded 2 times (x 71B)
Class android.databinding.annotationprocessor.BindableBag$IdBag$buildMapping$$inlined$sortedBy$1: loaded 2 times (x 89B)
Class android.databinding.tool.writer.LayoutBinderWriter$declareInvalidateAll$1$1$1   : loaded 2 times (x 79B)
Class android.databinding.Bindable                                                    : loaded 2 times (x 70B)
Class android.databinding.internal.org.antlr.v4.runtime.atn.BlockStartState           : loaded 2 times (x 83B)
Class android.databinding.tool.writer.LayoutBinderWriterKt$setterName$2               : loaded 2 times (x 78B)
Class android.databinding.parser.BindingExpressionParser$LambdaParametersContext      : loaded 2 times (x 132B)
Class kotlin.SafePublicationLazyImpl                                                  : loaded 2 times (x 76B)
Class com.sun.xml.bind.v2.runtime.output.IndentingUTF8XmlOutput                       : loaded 2 times (x 101B)
Class kotlin.reflect.jvm.internal.KCallableImpl                                       : loaded 2 times (x 105B)
Class com.google.common.reflect.TypeToken$2                                           : loaded 2 times (x 110B)
Class android.databinding.internal.org.antlr.v4.runtime.tree.SyntaxTree               : loaded 2 times (x 70B)
Class android.databinding.tool.util.GenerationalClassUtil$load$2                      : loaded 2 times (x 79B)
Class android.databinding.parser.BindingExpressionParser$MethodInvocationContext      : loaded 2 times (x 135B)
Class android.databinding.tool.writer.LayoutBinderWriterKt$readableName$5             : loaded 2 times (x 78B)
Class [Lcom.google.common.base.StandardSystemProperty;                                : loaded 2 times (x 69B)
Class android.databinding.tool.reflection.SdkUtil                                     : loaded 2 times (x 77B)
Class android.databinding.tool.reflection.annotation.AnnotationClass                  : loaded 2 times (x 105B)
Class androidx.databinding.InverseMethod                                              : loaded 2 times (x 70B)
Class android.databinding.internal.org.antlr.v4.runtime.atn.PredictionContext         : loaded 2 times (x 79B)
Class kotlin.reflect.full.IllegalCallableAccessException                              : loaded 2 times (x 82B)
Class android.databinding.internal.org.antlr.v4.runtime.atn.ATNState                  : loaded 2 times (x 82B)
Class android.databinding.tool.reflection.ModelClass$isString$2                       : loaded 2 times (x 79B)
Class [Landroid.databinding.internal.org.antlr.v4.runtime.misc.Interval;              : loaded 2 times (x 69B)
Class android.databinding.tool.expr.TernaryExpr                                       : loaded 2 times (x 151B)
Class org.jetbrains.org.objectweb.asm.ModuleVisitor                                   : loaded 2 times (x 80B)
Class android.databinding.tool.writer.LayoutBinderWriter$onFieldChange$1              : loaded 2 times (x 79B)
Class [Landroid.databinding.internal.org.antlr.v4.runtime.atn.LexerAction;            : loaded 2 times (x 69B)
Class android.databinding.tool.reflection.ModelClass$isViewBinding$2                  : loaded 2 times (x 79B)
Class android.databinding.tool.writer.LayoutBinderWriter$declareCallbackImplementations$1: loaded 2 times (x 79B)
Class android.databinding.tool.writer.LayoutBinderWriter$flagMapping$1                : loaded 2 times (x 79B)
Class [Landroid.databinding.tool.writer.FlagSet;                                      : loaded 2 times (x 69B)
Class android.databinding.tool.store.SetterStore$InverseMethodDescription             : loaded 2 times (x 77B)
Class com.google.common.base.CharMatcher$JavaUpperCase                                : loaded 2 times (x 111B)
Class org.gradle.api.specs.Spec                                                       : loaded 2 times (x 70B)
Class android.databinding.internal.org.antlr.v4.runtime.IntStream                     : loaded 2 times (x 70B)
Class com.google.common.collect.MultimapBuilder$ListMultimapBuilder                   : loaded 2 times (x 75B)
Class android.databinding.internal.org.antlr.v4.runtime.atn.ParserATNSimulator        : loaded 2 times (x 116B)
Class android.databinding.tool.writer.FlagSet                                         : loaded 2 times (x 82B)
Class kotlin.jvm.internal.PropertyReference2                                          : loaded 2 times (x 127B)
Class kotlin.jvm.internal.MutablePropertyReference                                    : loaded 2 times (x 119B)
Class org.jetbrains.kotlin.name.Name                                                  : loaded 2 times (x 75B)
Class android.databinding.tool.writer.LayoutBinderWriter$readWithDependants$1         : loaded 2 times (x 79B)
Class android.databinding.tool.writer.LayoutBinderWriter$declareIncludeViews$1        : loaded 2 times (x 79B)
Class android.databinding.tool.reflection.annotation.AnnotationField                  : loaded 2 times (x 78B)
Class kotlin.reflect.jvm.internal.KClassImpl$Data$supertypes$2                        : loaded 2 times (x 79B)
Class android.databinding.internal.org.antlr.v4.runtime.InputMismatchException        : loaded 2 times (x 89B)
Class android.databinding.internal.org.antlr.v4.runtime.atn.LexerAction               : loaded 2 times (x 70B)
Class android.databinding.tool.writer.LayoutBinderWriterKt$shouldReadWithConditionalsFlagSet$2: loaded 2 times (x 78B)
Class com.google.common.collect.AbstractMapBasedMultimap$AsMap$AsMapEntries           : loaded 2 times (x 138B)
Class com.google.common.collect.AbstractMapBasedMultiset                              : loaded 2 times (x 163B)
Class org.jetbrains.org.objectweb.asm.ClassReader                                     : loaded 2 times (x 91B)
Class android.databinding.tool.store.SetterStore$IntermediateV1                       : loaded 2 times (x 76B)
Class android.databinding.tool.reflection.ModelAnalyzer$viewStubType$2                : loaded 2 times (x 79B)
Class com.google.common.collect.MultimapBuilder                                       : loaded 2 times (x 73B)
Class com.google.common.reflect.Types$JavaVersion                                     : loaded 2 times (x 83B)
Class com.google.common.reflect.TypeToken$1                                           : loaded 2 times (x 110B)
Class android.databinding.tool.reflection.ModelAnalyzer$Companion                     : loaded 2 times (x 71B)
Class [Lkotlin.reflect.jvm.internal.impl.builtins.jvm.JavaToKotlinClassMap$PlatformMutabilityMapping;: loaded 2 times (x 69B)
Class kotlin.reflect.jvm.internal.KClassImpl$Data$constructors$2                      : loaded 2 times (x 79B)
Class [Ldagger.hilt.processor.internal.optionvalues.GradleProjectType;                : loaded 2 times (x 69B)
Class kotlin.reflect.full.IllegalPropertyDelegateAccessException                      : loaded 2 times (x 82B)
Class kotlin.reflect.jvm.internal.KProperty1Impl                                      : loaded 2 times (x 128B)
Class org.jetbrains.org.objectweb.asm.Symbol                                          : loaded 2 times (x 73B)
Class android.databinding.tool.writer.LayoutBinderWriter$executePendingBindings$1$1$7$1: loaded 2 times (x 79B)
Class android.databinding.tool.util.GenerationalClassUtil$load$1                      : loaded 2 times (x 79B)
Class android.databinding.tool.expr.MethodBaseExpr                                    : loaded 2 times (x 151B)
Class com.google.auto.common.MoreTypes                                                : loaded 2 times (x 71B)
Class android.databinding.internal.org.antlr.v4.runtime.atn.ProfilingATNSimulator     : loaded 2 times (x 119B)
Class android.databinding.internal.org.antlr.v4.runtime.atn.StarLoopEntryState        : loaded 2 times (x 83B)
Class android.databinding.internal.org.antlr.v4.runtime.atn.TokensStartState          : loaded 2 times (x 82B)
Class android.databinding.parser.BindingExpressionParser$BindingSyntaxContext         : loaded 2 times (x 132B)
Class android.databinding.tool.expr.ArgListExpr                                       : loaded 2 times (x 149B)
Class android.databinding.tool.LayoutBinder                                           : loaded 2 times (x 97B)
Class android.databinding.internal.org.antlr.v4.runtime.Recognizer                    : loaded 2 times (x 98B)
Class android.databinding.internal.org.antlr.v4.runtime.misc.MurmurHash               : loaded 2 times (x 71B)
Class android.databinding.internal.org.antlr.v4.runtime.atn.LL1Analyzer               : loaded 2 times (x 76B)
Class kotlin.jvm.internal.ArrayIteratorsKt                                            : loaded 2 times (x 71B)
Class android.databinding.annotationprocessor.BindableBag$ModuleBR                    : loaded 2 times (x 72B)
Class android.databinding.tool.store.GenClassInfoLog$createPackageInfoLog$1           : loaded 2 times (x 79B)
Class android.databinding.annotationprocessor.ProcessExpressions$Intermediate         : loaded 2 times (x 70B)
Class android.databinding.tool.store.SetterStore$MethodDescription                    : loaded 2 times (x 77B)
Class android.databinding.tool.store.SetterStore$IntermediateV2                       : loaded 2 times (x 76B)
Class android.databinding.annotationprocessor.ProcessBindable$Intermediate            : loaded 2 times (x 70B)
Class kotlin.reflect.jvm.internal.KClassImpl$Data$objectInstance$2                    : loaded 2 times (x 79B)
Class com.google.common.collect.AbstractMapBasedMultimap$AsMap                        : loaded 2 times (x 128B)
Class com.google.common.collect.Multimaps$Entries                                     : loaded 2 times (x 118B)
Class com.google.common.collect.CollectSpliterators                                   : loaded 2 times (x 71B)
Class kotlin.jvm.internal.SpreadBuilder                                               : loaded 2 times (x 76B)
Class android.databinding.tool.writer.LayoutBinderWriter$readWithDependants$1$2$readCode$1$2$4$3$1: loaded 2 times (x 79B)
Class android.databinding.tool.writer.CallbackWrapperWriter$write$1$1$1$1             : loaded 2 times (x 78B)
Class org.gradle.internal.classloader.ClassLoaderVisitor                              : loaded 2 times (x 76B)
Class org.apache.http.client.methods.HttpUriRequest                                   : loaded 2 times (x 70B)
Class android.databinding.tool.writer.LayoutBinderWriter$executePendingBindings$1$1$1 : loaded 2 times (x 79B)
Class com.google.common.collect.Count                                                 : loaded 2 times (x 71B)
Class org.objectweb.asm.Edge                                                          : loaded 2 times (x 72B)
Class org.objectweb.asm.signature.SignatureReader                                     : loaded 2 times (x 74B)
Class android.databinding.tool.LibTypes$observableList$2                              : loaded 2 times (x 79B)
Class android.databinding.tool.reflection.TypeUtil                                    : loaded 2 times (x 74B)
Class android.databinding.tool.store.BindingAdapterStore$merge$$inlined$merge$5$1     : loaded 2 times (x 77B)
Class org.apache.commons.io.filefilter.AndFileFilter                                  : loaded 2 times (x 127B)
Class android.databinding.tool.store.ResourceBundle                                   : loaded 2 times (x 84B)
Class android.databinding.tool.store.SetterStore$IntermediateV3                       : loaded 2 times (x 76B)
Class android.databinding.internal.org.antlr.v4.runtime.atn.ATNDeserializationOptions : loaded 2 times (x 72B)
Class androidx.databinding.BindingMethods                                             : loaded 2 times (x 70B)
Class com.google.common.reflect.Invokable$MethodInvokable                             : loaded 2 times (x 107B)
Class com.google.common.collect.ImmutableSortedMapFauxverideShim                      : loaded 2 times (x 120B)
Class kotlin.coroutines.jvm.internal.RestrictedSuspendLambda                          : loaded 2 times (x 91B)
Class android.databinding.tool.reflection.annotation.AnnotationClass$typeArguments$2  : loaded 2 times (x 79B)
Class com.google.common.collect.AbstractMapBasedMultimap$WrappedList                  : loaded 2 times (x 205B)
Class kotlin.reflect.jvm.internal.CachesKt$K_PACKAGE_CACHE$1                          : loaded 2 times (x 78B)
Class android.databinding.tool.LibTypes$typeRewriter$2                                : loaded 2 times (x 78B)
Class android.databinding.tool.expr.TernaryExpr$Type                                  : loaded 2 times (x 79B)
Class [Landroid.databinding.tool.util.GenerationalClassUtil$ExtensionFilter;          : loaded 2 times (x 69B)
Class android.databinding.parser.BindingExpressionParser$CastOpContext                : loaded 2 times (x 134B)
Class android.databinding.annotationprocessor.ProcessBindable$IntermediateV1          : loaded 2 times (x 82B)
Class org.jetbrains.org.objectweb.asm.ClassWriter                                     : loaded 2 times (x 104B)
Class android.databinding.internal.org.antlr.v4.runtime.atn.SemanticContext$OR        : loaded 2 times (x 75B)
Class org.apache.commons.io.file.PathUtils                                            : loaded 2 times (x 71B)
Class org.objectweb.asm.SymbolTable$Entry                                             : loaded 2 times (x 74B)
Class com.google.common.util.concurrent.AbstractFuture$AtomicHelper                   : loaded 2 times (x 78B)
Class android.databinding.tool.LibTypes$nonNull$2                                     : loaded 2 times (x 79B)
Class androidx.databinding.InverseBindingAdapter                                      : loaded 2 times (x 70B)
Class kotlin.io.FilePathComponents                                                    : loaded 2 times (x 72B)
Class [Lorg.objectweb.asm.AnnotationWriter;                                           : loaded 2 times (x 69B)
Class com.google.gson.internal.$Gson$Types$GenericArrayTypeImpl                       : loaded 2 times (x 79B)
Class kotlin.sequences.SequencesKt__SequenceBuilderKt$sequence$$inlined$Sequence$1    : loaded 2 times (x 75B)
Class com.google.common.collect.Maps$9                                                : loaded 2 times (x 76B)
Class [Lcom.google.common.collect.Iterators$EmptyModifiableIterator;                  : loaded 2 times (x 69B)
Class android.databinding.tool.expr.MathExpr                                          : loaded 2 times (x 150B)
Class android.databinding.tool.ExpressionVisitor                                      : loaded 2 times (x 195B)
Class android.databinding.parser.BindingExpressionParser$ExpressionContext            : loaded 2 times (x 132B)
Class com.sun.xml.bind.marshaller.XMLWriter                                           : loaded 2 times (x 167B)
Class android.databinding.tool.writer.LayoutBinderWriterKt$readableName$2             : loaded 2 times (x 78B)
Class android.databinding.internal.org.antlr.v4.runtime.atn.WildcardTransition        : loaded 2 times (x 76B)
Class android.databinding.internal.org.antlr.v4.runtime.atn.DecisionState             : loaded 2 times (x 82B)
Class android.databinding.tool.writer.LayoutBinderWriter$readWithDependants$1$2$readCode$1: loaded 2 times (x 79B)
Class android.databinding.tool.writer.LayoutBinderWriter$declareInverseBindingImpls$1 : loaded 2 times (x 79B)
Class android.databinding.tool.writer.LayoutBinderWriter$variables$2                  : loaded 2 times (x 79B)
Class android.databinding.tool.reflection.Callable$Type                               : loaded 2 times (x 79B)
Class android.databinding.tool.reflection.annotation.AnnotationClass$computedTypeName$2: loaded 2 times (x 79B)
Class android.databinding.tool.Binding$ViewStubSetterCall                             : loaded 2 times (x 90B)
Class android.databinding.tool.expr.ExprModel                                         : loaded 2 times (x 129B)
Class android.databinding.internal.org.antlr.v4.runtime.atn.BasicState                : loaded 2 times (x 82B)
Class android.databinding.internal.org.antlr.v4.runtime.tree.ErrorNode                : loaded 2 times (x 70B)
Class com.google.auto.common.MoreTypes$TypeEquivalence                                : loaded 2 times (x 82B)
Class android.databinding.tool.reflection.annotation.AnnotationClass$isInterface$2    : loaded 2 times (x 79B)
Class android.databinding.tool.writer.KCodeKt                                         : loaded 2 times (x 71B)
Class android.databinding.annotationprocessor.ProcessExpressions$IntermediateV1       : loaded 2 times (x 81B)
Class org.apache.commons.io.filefilter.SuffixFileFilter                               : loaded 2 times (x 116B)
Class android.databinding.tool.store.SetterStore$BindingGetterCall                    : loaded 2 times (x 70B)
Class com.google.common.util.concurrent.AbstractFuture$SynchronizedHelper             : loaded 2 times (x 78B)
Class com.google.common.base.CharMatcher$Invisible                                    : loaded 2 times (x 112B)
Class com.google.common.collect.RegularImmutableBiMap$Inverse                         : loaded 2 times (x 143B)
Class com.google.common.graph.SuccessorsFunction                                      : loaded 2 times (x 70B)
Class android.databinding.tool.writer.BindingMapperWriterV2$special$$inlined$sortedBy$2: loaded 2 times (x 89B)
Class android.databinding.internal.org.antlr.v4.runtime.atn.PredictionMode            : loaded 2 times (x 79B)
Class [Landroid.databinding.tool.store.SetterStore$MethodDescription;                 : loaded 2 times (x 69B)
Class android.databinding.tool.expr.ExprWritersKt$toCode$1$2                          : loaded 2 times (x 79B)
Class android.databinding.parser.BindingExpressionParser$TernaryOpContext             : loaded 2 times (x 134B)
Class android.databinding.parser.BindingExpressionParser$LambdaParameterListContext   : loaded 2 times (x 133B)
Class android.databinding.parser.BindingExpressionParser$ClassExtractionContext       : loaded 2 times (x 132B)
Class android.databinding.tool.writer.LayoutBinderWriterKt$executePendingLocalName$2  : loaded 2 times (x 78B)
Class kotlin.reflect.jvm.internal.KProperty1Impl$delegateSource$1                     : loaded 2 times (x 79B)
Class kotlin.reflect.jvm.internal.KClassImpl$Data$declaredStaticMembers$2             : loaded 2 times (x 79B)
Class android.databinding.annotationprocessor.ProcessExpressions$IntermediateV2       : loaded 2 times (x 82B)
Class com.google.common.collect.Sets$1$1                                              : loaded 2 times (x 82B)
Class [Lcom.google.common.reflect.Types$JavaVersion;                                  : loaded 2 times (x 69B)
Class org.objectweb.asm.Type                                                          : loaded 2 times (x 72B)
Class org.gradle.internal.classloader.VisitableURLClassLoader$InstrumentingVisitableURLClassLoader: loaded 2 times (x 123B)
Class android.databinding.tool.CompilerChef                                           : loaded 2 times (x 85B)
Class android.databinding.tool.writer.LayoutBinderWriter$variableSettersAndGetters$1$1$1: loaded 2 times (x 79B)
Class android.databinding.annotationprocessor.BindableBag$PackageProps                : loaded 2 times (x 72B)
Class kotlin.coroutines.Continuation                                                  : loaded 2 times (x 70B)
Class org.jetbrains.org.objectweb.asm.ClassVisitor                                    : loaded 2 times (x 87B)
Class [Lkotlin.reflect.jvm.internal.impl.resolve.jvm.JvmPrimitiveType;                : loaded 2 times (x 69B)
Class kotlin.jvm.internal.ClassBasedDeclarationContainer                              : loaded 2 times (x 70B)
Class android.databinding.internal.org.antlr.v4.runtime.WritableToken                 : loaded 2 times (x 70B)
Class kotlin.reflect.jvm.internal.KDeclarationContainerImpl$Data$moduleData$2         : loaded 2 times (x 79B)
Class android.databinding.tool.util.GenerationalClassUtil$IgnoreSerialIdObjectInputStream: loaded 2 times (x 145B)
Class android.databinding.tool.processing.ScopedException$EncodedMessage              : loaded 2 times (x 72B)
Class android.databinding.tool.reflection.annotation.AnnotationClass$allFields$2      : loaded 2 times (x 79B)
Class [Landroid.databinding.internal.org.antlr.v4.runtime.atn.ATNState;               : loaded 2 times (x 69B)
Class android.databinding.internal.org.antlr.v4.runtime.tree.ParseTreeListener        : loaded 2 times (x 70B)
Class android.databinding.tool.processing.Scope$ScopeEntry                            : loaded 2 times (x 72B)
Class android.databinding.tool.util.ParserHelper                                      : loaded 2 times (x 71B)
Class android.databinding.tool.writer.BindingMapperWriterV2$special$$inlined$sortedBy$1: loaded 2 times (x 89B)
Class com.sun.xml.bind.v2.runtime.output.NamespaceContextImpl$1                       : loaded 2 times (x 75B)
Class com.sun.xml.bind.marshaller.DataWriter                                          : loaded 2 times (x 171B)
Class android.databinding.tool.reflection.InjectedClass                               : loaded 2 times (x 105B)
Class [Lkotlin.reflect.jvm.internal.impl.name.FqName;                                 : loaded 2 times (x 69B)
Class kotlin.reflect.jvm.internal.KPackageImpl                                        : loaded 2 times (x 85B)
Class com.google.common.base.Equivalence$Wrapper                                      : loaded 2 times (x 72B)
Class com.google.common.collect.LinkedHashMultimap$ValueSet$1                         : loaded 2 times (x 82B)
Class org.apache.commons.io.file.Counters                                             : loaded 2 times (x 71B)
Class org.gradle.api.UncheckedIOException                                             : loaded 2 times (x 82B)
Class org.gradle.internal.classpath.ClassPath                                         : loaded 2 times (x 70B)
Class android.databinding.tool.LibTypes$viewStubProxy$2                               : loaded 2 times (x 79B)
Class kotlin.text.StringsKt__StringsKt$splitToSequence$2                              : loaded 2 times (x 79B)
Class org.objectweb.asm.ByteVector                                                    : loaded 2 times (x 79B)
Class org.gradle.internal.classloader.VisitableURLClassLoader$Spec                    : loaded 2 times (x 74B)
Class org.gradle.internal.classpath.DefaultClassPath                                  : loaded 2 times (x 90B)
Class android.databinding.tool.CompilerArguments$Companion$stringToFileList$1         : loaded 2 times (x 78B)
Class kotlin.coroutines.jvm.internal.BaseContinuationImpl                             : loaded 2 times (x 87B)
Class android.databinding.tool.LibTypes$Companion                                     : loaded 2 times (x 71B)
Class org.gradle.internal.classloader.DefaultClassLoaderFactory                       : loaded 2 times (x 82B)
Class kotlin.reflect.jvm.internal.KMutableProperty1Impl$_setter$1                     : loaded 2 times (x 79B)
Class android.databinding.tool.LibTypes$listClassNames$2                              : loaded 2 times (x 79B)
Class kotlin.Result$Companion                                                         : loaded 2 times (x 71B)
Class org.objectweb.asm.MethodTooLargeException                                       : loaded 2 times (x 83B)
Class android.databinding.tool.util.StringUtils                                       : loaded 2 times (x 71B)
Class [Lorg.jetbrains.kotlin.build.report.metrics.GradleBuildTime;                    : loaded 2 times (x 69B)
Class android.databinding.tool.writer.LayoutBinderWriter$onFieldChange$1$2$1$1$3$1    : loaded 2 times (x 79B)
Class android.databinding.tool.writer.LayoutBinderWriter$declareSetVariable$1$1$1$1   : loaded 2 times (x 79B)
Class android.databinding.internal.org.antlr.v4.runtime.atn.ATNConfigSet$ConfigEqualityComparator: loaded 2 times (x 77B)
Class android.databinding.tool.reflection.InjectedClass$jniDescription$2              : loaded 2 times (x 79B)
Class android.databinding.tool.reflection.ImportBag$Companion                         : loaded 2 times (x 71B)
Class android.databinding.internal.org.antlr.v4.runtime.atn.ATNDeserializer$1         : loaded 2 times (x 71B)
Class android.databinding.tool.util.GenerationalClassUtil$ExtensionFilter             : loaded 2 times (x 80B)
Class android.databinding.tool.reflection.ModelAnalyzer$hasGeneratedAnnotation$2      : loaded 2 times (x 79B)
Class android.databinding.tool.reflection.ModelAnalyzer$viewDataBindingType$2         : loaded 2 times (x 79B)
Class android.databinding.tool.LibTypes$dataBindingKtx$2                              : loaded 2 times (x 78B)
Class com.google.common.collect.ImmutableSortedMap$1EntrySet$1                        : loaded 2 times (x 212B)
Class org.objectweb.asm.Symbol                                                        : loaded 2 times (x 73B)
Class com.google.common.reflect.Types$ClassOwnership                                  : loaded 2 times (x 80B)
Class android.databinding.parser.BindingExpressionParser$DefaultsContext              : loaded 2 times (x 132B)
Class android.databinding.internal.org.antlr.v4.runtime.atn.AtomTransition            : loaded 2 times (x 76B)
Class android.databinding.tool.writer.CallbackWrapperWriter$write$1$1$1               : loaded 2 times (x 79B)
Class [Lorg.jetbrains.org.objectweb.asm.AnnotationWriter;                             : loaded 2 times (x 69B)
Class android.databinding.internal.org.antlr.v4.runtime.atn.SemanticContext$Predicate : loaded 2 times (x 73B)
Class [Landroid.databinding.internal.org.antlr.v4.runtime.atn.PredictionMode;         : loaded 2 times (x 69B)
Class android.databinding.tool.solver.ExecutionBranch                                 : loaded 2 times (x 75B)
Class [Landroid.databinding.internal.org.antlr.v4.runtime.atn.PredictionContext;      : loaded 2 times (x 69B)
Class android.databinding.tool.reflection.ModelClass$isKotlinUnit$2                   : loaded 2 times (x 79B)
Class com.google.common.reflect.TypeToken                                             : loaded 2 times (x 73B)
Class kotlin.jvm.internal.TypeIntrinsics                                              : loaded 2 times (x 71B)
Class kotlin.text.StringsKt__StringsKt$splitToSequence$1                              : loaded 2 times (x 79B)
Class android.databinding.tool.store.GenClassInfoLog$GenClassImpl                     : loaded 2 times (x 72B)
Class android.databinding.tool.reflection.ModelAnalyzer$mutableStateFlowDataType$2    : loaded 2 times (x 79B)
Class android.databinding.tool.reflection.annotation.AnnotationTypeUtil               : loaded 2 times (x 77B)
Class android.databinding.annotationprocessor.ProcessMethodAdapters                   : loaded 2 times (x 75B)
Class com.google.common.io.Closer                                                     : loaded 2 times (x 78B)
Class com.google.common.base.CharMatcher$Ascii                                        : loaded 2 times (x 112B)
Class org.gradle.internal.classloader.ClassLoaderSpec                                 : loaded 2 times (x 71B)
Class android.databinding.internal.org.antlr.v4.runtime.ANTLRErrorListener            : loaded 2 times (x 70B)
Class kotlin.reflect.jvm.internal.ReflectProperties$Val$1                             : loaded 2 times (x 71B)
Class android.databinding.tool.writer.ComponentWriter                                 : loaded 2 times (x 73B)
Class android.databinding.internal.org.antlr.v4.runtime.atn.OrderedATNConfigSet$LexerConfigHashSet: loaded 2 times (x 140B)
Class android.databinding.internal.org.antlr.v4.runtime.atn.LexerATNConfig            : loaded 2 times (x 75B)
Class android.databinding.internal.org.antlr.v4.runtime.misc.IntegerStack             : loaded 2 times (x 72B)
Class android.databinding.tool.writer.LayoutBinderWriter$write$1$1                    : loaded 2 times (x 79B)
Class android.databinding.tool.writer.LayoutBinderWriterKt$conditionalFlags$2         : loaded 2 times (x 78B)
Class android.databinding.tool.ext.LazyExt                                            : loaded 2 times (x 75B)
Class android.databinding.tool.reflection.ModelClass$isLiveData$2                     : loaded 2 times (x 79B)
Class org.jetbrains.org.objectweb.asm.ByteVector                                      : loaded 2 times (x 78B)
Class android.databinding.tool.util.FileUtil$listAndSortFiles$$inlined$sortedBy$2     : loaded 2 times (x 89B)
Class kotlin.reflect.jvm.internal.ComputableClassValue                                : loaded 2 times (x 80B)
Class kotlin.reflect.jvm.internal.KClassImpl$Data$declaredNonStaticMembers$2          : loaded 2 times (x 79B)
Class android.databinding.tool.writer.LayoutBinderWriter$onFieldChange$1$2$1          : loaded 2 times (x 79B)
Class org.objectweb.asm.AnnotationWriter                                              : loaded 2 times (x 79B)
Class org.jetbrains.kotlin.name.FqNameUnsafe$1                                        : loaded 2 times (x 74B)
Class kotlin.reflect.jvm.internal.impl.resolve.jvm.JvmPrimitiveType                   : loaded 2 times (x 79B)
Class kotlin.jvm.internal.markers.KMutableIterable                                    : loaded 2 times (x 70B)
Class kotlin.reflect.jvm.internal.impl.name.FqName                                    : loaded 2 times (x 72B)
Class com.google.common.collect.AbstractMapBasedMultimap$2                            : loaded 2 times (x 85B)
Class android.databinding.tool.reflection.ModelAnalyzer$stringType$2                  : loaded 2 times (x 79B)
Class org.gradle.internal.classpath.DefaultClassPath$ImmutableUniqueList              : loaded 2 times (x 199B)
Class org.gradle.api.internal.ClassPathRegistry                                       : loaded 2 times (x 70B)
Class android.databinding.tool.writer.BindingMapperWriterV2$LocalizedMapping          : loaded 2 times (x 72B)
Class com.google.common.reflect.Invokable$ConstructorInvokable                        : loaded 2 times (x 107B)
Class [Landroid.databinding.internal.org.antlr.v4.runtime.dfa.DFAState$PredPrediction;: loaded 2 times (x 69B)
Class android.databinding.internal.org.antlr.v4.runtime.atn.PredicateTransition       : loaded 2 times (x 76B)
Class [Landroid.databinding.annotationprocessor.ProcessDataBinding$ProcessingStep;    : loaded 2 times (x 69B)
Class org.apache.commons.io.file.DeleteOption                                         : loaded 2 times (x 70B)
Class android.databinding.tool.expr.MethodCallExpr                                    : loaded 2 times (x 153B)
Class android.databinding.tool.expr.SymbolExpr                                        : loaded 2 times (x 149B)
Class android.databinding.parser.BindingExpressionVisitor                             : loaded 2 times (x 70B)
Class com.google.common.util.concurrent.AbstractFuture$Listener                       : loaded 2 times (x 72B)
Class com.google.common.io.Closer$Suppressor                                          : loaded 2 times (x 70B)
Class org.objectweb.asm.RecordComponentWriter                                         : loaded 2 times (x 78B)
Class com.google.common.collect.MultimapBuilder$SortedSetMultimapBuilder              : loaded 2 times (x 77B)
Class org.objectweb.asm.ClassVisitor                                                  : loaded 2 times (x 88B)
Class android.databinding.tool.writer.LayoutBinderWriterKt$interfaceClass$2           : loaded 2 times (x 78B)
Class com.google.common.reflect.TypeCapture                                           : loaded 2 times (x 71B)
Class kotlin.collections.ArraysKt___ArraysKt$withIndex$1                              : loaded 2 times (x 79B)
Class android.databinding.internal.org.antlr.v4.runtime.tree.TerminalNodeImpl         : loaded 2 times (x 105B)
Class android.databinding.tool.solver.ExecutionPath                                   : loaded 2 times (x 81B)
Class android.databinding.tool.reflection.annotation.AnnotationClass$componentType$2  : loaded 2 times (x 79B)
Class android.databinding.internal.org.antlr.v4.runtime.atn.SemanticContext           : loaded 2 times (x 73B)
Class android.databinding.tool.writer.LayoutBinderWriterKt$callbackLocalName$2        : loaded 2 times (x 78B)
Class android.databinding.tool.reflection.InjectedClass$isObservable$2                : loaded 2 times (x 79B)
Class android.databinding.tool.reflection.annotation.AnnotationClass$superclass$2     : loaded 2 times (x 79B)
Class android.databinding.tool.writer.LayoutBinderWriter$declareSetVariable$1$1$2     : loaded 2 times (x 78B)
Class android.databinding.tool.writer.LayoutBinderWriter$onFieldChange$1$2$1$1        : loaded 2 times (x 79B)
Class android.databinding.tool.reflection.SdkUtil$ApiChecker                          : loaded 2 times (x 74B)
Class [Lorg.objectweb.asm.Symbol;                                                     : loaded 2 times (x 69B)
Class org.objectweb.asm.AnnotationVisitor                                             : loaded 2 times (x 78B)
Class [Lorg.objectweb.asm.Label;                                                      : loaded 2 times (x 69B)
Class org.objectweb.asm.Attribute                                                     : loaded 2 times (x 77B)
Class org.gradle.internal.classloader.VisitableURLClassLoader                         : loaded 2 times (x 117B)
Class [Lkotlin.DeprecationLevel;                                                      : loaded 2 times (x 69B)
Class com.google.common.base.Verify                                                   : loaded 2 times (x 71B)
Class kotlin.reflect.jvm.internal.KClassImpl                                          : loaded 2 times (x 115B)
Class android.databinding.tool.util.SymbolTableUtil                                   : loaded 2 times (x 71B)
Class com.google.common.collect.ImmutableSet$SerializedForm                           : loaded 2 times (x 73B)
Class android.databinding.parser.BindingExpressionParser$PrimitiveTypeContext         : loaded 2 times (x 131B)
Class [Landroid.databinding.internal.org.antlr.v4.runtime.atn.LexerActionType;        : loaded 2 times (x 69B)
Class android.databinding.parser.BindingExpressionParser$ResourcesContext             : loaded 2 times (x 133B)
Class org.gradle.api.internal.DefaultClassPathProvider                                : loaded 2 times (x 76B)
Class kotlin.jvm.JvmClassMappingKt                                                    : loaded 2 times (x 71B)
Class android.databinding.tool.store.ResourceBundle$VariableDeclaration               : loaded 2 times (x 72B)
Class kotlin.reflect.jvm.internal.KPropertyImpl                                       : loaded 2 times (x 115B)
Class kotlin.annotation.AnnotationTarget                                              : loaded 2 times (x 79B)
Class org.apache.commons.io.file.PathVisitor                                          : loaded 2 times (x 70B)
Class android.databinding.tool.store.ResourceBundle$ValidateAndFilterCallback         : loaded 2 times (x 70B)
Class android.databinding.tool.reflection.ClassFinderCache                            : loaded 2 times (x 72B)
Class com.google.common.util.concurrent.AbstractFuture$Waiter                         : loaded 2 times (x 72B)
Class com.google.common.collect.ImmutableList$SerializedForm                          : loaded 2 times (x 73B)
Class org.gradle.internal.Cast                                                        : loaded 2 times (x 71B)
Class org.gradle.api.Action                                                           : loaded 2 times (x 70B)
Class kotlin.sequences.SequenceScope                                                  : loaded 2 times (x 73B)
Class kotlin.collections.AbstractMutableList                                          : loaded 2 times (x 206B)
Class org.gradle.api.internal.DefaultClassPathRegistry                                : loaded 2 times (x 76B)
Class android.databinding.tool.store.SetterStore$AccessorKey                          : loaded 2 times (x 77B)
Class android.databinding.internal.org.antlr.v4.runtime.misc.FlexibleHashMap          : loaded 2 times (x 125B)
Class android.databinding.tool.MergedBinding                                          : loaded 2 times (x 90B)
Class android.databinding.BindingAdapter                                              : loaded 2 times (x 70B)
Class android.databinding.tool.reflection.annotation.AnnotationMethod                 : loaded 2 times (x 90B)
Class android.databinding.parser.BindingExpressionParser$TypeArgumentsContext         : loaded 2 times (x 133B)
Class android.databinding.internal.org.antlr.v4.runtime.dfa.DFA                       : loaded 2 times (x 76B)
Class org.apache.commons.io.function.IOFunction                                       : loaded 2 times (x 70B)
Class android.databinding.tool.writer.LayoutBinderWriter$includedBinders$2            : loaded 2 times (x 79B)
Class android.databinding.tool.writer.LayoutBinderWriter$declareConstructor$1$2       : loaded 2 times (x 79B)
Class kotlin.io.ByteStreamsKt                                                         : loaded 2 times (x 71B)
Class android.databinding.tool.reflection.annotation.AnnotationTypeUtil$1             : loaded 2 times (x 71B)
Class org.jetbrains.org.objectweb.asm.MethodVisitor                                   : loaded 2 times (x 104B)
Class org.jetbrains.org.objectweb.asm.FieldWriter                                     : loaded 2 times (x 77B)
Class com.google.common.collect.HashBiMap                                             : loaded 2 times (x 143B)
Class org.objectweb.asm.Handler                                                       : loaded 2 times (x 72B)
Class org.gradle.internal.agents.InstrumentingClassLoader                             : loaded 2 times (x 70B)
Class com.google.common.collect.MultimapBuilder$SetMultimapBuilder                    : loaded 2 times (x 75B)
Class com.google.common.collect.LinkedHashMultimapGwtSerializationDependencies        : loaded 2 times (x 174B)
Class kotlin.reflect.jvm.internal.ReflectProperties$LazySoftVal                       : loaded 2 times (x 78B)
Class kotlin.reflect.jvm.internal.KClassImpl$Data$annotations$2                       : loaded 2 times (x 79B)
Class kotlin.jvm.internal.markers.KMutableIterator                                    : loaded 2 times (x 70B)
Class kotlin.reflect.jvm.internal.impl.builtins.StandardNames                         : loaded 2 times (x 71B)
Class com.google.common.base.Functions                                                : loaded 2 times (x 71B)
Class kotlin.reflect.jvm.internal.KCallableImpl$_typeParameters$1                     : loaded 2 times (x 79B)
Class [Lkotlin.reflect.jvm.internal.impl.builtins.PrimitiveType;                      : loaded 2 times (x 69B)
Class com.google.common.collect.LinkedHashMultimap                                    : loaded 2 times (x 175B)
Class com.google.common.collect.Maps$TransformedEntriesMap                            : loaded 2 times (x 127B)
Class android.databinding.tool.store.SetterStore$1BestSetter                          : loaded 2 times (x 72B)
Class android.databinding.internal.org.antlr.v4.runtime.Recognizer$1                  : loaded 2 times (x 206B)
Class android.databinding.tool.writer.LayoutBinderWriterKt$onChangeName$2             : loaded 2 times (x 78B)
Class android.databinding.parser.BindingExpressionParser$QuestionQuestionOpContext    : loaded 2 times (x 134B)
Class android.databinding.tool.expr.CastExpr                                          : loaded 2 times (x 150B)
Class android.databinding.tool.expr.TwoWayListenerExpr                                : loaded 2 times (x 148B)
Class [Landroid.databinding.tool.processing.scopes.ScopeProvider;                     : loaded 2 times (x 69B)
Class com.google.common.collect.AbstractMapBasedMultimap$AsMap$AsMapIterator          : loaded 2 times (x 83B)
Class com.google.common.util.concurrent.AbstractFuture$Cancellation                   : loaded 2 times (x 72B)
Class android.databinding.tool.LibTypes$dataBindingComponent$2                        : loaded 2 times (x 79B)
Class kotlin.reflect.jvm.internal.impl.builtins.PrimitiveType$arrayTypeFqName$2       : loaded 2 times (x 79B)
Class android.databinding.internal.org.antlr.v4.runtime.TokenSource                   : loaded 2 times (x 70B)
Class android.databinding.tool.writer.LayoutBinderWriter$declareConstructor$1$1       : loaded 2 times (x 78B)
Class android.databinding.tool.reflection.ModelAnalyzer$observableMapType$2           : loaded 2 times (x 79B)
Class org.jetbrains.kotlin.build.report.metrics.BuildMetricsReporter                  : loaded 2 times (x 70B)
Class org.gradle.internal.classpath.DefaultClassPath$ImmutableUniqueList$Builder      : loaded 2 times (x 75B)
Class kotlin.reflect.jvm.internal.KClassImpl$Data$nestedClasses$2                     : loaded 2 times (x 79B)
Class kotlin.reflect.jvm.internal.impl.builtins.jvm.JavaToKotlinClassMap$PlatformMutabilityMapping: loaded 2 times (x 72B)
Class android.databinding.tool.writer.CallbackWrapperWriter$write$1$1$1$2             : loaded 2 times (x 79B)
Class com.google.common.collect.AbstractMultimap$Entries                              : loaded 2 times (x 120B)
Class kotlin.reflect.jvm.internal.KProperty1Impl$_getter$1                            : loaded 2 times (x 79B)
Class kotlin.reflect.jvm.internal.KDeclarationContainerImpl$Data                      : loaded 2 times (x 72B)
Class android.databinding.tool.reflection.RecursiveResolutionStack$items$1$1          : loaded 2 times (x 78B)
Class android.databinding.tool.writer.BindingMapperWriterV2                           : loaded 2 times (x 72B)
Class kotlin.collections.ArraysKt___ArraysKt$withIndex$5                              : loaded 2 times (x 79B)
Class android.databinding.tool.writer.CallbackWrapperWriter$write$1                   : loaded 2 times (x 79B)
Class android.databinding.tool.writer.CallbackWrapperWriter                           : loaded 2 times (x 72B)
Class org.apache.commons.io.file.Counters$PathCounters                                : loaded 2 times (x 70B)
Class android.databinding.internal.org.antlr.v4.runtime.atn.LexerSkipAction           : loaded 2 times (x 76B)
Class [Landroid.databinding.internal.org.antlr.v4.runtime.atn.ATNType;                : loaded 2 times (x 69B)
Class android.databinding.tool.expr.InstanceOfExpr                                    : loaded 2 times (x 150B)
Class android.databinding.tool.reflection.ModelClass$Companion                        : loaded 2 times (x 71B)
Class android.databinding.internal.org.antlr.v4.runtime.RuleContext                   : loaded 2 times (x 114B)
Class android.databinding.internal.org.antlr.v4.runtime.tree.Tree                     : loaded 2 times (x 70B)
Class android.databinding.internal.org.antlr.v4.runtime.atn.OrderedATNConfigSet       : loaded 2 times (x 148B)
Class android.databinding.internal.org.antlr.v4.runtime.Parser                        : loaded 2 times (x 150B)
Class android.databinding.parser.BindingExpressionParser$JavaLiteralContext           : loaded 2 times (x 136B)
Class android.databinding.tool.writer.LayoutBinderWriter$declareHasPendingBindings$1$1$1$1: loaded 2 times (x 78B)
Class android.databinding.tool.CallbackWrapper                                        : loaded 2 times (x 81B)
Class org.gradle.cache.GlobalCache                                                    : loaded 2 times (x 70B)
Class com.google.common.cache.CacheBuilder$3                                          : loaded 2 times (x 72B)
Class org.gradle.api.internal.classpath.UnknownModuleException                        : loaded 2 times (x 82B)
Class android.databinding.tool.store.BindingAdapterStore$Companion                    : loaded 2 times (x 71B)
Class android.databinding.tool.writer.LayoutBinderWriterKt$listenerClassName$2        : loaded 2 times (x 78B)
Class android.databinding.internal.org.antlr.v4.runtime.RecognitionException          : loaded 2 times (x 89B)
Class android.databinding.tool.store.SetterStore$1                                    : loaded 2 times (x 92B)
Class kotlin.reflect.jvm.internal.impl.builtins.PrimitiveType$Companion               : loaded 2 times (x 71B)
Class kotlin.jvm.functions.Function4                                                  : loaded 2 times (x 70B)
Class kotlin.reflect.jvm.internal.KClassImpl$Data$typeParameters$2                    : loaded 2 times (x 79B)
Class kotlin.reflect.jvm.internal.KClassImpl$Data                                     : loaded 2 times (x 72B)
Class android.databinding.internal.org.antlr.v4.runtime.dfa.LexerDFASerializer        : loaded 2 times (x 74B)
Class com.google.common.io.ByteArrayDataOutput                                        : loaded 2 times (x 70B)
Class android.databinding.tool.writer.LayoutBinderWriter$onFieldChange$1$1            : loaded 2 times (x 79B)
Class org.apache.commons.io.filefilter.FileFileFilter                                 : loaded 2 times (x 116B)
Class android.databinding.tool.reflection.Callable                                    : loaded 2 times (x 78B)
Class android.databinding.internal.org.antlr.v4.runtime.misc.Interval                 : loaded 2 times (x 83B)
Class android.databinding.tool.writer.LayoutBinderWriterKt$androidId$2                : loaded 2 times (x 78B)
Class android.databinding.parser.BindingExpressionParser$ClassOrInterfaceTypeContext  : loaded 2 times (x 136B)
Class android.databinding.parser.BindingExpressionParser$ResourceParametersContext    : loaded 2 times (x 132B)
Class android.databinding.internal.org.antlr.v4.runtime.atn.ArrayPredictionContext    : loaded 2 times (x 80B)
Class android.databinding.tool.store.GenClassInfoLog$GenClass                         : loaded 2 times (x 72B)
Class android.databinding.tool.writer.LayoutBinderWriter$mDirtyFlags$2                : loaded 2 times (x 79B)
Class android.databinding.tool.reflection.ModelAnalyzer$observableType$2              : loaded 2 times (x 79B)
Class android.databinding.tool.expr.ExprWritersKt$toCode$1                            : loaded 2 times (x 79B)
Class android.databinding.tool.writer.LayoutBinderWriterKt$shouldReadFlagSet$2        : loaded 2 times (x 78B)
Class android.databinding.tool.writer.LayoutBinderWriterKt$fieldName$2                : loaded 2 times (x 78B)
Class kotlin.reflect.jvm.internal.KClassifierImpl                                     : loaded 2 times (x 70B)
Class android.databinding.tool.LibTypes$dataBindingUtil$2                             : loaded 2 times (x 79B)
Class android.databinding.tool.LibTypes$mutableStateFlow$2                            : loaded 2 times (x 78B)
Class com.google.common.base.AbstractIterator$1                                       : loaded 2 times (x 71B)
Class com.google.common.base.CharMatcher$Digit                                        : loaded 2 times (x 112B)
Class org.gradle.api.GradleException                                                  : loaded 2 times (x 82B)
Class android.databinding.internal.org.antlr.v4.runtime.CharStream                    : loaded 2 times (x 70B)
Class [Lcom.google.common.collect.LinkedHashMultimap$ValueSetLink;                    : loaded 2 times (x 69B)
Class android.databinding.tool.store.SetterStore$BindingSetterCall                    : loaded 2 times (x 70B)
Class kotlin.jvm.functions.Function5                                                  : loaded 2 times (x 70B)
Class org.apache.commons.io.FileSystem                                                : loaded 2 times (x 80B)
Class org.gradle.api.internal.classpath.Module                                        : loaded 2 times (x 70B)
Class org.apache.commons.io.file.Counters$NoopCounter                                 : loaded 2 times (x 80B)
Class org.jetbrains.org.objectweb.asm.SymbolTable$Entry                               : loaded 2 times (x 74B)
Class [Landroid.databinding.internal.org.antlr.v4.runtime.atn.RuleStartState;         : loaded 2 times (x 69B)
Class android.databinding.internal.org.antlr.v4.runtime.misc.Pair                     : loaded 2 times (x 72B)
Class android.databinding.internal.org.antlr.v4.runtime.atn.ATN                       : loaded 2 times (x 80B)
Class android.databinding.tool.reflection.ImmutableImportBag                          : loaded 2 times (x 72B)
Class android.databinding.tool.reflection.ModelClass$isViewDataBinding$2              : loaded 2 times (x 79B)
Class javax.xml.bind.helpers.AbstractMarshallerImpl                                   : loaded 2 times (x 125B)
Class android.databinding.tool.util.Resources                                         : loaded 2 times (x 72B)
Class androidx.databinding.InverseBindingMethods                                      : loaded 2 times (x 70B)
Class com.sun.xml.bind.v2.runtime.MarshallerImpl$1                                    : loaded 2 times (x 152B)
Class android.databinding.tool.expr.StaticIdentifierExpr                              : loaded 2 times (x 153B)
Class android.databinding.tool.expr.LambdaExpr                                        : loaded 2 times (x 155B)
Class android.databinding.tool.writer.LayoutBinderWriterKt$getterName$2               : loaded 2 times (x 78B)
Class android.databinding.internal.org.antlr.v4.runtime.atn.PlusLoopbackState         : loaded 2 times (x 82B)
Class android.databinding.tool.reflection.annotation.AnnotationClass$minApi$2         : loaded 2 times (x 79B)
Class com.google.common.base.CharMatcher$JavaIsoControl                               : loaded 2 times (x 112B)
Class android.databinding.tool.reflection.annotation.AnnotationClass$computedBox$2    : loaded 2 times (x 79B)
Class kotlin.jvm.functions.Function6                                                  : loaded 2 times (x 70B)
Class kotlin.reflect.jvm.internal.KPropertyImpl$_descriptor$1                         : loaded 2 times (x 79B)
Class kotlin.reflect.jvm.internal.KTypeParameterOwnerImpl                             : loaded 2 times (x 70B)
Class android.databinding.tool.writer.KCode$Companion                                 : loaded 2 times (x 71B)
Class android.databinding.tool.writer.LayoutBinderWriter$declareHasPendingBindings$1$1: loaded 2 times (x 79B)
Class dagger.hilt.processor.internal.optionvalues.GradleProjectType                   : loaded 2 times (x 79B)
Class android.databinding.tool.expr.UnaryExpr                                         : loaded 2 times (x 150B)
Class android.databinding.tool.reflection.annotation.AnnotationClass$computedJniDescription$2: loaded 2 times (x 79B)
Class com.google.auto.common.MoreTypes$CastingTypeVisitor                             : loaded 2 times (x 102B)
Class android.databinding.tool.expr.CallbackArgExpr                                   : loaded 2 times (x 155B)
Class android.databinding.internal.org.antlr.v4.runtime.TokenFactory                  : loaded 2 times (x 70B)
Class android.databinding.internal.org.antlr.v4.runtime.atn.BasicBlockStartState      : loaded 2 times (x 83B)
Class android.databinding.parser.BindingExpressionParser$AndOrOpContext               : loaded 2 times (x 134B)
Class android.databinding.parser.BindingExpressionParser$InstanceOfOpContext          : loaded 2 times (x 134B)
Class android.databinding.parser.BindingExpressionParser$FunctionRefContext           : loaded 2 times (x 134B)
Class android.databinding.tool.writer.Scope                                           : loaded 2 times (x 79B)
Class kotlin.reflect.jvm.internal.KotlinReflectionInternalError                       : loaded 2 times (x 82B)
Class kotlin.reflect.jvm.internal.impl.builtins.jvm.JavaToKotlinClassMap              : loaded 2 times (x 71B)
Class android.databinding.internal.org.antlr.v4.runtime.tree.RuleNode                 : loaded 2 times (x 70B)
Class android.databinding.tool.reflection.ModelAnalyzer                               : loaded 2 times (x 77B)
Class android.databinding.tool.store.SetterStore$Intermediate                         : loaded 2 times (x 70B)
Class android.databinding.tool.processing.scopes.LocationScopeProvider                : loaded 2 times (x 70B)
Class org.apache.commons.io.file.CountingPathVisitor                                  : loaded 2 times (x 91B)
Class org.apache.commons.io.file.Counters$NoopPathCounters                            : loaded 2 times (x 82B)
Class android.databinding.tool.reflection.annotation.AnnotationLogger$PackageElementRoot: loaded 2 times (x 74B)
Class android.databinding.tool.reflection.ModelAnalyzer$observableListType$2          : loaded 2 times (x 79B)
Class android.databinding.tool.reflection.annotation.AnnotationAnalyzer               : loaded 2 times (x 81B)
Class android.databinding.tool.reflection.ModelClass$isList$2                         : loaded 2 times (x 79B)
Class android.databinding.tool.reflection.ModelClass$extendsViewStub$2                : loaded 2 times (x 79B)
Class android.databinding.internal.org.antlr.v4.runtime.atn.PredictionMode$AltAndContextConfigEqualityComparator: loaded 2 times (x 77B)
Class android.databinding.tool.LibTypes$bindable$2                                    : loaded 2 times (x 79B)
Class com.google.common.base.CharMatcher$JavaLowerCase                                : loaded 2 times (x 111B)
Class org.apache.http.client.methods.HttpExecutionAware                               : loaded 2 times (x 70B)
Class android.databinding.tool.writer.KCode$Appendix                                  : loaded 2 times (x 72B)
Class kotlin.jvm.functions.Function7                                                  : loaded 2 times (x 70B)
Class kotlin.reflect.jvm.internal.impl.name.Name                                      : loaded 2 times (x 75B)
Class kotlin.reflect.jvm.internal.KPropertyImpl$Companion                             : loaded 2 times (x 71B)
Class android.databinding.internal.org.antlr.v4.runtime.atn.RangeTransition           : loaded 2 times (x 76B)
Class [Lorg.jetbrains.org.objectweb.asm.Symbol;                                       : loaded 2 times (x 69B)
Class android.databinding.tool.writer.LayoutBinderWriter$declareConstructor$1$2$1     : loaded 2 times (x 79B)
Class android.databinding.internal.org.antlr.v4.runtime.Vocabulary                    : loaded 2 times (x 70B)
Class android.databinding.tool.expr.ListenerExpr                                      : loaded 2 times (x 151B)
Class android.databinding.tool.reflection.InjectedClass$superclass$2                  : loaded 2 times (x 79B)
Class org.jetbrains.org.objectweb.asm.FieldVisitor                                    : loaded 2 times (x 76B)
Class kotlin.Result$Failure                                                           : loaded 2 times (x 72B)
Class kotlin.reflect.jvm.internal.KClassImpl$Data$inheritedStaticMembers$2            : loaded 2 times (x 79B)
Class android.databinding.tool.store.BindingAdapterStore$merge$$inlined$merge$4$1     : loaded 2 times (x 77B)
Class android.databinding.tool.reflection.ModelClass                                  : loaded 2 times (x 104B)
Class com.google.common.reflect.Reflection                                            : loaded 2 times (x 71B)
Class android.databinding.tool.store.SetterStore$MultiValueAdapterKey                 : loaded 2 times (x 77B)
Class android.databinding.annotationprocessor.ProcessDataBinding$1                    : loaded 2 times (x 78B)
Class android.databinding.tool.store.GenClassInfoLog$GenClassImpl$Companion           : loaded 2 times (x 71B)
Class android.databinding.tool.reflection.ModelClass$canonicalName$2                  : loaded 2 times (x 79B)
Class android.databinding.internal.org.antlr.v4.runtime.atn.PlusBlockStartState       : loaded 2 times (x 83B)
Class kotlin.collections.builders.MapBuilder$Companion                                : loaded 2 times (x 71B)
Class com.google.common.collect.Maps$12                                               : loaded 2 times (x 82B)
Class [Lkotlin.annotation.AnnotationRetention;                                        : loaded 2 times (x 69B)
Class kotlin.jvm.functions.Function8                                                  : loaded 2 times (x 70B)
Class kotlin.reflect.jvm.internal.impl.name.FqNameUnsafe                              : loaded 2 times (x 72B)
Class org.jetbrains.kotlin.name.ClassId                                               : loaded 2 times (x 72B)
Class android.databinding.parser.BindingExpressionParser$InferredFormalParameterListContext: loaded 2 times (x 133B)
Class kotlin.jvm.internal.MutablePropertyReference2                                   : loaded 2 times (x 137B)
Class kotlin.reflect.jvm.internal.ReflectProperties$Val                               : loaded 2 times (x 74B)
Class android.databinding.tool.writer.LayoutBinderWriter$executePendingBindings$1$1$7$1$2$1: loaded 2 times (x 79B)
Class android.databinding.tool.writer.LayoutBinderWriter$declareSetVariable$1         : loaded 2 times (x 79B)
Class android.databinding.tool.writer.LayoutBinderWriterKt$requiredComponent$2        : loaded 2 times (x 78B)
Class android.databinding.tool.ExpressionParser                                       : loaded 2 times (x 74B)
Class android.databinding.annotationprocessor.AnnotationUtil                          : loaded 2 times (x 71B)
Class kotlin.reflect.jvm.internal.ClassValueCache                                     : loaded 2 times (x 74B)
Class android.databinding.tool.reflection.ModelAnalyzer$dataBindingKtxClass$2         : loaded 2 times (x 79B)
Class kotlin.ResultKt                                                                 : loaded 2 times (x 71B)
Class org.gradle.api.internal.classpath.DefaultModuleRegistry$DefaultModule           : loaded 2 times (x 86B)
Class org.objectweb.asm.FieldVisitor                                                  : loaded 2 times (x 77B)
Class com.google.common.base.CharMatcher$Whitespace                                   : loaded 2 times (x 112B)
Class com.google.common.reflect.Types$NativeTypeVariableEquals                        : loaded 2 times (x 71B)
Class com.google.common.reflect.TypeParameter                                         : loaded 2 times (x 72B)
Class org.gradle.internal.IoActions                                                   : loaded 2 times (x 71B)
Class com.google.common.collect.MultimapBuilder$MultimapBuilderWithKeys$1             : loaded 2 times (x 76B)
Class com.sun.xml.bind.CycleRecoverable$Context                                       : loaded 2 times (x 70B)
Class com.google.common.base.VerifyException                                          : loaded 2 times (x 82B)
Class com.google.common.collect.Maps$13                                               : loaded 2 times (x 85B)
Class com.google.common.collect.ImmutableMapKeySet                                    : loaded 2 times (x 152B)
Class kotlin.annotation.MustBeDocumented                                              : loaded 2 times (x 70B)
Class [Lkotlin.reflect.jvm.internal.impl.name.ClassId;                                : loaded 2 times (x 69B)
Class kotlin.jvm.functions.Function10                                                 : loaded 2 times (x 70B)
Class kotlin.jvm.functions.Function9                                                  : loaded 2 times (x 70B)
Class kotlin.reflect.jvm.internal.KClassImpl$Data$allNonStaticMembers$2               : loaded 2 times (x 79B)
Class kotlin.reflect.jvm.internal.impl.builtins.PrimitiveType$typeFqName$2            : loaded 2 times (x 79B)
Class kotlin.collections.builders.MapBuilder                                          : loaded 2 times (x 112B)
Class kotlin.reflect.jvm.internal.EmptyContainerForLocal                              : loaded 2 times (x 84B)
Class android.databinding.internal.org.antlr.v4.runtime.atn.LexerATNSimulator         : loaded 2 times (x 102B)
Class org.jetbrains.org.objectweb.asm.Attribute                                       : loaded 2 times (x 75B)
Class org.jetbrains.org.objectweb.asm.Label                                           : loaded 2 times (x 72B)
Class android.databinding.tool.writer.LayoutBinderWriter$executePendingBindings$1$1   : loaded 2 times (x 79B)
Class android.databinding.internal.org.antlr.v4.runtime.atn.ATNSimulator              : loaded 2 times (x 76B)
Class [Landroid.databinding.tool.expr.Expr;                                           : loaded 2 times (x 69B)
Class [Landroid.databinding.tool.expr.VersionProvider;                                : loaded 2 times (x 69B)
Class android.databinding.tool.expr.BracketExpr                                       : loaded 2 times (x 152B)
Class android.databinding.tool.reflection.ModelField                                  : loaded 2 times (x 77B)
Class com.sun.xml.bind.v2.runtime.MarshallerImpl                                      : loaded 2 times (x 128B)
Class android.databinding.internal.org.antlr.v4.runtime.ANTLRErrorStrategy            : loaded 2 times (x 70B)
Class android.databinding.tool.writer.LayoutBinderWriter                              : loaded 2 times (x 72B)
Class android.databinding.tool.writer.LayoutBinderWriter$readWithDependants$1$2$readCode$1$2$4$4$cond$1$1$1$1$1: loaded 2 times (x 79B)
Class android.databinding.tool.writer.BRWriter                                        : loaded 2 times (x 71B)
Class kotlin.reflect.jvm.internal.KCallableImpl$_absentArguments$1                    : loaded 2 times (x 79B)
Class kotlin.reflect.jvm.internal.impl.builtins.StandardNames$FqNames                 : loaded 2 times (x 71B)
Class android.databinding.annotationprocessor.ProcessDataBinding$ProcessingStep       : loaded 2 times (x 75B)
Class org.apache.commons.io.filefilter.TrueFileFilter                                 : loaded 2 times (x 94B)
Class com.google.common.collect.AbstractMapBasedMultimap$Itr                          : loaded 2 times (x 83B)
Class kotlin.collections.builders.ListBuilderKt                                       : loaded 2 times (x 71B)
Class [Lorg.gradle.api.internal.ClassPathProvider;                                    : loaded 2 times (x 69B)
Class androidx.databinding.Untaggable                                                 : loaded 2 times (x 70B)
Class org.objectweb.asm.SymbolTable                                                   : loaded 2 times (x 72B)
Class com.google.common.base.CharMatcher$SingleWidth                                  : loaded 2 times (x 112B)
Class org.apache.http.client.methods.Configurable                                     : loaded 2 times (x 70B)
Class org.gradle.internal.classloader.SystemClassLoaderSpec                           : loaded 2 times (x 71B)
Class com.google.common.collect.MultimapBuilder$MultimapBuilderWithKeys$2             : loaded 2 times (x 76B)
Class org.gradle.internal.classloader.ClasspathUtil$1                                 : loaded 2 times (x 76B)
Class org.apache.http.client.methods.HttpRequestBase                                  : loaded 2 times (x 145B)
Class kotlin.coroutines.intrinsics.IntrinsicsKt                                       : loaded 2 times (x 71B)
Class kotlin.jvm.internal.markers.KMutableCollection                                  : loaded 2 times (x 70B)
Class kotlin.jvm.functions.Function11                                                 : loaded 2 times (x 70B)
Class kotlin.reflect.jvm.internal.KClassImpl$Data$sealedSubclasses$2                  : loaded 2 times (x 79B)
Class com.google.common.collect.ImmutableListMultimap$Builder                         : loaded 2 times (x 83B)
Class org.gradle.api.internal.classpath.ManifestUtil                                  : loaded 2 times (x 71B)
Class com.google.common.collect.ImmutableBiMap$SerializedForm                         : loaded 2 times (x 75B)
Class org.jetbrains.org.objectweb.asm.Frame                                           : loaded 2 times (x 73B)
Class android.databinding.tool.store.BindingAdapterStore$findRenamed$1$1              : loaded 2 times (x 79B)
Class android.databinding.internal.org.antlr.v4.runtime.atn.LexerActionType           : loaded 2 times (x 79B)
Class android.databinding.internal.org.antlr.v4.runtime.tree.ParseTreeVisitor         : loaded 2 times (x 70B)
Class org.objectweb.asm.ClassWriter                                                   : loaded 2 times (x 106B)
Class org.apache.commons.io.function.Uncheck                                          : loaded 2 times (x 71B)
Class org.apache.commons.io.filefilter.OrFileFilter                                   : loaded 2 times (x 127B)
Class android.databinding.tool.writer.Scope$Companion                                 : loaded 2 times (x 71B)
Class android.databinding.parser.BindingExpressionParser$RootLambdaContext            : loaded 2 times (x 133B)
Class android.databinding.tool.writer.KCode                                           : loaded 2 times (x 72B)
Class android.databinding.tool.writer.LayoutBinderWriter$onFieldChange$1$2$1$1$3      : loaded 2 times (x 79B)
Class android.databinding.tool.processing.ScopedException$FileLocation                : loaded 2 times (x 71B)
Class android.databinding.tool.CompilerChef$BindableHolder                            : loaded 2 times (x 70B)
Class com.google.common.collect.MultimapBuilder$MultimapBuilderWithKeys$3             : loaded 2 times (x 76B)
Class org.gradle.api.internal.ClassPathProvider                                       : loaded 2 times (x 70B)
Class kotlin.coroutines.intrinsics.CoroutineSingletons                                : loaded 2 times (x 79B)
Class kotlin.reflect.jvm.internal.ReflectionFactoryImpl                               : loaded 2 times (x 91B)
Class kotlin.jvm.functions.Function12                                                 : loaded 2 times (x 70B)
Class com.google.common.collect.AbstractMapBasedMultimap$KeySet$1                     : loaded 2 times (x 82B)
Class kotlin.DeprecationLevel                                                         : loaded 2 times (x 79B)
Class org.gradle.internal.InternalTransformer                                         : loaded 2 times (x 70B)
Class android.databinding.tool.writer.LayoutBinderWriter$readWithDependants$1$2$1     : loaded 2 times (x 79B)
Class android.databinding.tool.store.BindingAdapterStore$findRenamed$1$2              : loaded 2 times (x 78B)
Class android.databinding.tool.reflection.ClassFinderCache$CacheKey                   : loaded 2 times (x 72B)
Class android.databinding.parser.BindingExpressionParser$DotOpContext                 : loaded 2 times (x 134B)
Class com.google.common.base.CharMatcher$JavaLetterOrDigit                            : loaded 2 times (x 111B)
Class com.google.common.collect.ImmutableSortedSetFauxverideShim                      : loaded 2 times (x 147B)
Class android.databinding.tool.LibTypes                                               : loaded 2 times (x 72B)
Class android.databinding.tool.reflection.ModelAnalyzer$observableFieldTypes$2        : loaded 2 times (x 79B)
Class com.google.common.collect.Maps$FilteredEntryMap$KeySet                          : loaded 2 times (x 137B)
Class android.databinding.parser.BindingExpressionLexer                               : loaded 2 times (x 141B)
Class android.databinding.tool.writer.LayoutBinderWriter$readWithDependants$1$2$ifClause$1: loaded 2 times (x 79B)
Class android.databinding.tool.writer.BindingMapperWriterV2$generateInnerLayoutIdLookup$1$1: loaded 2 times (x 79B)
Class org.jetbrains.org.objectweb.asm.ClassTooLargeException                          : loaded 2 times (x 83B)
Class kotlin.reflect.jvm.internal.KClassImpl$Data$declaredMembers$2                   : loaded 2 times (x 79B)
Class kotlin.jvm.functions.Function20                                                 : loaded 2 times (x 70B)
Class org.objectweb.asm.MethodWriter                                                  : loaded 2 times (x 106B)
Class com.google.common.io.ByteStreams$LimitedInputStream                             : loaded 2 times (x 92B)
Class com.google.common.collect.MultimapBuilder$MultimapBuilderWithKeys$4             : loaded 2 times (x 76B)
Class kotlin.sequences.SequenceBuilderIterator                                        : loaded 2 times (x 85B)
Class com.sun.xml.bind.v2.runtime.output.XmlOutputAbstractImpl                        : loaded 2 times (x 96B)
Class com.google.common.collect.AbstractMapBasedMultimap$RandomAccessWrappedList      : loaded 2 times (x 205B)
Class kotlin.jvm.functions.Function13                                                 : loaded 2 times (x 70B)
Class android.databinding.parser.BindingExpressionParser$StringLiteralContext         : loaded 2 times (x 133B)
Class android.databinding.internal.org.antlr.v4.runtime.misc.FlexibleHashMap$Entry    : loaded 2 times (x 72B)
Class android.databinding.internal.org.antlr.v4.runtime.atn.AbstractPredicateTransition: loaded 2 times (x 76B)
Class android.databinding.internal.org.antlr.v4.runtime.tree.AbstractParseTreeVisitor : loaded 2 times (x 84B)
Class android.databinding.tool.expr.IdentifierExpr                                    : loaded 2 times (x 153B)
Class android.databinding.tool.store.ResourceBundle$LayoutFileBundle                  : loaded 2 times (x 103B)
Class android.databinding.tool.expr.FieldAssignmentExpr                               : loaded 2 times (x 150B)
Class android.databinding.parser.BindingExpressionParser$GroupingContext              : loaded 2 times (x 133B)
Class android.databinding.tool.store.SetterStore$InverseDescription                   : loaded 2 times (x 77B)
Class com.google.auto.common.MoreTypes$DeclaredTypeVisitor                            : loaded 2 times (x 102B)
Class android.databinding.tool.LibTypes$propertyChangedInverseListener$2              : loaded 2 times (x 79B)
Class android.databinding.tool.LibTypes$inverseBindingListener$2                      : loaded 2 times (x 79B)
Class android.databinding.internal.org.antlr.v4.runtime.atn.LexerIndexedCustomAction  : loaded 2 times (x 77B)
Class com.google.common.collect.MultimapBuilder$MultimapBuilderWithKeys$5             : loaded 2 times (x 78B)
Class android.databinding.tool.writer.CallbackWrapperWriterKt                         : loaded 2 times (x 71B)
Class android.databinding.tool.writer.LayoutBinderWriter$variableSettersAndGetters$1$1$1$1: loaded 2 times (x 79B)
Class android.databinding.tool.writer.LayoutBinderWriter$callbacks$2                  : loaded 2 times (x 79B)
Class kotlin.jvm.internal.MutablePropertyReference1                                   : loaded 2 times (x 137B)
Class [Lorg.jetbrains.kotlin.build.report.metrics.BuildTime;                          : loaded 2 times (x 69B)
Class android.databinding.tool.ext.VersionedResult                                    : loaded 2 times (x 72B)
Class kotlin.SafePublicationLazyImpl$Companion                                        : loaded 2 times (x 71B)
Class kotlin.jvm.functions.Function14                                                 : loaded 2 times (x 70B)
Class kotlin.reflect.jvm.internal.KMutableProperty1Impl                               : loaded 2 times (x 135B)
Class android.databinding.tool.writer.LayoutBinderWriter$declareDirtyFlags$1$1$1      : loaded 2 times (x 79B)
Class android.databinding.tool.reflection.annotation.AnnotationClass$computedUnbox$2  : loaded 2 times (x 79B)
Class [Landroid.databinding.internal.org.antlr.v4.runtime.dfa.DFA;                    : loaded 2 times (x 69B)
Class android.databinding.tool.writer.CallbackWrapperWriter$write$1$1$1$3             : loaded 2 times (x 79B)
Class com.google.common.base.CharMatcher$RangesMatcher                                : loaded 2 times (x 112B)
Class com.google.common.util.concurrent.AbstractFuture$Trusted                        : loaded 2 times (x 70B)
Class android.databinding.tool.DataBinder                                             : loaded 2 times (x 80B)
Class android.databinding.tool.reflection.MutableImportBag                            : loaded 2 times (x 72B)
Class android.databinding.tool.store.ResourceBundle$IncludedLayout$Builder            : loaded 2 times (x 76B)
Class android.databinding.tool.reflection.ModelAnalyzer$viewBindingType$2             : loaded 2 times (x 79B)
Class android.databinding.tool.reflection.ModelAnalyzer$mapType$2                     : loaded 2 times (x 79B)
Class android.databinding.tool.reflection.RecursiveResolutionStack$items$1            : loaded 2 times (x 74B)
Class android.databinding.tool.LibTypes$liveData$2                                    : loaded 2 times (x 79B)
Class com.google.common.reflect.Types$JavaVersion$1                                   : loaded 2 times (x 83B)
Class com.google.common.collect.MultimapBuilder$MultimapBuilderWithKeys$6             : loaded 2 times (x 76B)
Class com.google.common.collect.FluentIterable$3$1                                    : loaded 2 times (x 98B)
Class android.databinding.tool.store.BindingAdapterStore$merge$$inlined$merge$5       : loaded 2 times (x 77B)
Class android.databinding.parser.BindingExpressionParser                              : loaded 2 times (x 150B)
Class kotlin.jvm.functions.Function15                                                 : loaded 2 times (x 70B)
Class org.gradle.internal.classloader.ClassLoaderHierarchy                            : loaded 2 times (x 70B)
Class [Lcom.google.common.base.AbstractIterator$State;                                : loaded 2 times (x 69B)
Class android.databinding.tool.LibTypes$stateFlow$2                                   : loaded 2 times (x 78B)
Class android.databinding.tool.util.SymbolTable                                       : loaded 2 times (x 72B)
Class org.jetbrains.org.objectweb.asm.Opcodes                                         : loaded 2 times (x 70B)
Class [Lorg.jetbrains.org.objectweb.asm.AnnotationVisitor;                            : loaded 2 times (x 69B)
Class android.databinding.tool.store.SetterStore$MultiAttributeSetter                 : loaded 2 times (x 85B)
Class android.databinding.tool.Binding                                                : loaded 2 times (x 88B)
Class android.databinding.internal.org.antlr.v4.runtime.misc.IntSet                   : loaded 2 times (x 70B)
Class android.databinding.internal.org.antlr.v4.runtime.atn.LoopEndState              : loaded 2 times (x 82B)
Class android.databinding.tool.writer.LayoutBinderWriterKt$constructorParamName$2     : loaded 2 times (x 78B)
Class android.databinding.tool.ext.ExtKt                                              : loaded 2 times (x 71B)
Class android.databinding.tool.BindingTarget                                          : loaded 2 times (x 99B)
Class android.databinding.internal.org.antlr.v4.runtime.misc.EqualityComparator       : loaded 2 times (x 70B)
Class android.databinding.internal.org.antlr.v4.runtime.misc.Array2DHashSet           : loaded 2 times (x 140B)
Class android.databinding.tool.writer.LayoutBinderWriterKt                            : loaded 2 times (x 71B)
Class com.google.common.util.concurrent.AbstractFuture$UnsafeAtomicHelper$1           : loaded 2 times (x 76B)
Class android.databinding.tool.reflection.RecursiveResolutionStack                    : loaded 2 times (x 72B)
Class android.databinding.tool.reflection.ModelAnalyzer$classFinderCache$1            : loaded 2 times (x 79B)
Class android.databinding.tool.store.BindingAdapterStore$merge$$inlined$merge$4       : loaded 2 times (x 77B)
Class android.databinding.annotationprocessor.ProcessExpressions                      : loaded 2 times (x 75B)
Class com.google.common.hash.PrimitiveSink                                            : loaded 2 times (x 70B)
Class com.google.common.util.concurrent.AbstractFuture$Failure                        : loaded 2 times (x 72B)
Class com.google.common.reflect.Types$JavaVersion$2                                   : loaded 2 times (x 83B)
Class com.google.common.reflect.Types                                                 : loaded 2 times (x 71B)
Class com.google.common.collect.HashMultiset                                          : loaded 2 times (x 163B)
Class kotlin.coroutines.EmptyCoroutineContext                                         : loaded 2 times (x 77B)
Class android.databinding.tool.reflection.ModelClass$isObservableField$2              : loaded 2 times (x 79B)
Class com.google.common.collect.ImmutableSetMultimap                                  : loaded 2 times (x 180B)
Class android.databinding.tool.writer.LayoutBinderWriterKt$needsLocalField$2          : loaded 2 times (x 78B)
Class android.databinding.tool.store.ResourceBundle$IncludedLayout                    : loaded 2 times (x 72B)
Class android.databinding.internal.org.antlr.v4.runtime.atn.PredictionContextCache    : loaded 2 times (x 75B)
Class kotlin.jvm.functions.Function16                                                 : loaded 2 times (x 70B)
Class kotlin.reflect.jvm.internal.CacheByClassKt                                      : loaded 2 times (x 71B)
Class android.databinding.internal.org.antlr.v4.runtime.atn.StarLoopbackState         : loaded 2 times (x 82B)
Class android.databinding.internal.org.antlr.v4.runtime.atn.Transition$1              : loaded 2 times (x 134B)
Class android.databinding.internal.org.antlr.v4.runtime.misc.ObjectEqualityComparator : loaded 2 times (x 77B)
Class android.databinding.internal.org.antlr.v4.runtime.atn.LexerActionExecutor       : loaded 2 times (x 75B)
Class android.databinding.internal.org.antlr.v4.runtime.atn.SemanticContext$Operator  : loaded 2 times (x 74B)
Class android.databinding.internal.org.antlr.v4.runtime.CommonTokenStream             : loaded 2 times (x 127B)
Class android.databinding.tool.reflection.ModelClass$isMutableLiveData$2              : loaded 2 times (x 79B)
Class android.databinding.annotationprocessor.BindableBag$IdBag                       : loaded 2 times (x 72B)
Class android.databinding.tool.expr.BitShiftExpr                                      : loaded 2 times (x 151B)
Class android.databinding.tool.reflection.InjectedField                               : loaded 2 times (x 78B)
Class kotlin.reflect.jvm.internal.CacheByClass                                        : loaded 2 times (x 73B)
Class kotlin.reflect.jvm.internal.impl.utils.CollectionsKt                            : loaded 2 times (x 71B)
Class [Lorg.apache.commons.io.file.DeleteOption;                                      : loaded 2 times (x 69B)
Class android.databinding.tool.reflection.annotation.AnnotationLogger$Message         : loaded 2 times (x 72B)
Class com.google.common.collect.SortedIterables                                       : loaded 2 times (x 71B)
Class org.objectweb.asm.Label                                                         : loaded 2 times (x 73B)
Class org.objectweb.asm.CurrentFrame                                                  : loaded 2 times (x 73B)
Class org.objectweb.asm.ClassTooLargeException                                        : loaded 2 times (x 83B)
Class com.google.common.reflect.Types$JavaVersion$3                                   : loaded 2 times (x 83B)
Class kotlin.streams.jdk8.StreamsKt                                                   : loaded 2 times (x 71B)
Class org.apache.http.client.methods.AbstractExecutionAwareRequest                    : loaded 2 times (x 128B)
Class com.google.common.reflect.TypeToken$SimpleTypeToken                             : loaded 2 times (x 73B)
Class android.databinding.tool.LibTypes$bindingAdapter$2                              : loaded 2 times (x 79B)
Class android.databinding.tool.store.BindingAdapterStore$merge$$inlined$merge$3       : loaded 2 times (x 77B)
Class android.databinding.tool.reflection.ModelClass$isStateFlow$2                    : loaded 2 times (x 79B)
Class kotlin.jvm.functions.Function17                                                 : loaded 2 times (x 70B)
Class android.databinding.parser.BindingExpressionBaseVisitor                         : loaded 2 times (x 168B)
Class org.jetbrains.org.objectweb.asm.RecordComponentWriter                           : loaded 2 times (x 78B)
Class android.databinding.tool.writer.LayoutBinderWriter$executePendingBindings$1     : loaded 2 times (x 79B)
Class android.databinding.tool.writer.LayoutBinderWriter$declareInvalidateAll$1       : loaded 2 times (x 79B)
Class android.databinding.internal.org.antlr.v4.runtime.misc.IntervalSet              : loaded 2 times (x 123B)
Class android.databinding.internal.org.antlr.v4.runtime.atn.ATNDeserializer           : loaded 2 times (x 81B)
Class org.apache.commons.io.function.IOSupplier                                       : loaded 2 times (x 70B)
Class android.databinding.internal.org.antlr.v4.runtime.atn.EpsilonTransition         : loaded 2 times (x 76B)
Class android.databinding.tool.reflection.ModelMethod                                 : loaded 2 times (x 89B)
Class [Landroid.databinding.internal.org.antlr.v4.runtime.atn.RuleStopState;          : loaded 2 times (x 69B)
Class android.databinding.tool.store.SetterStore$AdapterSetter                        : loaded 2 times (x 90B)
Class android.databinding.tool.reflection.ModelAnalyzer$objectType$2                  : loaded 2 times (x 79B)
Class androidx.databinding.BindingConversion                                          : loaded 2 times (x 70B)
Class androidx.databinding.Bindable                                                   : loaded 2 times (x 70B)
Class org.objectweb.asm.Frame                                                         : loaded 2 times (x 73B)
Class org.objectweb.asm.MethodVisitor                                                 : loaded 2 times (x 105B)
Class com.google.common.reflect.Types$JavaVersion$4                                   : loaded 2 times (x 83B)
Class android.databinding.internal.org.antlr.v4.runtime.atn.LexerATNSimulator$SimState: loaded 2 times (x 73B)
Class kotlin.jvm.functions.Function18                                                 : loaded 2 times (x 70B)
Class android.databinding.tool.BindableCompat$Companion                               : loaded 2 times (x 71B)
Class kotlin.reflect.jvm.internal.CachesKt                                            : loaded 2 times (x 71B)
Class android.databinding.tool.writer.LayoutBinderWriter$readWithDependants$1$2$readCode$1$2$4$4$cond$1$1$2: loaded 2 times (x 79B)
Class org.jetbrains.org.objectweb.asm.MethodWriter                                    : loaded 2 times (x 105B)
Class android.databinding.tool.writer.LayoutBinderWriter$declareListenerImpls$1       : loaded 2 times (x 79B)
Class android.databinding.tool.writer.LayoutBinderWriter$variableSettersAndGetters$1$1$1$1$1: loaded 2 times (x 79B)
Class android.databinding.tool.writer.LayoutBinderWriter$declareIncludeViews$1$1      : loaded 2 times (x 79B)
Class android.databinding.tool.reflection.annotation.AnnotationClass$isGeneric$2      : loaded 2 times (x 79B)
Class android.databinding.parser.BindingExpressionParser$TypeContext                  : loaded 2 times (x 133B)
Class com.sun.xml.bind.v2.runtime.output.NamespaceContextImpl                         : loaded 2 times (x 81B)
Class com.sun.xml.bind.marshaller.CharacterEscapeHandler                              : loaded 2 times (x 70B)
Class android.databinding.parser.BindingExpressionParser$ExplicitGenericInvocationSuffixContext: loaded 2 times (x 133B)
Class android.databinding.tool.util.RelativizableFile                                 : loaded 2 times (x 72B)
Class kotlin.collections.LongIterator                                                 : loaded 2 times (x 82B)
Class android.databinding.annotationprocessor.ProcessExpressionsFromV1Compat$Companion: loaded 2 times (x 71B)
Class android.databinding.tool.BindingAdapterCompat$Companion                         : loaded 2 times (x 71B)
Class android.databinding.tool.BindingAdapterCompat                                   : loaded 2 times (x 72B)
Class android.databinding.tool.reflection.ModelAnalyzer$stateFlowType$2               : loaded 2 times (x 79B)
Class android.databinding.tool.LibTypes$viewDataBinding$2                             : loaded 2 times (x 79B)
Class com.google.common.reflect.Types$JavaVersion$5                                   : loaded 2 times (x 71B)
Class [Lcom.google.common.reflect.Types$ClassOwnership;                               : loaded 2 times (x 69B)
Class com.google.common.util.concurrent.AbstractFuture$SafeAtomicHelper               : loaded 2 times (x 79B)
Class kotlin.reflect.jvm.internal.KClassImpl$Data$qualifiedName$2                     : loaded 2 times (x 79B)
Class [Lorg.objectweb.asm.AnnotationVisitor;                                          : loaded 2 times (x 69B)
Class kotlin.jvm.internal.MutablePropertyReference0                                   : loaded 2 times (x 137B)
Class kotlin.reflect.KMutableProperty$Setter                                          : loaded 2 times (x 70B)
Class kotlin.jvm.functions.Function19                                                 : loaded 2 times (x 70B)
Class kotlin.reflect.jvm.internal.KClassImpl$Data$allStaticMembers$2                  : loaded 2 times (x 79B)
Class kotlin.reflect.jvm.internal.KCallableImpl$_annotations$1                        : loaded 2 times (x 79B)
Class kotlin.reflect.jvm.internal.KClassImpl$Data$inheritedNonStaticMembers$2         : loaded 2 times (x 79B)
Class kotlin.reflect.jvm.internal.impl.builtins.CompanionObjectMapping                : loaded 2 times (x 71B)
Class com.google.common.base.AbstractIterator$State                                   : loaded 2 times (x 79B)
Class com.google.common.reflect.Types$ClassOwnership$1                                : loaded 2 times (x 80B)
Class [Landroid.databinding.tool.reflection.Callable$Type;                            : loaded 2 times (x 69B)
Class android.databinding.tool.reflection.annotation.AnnotationClass$computedCanonicalName$2: loaded 2 times (x 79B)
Class android.databinding.parser.BindingExpressionParser$ExplicitGenericInvocationContext: loaded 2 times (x 133B)
Class android.databinding.tool.reflection.ModelClass$isObject$2                       : loaded 2 times (x 79B)
Class com.sun.xml.bind.v2.runtime.NamespaceContext2                                   : loaded 2 times (x 70B)
Class com.google.common.collect.ImmutableSortedMap$Builder                            : loaded 2 times (x 90B)
Class com.google.common.collect.HashBiMap$BiEntry                                     : loaded 2 times (x 83B)
Class android.databinding.tool.store.ResourceBundle$BindingTargetBundle               : loaded 2 times (x 95B)
Class org.gradle.internal.service.UnknownServiceException                             : loaded 2 times (x 83B)
Class android.databinding.tool.LibTypes$nullable$2                                    : loaded 2 times (x 79B)
Class android.databinding.tool.store.BindingAdapterStore$merge$$inlined$merge$2       : loaded 2 times (x 77B)
Class android.databinding.tool.ext.XmlResourceReference                               : loaded 2 times (x 72B)
Class android.databinding.tool.store.SetterStore                                      : loaded 2 times (x 89B)
Class android.databinding.tool.reflection.annotation.AnnotationClass$computedErasure$2: loaded 2 times (x 79B)
Class android.databinding.tool.LibTypes$observable$2                                  : loaded 2 times (x 79B)
Class org.objectweb.asm.ModuleWriter                                                  : loaded 2 times (x 82B)
Class com.google.common.collect.MultimapBuilder$1                                     : loaded 2 times (x 83B)
Class android.databinding.tool.writer.LayoutBinderWriter$declareViews$1               : loaded 2 times (x 79B)
Class [Lkotlin.Function;                                                              : loaded 2 times (x 69B)
Class com.google.common.base.Ascii                                                    : loaded 2 times (x 71B)
Class com.google.common.collect.Collections2                                          : loaded 2 times (x 71B)
Class [Lkotlin.jvm.functions.Function1;                                               : loaded 2 times (x 69B)
Class org.jetbrains.org.objectweb.asm.RecordComponentVisitor                          : loaded 2 times (x 77B)
Class android.databinding.annotationprocessor.BindableBag$BRMapping                   : loaded 2 times (x 72B)
Class android.databinding.tool.writer.LayoutBinderWriter$declareHasPendingBindings$1$1$1: loaded 2 times (x 79B)
Class android.databinding.tool.reflection.annotation.AnnotationClass$WhenMappings     : loaded 2 times (x 71B)
Class android.databinding.internal.org.antlr.v4.runtime.atn.EmptyPredictionContext    : loaded 2 times (x 80B)
Class [Lcom.google.common.collect.LinkedHashMultimap$ValueEntry;                      : loaded 2 times (x 69B)
Class kotlin.jvm.functions.Function21                                                 : loaded 2 times (x 70B)
Class kotlin.reflect.jvm.internal.impl.name.ClassId                                   : loaded 2 times (x 72B)
Class com.google.common.collect.Iterators$ConcatenatedIterator                        : loaded 2 times (x 82B)
Class android.databinding.tool.store.BindingAdapterStore                              : loaded 2 times (x 75B)
Class android.databinding.tool.reflection.ModelAnalyzer$appCompatResourcesType$2      : loaded 2 times (x 79B)
Class org.gradle.internal.service.ServiceLocator                                      : loaded 2 times (x 70B)
Class [Lorg.objectweb.asm.Attribute;                                                  : loaded 2 times (x 69B)
Class [Lorg.objectweb.asm.Type;                                                       : loaded 2 times (x 69B)
Class androidx.databinding.BindingAdapter                                             : loaded 2 times (x 70B)
Class com.google.common.collect.MultimapBuilder$2                                     : loaded 2 times (x 83B)
Class com.google.common.collect.MultimapBuilder$MultimapBuilderWithKeys               : loaded 2 times (x 82B)
Class android.databinding.tool.reflection.ModelAnalyzer$liveDataType$2                : loaded 2 times (x 79B)
Class android.databinding.tool.store.BindingAdapterStore$merge$$inlined$merge$1       : loaded 2 times (x 77B)
Class android.databinding.tool.util.FileUtil                                          : loaded 2 times (x 71B)
Class com.sun.xml.bind.marshaller.NamespacePrefixMapper                               : loaded 2 times (x 75B)
Class kotlin.reflect.jvm.internal.KCallableImpl$_parameters$1                         : loaded 2 times (x 79B)
Class org.jetbrains.org.objectweb.asm.MethodTooLargeException                         : loaded 2 times (x 83B)
Class org.jetbrains.org.objectweb.asm.Context                                         : loaded 2 times (x 72B)
Class android.databinding.tool.expr.MethodReferenceExpr                               : loaded 2 times (x 151B)
Class android.databinding.tool.expr.ExprWritersKt$localizeGlobalVariables$1           : loaded 2 times (x 79B)
Class android.databinding.tool.expr.ExprWritersKt                                     : loaded 2 times (x 71B)
Class android.databinding.tool.ext.Collection_extKt                                   : loaded 2 times (x 71B)
Class android.databinding.internal.org.antlr.v4.runtime.atn.PrecedencePredicateTransition: loaded 2 times (x 76B)
Class android.databinding.internal.org.antlr.v4.runtime.atn.StarBlockStartState       : loaded 2 times (x 83B)
Class android.databinding.internal.org.antlr.v4.runtime.atn.ActionTransition          : loaded 2 times (x 76B)
Class android.databinding.internal.org.antlr.v4.runtime.atn.ATNConfig                 : loaded 2 times (x 74B)
Class android.databinding.internal.org.antlr.v4.runtime.CommonToken                   : loaded 2 times (x 110B)
Class org.jetbrains.kotlin.build.report.metrics.GradleBuildTime                       : loaded 2 times (x 86B)
Class [Lorg.jetbrains.org.objectweb.asm.Attribute;                                    : loaded 2 times (x 69B)
Class android.databinding.annotationprocessor.BindableBag$Companion                   : loaded 2 times (x 71B)
Class kotlin.Result                                                                   : loaded 2 times (x 72B)
Class android.databinding.tool.reflection.annotation.AnnotationLogger                 : loaded 2 times (x 77B)
Class com.google.common.io.ByteStreams$1                                              : loaded 2 times (x 85B)
Class com.google.common.collect.MultimapBuilder$3                                     : loaded 2 times (x 84B)
Class com.google.common.reflect.TypeResolver$TypeVariableKey                          : loaded 2 times (x 72B)
Class kotlin.reflect.jvm.internal.KClassImpl$Data$simpleName$2                        : loaded 2 times (x 79B)
Class android.databinding.tool.store.BindingAdapterStore$merge$$inlined$merge$3$1     : loaded 2 times (x 77B)
Class kotlin.reflect.jvm.internal.CachesKt$CACHE_FOR_BASE_CLASSIFIERS$1               : loaded 2 times (x 78B)
Class org.gradle.internal.classloader.FilteringClassLoader                            : loaded 2 times (x 105B)
Class org.jetbrains.org.objectweb.asm.CurrentFrame                                    : loaded 2 times (x 73B)
Class android.databinding.tool.writer.LayoutBinderWriter$declareInvalidateAll$1$1     : loaded 2 times (x 79B)
Class android.databinding.tool.writer.LayoutBinderWriter$declareListeners$1           : loaded 2 times (x 79B)
Class android.databinding.internal.org.antlr.v4.runtime.atn.ATNConfigSet$AbstractConfigHashSet: loaded 2 times (x 140B)
Class android.databinding.internal.org.antlr.v4.runtime.atn.RuleStopState             : loaded 2 times (x 82B)
Class android.databinding.tool.processing.ScopedErrorReport                           : loaded 2 times (x 76B)
Class com.sun.xml.bind.v2.runtime.output.NamespaceContextImpl$Element                 : loaded 2 times (x 72B)
Class android.databinding.tool.store.ResourceBundle$NameTypeLocation                  : loaded 2 times (x 72B)
Class android.databinding.internal.org.antlr.v4.runtime.TokenStream                   : loaded 2 times (x 70B)
Class android.databinding.internal.org.antlr.v4.runtime.dfa.DFAState                  : loaded 2 times (x 73B)
Class [[Landroid.databinding.internal.org.antlr.v4.runtime.atn.ATNConfig;             : loaded 2 times (x 69B)
Class android.databinding.annotationprocessor.ProcessExpressionsFromV1Compat          : loaded 2 times (x 72B)
Class android.databinding.tool.reflection.annotation.AnnotationClass$javaCodeRepresentation$2: loaded 2 times (x 79B)
Class android.databinding.tool.writer.LayoutBinderWriterKt$WhenMappings               : loaded 2 times (x 71B)
Class org.gradle.internal.installation.CurrentGradleInstallationLocator               : loaded 2 times (x 71B)
Class com.google.common.collect.MultimapBuilder$4                                     : loaded 2 times (x 84B)
Class kotlin.reflect.jvm.internal.impl.name.StandardClassIdsKt                        : loaded 2 times (x 71B)
Class android.databinding.tool.processing.ScopedException                             : loaded 2 times (x 86B)
Class kotlin.reflect.jvm.internal.impl.name.FqNamesUtilKt                             : loaded 2 times (x 71B)
Class android.databinding.tool.ExpressionParser$1                                     : loaded 2 times (x 82B)
Class android.databinding.parser.BindingExpressionParser$ResourceContext              : loaded 2 times (x 133B)
Class android.databinding.tool.writer.LayoutBinderWriter$readWithDependants$1$2$readCode$1$2$assignment$1: loaded 2 times (x 79B)
Class android.databinding.internal.org.antlr.v4.runtime.atn.ATNConfigSet              : loaded 2 times (x 148B)
Class [Landroid.databinding.internal.org.antlr.v4.runtime.dfa.DFAState;               : loaded 2 times (x 69B)
Class android.databinding.parser.BindingExpressionParser$LiteralContext               : loaded 2 times (x 133B)
Class android.databinding.parser.BindingExpressionParser$MathOpContext                : loaded 2 times (x 134B)
Class android.databinding.tool.expr.ViewFieldExpr                                     : loaded 2 times (x 154B)
Class android.databinding.tool.reflection.ModelClass$simpleName$2                     : loaded 2 times (x 79B)
Class com.sun.xml.bind.v2.util.XmlFactory$1                                           : loaded 2 times (x 76B)
Class android.databinding.internal.org.antlr.v4.runtime.tree.ParseTree                : loaded 2 times (x 70B)
Class org.apache.commons.io.file.SimplePathVisitor                                    : loaded 2 times (x 85B)
Class android.databinding.tool.store.GenClassInfoLog                                  : loaded 2 times (x 72B)
Class com.google.common.collect.ImmutableMapEntry$NonTerminalImmutableBiMapEntry      : loaded 2 times (x 85B)
Class android.databinding.tool.reflection.annotation.AnnotationLogger$ElementPath     : loaded 2 times (x 72B)
Class com.google.common.reflect.Types$ParameterizedTypeImpl                           : loaded 2 times (x 81B)
Class org.objectweb.asm.ClassReader                                                   : loaded 2 times (x 93B)
Class org.gradle.internal.service.DefaultServiceLocator                               : loaded 2 times (x 83B)
Class kotlin.text.StringsKt__StringsKt$rangesDelimitedBy$2                            : loaded 2 times (x 79B)
Class kotlin.coroutines.jvm.internal.SuspendFunction                                  : loaded 2 times (x 70B)
Class android.databinding.tool.util.L                                                 : loaded 2 times (x 71B)
Class android.databinding.tool.store.SetterStore$SetterCall                           : loaded 2 times (x 90B)
Class org.apache.commons.io.filefilter.AbstractFileFilter                             : loaded 2 times (x 116B)
Class com.sun.xml.bind.v2.runtime.output.C14nXmlOutput                                : loaded 2 times (x 101B)
Class com.sun.xml.bind.v2.util.XmlFactory                                             : loaded 2 times (x 71B)
Class org.jetbrains.org.objectweb.asm.SymbolTable                                     : loaded 2 times (x 72B)
Class android.databinding.tool.writer.BindingMapperWriterV2$Companion                 : loaded 2 times (x 71B)
Class android.databinding.tool.writer.LayoutBinderWriter$declareCallbackImplementations$1$2$2$2$1$1$1: loaded 2 times (x 79B)
Class android.databinding.parser.BindingExpressionParser$ComparisonOpContext          : loaded 2 times (x 134B)
Class [Landroid.databinding.tool.solver.ExecutionPath;                                : loaded 2 times (x 69B)
Class android.databinding.parser.BindingExpressionParser$PrimaryContext               : loaded 2 times (x 136B)
Class android.databinding.parser.BindingExpressionParser$ArgumentsContext             : loaded 2 times (x 132B)
Class android.databinding.internal.org.antlr.v4.runtime.atn.ATNConfigSet$ConfigHashSet: loaded 2 times (x 140B)
Class android.databinding.tool.reflection.ModelClass$isMap$2                          : loaded 2 times (x 79B)
Class android.databinding.tool.writer.LayoutBinderWriterKt$fieldName$8                : loaded 2 times (x 78B)
Class android.databinding.internal.org.antlr.v4.runtime.Lexer                         : loaded 2 times (x 141B)
Class android.databinding.tool.expr.Expr                                              : loaded 2 times (x 148B)
Class android.databinding.internal.org.antlr.v4.runtime.atn.Transition                : loaded 2 times (x 76B)
Class android.databinding.internal.org.antlr.v4.runtime.misc.AbstractEqualityComparator: loaded 2 times (x 77B)
Class android.databinding.tool.writer.LayoutBinderWriter$declareVariables$1           : loaded 2 times (x 79B)
Class org.gradle.internal.installation.CurrentGradleInstallation                      : loaded 2 times (x 73B)
Class android.databinding.tool.writer.BindingMapperWriterV2$createLocalizedLayoutIds$1$2: loaded 2 times (x 79B)
Class android.databinding.tool.reflection.ModelClass$abstractMethods$2                : loaded 2 times (x 79B)
Class kotlin.coroutines.intrinsics.IntrinsicsKt__IntrinsicsJvmKt                      : loaded 2 times (x 71B)
Class kotlin.coroutines.jvm.internal.CoroutineStackFrame                              : loaded 2 times (x 70B)
Class android.databinding.parser.BindingExpressionParser$BitShiftOpContext            : loaded 2 times (x 134B)
Class android.databinding.internal.org.antlr.v4.runtime.LexerNoViableAltException     : loaded 2 times (x 93B)
Class org.jetbrains.org.objectweb.asm.ModuleWriter                                    : loaded 2 times (x 81B)
Class [Lorg.jetbrains.org.objectweb.asm.SymbolTable$Entry;                            : loaded 2 times (x 69B)
Class android.databinding.tool.reflection.ModelClass$isMutableStateFlow$2             : loaded 2 times (x 79B)
Class [Lorg.apache.commons.io.IOCase;                                                 : loaded 2 times (x 69B)
Class android.databinding.tool.store.BindingAdapterStore$merge$$inlined$merge$1$1     : loaded 2 times (x 77B)
Class org.objectweb.asm.ModuleVisitor                                                 : loaded 2 times (x 81B)
Class com.google.common.io.ByteArrayDataInput                                         : loaded 2 times (x 70B)
Class kotlin.reflect.jvm.internal.KClassImpl$data$1                                   : loaded 2 times (x 79B)
Class android.databinding.tool.LibTypes$lifecycleOwner$2                              : loaded 2 times (x 79B)
Class org.apache.http.HttpRequest                                                     : loaded 2 times (x 70B)
Class org.gradle.util.internal.GUtil                                                  : loaded 2 times (x 71B)
Class kotlin.reflect.jvm.internal.KPropertyImpl$_javaField$1                          : loaded 2 times (x 79B)
Class android.databinding.internal.org.antlr.v4.runtime.atn.SingletonPredictionContext: loaded 2 times (x 80B)
Class android.databinding.parser.BindingExpressionParser$ExpressionListContext        : loaded 2 times (x 133B)
Class [Lorg.jetbrains.org.objectweb.asm.Label;                                        : loaded 2 times (x 69B)
Class kotlin.reflect.jvm.internal.impl.name.StandardClassIds                          : loaded 2 times (x 71B)
Class android.databinding.tool.writer.LayoutBinderWriter$declareSetLifecycleOwnerOverride$1: loaded 2 times (x 79B)
Class [Landroid.databinding.tool.reflection.ModelClass;                               : loaded 2 times (x 69B)
Class android.databinding.internal.org.antlr.v4.runtime.atn.RuleTransition            : loaded 2 times (x 77B)
Class android.databinding.internal.org.antlr.v4.runtime.atn.BlockEndState             : loaded 2 times (x 82B)
Class android.databinding.tool.reflection.InjectedMethod                              : loaded 2 times (x 90B)
Class [Lkotlin.annotation.AnnotationTarget;                                           : loaded 2 times (x 69B)
Class com.sun.xml.bind.v2.runtime.XMLSerializer                                       : loaded 2 times (x 84B)
Class com.google.common.reflect.Types$ClassOwnership$2                                : loaded 2 times (x 80B)
Class com.google.common.collect.LinkedHashMultimap$ValueSet                           : loaded 2 times (x 142B)
Class [Lkotlin.coroutines.intrinsics.CoroutineSingletons;                             : loaded 2 times (x 69B)
Class android.databinding.tool.expr.ResourceExpr                                      : loaded 2 times (x 149B)
Class org.gradle.internal.classpath.TransformedClassPath                              : loaded 2 times (x 96B)
Class org.apache.http.HttpMessage                                                     : loaded 2 times (x 70B)
Class com.google.common.util.concurrent.AbstractFuture$SetFuture                      : loaded 2 times (x 75B)
Class kotlin.coroutines.CoroutineContext                                              : loaded 2 times (x 70B)
Class kotlin.coroutines.jvm.internal.DebugProbesKt                                    : loaded 2 times (x 71B)
Class kotlin.reflect.jvm.internal.RuntimeTypeMapper                                   : loaded 2 times (x 71B)
Class android.databinding.tool.writer.LayoutBinderWriter$variableSettersAndGetters$1  : loaded 2 times (x 79B)
Class com.google.common.reflect.Invokable                                             : loaded 2 times (x 103B)
Class android.databinding.annotationprocessor.BindableBag$Property                    : loaded 2 times (x 72B)
Class org.objectweb.asm.FieldWriter                                                   : loaded 2 times (x 78B)
Class android.databinding.internal.org.antlr.v4.runtime.ANTLRInputStream              : loaded 2 times (x 97B)
Class kotlin.text.StringsKt__StringsKt$rangesDelimitedBy$1                            : loaded 2 times (x 79B)
Class android.databinding.tool.util.L$Client                                          : loaded 2 times (x 70B)
Class android.databinding.internal.org.antlr.v4.runtime.Token                         : loaded 2 times (x 70B)
Class android.databinding.tool.reflection.ModelAnalyzer$viewStubProxyType$2           : loaded 2 times (x 79B)
Class android.databinding.parser.BindingExpressionParser$BracketOpContext             : loaded 2 times (x 134B)
Class android.databinding.parser.BindingExpressionParser$LambdaExpressionContext      : loaded 2 times (x 133B)
Class android.databinding.internal.org.antlr.v4.runtime.atn.SemanticContext$PrecedencePredicate: loaded 2 times (x 78B)
Class android.databinding.tool.writer.BindingMapperWriterV2$generateInnerBrLookup$1$1 : loaded 2 times (x 79B)
Class android.databinding.tool.reflection.ModelAnalyzer$listTypes$2                   : loaded 2 times (x 79B)
Class com.google.common.reflect.TypeResolver                                          : loaded 2 times (x 72B)
Class com.google.common.io.ByteStreams                                                : loaded 2 times (x 71B)
Class android.databinding.annotationprocessor.ProcessBindable                         : loaded 2 times (x 79B)
Class org.objectweb.asm.Context                                                       : loaded 2 times (x 72B)
Class com.google.common.reflect.Types$TypeVariableImpl                                : loaded 2 times (x 72B)
Class org.gradle.internal.installation.GradleInstallation                             : loaded 2 times (x 75B)
Class com.google.common.collect.Maps$FilteredKeyMap                                   : loaded 2 times (x 128B)
Class org.objectweb.asm.Handle                                                        : loaded 2 times (x 72B)
Class android.databinding.tool.writer.LayoutBinderWriter$readWithDependants$1$2$readCode$1$2$4$4$cond$1$1$1: loaded 2 times (x 79B)
Class android.databinding.tool.LibTypes$observableFields$2                            : loaded 2 times (x 79B)
Class kotlin.reflect.jvm.internal.KPackageImpl$data$1                                 : loaded 2 times (x 79B)
Class android.databinding.tool.store.SetterStore$ModelMethodSetter                    : loaded 2 times (x 90B)
Class org.apache.commons.io.IOCase                                                    : loaded 2 times (x 80B)
Class [Landroid.databinding.tool.processing.scopes.LocationScopeProvider;             : loaded 2 times (x 69B)
Class android.databinding.internal.org.antlr.v4.runtime.tree.TerminalNode             : loaded 2 times (x 70B)
Class [Landroid.databinding.internal.org.antlr.v4.runtime.atn.ATNConfig;              : loaded 2 times (x 69B)
Class android.databinding.tool.expr.CallbackExprModel                                 : loaded 2 times (x 132B)
Class android.databinding.internal.org.antlr.v4.runtime.atn.ATNType                   : loaded 2 times (x 79B)
Class android.databinding.internal.org.antlr.v4.runtime.atn.PredictionMode$AltAndContextMap: loaded 2 times (x 125B)
Class android.databinding.tool.writer.LayoutBinderWriter$readWithDependants$1$2$readCode$1$2$4$4$cond$1: loaded 2 times (x 79B)
Class kotlin.annotation.AnnotationRetention                                           : loaded 2 times (x 79B)
Class kotlin.jvm.functions.Function22                                                 : loaded 2 times (x 70B)
Class android.databinding.tool.writer.LayoutBinderWriter$declareBoundValues$1         : loaded 2 times (x 79B)
Class kotlin.reflect.jvm.internal.KClassImpl$Data$descriptor$2                        : loaded 2 times (x 79B)
Class com.google.common.collect.AbstractMultiset                                      : loaded 2 times (x 159B)
Class android.databinding.tool.LibTypes$mutableLiveData$2                             : loaded 2 times (x 79B)
Class com.google.common.reflect.Types$ClassOwnership$3                                : loaded 2 times (x 71B)
Class android.databinding.tool.writer.LayoutBinderWriter$executePendingBindings$1$1$6$1: loaded 2 times (x 79B)
Class android.databinding.tool.writer.LayoutBinderWriter$declareConstructor$1         : loaded 2 times (x 79B)
Class android.databinding.internal.org.antlr.v4.runtime.dfa.DFAState$PredPrediction   : loaded 2 times (x 72B)
Class android.databinding.parser.BindingExpressionParser$RootExprContext              : loaded 2 times (x 134B)
Class com.google.gson.internal.bind.JsonTreeWriter$1                                  : loaded 2 times (x 99B)
Class android.databinding.tool.store.GenClassInfoLog$Companion                        : loaded 2 times (x 71B)
Class org.apache.commons.io.file.Counters$Counter                                     : loaded 2 times (x 70B)
Class com.sun.xml.bind.v2.util.CollisionCheckStack                                    : loaded 2 times (x 199B)
Class android.databinding.tool.LayoutBinder$1                                         : loaded 2 times (x 91B)
Class android.databinding.tool.writer.LayoutBinderWriterKt$fieldName$5                : loaded 2 times (x 78B)
Class android.databinding.internal.org.antlr.v4.runtime.FailedPredicateException      : loaded 2 times (x 93B)
Class android.databinding.tool.ExpressionParser$2                                     : loaded 2 times (x 82B)
Class android.databinding.tool.util.GenerationalClassUtil$Companion                   : loaded 2 times (x 71B)
Class android.databinding.tool.LibTypes$observableMap$2                               : loaded 2 times (x 79B)
Class android.databinding.tool.reflection.RecursionTracker                            : loaded 2 times (x 72B)

---------------  S Y S T E M  ---------------

OS:
 Windows 11 , 64 bit Build 26100 (10.0.26100.6725)
OS uptime: 1 days 8:41 hours

CPU: total 8 (initial active 8) (4 cores per cpu, 2 threads per core) family 6 model 142 stepping 10 microcode 0xf6, cx8, cmov, fxsr, ht, mmx, 3dnowpref, sse, sse2, sse3, ssse3, sse4.1, sse4.2, popcnt, lzcnt, tsc, tscinvbit, avx, avx2, aes, erms, clmul, bmi1, bmi2, rtm, adx, fma, vzeroupper, clflush, clflushopt, rdtscp, f16c
Processor Information for the first 8 processors :
  Max Mhz: 1896, Current Mhz: 1696, Mhz Limit: 1687

Memory: 4k page, system-wide physical 8031M (968M free)
TotalPageFile size 20500M (AvailPageFile size 30M)
current process WorkingSet (physical memory assigned to process): 1608M, peak: 1608M
current process commit charge ("private bytes"): 3997M, peak: 4005M

vm_info: OpenJDK 64-Bit Server VM (21.0.8+-14018985-b1038.68) for windows-amd64 JRE (21.0.8+-14018985-b1038.68), built on 2025-08-29T19:56:34Z by "builder" with MS VC++ 16.10 / 16.11 (VS2019)

END.
