#
# There is insufficient memory for the Java Runtime Environment to continue.
# Native memory allocation (mmap) failed to map 478150656 bytes. Error detail: G1 virtual space
# Possible reasons:
#   The system is out of physical RAM or swap space
#   This process is running with CompressedOops enabled, and the Java Heap may be blocking the growth of the native heap
# Possible solutions:
#   Reduce memory load on the system
#   Increase physical memory or swap space
#   Check if swap backing store is full
#   Decrease Java heap size (-Xmx/-Xms)
#   Decrease number of Java threads
#   Decrease Java thread stack sizes (-Xss)
#   Set larger code cache with -XX:ReservedCodeCacheSize=
#   JVM is running with Zero Based Compressed Oops mode in which the Java heap is
#     placed in the first 32GB address space. The Java Heap base address is the
#     maximum limit for the native heap growth. Please use -XX:HeapBaseMinAddress
#     to set the Java Heap base and to place the Java Heap above 32GB virtual address.
# This output file may be truncated or incomplete.
#
#  Out of Memory Error (os_windows.cpp:3925), pid=20092, tid=17368
#
# JRE version: OpenJDK Runtime Environment (21.0.8) (build 21.0.8+-14018985-b1038.68)
# Java VM: OpenJDK 64-Bit Server VM (21.0.8+-14018985-b1038.68, mixed mode, tiered, compressed oops, compressed class ptrs, g1 gc, windows-amd64)
# No core dump will be written. Minidumps are not enabled by default on client versions of Windows
#

---------------  S U M M A R Y ------------

Command Line: -XX:+HeapDumpOnOutOfMemoryError --add-opens=java.base/java.util=ALL-UNNAMED --add-opens=java.base/java.lang=ALL-UNNAMED --add-opens=java.base/java.lang.invoke=ALL-UNNAMED --add-opens=java.prefs/java.util.prefs=ALL-UNNAMED --add-opens=java.base/java.nio.charset=ALL-UNNAMED --add-opens=java.base/java.net=ALL-UNNAMED --add-opens=java.base/java.util.concurrent.atomic=ALL-UNNAMED -Xmx6144m -Dfile.encoding=UTF-8 -Duser.country=US -Duser.language=en -Duser.variant -javaagent:C:\Users\zs computer\.gradle\wrapper\dists\gradle-8.6-bin\afr5mpiioh2wthjmwnkmdsd5w\gradle-8.6\lib\agents\gradle-instrumentation-agent-8.6.jar org.gradle.launcher.daemon.bootstrap.GradleDaemon 8.6

Host: Intel(R) Core(TM) i5-8350U CPU @ 1.70GHz, 8 cores, 7G,  Windows 11 , 64 bit Build 26100 (10.0.26100.5074)
Time: Wed Oct 15 04:01:09 2025 Pacific Daylight Time elapsed time: 16980.185954 seconds (0d 4h 43m 0s)

---------------  T H R E A D  ---------------

Current thread (0x00000176fe068d00):  VMThread "VM Thread"          [id=17368, stack(0x00000017b6900000,0x00000017b6a00000) (1024K)]

Stack: [0x00000017b6900000,0x00000017b6a00000]
Native frames: (J=compiled Java code, j=interpreted, Vv=VM code, C=native code)
V  [jvm.dll+0x6d68d9]
V  [jvm.dll+0x866693]
V  [jvm.dll+0x868c4e]
V  [jvm.dll+0x869333]
V  [jvm.dll+0x280566]
V  [jvm.dll+0x6d3195]
V  [jvm.dll+0x6c69ea]
V  [jvm.dll+0x3586db]
V  [jvm.dll+0x360336]
V  [jvm.dll+0x3b23f6]
V  [jvm.dll+0x3b26c8]
V  [jvm.dll+0x32ae6c]
V  [jvm.dll+0x32aef7]
V  [jvm.dll+0x370d3c]
V  [jvm.dll+0x36f4ee]
V  [jvm.dll+0x32a5c1]
V  [jvm.dll+0x36ebf0]
V  [jvm.dll+0x86f0b8]
V  [jvm.dll+0x870434]
V  [jvm.dll+0x870970]
V  [jvm.dll+0x870c03]
V  [jvm.dll+0x80eac8]
V  [jvm.dll+0x6d512d]
C  [ucrtbase.dll+0x37b0]
C  [KERNEL32.DLL+0x2e8d7]
C  [ntdll.dll+0x8d9c]

VM_Operation (0x00000017bdaf9c20): G1CollectForAllocation, mode: safepoint, requested by thread 0x00000176a3cc4820


---------------  P R O C E S S  ---------------

Threads class SMR info:
_java_thread_list=0x00000176a535c5c0, length=114, elements={
0x00000176f69983a0, 0x00000176fe21a360, 0x00000176fe22fbf0, 0x00000176fe232e00,
0x00000176fe245300, 0x00000176fe245d60, 0x00000176fe251880, 0x00000176fe252a80,
0x00000176fe264960, 0x00000176fe2426e0, 0x00000176fe593580, 0x00000176ff9c44a0,
0x00000176990b0800, 0x00000176991a7060, 0x00000176992dc150, 0x00000176992de220,
0x00000176992dd500, 0x00000176992def40, 0x00000176992dbac0, 0x000001769a61c1f0,
0x000001769a61cf10, 0x000001769a61a7b0, 0x000001769a61e2c0, 0x000001769a61ae40,
0x000001769a61c880, 0x000001769a61d5a0, 0x000001769a61dc30, 0x000001769a620390,
0x000001769b6c4ea0, 0x00000176a3297c90, 0x00000176a3298320, 0x00000176a329cb50,
0x00000176a7154670, 0x00000176a715ea80, 0x00000176a2c66bc0, 0x00000176a2c67f70,
0x00000176a2c6ba80, 0x00000176a2c6c7a0, 0x00000176a2c6db50, 0x00000176a2c6ce30,
0x00000176a2c6d4c0, 0x00000176a7153950, 0x00000176a7154d00, 0x00000176a7155390,
0x00000176a715dd60, 0x00000176a715af70, 0x00000176a71611e0, 0x00000176a7162590,
0x00000176a715f110, 0x00000176a7160b50, 0x00000176a715f7a0, 0x00000176a7162c20,
0x00000176a7164660, 0x00000176a7165380, 0x00000176a7165a10, 0x00000176a7166dc0,
0x00000176a7164cf0, 0x00000176a715c320, 0x00000176a715c9b0, 0x00000176a7161870,
0x00000176a7169520, 0x00000176a7167ae0, 0x00000176a7168170, 0x00000176a7168e90,
0x00000176a7169bb0, 0x00000176a716af60, 0x00000176a3f5a0d0, 0x00000176a3f58000,
0x00000176a3f5adf0, 0x00000176a3f5b480, 0x00000176a3f58690, 0x00000176a3f5ef90,
0x00000176a3f5dbe0, 0x00000176a3f5f620, 0x00000176a3f5c830, 0x00000176a3f5fcb0,
0x00000176a3f5d550, 0x00000176a3f5e270, 0x00000176a3f5cec0, 0x00000176a3f63130,
0x00000176a3f609d0, 0x00000176a3f637c0, 0x00000176a3f616f0, 0x00000176a3f644e0,
0x00000176a3f61060, 0x00000176a3f64b70, 0x00000176a3f65200, 0x00000176a3f61d80,
0x00000176a3f65890, 0x00000176a3f665b0, 0x00000176a3f66c40, 0x00000176a3cc20c0,
0x00000176a3cc13a0, 0x00000176a3cbec40, 0x00000176a3cc2750, 0x00000176a3cbf2d0,
0x00000176a3cc2de0, 0x00000176a3cbfff0, 0x00000176a3cbf960, 0x00000176a3cc0680,
0x00000176a3cc4820, 0x00000176a3cc5540, 0x00000176a3cc6f80, 0x00000176a3cbe5b0,
0x00000176a3cc4190, 0x000001769a581250, 0x000001769a585a80, 0x000001769a587b50,
0x000001769a5874c0, 0x000001769a5881e0, 0x000001769a588870, 0x00000176a3299d60,
0x00000176a329be30, 0x00000176a32996d0
}

Java Threads: ( => current thread )
  0x00000176f69983a0 JavaThread "main"                              [_thread_blocked, id=19848, stack(0x00000017b6200000,0x00000017b6300000) (1024K)]
  0x00000176fe21a360 JavaThread "Common-Cleaner"             daemon [_thread_blocked, id=8664, stack(0x00000017b6a00000,0x00000017b6b00000) (1024K)]
  0x00000176fe22fbf0 JavaThread "Reference Handler"          daemon [_thread_blocked, id=21968, stack(0x00000017b6b00000,0x00000017b6c00000) (1024K)]
  0x00000176fe232e00 JavaThread "Finalizer"                  daemon [_thread_blocked, id=12160, stack(0x00000017b6c00000,0x00000017b6d00000) (1024K)]
  0x00000176fe245300 JavaThread "Signal Dispatcher"          daemon [_thread_blocked, id=15864, stack(0x00000017b6d00000,0x00000017b6e00000) (1024K)]
  0x00000176fe245d60 JavaThread "Attach Listener"            daemon [_thread_blocked, id=20496, stack(0x00000017b6e00000,0x00000017b6f00000) (1024K)]
  0x00000176fe251880 JavaThread "Service Thread"             daemon [_thread_blocked, id=6628, stack(0x00000017b6f00000,0x00000017b7000000) (1024K)]
  0x00000176fe252a80 JavaThread "Monitor Deflation Thread"   daemon [_thread_blocked, id=21832, stack(0x00000017b7000000,0x00000017b7100000) (1024K)]
  0x00000176fe264960 JavaThread "C2 CompilerThread0"         daemon [_thread_blocked, id=9940, stack(0x00000017b7100000,0x00000017b7200000) (1024K)]
  0x00000176fe2426e0 JavaThread "C1 CompilerThread0"         daemon [_thread_blocked, id=9280, stack(0x00000017b7200000,0x00000017b7300000) (1024K)]
  0x00000176fe593580 JavaThread "Notification Thread"        daemon [_thread_blocked, id=16112, stack(0x00000017b7300000,0x00000017b7400000) (1024K)]
  0x00000176ff9c44a0 JavaThread "Daemon health stats"               [_thread_blocked, id=12740, stack(0x00000017b7900000,0x00000017b7a00000) (1024K)]
  0x00000176990b0800 JavaThread "Incoming local TCP Connector on port 59167"        [_thread_in_native, id=508, stack(0x00000017b7400000,0x00000017b7500000) (1024K)]
  0x00000176991a7060 JavaThread "Daemon periodic checks"            [_thread_blocked, id=10708, stack(0x00000017b7a00000,0x00000017b7b00000) (1024K)]
  0x00000176992dc150 JavaThread "Cache worker for journal cache (C:\Users\zs computer\.gradle\caches\journal-1)"        [_thread_blocked, id=2712, stack(0x00000017b8600000,0x00000017b8700000) (1024K)]
  0x00000176992de220 JavaThread "File lock request listener"        [_thread_in_native, id=15572, stack(0x00000017b8700000,0x00000017b8800000) (1024K)]
  0x00000176992dd500 JavaThread "Cache worker for file hash cache (C:\Users\zs computer\.gradle\caches\8.6\fileHashes)"        [_thread_blocked, id=2808, stack(0x00000017b8800000,0x00000017b8900000) (1024K)]
  0x00000176992def40 JavaThread "File watcher server"        daemon [_thread_blocked, id=25424, stack(0x00000017b8a00000,0x00000017b8b00000) (1024K)]
  0x00000176992dbac0 JavaThread "File watcher consumer"      daemon [_thread_blocked, id=18596, stack(0x00000017b8b00000,0x00000017b8c00000) (1024K)]
  0x000001769a61c1f0 JavaThread "jar transforms"                    [_thread_blocked, id=22016, stack(0x00000017b8c00000,0x00000017b8d00000) (1024K)]
  0x000001769a61cf10 JavaThread "jar transforms Thread 2"           [_thread_blocked, id=4244, stack(0x00000017b8d00000,0x00000017b8e00000) (1024K)]
  0x000001769a61a7b0 JavaThread "jar transforms Thread 3"           [_thread_blocked, id=19736, stack(0x00000017b8e00000,0x00000017b8f00000) (1024K)]
  0x000001769a61e2c0 JavaThread "jar transforms Thread 4"           [_thread_blocked, id=10028, stack(0x00000017b8f00000,0x00000017b9000000) (1024K)]
  0x000001769a61ae40 JavaThread "jar transforms Thread 5"           [_thread_blocked, id=19732, stack(0x00000017b9000000,0x00000017b9100000) (1024K)]
  0x000001769a61c880 JavaThread "jar transforms Thread 6"           [_thread_blocked, id=23816, stack(0x00000017b9100000,0x00000017b9200000) (1024K)]
  0x000001769a61d5a0 JavaThread "jar transforms Thread 7"           [_thread_blocked, id=21356, stack(0x00000017b9200000,0x00000017b9300000) (1024K)]
  0x000001769a61dc30 JavaThread "jar transforms Thread 8"           [_thread_blocked, id=18552, stack(0x00000017b9300000,0x00000017b9400000) (1024K)]
  0x000001769a620390 JavaThread "Cache worker for file content cache (C:\Users\zs computer\.gradle\caches\8.6\fileContent)"        [_thread_blocked, id=17284, stack(0x00000017b9800000,0x00000017b9900000) (1024K)]
  0x000001769b6c4ea0 JavaThread "Memory manager"                    [_thread_blocked, id=22520, stack(0x00000017bac00000,0x00000017bad00000) (1024K)]
  0x00000176a3297c90 JavaThread "RMI Scheduler(0)"           daemon [_thread_blocked, id=7560, stack(0x00000017bf600000,0x00000017bf700000) (1024K)]
  0x00000176a3298320 JavaThread "RMI TCP Accept-0"           daemon [_thread_in_native, id=26524, stack(0x00000017bf900000,0x00000017bfa00000) (1024K)]
  0x00000176a329cb50 JavaThread "Cache worker for Java compile cache (C:\Users\zs computer\.gradle\caches\8.6\javaCompile)"        [_thread_blocked, id=18504, stack(0x00000017bfd00000,0x00000017bfe00000) (1024K)]
  0x00000176a7154670 JavaThread "Daemon Thread 7"                   [_thread_blocked, id=16140, stack(0x00000017b5f00000,0x00000017b6000000) (1024K)]
  0x00000176a715ea80 JavaThread "Daemon worker Thread 6"            [_thread_blocked, id=12080, stack(0x00000017b7b00000,0x00000017b7c00000) (1024K)]
  0x00000176a2c66bc0 JavaThread "Handler for socket connection from /127.0.0.1:59167 to /127.0.0.1:56618"        [_thread_in_native, id=26156, stack(0x00000017b6000000,0x00000017b6100000) (1024K)]
  0x00000176a2c67f70 JavaThread "Cancel handler"                    [_thread_blocked, id=16104, stack(0x00000017b6100000,0x00000017b6200000) (1024K)]
  0x00000176a2c6ba80 JavaThread "Asynchronous log dispatcher for DefaultDaemonConnection: socket connection from /127.0.0.1:59167 to /127.0.0.1:56618"        [_thread_blocked, id=11316, stack(0x00000017b7c00000,0x00000017b7d00000) (1024K)]
  0x00000176a2c6c7a0 JavaThread "Daemon client event forwarder"        [_thread_blocked, id=2392, stack(0x00000017b7e00000,0x00000017b7f00000) (1024K)]
  0x00000176a2c6db50 JavaThread "Cache worker for file hash cache (D:\Terafort\All-Video-Downloader\.gradle\8.6\fileHashes)"        [_thread_blocked, id=23804, stack(0x00000017b7f00000,0x00000017b8000000) (1024K)]
  0x00000176a2c6ce30 JavaThread "Cache worker for checksums cache (D:\Terafort\All-Video-Downloader\.gradle\8.6\checksums)"        [_thread_blocked, id=24656, stack(0x00000017b8000000,0x00000017b8100000) (1024K)]
  0x00000176a2c6d4c0 JavaThread "Cache worker for cache directory md-supplier (C:\Users\zs computer\.gradle\caches\8.6\md-supplier)"        [_thread_blocked, id=19280, stack(0x00000017b8900000,0x00000017b8a00000) (1024K)]
  0x00000176a7153950 JavaThread "Cache worker for cache directory md-rule (C:\Users\zs computer\.gradle\caches\8.6\md-rule)"        [_thread_blocked, id=21300, stack(0x00000017b9500000,0x00000017b9600000) (1024K)]
  0x00000176a7154d00 JavaThread "Unconstrained build operations"        [_thread_blocked, id=23576, stack(0x00000017b9600000,0x00000017b9700000) (1024K)]
  0x00000176a7155390 JavaThread "Unconstrained build operations Thread 2"        [_thread_blocked, id=12388, stack(0x00000017b9700000,0x00000017b9800000) (1024K)]
  0x00000176a715dd60 JavaThread "Unconstrained build operations Thread 3"        [_thread_blocked, id=24384, stack(0x00000017b9900000,0x00000017b9a00000) (1024K)]
  0x00000176a715af70 JavaThread "Unconstrained build operations Thread 4"        [_thread_blocked, id=7596, stack(0x00000017b9a00000,0x00000017b9b00000) (1024K)]
  0x00000176a71611e0 JavaThread "Cache worker for Build Output Cleanup Cache (D:\Terafort\All-Video-Downloader\.gradle\buildOutputCleanup)"        [_thread_blocked, id=13868, stack(0x00000017b9c00000,0x00000017b9d00000) (1024K)]
  0x00000176a7162590 JavaThread "Unconstrained build operations Thread 5"        [_thread_blocked, id=7252, stack(0x00000017b9b00000,0x00000017b9c00000) (1024K)]
  0x00000176a715f110 JavaThread "Unconstrained build operations Thread 6"        [_thread_blocked, id=20596, stack(0x00000017b9e00000,0x00000017b9f00000) (1024K)]
  0x00000176a7160b50 JavaThread "Unconstrained build operations Thread 7"        [_thread_blocked, id=24456, stack(0x00000017b9f00000,0x00000017ba000000) (1024K)]
  0x00000176a715f7a0 JavaThread "Unconstrained build operations Thread 8"        [_thread_blocked, id=20420, stack(0x00000017ba000000,0x00000017ba100000) (1024K)]
  0x00000176a7162c20 JavaThread "Unconstrained build operations Thread 9"        [_thread_blocked, id=20632, stack(0x00000017ba100000,0x00000017ba200000) (1024K)]
  0x00000176a7164660 JavaThread "Unconstrained build operations Thread 10"        [_thread_blocked, id=4724, stack(0x00000017ba200000,0x00000017ba300000) (1024K)]
  0x00000176a7165380 JavaThread "Unconstrained build operations Thread 11"        [_thread_blocked, id=24484, stack(0x00000017ba300000,0x00000017ba400000) (1024K)]
  0x00000176a7165a10 JavaThread "Configuration cache report writer"        [_thread_blocked, id=21396, stack(0x00000017ba400000,0x00000017ba500000) (1024K)]
  0x00000176a7166dc0 JavaThread "build event listener"              [_thread_blocked, id=5632, stack(0x00000017ba500000,0x00000017ba600000) (1024K)]
  0x00000176a7164cf0 JavaThread "build event listener"              [_thread_blocked, id=24560, stack(0x00000017ba600000,0x00000017ba700000) (1024K)]
  0x00000176a715c320 JavaThread "Unconstrained build operations Thread 12"        [_thread_blocked, id=19436, stack(0x00000017ba800000,0x00000017ba900000) (1024K)]
  0x00000176a715c9b0 JavaThread "Unconstrained build operations Thread 13"        [_thread_blocked, id=19540, stack(0x00000017ba900000,0x00000017baa00000) (1024K)]
  0x00000176a7161870 JavaThread "Unconstrained build operations Thread 14"        [_thread_blocked, id=16556, stack(0x00000017baa00000,0x00000017bab00000) (1024K)]
  0x00000176a7169520 JavaThread "Unconstrained build operations Thread 15"        [_thread_blocked, id=15116, stack(0x00000017bad00000,0x00000017bae00000) (1024K)]
  0x00000176a7167ae0 JavaThread "Unconstrained build operations Thread 16"        [_thread_blocked, id=24224, stack(0x00000017bae00000,0x00000017baf00000) (1024K)]
  0x00000176a7168170 JavaThread "Unconstrained build operations Thread 17"        [_thread_blocked, id=24828, stack(0x00000017baf00000,0x00000017bb000000) (1024K)]
  0x00000176a7168e90 JavaThread "Unconstrained build operations Thread 18"        [_thread_blocked, id=19420, stack(0x00000017bb000000,0x00000017bb100000) (1024K)]
  0x00000176a7169bb0 JavaThread "Unconstrained build operations Thread 19"        [_thread_blocked, id=23072, stack(0x00000017bb100000,0x00000017bb200000) (1024K)]
  0x00000176a716af60 JavaThread "Unconstrained build operations Thread 20"        [_thread_blocked, id=19784, stack(0x00000017bb200000,0x00000017bb300000) (1024K)]
  0x00000176a3f5a0d0 JavaThread "Unconstrained build operations Thread 21"        [_thread_blocked, id=25580, stack(0x00000017bb300000,0x00000017bb400000) (1024K)]
  0x00000176a3f58000 JavaThread "Unconstrained build operations Thread 22"        [_thread_blocked, id=21960, stack(0x00000017bb400000,0x00000017bb500000) (1024K)]
  0x00000176a3f5adf0 JavaThread "Unconstrained build operations Thread 23"        [_thread_blocked, id=20600, stack(0x00000017bb500000,0x00000017bb600000) (1024K)]
  0x00000176a3f5b480 JavaThread "Unconstrained build operations Thread 24"        [_thread_blocked, id=6348, stack(0x00000017bb600000,0x00000017bb700000) (1024K)]
  0x00000176a3f58690 JavaThread "Unconstrained build operations Thread 25"        [_thread_blocked, id=9696, stack(0x00000017bb900000,0x00000017bba00000) (1024K)]
  0x00000176a3f5ef90 JavaThread "Unconstrained build operations Thread 26"        [_thread_blocked, id=21820, stack(0x00000017bbe00000,0x00000017bbf00000) (1024K)]
  0x00000176a3f5dbe0 JavaThread "Unconstrained build operations Thread 27"        [_thread_blocked, id=16156, stack(0x00000017bbf00000,0x00000017bc000000) (1024K)]
  0x00000176a3f5f620 JavaThread "Unconstrained build operations Thread 28"        [_thread_blocked, id=24824, stack(0x00000017bc000000,0x00000017bc100000) (1024K)]
  0x00000176a3f5c830 JavaThread "Unconstrained build operations Thread 29"        [_thread_blocked, id=22884, stack(0x00000017bc100000,0x00000017bc200000) (1024K)]
  0x00000176a3f5fcb0 JavaThread "Unconstrained build operations Thread 30"        [_thread_blocked, id=17232, stack(0x00000017bc200000,0x00000017bc300000) (1024K)]
  0x00000176a3f5d550 JavaThread "Unconstrained build operations Thread 31"        [_thread_blocked, id=13940, stack(0x00000017bc400000,0x00000017bc500000) (1024K)]
  0x00000176a3f5e270 JavaThread "Unconstrained build operations Thread 32"        [_thread_blocked, id=21752, stack(0x00000017bc500000,0x00000017bc600000) (1024K)]
  0x00000176a3f5cec0 JavaThread "Unconstrained build operations Thread 33"        [_thread_blocked, id=1644, stack(0x00000017bc600000,0x00000017bc700000) (1024K)]
  0x00000176a3f63130 JavaThread "Unconstrained build operations Thread 34"        [_thread_blocked, id=19976, stack(0x00000017bc700000,0x00000017bc800000) (1024K)]
  0x00000176a3f609d0 JavaThread "Unconstrained build operations Thread 35"        [_thread_blocked, id=17560, stack(0x00000017bc800000,0x00000017bc900000) (1024K)]
  0x00000176a3f637c0 JavaThread "Unconstrained build operations Thread 36"        [_thread_blocked, id=23220, stack(0x00000017bc900000,0x00000017bca00000) (1024K)]
  0x00000176a3f616f0 JavaThread "Unconstrained build operations Thread 37"        [_thread_blocked, id=21848, stack(0x00000017bca00000,0x00000017bcb00000) (1024K)]
  0x00000176a3f644e0 JavaThread "Unconstrained build operations Thread 38"        [_thread_blocked, id=25044, stack(0x00000017bcb00000,0x00000017bcc00000) (1024K)]
  0x00000176a3f61060 JavaThread "Unconstrained build operations Thread 39"        [_thread_blocked, id=21152, stack(0x00000017bcc00000,0x00000017bcd00000) (1024K)]
  0x00000176a3f64b70 JavaThread "Unconstrained build operations Thread 40"        [_thread_blocked, id=10076, stack(0x00000017bcd00000,0x00000017bce00000) (1024K)]
  0x00000176a3f65200 JavaThread "Unconstrained build operations Thread 41"        [_thread_blocked, id=21232, stack(0x00000017bce00000,0x00000017bcf00000) (1024K)]
  0x00000176a3f61d80 JavaThread "Unconstrained build operations Thread 42"        [_thread_blocked, id=18064, stack(0x00000017bcf00000,0x00000017bd000000) (1024K)]
  0x00000176a3f65890 JavaThread "Unconstrained build operations Thread 43"        [_thread_blocked, id=19708, stack(0x00000017bd000000,0x00000017bd100000) (1024K)]
  0x00000176a3f665b0 JavaThread "Unconstrained build operations Thread 44"        [_thread_blocked, id=9372, stack(0x00000017bd100000,0x00000017bd200000) (1024K)]
  0x00000176a3f66c40 JavaThread "Unconstrained build operations Thread 45"        [_thread_blocked, id=1292, stack(0x00000017bd200000,0x00000017bd300000) (1024K)]
  0x00000176a3cc20c0 JavaThread "Unconstrained build operations Thread 46"        [_thread_blocked, id=9772, stack(0x00000017bd300000,0x00000017bd400000) (1024K)]
  0x00000176a3cc13a0 JavaThread "Unconstrained build operations Thread 47"        [_thread_blocked, id=7872, stack(0x00000017bd400000,0x00000017bd500000) (1024K)]
  0x00000176a3cbec40 JavaThread "Unconstrained build operations Thread 48"        [_thread_blocked, id=14968, stack(0x00000017bd500000,0x00000017bd600000) (1024K)]
  0x00000176a3cc2750 JavaThread "included builds"                   [_thread_blocked, id=19688, stack(0x00000017b8100000,0x00000017b8200000) (1024K)]
  0x00000176a3cbf2d0 JavaThread "Execution worker"                  [_thread_blocked, id=19212, stack(0x00000017bc300000,0x00000017bc400000) (1024K)]
  0x00000176a3cc2de0 JavaThread "Execution worker Thread 2"         [_thread_blocked, id=2680, stack(0x00000017bd600000,0x00000017bd700000) (1024K)]
  0x00000176a3cbfff0 JavaThread "Execution worker Thread 3"         [_thread_blocked, id=23380, stack(0x00000017bd700000,0x00000017bd800000) (1024K)]
  0x00000176a3cbf960 JavaThread "Execution worker Thread 4"         [_thread_blocked, id=16992, stack(0x00000017bd800000,0x00000017bd900000) (1024K)]
  0x00000176a3cc0680 JavaThread "Execution worker Thread 5"         [_thread_blocked, id=6180, stack(0x00000017bd900000,0x00000017bda00000) (1024K)]
  0x00000176a3cc4820 JavaThread "Execution worker Thread 6"         [_thread_blocked, id=24612, stack(0x00000017bda00000,0x00000017bdb00000) (1024K)]
  0x00000176a3cc5540 JavaThread "Execution worker Thread 7"         [_thread_blocked, id=2948, stack(0x00000017bdb00000,0x00000017bdc00000) (1024K)]
  0x00000176a3cc6f80 JavaThread "Cache worker for execution history cache (D:\Terafort\All-Video-Downloader\.gradle\8.6\executionHistory)"        [_thread_blocked, id=8764, stack(0x00000017bdc00000,0x00000017bdd00000) (1024K)]
  0x00000176a3cbe5b0 JavaThread "WorkerExecutor Queue"              [_thread_blocked, id=13144, stack(0x00000017bde00000,0x00000017bdf00000) (1024K)]
  0x00000176a3cc4190 JavaThread "WorkerExecutor Queue Thread 2"        [_thread_blocked, id=6956, stack(0x00000017bdf00000,0x00000017be000000) (1024K)]
  0x000001769a581250 JavaThread "WorkerExecutor Queue Thread 3"        [_thread_blocked, id=25952, stack(0x00000017be000000,0x00000017be100000) (1024K)]
  0x000001769a585a80 JavaThread "WorkerExecutor Queue Thread 4"        [_thread_blocked, id=26528, stack(0x00000017be100000,0x00000017be200000) (1024K)]
  0x000001769a587b50 JavaThread "WorkerExecutor Queue Thread 5"        [_thread_blocked, id=13248, stack(0x00000017be500000,0x00000017be600000) (1024K)]
  0x000001769a5874c0 JavaThread "Unconstrained build operations Thread 49"        [_thread_blocked, id=18196, stack(0x00000017be600000,0x00000017be700000) (1024K)]
  0x000001769a5881e0 JavaThread "Unconstrained build operations Thread 50"        [_thread_blocked, id=17148, stack(0x00000017bab00000,0x00000017bac00000) (1024K)]
  0x000001769a588870 JavaThread "WorkerExecutor Queue Thread 6"        [_thread_blocked, id=18388, stack(0x00000017be700000,0x00000017be800000) (1024K)]
  0x00000176a3299d60 JavaThread "RMI TCP Connection(idle)"   daemon [_thread_blocked, id=18540, stack(0x00000017ba700000,0x00000017ba800000) (1024K)]
  0x00000176a329be30 JavaThread "WorkerExecutor Queue Thread 7"        [_thread_blocked, id=20668, stack(0x00000017bb700000,0x00000017bb800000) (1024K)]
  0x00000176a32996d0 JavaThread "WorkerExecutor Queue Thread 8"        [_thread_blocked, id=7912, stack(0x00000017b7d00000,0x00000017b7e00000) (1024K)]
Total: 114

Other Threads:
=>0x00000176fe068d00 VMThread "VM Thread"                           [id=17368, stack(0x00000017b6900000,0x00000017b6a00000) (1024K)]
  0x00000176fe0040d0 WatcherThread "VM Periodic Task Thread"        [id=21712, stack(0x00000017b6800000,0x00000017b6900000) (1024K)]
  0x00000176f6a208f0 WorkerThread "GC Thread#0"                     [id=17128, stack(0x00000017b6300000,0x00000017b6400000) (1024K)]
  0x00000176fefc4b90 WorkerThread "GC Thread#1"                     [id=17652, stack(0x00000017b7500000,0x00000017b7600000) (1024K)]
  0x00000176fef2c7d0 WorkerThread "GC Thread#2"                     [id=3424, stack(0x00000017b7600000,0x00000017b7700000) (1024K)]
  0x00000176fef2a3c0 WorkerThread "GC Thread#3"                     [id=17088, stack(0x00000017b7700000,0x00000017b7800000) (1024K)]
  0x00000176ff057c70 WorkerThread "GC Thread#4"                     [id=11220, stack(0x00000017b7800000,0x00000017b7900000) (1024K)]
  0x00000176fe7b2d00 WorkerThread "GC Thread#5"                     [id=2008, stack(0x00000017b8200000,0x00000017b8300000) (1024K)]
  0x00000176fe7b30a0 WorkerThread "GC Thread#6"                     [id=25252, stack(0x00000017b8300000,0x00000017b8400000) (1024K)]
  0x00000176fe7b3440 WorkerThread "GC Thread#7"                     [id=23260, stack(0x00000017b8400000,0x00000017b8500000) (1024K)]
  0x00000176f6a2d7e0 ConcurrentGCThread "G1 Main Marker"            [id=1844, stack(0x00000017b6400000,0x00000017b6500000) (1024K)]
  0x00000176f6a2e1f0 WorkerThread "G1 Conc#0"                       [id=1228, stack(0x00000017b6500000,0x00000017b6600000) (1024K)]
  0x00000176fe9af7c0 WorkerThread "G1 Conc#1"                       [id=21932, stack(0x00000017b8500000,0x00000017b8600000) (1024K)]
  0x00000176fded0a90 ConcurrentGCThread "G1 Refine#0"               [id=17188, stack(0x00000017b6600000,0x00000017b6700000) (1024K)]
  0x00000176fdeda360 ConcurrentGCThread "G1 Service"                [id=20084, stack(0x00000017b6700000,0x00000017b6800000) (1024K)]
Total: 15

Threads with active compile tasks:
Total: 0

VM state: at safepoint (normal execution)

VM Mutex/Monitor currently owned by a thread:  ([mutex/lock_event])
[0x00007ffe489e85b8] Threads_lock - owner thread: 0x00000176fe068d00
[0x00007ffe489e86b8] Heap_lock - owner thread: 0x00000176a3cc4820

Heap address: 0x0000000680000000, size: 6144 MB, Compressed Oops mode: Zero based, Oop shift amount: 3

CDS archive(s) not mapped
Compressed class space mapped at: 0x0000000800000000-0x0000000840000000, reserved size: 1073741824
Narrow klass base: 0x0000000800000000, Narrow klass shift: 0, Narrow klass range: 0x40000000

GC Precious Log:
 CardTable entry size: 512
 Card Set container configuration: InlinePtr #cards 4 size 8 Array Of Cards #cards 32 size 80 Howl #buckets 8 coarsen threshold 7372 Howl Bitmap #cards 1024 size 144 coarsen threshold 921 Card regions per heap region 1 cards per card region 8192
 CPUs: 8 total, 8 available
 Memory: 8031M
 Large Page Support: Disabled
 NUMA Support: Disabled
 Compressed Oops: Enabled (Zero based)
 Heap Region Size: 4M
 Heap Min Capacity: 8M
 Heap Initial Capacity: 128M
 Heap Max Capacity: 6G
 Pre-touch: Disabled
 Parallel Workers: 8
 Concurrent Workers: 2
 Concurrent Refinement Workers: 8
 Periodic GC: Disabled

Heap:
 garbage-first heap   total 3014656K, used 675519K [0x0000000680000000, 0x0000000800000000)
  region size 4096K, 4 young (16384K), 4 survivors (16384K)
 Metaspace       used 270634K, committed 273280K, reserved 1310720K
  class space    used 34761K, committed 36096K, reserved 1048576K

Heap Regions: E=young(eden), S=young(survivor), O=old, HS=humongous(starts), HC=humongous(continues), CS=collection set, F=free, TAMS=top-at-mark-start, PB=parsable bottom
|   0|0x0000000680000000, 0x0000000680400000, 0x0000000680400000|100%|HS|  |TAMS 0x0000000680400000| PB 0x0000000680000000| Complete 
|   1|0x0000000680400000, 0x0000000680800000, 0x0000000680800000|100%| O|  |TAMS 0x0000000680800000| PB 0x0000000680400000| Untracked 
|   2|0x0000000680800000, 0x0000000680c00000, 0x0000000680c00000|100%| O|  |TAMS 0x0000000680c00000| PB 0x0000000680800000| Untracked 
|   3|0x0000000680c00000, 0x0000000681000000, 0x0000000681000000|100%| O|  |TAMS 0x0000000681000000| PB 0x0000000680c00000| Untracked 
|   4|0x0000000681000000, 0x0000000681400000, 0x0000000681400000|100%| O|  |TAMS 0x0000000681400000| PB 0x0000000681000000| Untracked 
|   5|0x0000000681400000, 0x0000000681800000, 0x0000000681800000|100%|HS|  |TAMS 0x0000000681800000| PB 0x0000000681400000| Complete 
|   6|0x0000000681800000, 0x0000000681c00000, 0x0000000681c00000|100%|HC|  |TAMS 0x0000000681c00000| PB 0x0000000681800000| Complete 
|   7|0x0000000681c00000, 0x0000000682000000, 0x0000000682000000|100%|HS|  |TAMS 0x0000000682000000| PB 0x0000000681c00000| Complete 
|   8|0x0000000682000000, 0x0000000682400000, 0x0000000682400000|100%|HS|  |TAMS 0x0000000682400000| PB 0x0000000682000000| Complete 
|   9|0x0000000682400000, 0x0000000682800000, 0x0000000682800000|100%|HC|  |TAMS 0x0000000682800000| PB 0x0000000682400000| Complete 
|  10|0x0000000682800000, 0x0000000682c00000, 0x0000000682c00000|100%|HS|  |TAMS 0x0000000682c00000| PB 0x0000000682800000| Complete 
|  11|0x0000000682c00000, 0x0000000683000000, 0x0000000683000000|100%| O|  |TAMS 0x0000000683000000| PB 0x0000000682c00000| Updating 
|  12|0x0000000683000000, 0x0000000683400000, 0x0000000683400000|100%| O|  |TAMS 0x0000000683400000| PB 0x0000000683000000| Updating 
|  13|0x0000000683400000, 0x0000000683800000, 0x0000000683800000|100%| O|  |TAMS 0x0000000683800000| PB 0x0000000683400000| Updating 
|  14|0x0000000683800000, 0x0000000683c00000, 0x0000000683c00000|100%| O|  |TAMS 0x0000000683c00000| PB 0x0000000683800000| Untracked 
|  15|0x0000000683c00000, 0x0000000684000000, 0x0000000684000000|100%| O|  |TAMS 0x0000000684000000| PB 0x0000000683c00000| Updating 
|  16|0x0000000684000000, 0x0000000684400000, 0x0000000684400000|100%| O|  |TAMS 0x0000000684400000| PB 0x0000000684000000| Updating 
|  17|0x0000000684400000, 0x0000000684800000, 0x0000000684800000|100%|HS|  |TAMS 0x0000000684800000| PB 0x0000000684400000| Complete 
|  18|0x0000000684800000, 0x0000000684c00000, 0x0000000684c00000|100%|HC|  |TAMS 0x0000000684c00000| PB 0x0000000684800000| Complete 
|  19|0x0000000684c00000, 0x0000000685000000, 0x0000000685000000|100%| O|  |TAMS 0x0000000685000000| PB 0x0000000684c00000| Updating 
|  20|0x0000000685000000, 0x0000000685400000, 0x0000000685400000|100%|HS|  |TAMS 0x0000000685400000| PB 0x0000000685000000| Complete 
|  21|0x0000000685400000, 0x0000000685800000, 0x0000000685800000|100%|HC|  |TAMS 0x0000000685800000| PB 0x0000000685400000| Complete 
|  22|0x0000000685800000, 0x0000000685c00000, 0x0000000685c00000|100%| O|  |TAMS 0x0000000685c00000| PB 0x0000000685800000| Updating 
|  23|0x0000000685c00000, 0x0000000686000000, 0x0000000686000000|100%| O|  |TAMS 0x0000000686000000| PB 0x0000000685c00000| Updating 
|  24|0x0000000686000000, 0x0000000686400000, 0x0000000686400000|100%| O|  |TAMS 0x0000000686400000| PB 0x0000000686000000| Updating 
|  25|0x0000000686400000, 0x0000000686800000, 0x0000000686800000|100%|HS|  |TAMS 0x0000000686800000| PB 0x0000000686400000| Complete 
|  26|0x0000000686800000, 0x0000000686c00000, 0x0000000686c00000|100%| O|  |TAMS 0x0000000686c00000| PB 0x0000000686800000| Updating 
|  27|0x0000000686c00000, 0x0000000687000000, 0x0000000687000000|100%| O|  |TAMS 0x0000000687000000| PB 0x0000000686c00000| Updating 
|  28|0x0000000687000000, 0x0000000687400000, 0x0000000687400000|100%| O|  |TAMS 0x0000000687400000| PB 0x0000000687000000| Updating 
|  29|0x0000000687400000, 0x0000000687800000, 0x0000000687800000|100%| O|  |TAMS 0x0000000687800000| PB 0x0000000687400000| Updating 
|  30|0x0000000687800000, 0x0000000687c00000, 0x0000000687c00000|100%| O|  |TAMS 0x0000000687c00000| PB 0x0000000687800000| Updating 
|  31|0x0000000687c00000, 0x0000000688000000, 0x0000000688000000|100%|HS|  |TAMS 0x0000000688000000| PB 0x0000000687c00000| Complete 
|  32|0x0000000688000000, 0x0000000688400000, 0x0000000688400000|100%| O|  |TAMS 0x0000000688400000| PB 0x0000000688000000| Updating 
|  33|0x0000000688400000, 0x0000000688800000, 0x0000000688800000|100%| O|  |TAMS 0x0000000688800000| PB 0x0000000688400000| Updating 
|  34|0x0000000688800000, 0x0000000688c00000, 0x0000000688c00000|100%| O|  |TAMS 0x0000000688c00000| PB 0x0000000688800000| Updating 
|  35|0x0000000688c00000, 0x0000000689000000, 0x0000000689000000|100%| O|  |TAMS 0x0000000689000000| PB 0x0000000688c00000| Updating 
|  36|0x0000000689000000, 0x0000000689400000, 0x0000000689400000|100%| O|  |TAMS 0x0000000689400000| PB 0x0000000689000000| Untracked 
|  37|0x0000000689400000, 0x0000000689800000, 0x0000000689800000|100%| O|  |TAMS 0x0000000689800000| PB 0x0000000689400000| Updating 
|  38|0x0000000689800000, 0x0000000689c00000, 0x0000000689c00000|100%| O|  |TAMS 0x0000000689c00000| PB 0x0000000689800000| Updating 
|  39|0x0000000689c00000, 0x000000068a000000, 0x000000068a000000|100%| O|  |TAMS 0x000000068a000000| PB 0x0000000689c00000| Updating 
|  40|0x000000068a000000, 0x000000068a400000, 0x000000068a400000|100%| O|  |TAMS 0x000000068a400000| PB 0x000000068a000000| Updating 
|  41|0x000000068a400000, 0x000000068a800000, 0x000000068a800000|100%| O|  |TAMS 0x000000068a400000| PB 0x000000068a400000| Untracked 
|  42|0x000000068a800000, 0x000000068ac00000, 0x000000068ac00000|100%| O|  |TAMS 0x000000068ac00000| PB 0x000000068a800000| Updating 
|  43|0x000000068ac00000, 0x000000068b000000, 0x000000068b000000|100%| O|  |TAMS 0x000000068b000000| PB 0x000000068ac00000| Updating 
|  44|0x000000068b000000, 0x000000068b400000, 0x000000068b400000|100%| O|  |TAMS 0x000000068b400000| PB 0x000000068b000000| Untracked 
|  45|0x000000068b400000, 0x000000068b800000, 0x000000068b800000|100%| O|  |TAMS 0x000000068b800000| PB 0x000000068b400000| Updating 
|  46|0x000000068b800000, 0x000000068bc00000, 0x000000068bc00000|100%| O|  |TAMS 0x000000068bc00000| PB 0x000000068b800000| Updating 
|  47|0x000000068bc00000, 0x000000068c000000, 0x000000068c000000|100%| O|  |TAMS 0x000000068c000000| PB 0x000000068bc00000| Updating 
|  48|0x000000068c000000, 0x000000068c400000, 0x000000068c400000|100%| O|  |TAMS 0x000000068c400000| PB 0x000000068c000000| Untracked 
|  49|0x000000068c400000, 0x000000068c800000, 0x000000068c800000|100%| O|  |TAMS 0x000000068c800000| PB 0x000000068c400000| Updating 
|  50|0x000000068c800000, 0x000000068cc00000, 0x000000068cc00000|100%| O|  |TAMS 0x000000068cc00000| PB 0x000000068c800000| Updating 
|  51|0x000000068cc00000, 0x000000068d000000, 0x000000068d000000|100%| O|  |TAMS 0x000000068d000000| PB 0x000000068cc00000| Updating 
|  52|0x000000068d000000, 0x000000068d400000, 0x000000068d400000|100%| O|  |TAMS 0x000000068d400000| PB 0x000000068d000000| Updating 
|  53|0x000000068d400000, 0x000000068d800000, 0x000000068d800000|100%| O|  |TAMS 0x000000068d800000| PB 0x000000068d400000| Updating 
|  54|0x000000068d800000, 0x000000068dc00000, 0x000000068dc00000|100%| O|  |TAMS 0x000000068dc00000| PB 0x000000068d800000| Updating 
|  55|0x000000068dc00000, 0x000000068e000000, 0x000000068e000000|100%| O|  |TAMS 0x000000068e000000| PB 0x000000068dc00000| Untracked 
|  56|0x000000068e000000, 0x000000068e400000, 0x000000068e400000|100%| O|  |TAMS 0x000000068e400000| PB 0x000000068e000000| Updating 
|  57|0x000000068e400000, 0x000000068e800000, 0x000000068e800000|100%| O|  |TAMS 0x000000068e800000| PB 0x000000068e400000| Untracked 
|  58|0x000000068e800000, 0x000000068ec00000, 0x000000068ec00000|100%| O|  |TAMS 0x000000068ec00000| PB 0x000000068e800000| Updating 
|  59|0x000000068ec00000, 0x000000068f000000, 0x000000068f000000|100%| O|  |TAMS 0x000000068f000000| PB 0x000000068ec00000| Updating 
|  60|0x000000068f000000, 0x000000068f400000, 0x000000068f400000|100%| O|  |TAMS 0x000000068f400000| PB 0x000000068f000000| Updating 
|  61|0x000000068f400000, 0x000000068f800000, 0x000000068f800000|100%| O|  |TAMS 0x000000068f800000| PB 0x000000068f400000| Updating 
|  62|0x000000068f800000, 0x000000068fc00000, 0x000000068fc00000|100%| O|  |TAMS 0x000000068fc00000| PB 0x000000068f800000| Untracked 
|  63|0x000000068fc00000, 0x0000000690000000, 0x0000000690000000|100%| O|  |TAMS 0x0000000690000000| PB 0x000000068fc00000| Untracked 
|  64|0x0000000690000000, 0x0000000690400000, 0x0000000690400000|100%| O|  |TAMS 0x0000000690400000| PB 0x0000000690000000| Updating 
|  65|0x0000000690400000, 0x0000000690800000, 0x0000000690800000|100%| O|  |TAMS 0x0000000690800000| PB 0x0000000690400000| Updating 
|  66|0x0000000690800000, 0x0000000690c00000, 0x0000000690c00000|100%| O|  |TAMS 0x0000000690c00000| PB 0x0000000690800000| Updating 
|  67|0x0000000690c00000, 0x0000000691000000, 0x0000000691000000|100%| O|  |TAMS 0x0000000691000000| PB 0x0000000690c00000| Untracked 
|  68|0x0000000691000000, 0x0000000691400000, 0x0000000691400000|100%| O|  |TAMS 0x0000000691400000| PB 0x0000000691000000| Updating 
|  69|0x0000000691400000, 0x0000000691800000, 0x0000000691800000|100%| O|  |TAMS 0x0000000691800000| PB 0x0000000691400000| Untracked 
|  70|0x0000000691800000, 0x0000000691c00000, 0x0000000691c00000|100%| O|  |TAMS 0x0000000691c00000| PB 0x0000000691800000| Untracked 
|  71|0x0000000691c00000, 0x0000000692000000, 0x0000000692000000|100%| O|  |TAMS 0x0000000692000000| PB 0x0000000691c00000| Updating 
|  72|0x0000000692000000, 0x0000000692400000, 0x0000000692400000|100%| O|  |TAMS 0x0000000692400000| PB 0x0000000692000000| Updating 
|  73|0x0000000692400000, 0x0000000692800000, 0x0000000692800000|100%| O|  |TAMS 0x0000000692800000| PB 0x0000000692400000| Updating 
|  74|0x0000000692800000, 0x0000000692c00000, 0x0000000692c00000|100%| O|  |TAMS 0x0000000692c00000| PB 0x0000000692800000| Updating 
|  75|0x0000000692c00000, 0x0000000693000000, 0x0000000693000000|100%| O|  |TAMS 0x0000000693000000| PB 0x0000000692c00000| Updating 
|  76|0x0000000693000000, 0x0000000693400000, 0x0000000693400000|100%| O|  |TAMS 0x0000000693000000| PB 0x0000000693000000| Untracked 
|  77|0x0000000693400000, 0x0000000693800000, 0x0000000693800000|100%| O|  |TAMS 0x0000000693800000| PB 0x0000000693400000| Untracked 
|  78|0x0000000693800000, 0x0000000693c00000, 0x0000000693c00000|100%| O|  |TAMS 0x0000000693c00000| PB 0x0000000693800000| Updating 
|  79|0x0000000693c00000, 0x0000000694000000, 0x0000000694000000|100%| O|  |TAMS 0x0000000694000000| PB 0x0000000693c00000| Untracked 
|  80|0x0000000694000000, 0x0000000694400000, 0x0000000694400000|100%| O|  |TAMS 0x0000000694400000| PB 0x0000000694000000| Updating 
|  81|0x0000000694400000, 0x0000000694800000, 0x0000000694800000|100%| O|  |TAMS 0x0000000694800000| PB 0x0000000694400000| Untracked 
|  82|0x0000000694800000, 0x0000000694c00000, 0x0000000694c00000|100%| O|  |TAMS 0x0000000694c00000| PB 0x0000000694800000| Updating 
|  83|0x0000000694c00000, 0x0000000695000000, 0x0000000695000000|100%| O|  |TAMS 0x0000000695000000| PB 0x0000000694c00000| Updating 
|  84|0x0000000695000000, 0x0000000695400000, 0x0000000695400000|100%| O|  |TAMS 0x0000000695400000| PB 0x0000000695000000| Updating 
|  85|0x0000000695400000, 0x0000000695800000, 0x0000000695800000|100%| O|  |TAMS 0x0000000695800000| PB 0x0000000695400000| Updating 
|  86|0x0000000695800000, 0x0000000695c00000, 0x0000000695c00000|100%| O|  |TAMS 0x0000000695c00000| PB 0x0000000695800000| Updating 
|  87|0x0000000695c00000, 0x0000000696000000, 0x0000000696000000|100%| O|  |TAMS 0x0000000696000000| PB 0x0000000695c00000| Updating 
|  88|0x0000000696000000, 0x0000000696400000, 0x0000000696400000|100%| O|  |TAMS 0x0000000696400000| PB 0x0000000696000000| Updating 
|  89|0x0000000696400000, 0x0000000696800000, 0x0000000696800000|100%| O|  |TAMS 0x0000000696800000| PB 0x0000000696400000| Updating 
|  90|0x0000000696800000, 0x0000000696c00000, 0x0000000696c00000|100%| O|  |TAMS 0x0000000696c00000| PB 0x0000000696800000| Updating 
|  91|0x0000000696c00000, 0x0000000697000000, 0x0000000697000000|100%| O|  |TAMS 0x0000000697000000| PB 0x0000000696c00000| Updating 
|  92|0x0000000697000000, 0x0000000697400000, 0x0000000697400000|100%| O|  |TAMS 0x0000000697400000| PB 0x0000000697000000| Updating 
|  93|0x0000000697400000, 0x0000000697800000, 0x0000000697800000|100%| O|  |TAMS 0x0000000697800000| PB 0x0000000697400000| Updating 
|  94|0x0000000697800000, 0x0000000697c00000, 0x0000000697c00000|100%| O|  |TAMS 0x0000000697c00000| PB 0x0000000697800000| Updating 
|  95|0x0000000697c00000, 0x0000000698000000, 0x0000000698000000|100%| O|  |TAMS 0x0000000698000000| PB 0x0000000697c00000| Untracked 
|  96|0x0000000698000000, 0x0000000698400000, 0x0000000698400000|100%| O|  |TAMS 0x0000000698400000| PB 0x0000000698000000| Untracked 
|  97|0x0000000698400000, 0x0000000698800000, 0x0000000698800000|100%| O|  |TAMS 0x0000000698800000| PB 0x0000000698400000| Updating 
|  98|0x0000000698800000, 0x0000000698c00000, 0x0000000698c00000|100%| O|  |TAMS 0x0000000698c00000| PB 0x0000000698800000| Updating 
|  99|0x0000000698c00000, 0x0000000699000000, 0x0000000699000000|100%| O|  |TAMS 0x0000000699000000| PB 0x0000000698c00000| Updating 
| 100|0x0000000699000000, 0x0000000699400000, 0x0000000699400000|100%| O|  |TAMS 0x0000000699400000| PB 0x0000000699000000| Updating 
| 101|0x0000000699400000, 0x0000000699800000, 0x0000000699800000|100%| O|  |TAMS 0x0000000699800000| PB 0x0000000699400000| Untracked 
| 102|0x0000000699800000, 0x0000000699c00000, 0x0000000699c00000|100%| O|  |TAMS 0x0000000699800000| PB 0x0000000699800000| Untracked 
| 103|0x0000000699c00000, 0x000000069a000000, 0x000000069a000000|100%| O|  |TAMS 0x000000069a000000| PB 0x0000000699c00000| Untracked 
| 104|0x000000069a000000, 0x000000069a400000, 0x000000069a400000|100%| O|  |TAMS 0x000000069a400000| PB 0x000000069a000000| Updating 
| 105|0x000000069a400000, 0x000000069a800000, 0x000000069a800000|100%| O|  |TAMS 0x000000069a800000| PB 0x000000069a400000| Untracked 
| 106|0x000000069a800000, 0x000000069ac00000, 0x000000069ac00000|100%| O|  |TAMS 0x000000069ac00000| PB 0x000000069a800000| Updating 
| 107|0x000000069ac00000, 0x000000069b000000, 0x000000069b000000|100%| O|  |TAMS 0x000000069b000000| PB 0x000000069b000000| Untracked 
| 108|0x000000069b000000, 0x000000069b400000, 0x000000069b400000|100%| O|  |TAMS 0x000000069b400000| PB 0x000000069b000000| Updating 
| 109|0x000000069b400000, 0x000000069b800000, 0x000000069b800000|100%| O|  |TAMS 0x000000069b800000| PB 0x000000069b800000| Untracked 
| 110|0x000000069b800000, 0x000000069bc00000, 0x000000069bc00000|100%| O|  |TAMS 0x000000069bc00000| PB 0x000000069bc00000| Untracked 
| 111|0x000000069bc00000, 0x000000069c000000, 0x000000069c000000|100%| O|  |TAMS 0x000000069c000000| PB 0x000000069c000000| Updating 
| 112|0x000000069c000000, 0x000000069c400000, 0x000000069c400000|100%| O|  |TAMS 0x000000069c400000| PB 0x000000069c400000| Untracked 
| 113|0x000000069c400000, 0x000000069c800000, 0x000000069c800000|100%| O|  |TAMS 0x000000069c800000| PB 0x000000069c800000| Untracked 
| 114|0x000000069c800000, 0x000000069cc00000, 0x000000069cc00000|100%| O|  |TAMS 0x000000069cc00000| PB 0x000000069cc00000| Untracked 
| 115|0x000000069cc00000, 0x000000069d000000, 0x000000069d000000|100%| O|  |TAMS 0x000000069d000000| PB 0x000000069d000000| Updating 
| 116|0x000000069d000000, 0x000000069d400000, 0x000000069d400000|100%| O|  |TAMS 0x000000069d400000| PB 0x000000069d400000| Updating 
| 117|0x000000069d400000, 0x000000069d400000, 0x000000069d800000|  0%| F|  |TAMS 0x000000069d400000| PB 0x000000069d400000| Untracked 
| 118|0x000000069d800000, 0x000000069dc00000, 0x000000069dc00000|100%| O|  |TAMS 0x000000069d800000| PB 0x000000069d800000| Untracked 
| 119|0x000000069dc00000, 0x000000069dc00000, 0x000000069e000000|  0%| F|  |TAMS 0x000000069dc00000| PB 0x000000069dc00000| Untracked 
| 120|0x000000069e000000, 0x000000069e000000, 0x000000069e400000|  0%| F|  |TAMS 0x000000069e000000| PB 0x000000069e000000| Untracked 
| 121|0x000000069e400000, 0x000000069e800000, 0x000000069e800000|100%| O|  |TAMS 0x000000069e800000| PB 0x000000069e800000| Updating 
| 122|0x000000069e800000, 0x000000069ec00000, 0x000000069ec00000|100%| O|  |TAMS 0x000000069ec00000| PB 0x000000069ec00000| Untracked 
| 123|0x000000069ec00000, 0x000000069f000000, 0x000000069f000000|100%| O|  |TAMS 0x000000069f000000| PB 0x000000069f000000| Untracked 
| 124|0x000000069f000000, 0x000000069f400000, 0x000000069f400000|100%| O|  |TAMS 0x000000069f400000| PB 0x000000069f400000| Updating 
| 125|0x000000069f400000, 0x000000069f800000, 0x000000069f800000|100%| O|  |TAMS 0x000000069f800000| PB 0x000000069f800000| Updating 
| 126|0x000000069f800000, 0x000000069fc00000, 0x000000069fc00000|100%| O|  |TAMS 0x000000069fc00000| PB 0x000000069fc00000| Untracked 
| 127|0x000000069fc00000, 0x00000006a0000000, 0x00000006a0000000|100%| O|  |TAMS 0x00000006a0000000| PB 0x00000006a0000000| Updating 
| 128|0x00000006a0000000, 0x00000006a0400000, 0x00000006a0400000|100%| O|  |TAMS 0x00000006a0400000| PB 0x00000006a0400000| Updating 
| 129|0x00000006a0400000, 0x00000006a0800000, 0x00000006a0800000|100%| O|  |TAMS 0x00000006a0800000| PB 0x00000006a0800000| Updating 
| 130|0x00000006a0800000, 0x00000006a0800000, 0x00000006a0c00000|  0%| F|  |TAMS 0x00000006a0800000| PB 0x00000006a0800000| Untracked 
| 131|0x00000006a0c00000, 0x00000006a1000000, 0x00000006a1000000|100%| O|  |TAMS 0x00000006a1000000| PB 0x00000006a1000000| Untracked 
| 132|0x00000006a1000000, 0x00000006a1400000, 0x00000006a1400000|100%| O|  |TAMS 0x00000006a1400000| PB 0x00000006a1400000| Untracked 
| 133|0x00000006a1400000, 0x00000006a1800000, 0x00000006a1800000|100%| O|  |TAMS 0x00000006a1800000| PB 0x00000006a1800000| Updating 
| 134|0x00000006a1800000, 0x00000006a1c00000, 0x00000006a1c00000|100%| O|  |TAMS 0x00000006a1c00000| PB 0x00000006a1c00000| Untracked 
| 135|0x00000006a1c00000, 0x00000006a2000000, 0x00000006a2000000|100%| O|  |TAMS 0x00000006a2000000| PB 0x00000006a2000000| Updating 
| 136|0x00000006a2000000, 0x00000006a2400000, 0x00000006a2400000|100%| O|  |TAMS 0x00000006a2400000| PB 0x00000006a2400000| Updating 
| 137|0x00000006a2400000, 0x00000006a2400000, 0x00000006a2800000|  0%| F|  |TAMS 0x00000006a2400000| PB 0x00000006a2400000| Untracked 
| 138|0x00000006a2800000, 0x00000006a2c00000, 0x00000006a2c00000|100%| O|  |TAMS 0x00000006a2c00000| PB 0x00000006a2c00000| Updating 
| 139|0x00000006a2c00000, 0x00000006a3000000, 0x00000006a3000000|100%| O|  |TAMS 0x00000006a3000000| PB 0x00000006a3000000| Updating 
| 140|0x00000006a3000000, 0x00000006a3400000, 0x00000006a3400000|100%| O|  |TAMS 0x00000006a3400000| PB 0x00000006a3400000| Untracked 
| 141|0x00000006a3400000, 0x00000006a3800000, 0x00000006a3800000|100%| O|  |TAMS 0x00000006a3800000| PB 0x00000006a3800000| Updating 
| 142|0x00000006a3800000, 0x00000006a3800000, 0x00000006a3c00000|  0%| F|  |TAMS 0x00000006a3800000| PB 0x00000006a3800000| Untracked 
| 143|0x00000006a3c00000, 0x00000006a3c00000, 0x00000006a4000000|  0%| F|  |TAMS 0x00000006a3c00000| PB 0x00000006a3c00000| Untracked 
| 144|0x00000006a4000000, 0x00000006a4000000, 0x00000006a4400000|  0%| F|  |TAMS 0x00000006a4000000| PB 0x00000006a4000000| Untracked 
| 145|0x00000006a4400000, 0x00000006a4800000, 0x00000006a4800000|100%|HS|  |TAMS 0x00000006a4800000| PB 0x00000006a4400000| Complete 
| 146|0x00000006a4800000, 0x00000006a4c00000, 0x00000006a4c00000|100%|HC|  |TAMS 0x00000006a4c00000| PB 0x00000006a4800000| Complete 
| 147|0x00000006a4c00000, 0x00000006a5000000, 0x00000006a5000000|100%| O|  |TAMS 0x00000006a5000000| PB 0x00000006a5000000| Updating 
| 148|0x00000006a5000000, 0x00000006a5400000, 0x00000006a5400000|100%| O|  |TAMS 0x00000006a5400000| PB 0x00000006a5400000| Updating 
| 149|0x00000006a5400000, 0x00000006a5800000, 0x00000006a5800000|100%| O|  |TAMS 0x00000006a5800000| PB 0x00000006a5800000| Updating 
| 150|0x00000006a5800000, 0x00000006a5800000, 0x00000006a5c00000|  0%| F|  |TAMS 0x00000006a5800000| PB 0x00000006a5800000| Untracked 
| 151|0x00000006a5c00000, 0x00000006a6000000, 0x00000006a6000000|100%| O|  |TAMS 0x00000006a6000000| PB 0x00000006a6000000| Updating 
| 152|0x00000006a6000000, 0x00000006a6400000, 0x00000006a6400000|100%| O|  |TAMS 0x00000006a6400000| PB 0x00000006a6400000| Updating 
| 153|0x00000006a6400000, 0x00000006a6800000, 0x00000006a6800000|100%| O|  |TAMS 0x00000006a6800000| PB 0x00000006a6800000| Updating 
| 154|0x00000006a6800000, 0x00000006a6c00000, 0x00000006a6c00000|100%| O|  |TAMS 0x00000006a6c00000| PB 0x00000006a6c00000| Updating 
| 155|0x00000006a6c00000, 0x00000006a7000000, 0x00000006a7000000|100%|HS|  |TAMS 0x00000006a7000000| PB 0x00000006a6c00000| Complete 
| 156|0x00000006a7000000, 0x00000006a7400000, 0x00000006a7400000|100%|HC|  |TAMS 0x00000006a7400000| PB 0x00000006a7000000| Complete 
| 157|0x00000006a7400000, 0x00000006a7800000, 0x00000006a7800000|100%| O|  |TAMS 0x00000006a75aa180| PB 0x00000006a75aa180| Updating 
| 158|0x00000006a7800000, 0x00000006a7c00000, 0x00000006a7c00000|100%| O|  |TAMS 0x00000006a7800000| PB 0x00000006a7800000| Untracked 
| 159|0x00000006a7c00000, 0x00000006a8000000, 0x00000006a8000000|100%| O|  |TAMS 0x00000006a7c00000| PB 0x00000006a7c00000| Untracked 
| 160|0x00000006a8000000, 0x00000006a8400000, 0x00000006a8400000|100%| O|  |TAMS 0x00000006a8000000| PB 0x00000006a8000000| Untracked 
| 161|0x00000006a8400000, 0x00000006a8800000, 0x00000006a8800000|100%| O|  |TAMS 0x00000006a8400000| PB 0x00000006a8400000| Untracked 
| 162|0x00000006a8800000, 0x00000006a8c00000, 0x00000006a8c00000|100%| O|  |TAMS 0x00000006a8800000| PB 0x00000006a8800000| Untracked 
| 163|0x00000006a8c00000, 0x00000006a9000000, 0x00000006a9000000|100%| O|  |TAMS 0x00000006a8c00000| PB 0x00000006a8c00000| Untracked 
| 164|0x00000006a9000000, 0x00000006a9400000, 0x00000006a9400000|100%| O|  |TAMS 0x00000006a9000000| PB 0x00000006a9000000| Untracked 
| 165|0x00000006a9400000, 0x00000006a9800000, 0x00000006a9800000|100%| O|  |TAMS 0x00000006a9400000| PB 0x00000006a9400000| Untracked 
| 166|0x00000006a9800000, 0x00000006a9c00000, 0x00000006a9c00000|100%| O|  |TAMS 0x00000006a9800000| PB 0x00000006a9800000| Untracked 
| 167|0x00000006a9c00000, 0x00000006aa000000, 0x00000006aa000000|100%| O|  |TAMS 0x00000006a9c00000| PB 0x00000006a9c00000| Untracked 
| 168|0x00000006aa000000, 0x00000006aa10f088, 0x00000006aa400000| 26%| O|  |TAMS 0x00000006aa000000| PB 0x00000006aa000000| Updating 
| 169|0x00000006aa400000, 0x00000006aa400000, 0x00000006aa800000|  0%| F|  |TAMS 0x00000006aa400000| PB 0x00000006aa400000| Untracked 
| 170|0x00000006aa800000, 0x00000006aa800000, 0x00000006aac00000|  0%| F|  |TAMS 0x00000006aa800000| PB 0x00000006aa800000| Untracked 
| 171|0x00000006aac00000, 0x00000006aac00000, 0x00000006ab000000|  0%| F|  |TAMS 0x00000006aac00000| PB 0x00000006aac00000| Untracked 
| 172|0x00000006ab000000, 0x00000006ab000000, 0x00000006ab400000|  0%| F|  |TAMS 0x00000006ab000000| PB 0x00000006ab000000| Untracked 
| 173|0x00000006ab400000, 0x00000006ab400000, 0x00000006ab800000|  0%| F|  |TAMS 0x00000006ab400000| PB 0x00000006ab400000| Untracked 
| 174|0x00000006ab800000, 0x00000006ab800000, 0x00000006abc00000|  0%| F|  |TAMS 0x00000006ab800000| PB 0x00000006ab800000| Untracked 
| 175|0x00000006abc00000, 0x00000006abc00000, 0x00000006ac000000|  0%| F|  |TAMS 0x00000006abc00000| PB 0x00000006abc00000| Untracked 
| 176|0x00000006ac000000, 0x00000006ac000000, 0x00000006ac400000|  0%| F|  |TAMS 0x00000006ac000000| PB 0x00000006ac000000| Untracked 
| 177|0x00000006ac400000, 0x00000006ac400000, 0x00000006ac800000|  0%| F|  |TAMS 0x00000006ac400000| PB 0x00000006ac400000| Untracked 
| 178|0x00000006ac800000, 0x00000006ac800000, 0x00000006acc00000|  0%| F|  |TAMS 0x00000006ac800000| PB 0x00000006ac800000| Untracked 
| 179|0x00000006acc00000, 0x00000006acc00000, 0x00000006ad000000|  0%| F|  |TAMS 0x00000006acc00000| PB 0x00000006acc00000| Untracked 
| 180|0x00000006ad000000, 0x00000006ad000000, 0x00000006ad400000|  0%| F|  |TAMS 0x00000006ad000000| PB 0x00000006ad000000| Untracked 
| 181|0x00000006ad400000, 0x00000006ad400000, 0x00000006ad800000|  0%| F|  |TAMS 0x00000006ad400000| PB 0x00000006ad400000| Untracked 
| 182|0x00000006ad800000, 0x00000006ad800000, 0x00000006adc00000|  0%| F|  |TAMS 0x00000006ad800000| PB 0x00000006ad800000| Untracked 
| 183|0x00000006adc00000, 0x00000006adc00000, 0x00000006ae000000|  0%| F|  |TAMS 0x00000006adc00000| PB 0x00000006adc00000| Untracked 
| 184|0x00000006ae000000, 0x00000006ae000000, 0x00000006ae400000|  0%| F|  |TAMS 0x00000006ae000000| PB 0x00000006ae000000| Untracked 
| 185|0x00000006ae400000, 0x00000006ae400000, 0x00000006ae800000|  0%| F|  |TAMS 0x00000006ae400000| PB 0x00000006ae400000| Untracked 
| 186|0x00000006ae800000, 0x00000006ae800000, 0x00000006aec00000|  0%| F|  |TAMS 0x00000006ae800000| PB 0x00000006ae800000| Untracked 
| 187|0x00000006aec00000, 0x00000006aec00000, 0x00000006af000000|  0%| F|  |TAMS 0x00000006aec00000| PB 0x00000006aec00000| Untracked 
| 188|0x00000006af000000, 0x00000006af000000, 0x00000006af400000|  0%| F|  |TAMS 0x00000006af000000| PB 0x00000006af000000| Untracked 
| 189|0x00000006af400000, 0x00000006af400000, 0x00000006af800000|  0%| F|  |TAMS 0x00000006af400000| PB 0x00000006af400000| Untracked 
| 190|0x00000006af800000, 0x00000006af800000, 0x00000006afc00000|  0%| F|  |TAMS 0x00000006af800000| PB 0x00000006af800000| Untracked 
| 191|0x00000006afc00000, 0x00000006afc00000, 0x00000006b0000000|  0%| F|  |TAMS 0x00000006afc00000| PB 0x00000006afc00000| Untracked 
| 192|0x00000006b0000000, 0x00000006b0000000, 0x00000006b0400000|  0%| F|  |TAMS 0x00000006b0000000| PB 0x00000006b0000000| Untracked 
| 193|0x00000006b0400000, 0x00000006b0400000, 0x00000006b0800000|  0%| F|  |TAMS 0x00000006b0400000| PB 0x00000006b0400000| Untracked 
| 194|0x00000006b0800000, 0x00000006b0800000, 0x00000006b0c00000|  0%| F|  |TAMS 0x00000006b0800000| PB 0x00000006b0800000| Untracked 
| 195|0x00000006b0c00000, 0x00000006b0c00000, 0x00000006b1000000|  0%| F|  |TAMS 0x00000006b0c00000| PB 0x00000006b0c00000| Untracked 
| 196|0x00000006b1000000, 0x00000006b1000000, 0x00000006b1400000|  0%| F|  |TAMS 0x00000006b1000000| PB 0x00000006b1000000| Untracked 
| 197|0x00000006b1400000, 0x00000006b1400000, 0x00000006b1800000|  0%| F|  |TAMS 0x00000006b1400000| PB 0x00000006b1400000| Untracked 
| 198|0x00000006b1800000, 0x00000006b1800000, 0x00000006b1c00000|  0%| F|  |TAMS 0x00000006b1800000| PB 0x00000006b1800000| Untracked 
| 199|0x00000006b1c00000, 0x00000006b1c00000, 0x00000006b2000000|  0%| F|  |TAMS 0x00000006b1c00000| PB 0x00000006b1c00000| Untracked 
| 200|0x00000006b2000000, 0x00000006b2000000, 0x00000006b2400000|  0%| F|  |TAMS 0x00000006b2000000| PB 0x00000006b2000000| Untracked 
| 201|0x00000006b2400000, 0x00000006b2400000, 0x00000006b2800000|  0%| F|  |TAMS 0x00000006b2400000| PB 0x00000006b2400000| Untracked 
| 202|0x00000006b2800000, 0x00000006b2800000, 0x00000006b2c00000|  0%| F|  |TAMS 0x00000006b2800000| PB 0x00000006b2800000| Untracked 
| 203|0x00000006b2c00000, 0x00000006b2c00000, 0x00000006b3000000|  0%| F|  |TAMS 0x00000006b2c00000| PB 0x00000006b2c00000| Untracked 
| 204|0x00000006b3000000, 0x00000006b3000000, 0x00000006b3400000|  0%| F|  |TAMS 0x00000006b3000000| PB 0x00000006b3000000| Untracked 
| 205|0x00000006b3400000, 0x00000006b3400000, 0x00000006b3800000|  0%| F|  |TAMS 0x00000006b3400000| PB 0x00000006b3400000| Untracked 
| 206|0x00000006b3800000, 0x00000006b3800000, 0x00000006b3c00000|  0%| F|  |TAMS 0x00000006b3800000| PB 0x00000006b3800000| Untracked 
| 207|0x00000006b3c00000, 0x00000006b3c00000, 0x00000006b4000000|  0%| F|  |TAMS 0x00000006b3c00000| PB 0x00000006b3c00000| Untracked 
| 208|0x00000006b4000000, 0x00000006b4000000, 0x00000006b4400000|  0%| F|  |TAMS 0x00000006b4000000| PB 0x00000006b4000000| Untracked 
| 209|0x00000006b4400000, 0x00000006b4400000, 0x00000006b4800000|  0%| F|  |TAMS 0x00000006b4400000| PB 0x00000006b4400000| Untracked 
| 210|0x00000006b4800000, 0x00000006b4800000, 0x00000006b4c00000|  0%| F|  |TAMS 0x00000006b4800000| PB 0x00000006b4800000| Untracked 
| 211|0x00000006b4c00000, 0x00000006b4c00000, 0x00000006b5000000|  0%| F|  |TAMS 0x00000006b4c00000| PB 0x00000006b4c00000| Untracked 
| 212|0x00000006b5000000, 0x00000006b5000000, 0x00000006b5400000|  0%| F|  |TAMS 0x00000006b5000000| PB 0x00000006b5000000| Untracked 
| 213|0x00000006b5400000, 0x00000006b5400000, 0x00000006b5800000|  0%| F|  |TAMS 0x00000006b5400000| PB 0x00000006b5400000| Untracked 
| 214|0x00000006b5800000, 0x00000006b5800000, 0x00000006b5c00000|  0%| F|  |TAMS 0x00000006b5800000| PB 0x00000006b5800000| Untracked 
| 215|0x00000006b5c00000, 0x00000006b5c00000, 0x00000006b6000000|  0%| F|  |TAMS 0x00000006b5c00000| PB 0x00000006b5c00000| Untracked 
| 216|0x00000006b6000000, 0x00000006b6000000, 0x00000006b6400000|  0%| F|  |TAMS 0x00000006b6000000| PB 0x00000006b6000000| Untracked 
| 217|0x00000006b6400000, 0x00000006b6400000, 0x00000006b6800000|  0%| F|  |TAMS 0x00000006b6400000| PB 0x00000006b6400000| Untracked 
| 218|0x00000006b6800000, 0x00000006b6800000, 0x00000006b6c00000|  0%| F|  |TAMS 0x00000006b6800000| PB 0x00000006b6800000| Untracked 
| 219|0x00000006b6c00000, 0x00000006b6c00000, 0x00000006b7000000|  0%| F|  |TAMS 0x00000006b6c00000| PB 0x00000006b6c00000| Untracked 
| 220|0x00000006b7000000, 0x00000006b7000000, 0x00000006b7400000|  0%| F|  |TAMS 0x00000006b7000000| PB 0x00000006b7000000| Untracked 
| 221|0x00000006b7400000, 0x00000006b7400000, 0x00000006b7800000|  0%| F|  |TAMS 0x00000006b7400000| PB 0x00000006b7400000| Untracked 
| 222|0x00000006b7800000, 0x00000006b7800000, 0x00000006b7c00000|  0%| F|  |TAMS 0x00000006b7800000| PB 0x00000006b7800000| Untracked 
| 223|0x00000006b7c00000, 0x00000006b7c00000, 0x00000006b8000000|  0%| F|  |TAMS 0x00000006b7c00000| PB 0x00000006b7c00000| Untracked 
| 224|0x00000006b8000000, 0x00000006b8000000, 0x00000006b8400000|  0%| F|  |TAMS 0x00000006b8000000| PB 0x00000006b8000000| Untracked 
| 225|0x00000006b8400000, 0x00000006b8400000, 0x00000006b8800000|  0%| F|  |TAMS 0x00000006b8400000| PB 0x00000006b8400000| Untracked 
| 226|0x00000006b8800000, 0x00000006b8800000, 0x00000006b8c00000|  0%| F|  |TAMS 0x00000006b8800000| PB 0x00000006b8800000| Untracked 
| 227|0x00000006b8c00000, 0x00000006b8c00000, 0x00000006b9000000|  0%| F|  |TAMS 0x00000006b8c00000| PB 0x00000006b8c00000| Untracked 
| 228|0x00000006b9000000, 0x00000006b9000000, 0x00000006b9400000|  0%| F|  |TAMS 0x00000006b9000000| PB 0x00000006b9000000| Untracked 
| 229|0x00000006b9400000, 0x00000006b9400000, 0x00000006b9800000|  0%| F|  |TAMS 0x00000006b9400000| PB 0x00000006b9400000| Untracked 
| 230|0x00000006b9800000, 0x00000006b9800000, 0x00000006b9c00000|  0%| F|  |TAMS 0x00000006b9800000| PB 0x00000006b9800000| Untracked 
| 231|0x00000006b9c00000, 0x00000006b9c00000, 0x00000006ba000000|  0%| F|  |TAMS 0x00000006b9c00000| PB 0x00000006b9c00000| Untracked 
| 232|0x00000006ba000000, 0x00000006ba000000, 0x00000006ba400000|  0%| F|  |TAMS 0x00000006ba000000| PB 0x00000006ba000000| Untracked 
| 233|0x00000006ba400000, 0x00000006ba400000, 0x00000006ba800000|  0%| F|  |TAMS 0x00000006ba400000| PB 0x00000006ba400000| Untracked 
| 234|0x00000006ba800000, 0x00000006ba800000, 0x00000006bac00000|  0%| F|  |TAMS 0x00000006ba800000| PB 0x00000006ba800000| Untracked 
| 235|0x00000006bac00000, 0x00000006bac00000, 0x00000006bb000000|  0%| F|  |TAMS 0x00000006bac00000| PB 0x00000006bac00000| Untracked 
| 236|0x00000006bb000000, 0x00000006bb000000, 0x00000006bb400000|  0%| F|  |TAMS 0x00000006bb000000| PB 0x00000006bb000000| Untracked 
| 237|0x00000006bb400000, 0x00000006bb400000, 0x00000006bb800000|  0%| F|  |TAMS 0x00000006bb400000| PB 0x00000006bb400000| Untracked 
| 238|0x00000006bb800000, 0x00000006bb800000, 0x00000006bbc00000|  0%| F|  |TAMS 0x00000006bb800000| PB 0x00000006bb800000| Untracked 
| 239|0x00000006bbc00000, 0x00000006bbc00000, 0x00000006bc000000|  0%| F|  |TAMS 0x00000006bbc00000| PB 0x00000006bbc00000| Untracked 
| 240|0x00000006bc000000, 0x00000006bc000000, 0x00000006bc400000|  0%| F|  |TAMS 0x00000006bc000000| PB 0x00000006bc000000| Untracked 
| 241|0x00000006bc400000, 0x00000006bc400000, 0x00000006bc800000|  0%| F|  |TAMS 0x00000006bc400000| PB 0x00000006bc400000| Untracked 
| 242|0x00000006bc800000, 0x00000006bc800000, 0x00000006bcc00000|  0%| F|  |TAMS 0x00000006bc800000| PB 0x00000006bc800000| Untracked 
| 243|0x00000006bcc00000, 0x00000006bcc00000, 0x00000006bd000000|  0%| F|  |TAMS 0x00000006bcc00000| PB 0x00000006bcc00000| Untracked 
| 244|0x00000006bd000000, 0x00000006bd000000, 0x00000006bd400000|  0%| F|  |TAMS 0x00000006bd000000| PB 0x00000006bd000000| Untracked 
| 245|0x00000006bd400000, 0x00000006bd400000, 0x00000006bd800000|  0%| F|  |TAMS 0x00000006bd400000| PB 0x00000006bd400000| Untracked 
| 246|0x00000006bd800000, 0x00000006bd800000, 0x00000006bdc00000|  0%| F|  |TAMS 0x00000006bd800000| PB 0x00000006bd800000| Untracked 
| 247|0x00000006bdc00000, 0x00000006bdc00000, 0x00000006be000000|  0%| F|  |TAMS 0x00000006bdc00000| PB 0x00000006bdc00000| Untracked 
| 248|0x00000006be000000, 0x00000006be000000, 0x00000006be400000|  0%| F|  |TAMS 0x00000006be000000| PB 0x00000006be000000| Untracked 
| 249|0x00000006be400000, 0x00000006be400000, 0x00000006be800000|  0%| F|  |TAMS 0x00000006be400000| PB 0x00000006be400000| Untracked 
| 250|0x00000006be800000, 0x00000006be800000, 0x00000006bec00000|  0%| F|  |TAMS 0x00000006be800000| PB 0x00000006be800000| Untracked 
| 251|0x00000006bec00000, 0x00000006bec00000, 0x00000006bf000000|  0%| F|  |TAMS 0x00000006bec00000| PB 0x00000006bec00000| Untracked 
| 252|0x00000006bf000000, 0x00000006bf000000, 0x00000006bf400000|  0%| F|  |TAMS 0x00000006bf000000| PB 0x00000006bf000000| Untracked 
| 253|0x00000006bf400000, 0x00000006bf400000, 0x00000006bf800000|  0%| F|  |TAMS 0x00000006bf400000| PB 0x00000006bf400000| Untracked 
| 254|0x00000006bf800000, 0x00000006bf800000, 0x00000006bfc00000|  0%| F|  |TAMS 0x00000006bf800000| PB 0x00000006bf800000| Untracked 
| 255|0x00000006bfc00000, 0x00000006bfc00000, 0x00000006c0000000|  0%| F|  |TAMS 0x00000006bfc00000| PB 0x00000006bfc00000| Untracked 
| 256|0x00000006c0000000, 0x00000006c0000000, 0x00000006c0400000|  0%| F|  |TAMS 0x00000006c0000000| PB 0x00000006c0000000| Untracked 
| 257|0x00000006c0400000, 0x00000006c0400000, 0x00000006c0800000|  0%| F|  |TAMS 0x00000006c0400000| PB 0x00000006c0400000| Untracked 
| 258|0x00000006c0800000, 0x00000006c0800000, 0x00000006c0c00000|  0%| F|  |TAMS 0x00000006c0800000| PB 0x00000006c0800000| Untracked 
| 259|0x00000006c0c00000, 0x00000006c0c00000, 0x00000006c1000000|  0%| F|  |TAMS 0x00000006c0c00000| PB 0x00000006c0c00000| Untracked 
| 260|0x00000006c1000000, 0x00000006c1000000, 0x00000006c1400000|  0%| F|  |TAMS 0x00000006c1000000| PB 0x00000006c1000000| Untracked 
| 261|0x00000006c1400000, 0x00000006c1400000, 0x00000006c1800000|  0%| F|  |TAMS 0x00000006c1400000| PB 0x00000006c1400000| Untracked 
| 262|0x00000006c1800000, 0x00000006c1800000, 0x00000006c1c00000|  0%| F|  |TAMS 0x00000006c1800000| PB 0x00000006c1800000| Untracked 
| 263|0x00000006c1c00000, 0x00000006c1c00000, 0x00000006c2000000|  0%| F|  |TAMS 0x00000006c1c00000| PB 0x00000006c1c00000| Untracked 
| 264|0x00000006c2000000, 0x00000006c2000000, 0x00000006c2400000|  0%| F|  |TAMS 0x00000006c2000000| PB 0x00000006c2000000| Untracked 
| 265|0x00000006c2400000, 0x00000006c2400000, 0x00000006c2800000|  0%| F|  |TAMS 0x00000006c2400000| PB 0x00000006c2400000| Untracked 
| 266|0x00000006c2800000, 0x00000006c2800000, 0x00000006c2c00000|  0%| F|  |TAMS 0x00000006c2800000| PB 0x00000006c2800000| Untracked 
| 267|0x00000006c2c00000, 0x00000006c2c00000, 0x00000006c3000000|  0%| F|  |TAMS 0x00000006c2c00000| PB 0x00000006c2c00000| Untracked 
| 268|0x00000006c3000000, 0x00000006c3000000, 0x00000006c3400000|  0%| F|  |TAMS 0x00000006c3000000| PB 0x00000006c3000000| Untracked 
| 269|0x00000006c3400000, 0x00000006c3400000, 0x00000006c3800000|  0%| F|  |TAMS 0x00000006c3400000| PB 0x00000006c3400000| Untracked 
| 270|0x00000006c3800000, 0x00000006c3800000, 0x00000006c3c00000|  0%| F|  |TAMS 0x00000006c3800000| PB 0x00000006c3800000| Untracked 
| 271|0x00000006c3c00000, 0x00000006c3c00000, 0x00000006c4000000|  0%| F|  |TAMS 0x00000006c3c00000| PB 0x00000006c3c00000| Untracked 
| 272|0x00000006c4000000, 0x00000006c4000000, 0x00000006c4400000|  0%| F|  |TAMS 0x00000006c4000000| PB 0x00000006c4000000| Untracked 
| 273|0x00000006c4400000, 0x00000006c4400000, 0x00000006c4800000|  0%| F|  |TAMS 0x00000006c4400000| PB 0x00000006c4400000| Untracked 
| 274|0x00000006c4800000, 0x00000006c4800000, 0x00000006c4c00000|  0%| F|  |TAMS 0x00000006c4800000| PB 0x00000006c4800000| Untracked 
| 275|0x00000006c4c00000, 0x00000006c4c00000, 0x00000006c5000000|  0%| F|  |TAMS 0x00000006c4c00000| PB 0x00000006c4c00000| Untracked 
| 276|0x00000006c5000000, 0x00000006c5000000, 0x00000006c5400000|  0%| F|  |TAMS 0x00000006c5000000| PB 0x00000006c5000000| Untracked 
| 277|0x00000006c5400000, 0x00000006c5400000, 0x00000006c5800000|  0%| F|  |TAMS 0x00000006c5400000| PB 0x00000006c5400000| Untracked 
| 278|0x00000006c5800000, 0x00000006c5800000, 0x00000006c5c00000|  0%| F|  |TAMS 0x00000006c5800000| PB 0x00000006c5800000| Untracked 
| 279|0x00000006c5c00000, 0x00000006c5c00000, 0x00000006c6000000|  0%| F|  |TAMS 0x00000006c5c00000| PB 0x00000006c5c00000| Untracked 
| 280|0x00000006c6000000, 0x00000006c6000000, 0x00000006c6400000|  0%| F|  |TAMS 0x00000006c6000000| PB 0x00000006c6000000| Untracked 
| 281|0x00000006c6400000, 0x00000006c6400000, 0x00000006c6800000|  0%| F|  |TAMS 0x00000006c6400000| PB 0x00000006c6400000| Untracked 
| 282|0x00000006c6800000, 0x00000006c6800000, 0x00000006c6c00000|  0%| F|  |TAMS 0x00000006c6800000| PB 0x00000006c6800000| Untracked 
| 283|0x00000006c6c00000, 0x00000006c6c00000, 0x00000006c7000000|  0%| F|  |TAMS 0x00000006c6c00000| PB 0x00000006c6c00000| Untracked 
| 284|0x00000006c7000000, 0x00000006c7000000, 0x00000006c7400000|  0%| F|  |TAMS 0x00000006c7000000| PB 0x00000006c7000000| Untracked 
| 285|0x00000006c7400000, 0x00000006c7400000, 0x00000006c7800000|  0%| F|  |TAMS 0x00000006c7400000| PB 0x00000006c7400000| Untracked 
| 286|0x00000006c7800000, 0x00000006c7800000, 0x00000006c7c00000|  0%| F|  |TAMS 0x00000006c7800000| PB 0x00000006c7800000| Untracked 
| 287|0x00000006c7c00000, 0x00000006c7c00000, 0x00000006c8000000|  0%| F|  |TAMS 0x00000006c7c00000| PB 0x00000006c7c00000| Untracked 
| 288|0x00000006c8000000, 0x00000006c8000000, 0x00000006c8400000|  0%| F|  |TAMS 0x00000006c8000000| PB 0x00000006c8000000| Untracked 
| 289|0x00000006c8400000, 0x00000006c8400000, 0x00000006c8800000|  0%| F|  |TAMS 0x00000006c8400000| PB 0x00000006c8400000| Untracked 
| 290|0x00000006c8800000, 0x00000006c8800000, 0x00000006c8c00000|  0%| F|  |TAMS 0x00000006c8800000| PB 0x00000006c8800000| Untracked 
| 291|0x00000006c8c00000, 0x00000006c8c00000, 0x00000006c9000000|  0%| F|  |TAMS 0x00000006c8c00000| PB 0x00000006c8c00000| Untracked 
| 292|0x00000006c9000000, 0x00000006c9000000, 0x00000006c9400000|  0%| F|  |TAMS 0x00000006c9000000| PB 0x00000006c9000000| Untracked 
| 293|0x00000006c9400000, 0x00000006c9400000, 0x00000006c9800000|  0%| F|  |TAMS 0x00000006c9400000| PB 0x00000006c9400000| Untracked 
| 294|0x00000006c9800000, 0x00000006c9800000, 0x00000006c9c00000|  0%| F|  |TAMS 0x00000006c9800000| PB 0x00000006c9800000| Untracked 
| 295|0x00000006c9c00000, 0x00000006c9c00000, 0x00000006ca000000|  0%| F|  |TAMS 0x00000006c9c00000| PB 0x00000006c9c00000| Untracked 
| 296|0x00000006ca000000, 0x00000006ca000000, 0x00000006ca400000|  0%| F|  |TAMS 0x00000006ca000000| PB 0x00000006ca000000| Untracked 
| 297|0x00000006ca400000, 0x00000006ca400000, 0x00000006ca800000|  0%| F|  |TAMS 0x00000006ca400000| PB 0x00000006ca400000| Untracked 
| 298|0x00000006ca800000, 0x00000006ca800000, 0x00000006cac00000|  0%| F|  |TAMS 0x00000006ca800000| PB 0x00000006ca800000| Untracked 
| 299|0x00000006cac00000, 0x00000006cac00000, 0x00000006cb000000|  0%| F|  |TAMS 0x00000006cac00000| PB 0x00000006cac00000| Untracked 
| 300|0x00000006cb000000, 0x00000006cb000000, 0x00000006cb400000|  0%| F|  |TAMS 0x00000006cb000000| PB 0x00000006cb000000| Untracked 
| 301|0x00000006cb400000, 0x00000006cb400000, 0x00000006cb800000|  0%| F|  |TAMS 0x00000006cb400000| PB 0x00000006cb400000| Untracked 
| 302|0x00000006cb800000, 0x00000006cb800000, 0x00000006cbc00000|  0%| F|  |TAMS 0x00000006cb800000| PB 0x00000006cb800000| Untracked 
| 303|0x00000006cbc00000, 0x00000006cbc00000, 0x00000006cc000000|  0%| F|  |TAMS 0x00000006cbc00000| PB 0x00000006cbc00000| Untracked 
| 304|0x00000006cc000000, 0x00000006cc000000, 0x00000006cc400000|  0%| F|  |TAMS 0x00000006cc000000| PB 0x00000006cc000000| Untracked 
| 305|0x00000006cc400000, 0x00000006cc400000, 0x00000006cc800000|  0%| F|  |TAMS 0x00000006cc400000| PB 0x00000006cc400000| Untracked 
| 306|0x00000006cc800000, 0x00000006cc800000, 0x00000006ccc00000|  0%| F|  |TAMS 0x00000006cc800000| PB 0x00000006cc800000| Untracked 
| 307|0x00000006ccc00000, 0x00000006ccc00000, 0x00000006cd000000|  0%| F|  |TAMS 0x00000006ccc00000| PB 0x00000006ccc00000| Untracked 
| 308|0x00000006cd000000, 0x00000006cd000000, 0x00000006cd400000|  0%| F|  |TAMS 0x00000006cd000000| PB 0x00000006cd000000| Untracked 
| 309|0x00000006cd400000, 0x00000006cd400000, 0x00000006cd800000|  0%| F|  |TAMS 0x00000006cd400000| PB 0x00000006cd400000| Untracked 
| 310|0x00000006cd800000, 0x00000006cd800000, 0x00000006cdc00000|  0%| F|  |TAMS 0x00000006cd800000| PB 0x00000006cd800000| Untracked 
| 311|0x00000006cdc00000, 0x00000006cdc00000, 0x00000006ce000000|  0%| F|  |TAMS 0x00000006cdc00000| PB 0x00000006cdc00000| Untracked 
| 312|0x00000006ce000000, 0x00000006ce000000, 0x00000006ce400000|  0%| F|  |TAMS 0x00000006ce000000| PB 0x00000006ce000000| Untracked 
| 313|0x00000006ce400000, 0x00000006ce400000, 0x00000006ce800000|  0%| F|  |TAMS 0x00000006ce400000| PB 0x00000006ce400000| Untracked 
| 314|0x00000006ce800000, 0x00000006ce800000, 0x00000006cec00000|  0%| F|  |TAMS 0x00000006ce800000| PB 0x00000006ce800000| Untracked 
| 315|0x00000006cec00000, 0x00000006cec00000, 0x00000006cf000000|  0%| F|  |TAMS 0x00000006cec00000| PB 0x00000006cec00000| Untracked 
| 316|0x00000006cf000000, 0x00000006cf000000, 0x00000006cf400000|  0%| F|  |TAMS 0x00000006cf000000| PB 0x00000006cf000000| Untracked 
| 317|0x00000006cf400000, 0x00000006cf400000, 0x00000006cf800000|  0%| F|  |TAMS 0x00000006cf400000| PB 0x00000006cf400000| Untracked 
| 318|0x00000006cf800000, 0x00000006cf800000, 0x00000006cfc00000|  0%| F|  |TAMS 0x00000006cf800000| PB 0x00000006cf800000| Untracked 
| 319|0x00000006cfc00000, 0x00000006cfc00000, 0x00000006d0000000|  0%| F|  |TAMS 0x00000006cfc00000| PB 0x00000006cfc00000| Untracked 
| 320|0x00000006d0000000, 0x00000006d0000000, 0x00000006d0400000|  0%| F|  |TAMS 0x00000006d0000000| PB 0x00000006d0000000| Untracked 
| 321|0x00000006d0400000, 0x00000006d0400000, 0x00000006d0800000|  0%| F|  |TAMS 0x00000006d0400000| PB 0x00000006d0400000| Untracked 
| 322|0x00000006d0800000, 0x00000006d0800000, 0x00000006d0c00000|  0%| F|  |TAMS 0x00000006d0800000| PB 0x00000006d0800000| Untracked 
| 323|0x00000006d0c00000, 0x00000006d0c00000, 0x00000006d1000000|  0%| F|  |TAMS 0x00000006d0c00000| PB 0x00000006d0c00000| Untracked 
| 324|0x00000006d1000000, 0x00000006d1000000, 0x00000006d1400000|  0%| F|  |TAMS 0x00000006d1000000| PB 0x00000006d1000000| Untracked 
| 325|0x00000006d1400000, 0x00000006d1400000, 0x00000006d1800000|  0%| F|  |TAMS 0x00000006d1400000| PB 0x00000006d1400000| Untracked 
| 326|0x00000006d1800000, 0x00000006d1800000, 0x00000006d1c00000|  0%| F|  |TAMS 0x00000006d1800000| PB 0x00000006d1800000| Untracked 
| 327|0x00000006d1c00000, 0x00000006d1c00000, 0x00000006d2000000|  0%| F|  |TAMS 0x00000006d1c00000| PB 0x00000006d1c00000| Untracked 
| 328|0x00000006d2000000, 0x00000006d2000000, 0x00000006d2400000|  0%| F|  |TAMS 0x00000006d2000000| PB 0x00000006d2000000| Untracked 
| 329|0x00000006d2400000, 0x00000006d2400000, 0x00000006d2800000|  0%| F|  |TAMS 0x00000006d2400000| PB 0x00000006d2400000| Untracked 
| 330|0x00000006d2800000, 0x00000006d2800000, 0x00000006d2c00000|  0%| F|  |TAMS 0x00000006d2800000| PB 0x00000006d2800000| Untracked 
| 331|0x00000006d2c00000, 0x00000006d2c00000, 0x00000006d3000000|  0%| F|  |TAMS 0x00000006d2c00000| PB 0x00000006d2c00000| Untracked 
| 332|0x00000006d3000000, 0x00000006d3000000, 0x00000006d3400000|  0%| F|  |TAMS 0x00000006d3000000| PB 0x00000006d3000000| Untracked 
| 333|0x00000006d3400000, 0x00000006d3400000, 0x00000006d3800000|  0%| F|  |TAMS 0x00000006d3400000| PB 0x00000006d3400000| Untracked 
| 334|0x00000006d3800000, 0x00000006d3800000, 0x00000006d3c00000|  0%| F|  |TAMS 0x00000006d3800000| PB 0x00000006d3800000| Untracked 
| 335|0x00000006d3c00000, 0x00000006d3c00000, 0x00000006d4000000|  0%| F|  |TAMS 0x00000006d3c00000| PB 0x00000006d3c00000| Untracked 
| 336|0x00000006d4000000, 0x00000006d4000000, 0x00000006d4400000|  0%| F|  |TAMS 0x00000006d4000000| PB 0x00000006d4000000| Untracked 
| 337|0x00000006d4400000, 0x00000006d4400000, 0x00000006d4800000|  0%| F|  |TAMS 0x00000006d4400000| PB 0x00000006d4400000| Untracked 
| 338|0x00000006d4800000, 0x00000006d4800000, 0x00000006d4c00000|  0%| F|  |TAMS 0x00000006d4800000| PB 0x00000006d4800000| Untracked 
| 339|0x00000006d4c00000, 0x00000006d4c00000, 0x00000006d5000000|  0%| F|  |TAMS 0x00000006d4c00000| PB 0x00000006d4c00000| Untracked 
| 340|0x00000006d5000000, 0x00000006d5000000, 0x00000006d5400000|  0%| F|  |TAMS 0x00000006d5000000| PB 0x00000006d5000000| Untracked 
| 341|0x00000006d5400000, 0x00000006d5400000, 0x00000006d5800000|  0%| F|  |TAMS 0x00000006d5400000| PB 0x00000006d5400000| Untracked 
| 342|0x00000006d5800000, 0x00000006d5800000, 0x00000006d5c00000|  0%| F|  |TAMS 0x00000006d5800000| PB 0x00000006d5800000| Untracked 
| 343|0x00000006d5c00000, 0x00000006d5c00000, 0x00000006d6000000|  0%| F|  |TAMS 0x00000006d5c00000| PB 0x00000006d5c00000| Untracked 
| 344|0x00000006d6000000, 0x00000006d6000000, 0x00000006d6400000|  0%| F|  |TAMS 0x00000006d6000000| PB 0x00000006d6000000| Untracked 
| 345|0x00000006d6400000, 0x00000006d6400000, 0x00000006d6800000|  0%| F|  |TAMS 0x00000006d6400000| PB 0x00000006d6400000| Untracked 
| 346|0x00000006d6800000, 0x00000006d6800000, 0x00000006d6c00000|  0%| F|  |TAMS 0x00000006d6800000| PB 0x00000006d6800000| Untracked 
| 347|0x00000006d6c00000, 0x00000006d6c00000, 0x00000006d7000000|  0%| F|  |TAMS 0x00000006d6c00000| PB 0x00000006d6c00000| Untracked 
| 348|0x00000006d7000000, 0x00000006d7000000, 0x00000006d7400000|  0%| F|  |TAMS 0x00000006d7000000| PB 0x00000006d7000000| Untracked 
| 349|0x00000006d7400000, 0x00000006d7400000, 0x00000006d7800000|  0%| F|  |TAMS 0x00000006d7400000| PB 0x00000006d7400000| Untracked 
| 350|0x00000006d7800000, 0x00000006d7800000, 0x00000006d7c00000|  0%| F|  |TAMS 0x00000006d7800000| PB 0x00000006d7800000| Untracked 
| 351|0x00000006d7c00000, 0x00000006d7c00000, 0x00000006d8000000|  0%| F|  |TAMS 0x00000006d7c00000| PB 0x00000006d7c00000| Untracked 
| 352|0x00000006d8000000, 0x00000006d8000000, 0x00000006d8400000|  0%| F|  |TAMS 0x00000006d8000000| PB 0x00000006d8000000| Untracked 
| 353|0x00000006d8400000, 0x00000006d8400000, 0x00000006d8800000|  0%| F|  |TAMS 0x00000006d8400000| PB 0x00000006d8400000| Untracked 
| 354|0x00000006d8800000, 0x00000006d8800000, 0x00000006d8c00000|  0%| F|  |TAMS 0x00000006d8800000| PB 0x00000006d8800000| Untracked 
| 355|0x00000006d8c00000, 0x00000006d8c00000, 0x00000006d9000000|  0%| F|  |TAMS 0x00000006d8c00000| PB 0x00000006d8c00000| Untracked 
| 356|0x00000006d9000000, 0x00000006d9000000, 0x00000006d9400000|  0%| F|  |TAMS 0x00000006d9000000| PB 0x00000006d9000000| Untracked 
| 357|0x00000006d9400000, 0x00000006d9400000, 0x00000006d9800000|  0%| F|  |TAMS 0x00000006d9400000| PB 0x00000006d9400000| Untracked 
| 358|0x00000006d9800000, 0x00000006d9800000, 0x00000006d9c00000|  0%| F|  |TAMS 0x00000006d9800000| PB 0x00000006d9800000| Untracked 
| 359|0x00000006d9c00000, 0x00000006d9c00000, 0x00000006da000000|  0%| F|  |TAMS 0x00000006d9c00000| PB 0x00000006d9c00000| Untracked 
| 360|0x00000006da000000, 0x00000006da000000, 0x00000006da400000|  0%| F|  |TAMS 0x00000006da000000| PB 0x00000006da000000| Untracked 
| 361|0x00000006da400000, 0x00000006da400000, 0x00000006da800000|  0%| F|  |TAMS 0x00000006da400000| PB 0x00000006da400000| Untracked 
| 362|0x00000006da800000, 0x00000006da800000, 0x00000006dac00000|  0%| F|  |TAMS 0x00000006da800000| PB 0x00000006da800000| Untracked 
| 363|0x00000006dac00000, 0x00000006dac00000, 0x00000006db000000|  0%| F|  |TAMS 0x00000006dac00000| PB 0x00000006dac00000| Untracked 
| 364|0x00000006db000000, 0x00000006db000000, 0x00000006db400000|  0%| F|  |TAMS 0x00000006db000000| PB 0x00000006db000000| Untracked 
| 365|0x00000006db400000, 0x00000006db400000, 0x00000006db800000|  0%| F|  |TAMS 0x00000006db400000| PB 0x00000006db400000| Untracked 
| 366|0x00000006db800000, 0x00000006db800000, 0x00000006dbc00000|  0%| F|  |TAMS 0x00000006db800000| PB 0x00000006db800000| Untracked 
| 367|0x00000006dbc00000, 0x00000006dbc00000, 0x00000006dc000000|  0%| F|  |TAMS 0x00000006dbc00000| PB 0x00000006dbc00000| Untracked 
| 368|0x00000006dc000000, 0x00000006dc000000, 0x00000006dc400000|  0%| F|  |TAMS 0x00000006dc000000| PB 0x00000006dc000000| Untracked 
| 369|0x00000006dc400000, 0x00000006dc400000, 0x00000006dc800000|  0%| F|  |TAMS 0x00000006dc400000| PB 0x00000006dc400000| Untracked 
| 370|0x00000006dc800000, 0x00000006dc800000, 0x00000006dcc00000|  0%| F|  |TAMS 0x00000006dc800000| PB 0x00000006dc800000| Untracked 
| 371|0x00000006dcc00000, 0x00000006dcc00000, 0x00000006dd000000|  0%| F|  |TAMS 0x00000006dcc00000| PB 0x00000006dcc00000| Untracked 
| 372|0x00000006dd000000, 0x00000006dd000000, 0x00000006dd400000|  0%| F|  |TAMS 0x00000006dd000000| PB 0x00000006dd000000| Untracked 
| 373|0x00000006dd400000, 0x00000006dd400000, 0x00000006dd800000|  0%| F|  |TAMS 0x00000006dd400000| PB 0x00000006dd400000| Untracked 
| 374|0x00000006dd800000, 0x00000006dd800000, 0x00000006ddc00000|  0%| F|  |TAMS 0x00000006dd800000| PB 0x00000006dd800000| Untracked 
| 375|0x00000006ddc00000, 0x00000006ddc00000, 0x00000006de000000|  0%| F|  |TAMS 0x00000006ddc00000| PB 0x00000006ddc00000| Untracked 
| 376|0x00000006de000000, 0x00000006de000000, 0x00000006de400000|  0%| F|  |TAMS 0x00000006de000000| PB 0x00000006de000000| Untracked 
| 377|0x00000006de400000, 0x00000006de400000, 0x00000006de800000|  0%| F|  |TAMS 0x00000006de400000| PB 0x00000006de400000| Untracked 
| 378|0x00000006de800000, 0x00000006de800000, 0x00000006dec00000|  0%| F|  |TAMS 0x00000006de800000| PB 0x00000006de800000| Untracked 
| 379|0x00000006dec00000, 0x00000006dec00000, 0x00000006df000000|  0%| F|  |TAMS 0x00000006dec00000| PB 0x00000006dec00000| Untracked 
| 380|0x00000006df000000, 0x00000006df000000, 0x00000006df400000|  0%| F|  |TAMS 0x00000006df000000| PB 0x00000006df000000| Untracked 
| 381|0x00000006df400000, 0x00000006df400000, 0x00000006df800000|  0%| F|  |TAMS 0x00000006df400000| PB 0x00000006df400000| Untracked 
| 382|0x00000006df800000, 0x00000006df800000, 0x00000006dfc00000|  0%| F|  |TAMS 0x00000006df800000| PB 0x00000006df800000| Untracked 
| 383|0x00000006dfc00000, 0x00000006dfc00000, 0x00000006e0000000|  0%| F|  |TAMS 0x00000006dfc00000| PB 0x00000006dfc00000| Untracked 
| 384|0x00000006e0000000, 0x00000006e0000000, 0x00000006e0400000|  0%| F|  |TAMS 0x00000006e0000000| PB 0x00000006e0000000| Untracked 
| 385|0x00000006e0400000, 0x00000006e0400000, 0x00000006e0800000|  0%| F|  |TAMS 0x00000006e0400000| PB 0x00000006e0400000| Untracked 
| 386|0x00000006e0800000, 0x00000006e0800000, 0x00000006e0c00000|  0%| F|  |TAMS 0x00000006e0800000| PB 0x00000006e0800000| Untracked 
| 387|0x00000006e0c00000, 0x00000006e0c00000, 0x00000006e1000000|  0%| F|  |TAMS 0x00000006e0c00000| PB 0x00000006e0c00000| Untracked 
| 388|0x00000006e1000000, 0x00000006e1000000, 0x00000006e1400000|  0%| F|  |TAMS 0x00000006e1000000| PB 0x00000006e1000000| Untracked 
| 389|0x00000006e1400000, 0x00000006e1400000, 0x00000006e1800000|  0%| F|  |TAMS 0x00000006e1400000| PB 0x00000006e1400000| Untracked 
| 390|0x00000006e1800000, 0x00000006e1800000, 0x00000006e1c00000|  0%| F|  |TAMS 0x00000006e1800000| PB 0x00000006e1800000| Untracked 
| 391|0x00000006e1c00000, 0x00000006e1c00000, 0x00000006e2000000|  0%| F|  |TAMS 0x00000006e1c00000| PB 0x00000006e1c00000| Untracked 
| 392|0x00000006e2000000, 0x00000006e2000000, 0x00000006e2400000|  0%| F|  |TAMS 0x00000006e2000000| PB 0x00000006e2000000| Untracked 
| 393|0x00000006e2400000, 0x00000006e2400000, 0x00000006e2800000|  0%| F|  |TAMS 0x00000006e2400000| PB 0x00000006e2400000| Untracked 
| 394|0x00000006e2800000, 0x00000006e2800000, 0x00000006e2c00000|  0%| F|  |TAMS 0x00000006e2800000| PB 0x00000006e2800000| Untracked 
| 395|0x00000006e2c00000, 0x00000006e2c00000, 0x00000006e3000000|  0%| F|  |TAMS 0x00000006e2c00000| PB 0x00000006e2c00000| Untracked 
| 396|0x00000006e3000000, 0x00000006e3000000, 0x00000006e3400000|  0%| F|  |TAMS 0x00000006e3000000| PB 0x00000006e3000000| Untracked 
| 397|0x00000006e3400000, 0x00000006e3400000, 0x00000006e3800000|  0%| F|  |TAMS 0x00000006e3400000| PB 0x00000006e3400000| Untracked 
| 398|0x00000006e3800000, 0x00000006e3800000, 0x00000006e3c00000|  0%| F|  |TAMS 0x00000006e3800000| PB 0x00000006e3800000| Untracked 
| 399|0x00000006e3c00000, 0x00000006e3c00000, 0x00000006e4000000|  0%| F|  |TAMS 0x00000006e3c00000| PB 0x00000006e3c00000| Untracked 
| 400|0x00000006e4000000, 0x00000006e4000000, 0x00000006e4400000|  0%| F|  |TAMS 0x00000006e4000000| PB 0x00000006e4000000| Untracked 
| 401|0x00000006e4400000, 0x00000006e4400000, 0x00000006e4800000|  0%| F|  |TAMS 0x00000006e4400000| PB 0x00000006e4400000| Untracked 
| 402|0x00000006e4800000, 0x00000006e4800000, 0x00000006e4c00000|  0%| F|  |TAMS 0x00000006e4800000| PB 0x00000006e4800000| Untracked 
| 403|0x00000006e4c00000, 0x00000006e4c00000, 0x00000006e5000000|  0%| F|  |TAMS 0x00000006e4c00000| PB 0x00000006e4c00000| Untracked 
| 404|0x00000006e5000000, 0x00000006e5000000, 0x00000006e5400000|  0%| F|  |TAMS 0x00000006e5000000| PB 0x00000006e5000000| Untracked 
| 405|0x00000006e5400000, 0x00000006e5400000, 0x00000006e5800000|  0%| F|  |TAMS 0x00000006e5400000| PB 0x00000006e5400000| Untracked 
| 406|0x00000006e5800000, 0x00000006e5800000, 0x00000006e5c00000|  0%| F|  |TAMS 0x00000006e5800000| PB 0x00000006e5800000| Untracked 
| 407|0x00000006e5c00000, 0x00000006e5c00000, 0x00000006e6000000|  0%| F|  |TAMS 0x00000006e5c00000| PB 0x00000006e5c00000| Untracked 
| 408|0x00000006e6000000, 0x00000006e6000000, 0x00000006e6400000|  0%| F|  |TAMS 0x00000006e6000000| PB 0x00000006e6000000| Untracked 
| 409|0x00000006e6400000, 0x00000006e6400000, 0x00000006e6800000|  0%| F|  |TAMS 0x00000006e6400000| PB 0x00000006e6400000| Untracked 
| 410|0x00000006e6800000, 0x00000006e6800000, 0x00000006e6c00000|  0%| F|  |TAMS 0x00000006e6800000| PB 0x00000006e6800000| Untracked 
| 411|0x00000006e6c00000, 0x00000006e6c00000, 0x00000006e7000000|  0%| F|  |TAMS 0x00000006e6c00000| PB 0x00000006e6c00000| Untracked 
| 412|0x00000006e7000000, 0x00000006e7000000, 0x00000006e7400000|  0%| F|  |TAMS 0x00000006e7000000| PB 0x00000006e7000000| Untracked 
| 413|0x00000006e7400000, 0x00000006e7400000, 0x00000006e7800000|  0%| F|  |TAMS 0x00000006e7400000| PB 0x00000006e7400000| Untracked 
| 414|0x00000006e7800000, 0x00000006e7800000, 0x00000006e7c00000|  0%| F|  |TAMS 0x00000006e7800000| PB 0x00000006e7800000| Untracked 
| 415|0x00000006e7c00000, 0x00000006e7c00000, 0x00000006e8000000|  0%| F|  |TAMS 0x00000006e7c00000| PB 0x00000006e7c00000| Untracked 
| 416|0x00000006e8000000, 0x00000006e8000000, 0x00000006e8400000|  0%| F|  |TAMS 0x00000006e8000000| PB 0x00000006e8000000| Untracked 
| 417|0x00000006e8400000, 0x00000006e8400000, 0x00000006e8800000|  0%| F|  |TAMS 0x00000006e8400000| PB 0x00000006e8400000| Untracked 
| 418|0x00000006e8800000, 0x00000006e8800000, 0x00000006e8c00000|  0%| F|  |TAMS 0x00000006e8800000| PB 0x00000006e8800000| Untracked 
| 419|0x00000006e8c00000, 0x00000006e8c00000, 0x00000006e9000000|  0%| F|  |TAMS 0x00000006e8c00000| PB 0x00000006e8c00000| Untracked 
| 420|0x00000006e9000000, 0x00000006e9000000, 0x00000006e9400000|  0%| F|  |TAMS 0x00000006e9000000| PB 0x00000006e9000000| Untracked 
| 421|0x00000006e9400000, 0x00000006e9400000, 0x00000006e9800000|  0%| F|  |TAMS 0x00000006e9400000| PB 0x00000006e9400000| Untracked 
| 422|0x00000006e9800000, 0x00000006e9800000, 0x00000006e9c00000|  0%| F|  |TAMS 0x00000006e9800000| PB 0x00000006e9800000| Untracked 
| 423|0x00000006e9c00000, 0x00000006e9c00000, 0x00000006ea000000|  0%| F|  |TAMS 0x00000006e9c00000| PB 0x00000006e9c00000| Untracked 
| 424|0x00000006ea000000, 0x00000006ea000000, 0x00000006ea400000|  0%| F|  |TAMS 0x00000006ea000000| PB 0x00000006ea000000| Untracked 
| 425|0x00000006ea400000, 0x00000006ea400000, 0x00000006ea800000|  0%| F|  |TAMS 0x00000006ea400000| PB 0x00000006ea400000| Untracked 
| 426|0x00000006ea800000, 0x00000006ea800000, 0x00000006eac00000|  0%| F|  |TAMS 0x00000006ea800000| PB 0x00000006ea800000| Untracked 
| 427|0x00000006eac00000, 0x00000006eac00000, 0x00000006eb000000|  0%| F|  |TAMS 0x00000006eac00000| PB 0x00000006eac00000| Untracked 
| 428|0x00000006eb000000, 0x00000006eb000000, 0x00000006eb400000|  0%| F|  |TAMS 0x00000006eb000000| PB 0x00000006eb000000| Untracked 
| 429|0x00000006eb400000, 0x00000006eb400000, 0x00000006eb800000|  0%| F|  |TAMS 0x00000006eb400000| PB 0x00000006eb400000| Untracked 
| 430|0x00000006eb800000, 0x00000006eb800000, 0x00000006ebc00000|  0%| F|  |TAMS 0x00000006eb800000| PB 0x00000006eb800000| Untracked 
| 431|0x00000006ebc00000, 0x00000006ebc00000, 0x00000006ec000000|  0%| F|  |TAMS 0x00000006ebc00000| PB 0x00000006ebc00000| Untracked 
| 432|0x00000006ec000000, 0x00000006ec000000, 0x00000006ec400000|  0%| F|  |TAMS 0x00000006ec000000| PB 0x00000006ec000000| Untracked 
| 433|0x00000006ec400000, 0x00000006ec400000, 0x00000006ec800000|  0%| F|  |TAMS 0x00000006ec400000| PB 0x00000006ec400000| Untracked 
| 434|0x00000006ec800000, 0x00000006ec800000, 0x00000006ecc00000|  0%| F|  |TAMS 0x00000006ec800000| PB 0x00000006ec800000| Untracked 
| 435|0x00000006ecc00000, 0x00000006ecc00000, 0x00000006ed000000|  0%| F|  |TAMS 0x00000006ecc00000| PB 0x00000006ecc00000| Untracked 
| 436|0x00000006ed000000, 0x00000006ed000000, 0x00000006ed400000|  0%| F|  |TAMS 0x00000006ed000000| PB 0x00000006ed000000| Untracked 
| 437|0x00000006ed400000, 0x00000006ed400000, 0x00000006ed800000|  0%| F|  |TAMS 0x00000006ed400000| PB 0x00000006ed400000| Untracked 
| 438|0x00000006ed800000, 0x00000006ed800000, 0x00000006edc00000|  0%| F|  |TAMS 0x00000006ed800000| PB 0x00000006ed800000| Untracked 
| 439|0x00000006edc00000, 0x00000006edc00000, 0x00000006ee000000|  0%| F|  |TAMS 0x00000006edc00000| PB 0x00000006edc00000| Untracked 
| 440|0x00000006ee000000, 0x00000006ee000000, 0x00000006ee400000|  0%| F|  |TAMS 0x00000006ee000000| PB 0x00000006ee000000| Untracked 
| 441|0x00000006ee400000, 0x00000006ee400000, 0x00000006ee800000|  0%| F|  |TAMS 0x00000006ee400000| PB 0x00000006ee400000| Untracked 
| 442|0x00000006ee800000, 0x00000006ee800000, 0x00000006eec00000|  0%| F|  |TAMS 0x00000006ee800000| PB 0x00000006ee800000| Untracked 
| 443|0x00000006eec00000, 0x00000006eec00000, 0x00000006ef000000|  0%| F|  |TAMS 0x00000006eec00000| PB 0x00000006eec00000| Untracked 
| 444|0x00000006ef000000, 0x00000006ef000000, 0x00000006ef400000|  0%| F|  |TAMS 0x00000006ef000000| PB 0x00000006ef000000| Untracked 
| 445|0x00000006ef400000, 0x00000006ef400000, 0x00000006ef800000|  0%| F|  |TAMS 0x00000006ef400000| PB 0x00000006ef400000| Untracked 
| 446|0x00000006ef800000, 0x00000006ef800000, 0x00000006efc00000|  0%| F|  |TAMS 0x00000006ef800000| PB 0x00000006ef800000| Untracked 
| 447|0x00000006efc00000, 0x00000006efc00000, 0x00000006f0000000|  0%| F|  |TAMS 0x00000006efc00000| PB 0x00000006efc00000| Untracked 
| 448|0x00000006f0000000, 0x00000006f0000000, 0x00000006f0400000|  0%| F|  |TAMS 0x00000006f0000000| PB 0x00000006f0000000| Untracked 
| 449|0x00000006f0400000, 0x00000006f0400000, 0x00000006f0800000|  0%| F|  |TAMS 0x00000006f0400000| PB 0x00000006f0400000| Untracked 
| 450|0x00000006f0800000, 0x00000006f0800000, 0x00000006f0c00000|  0%| F|  |TAMS 0x00000006f0800000| PB 0x00000006f0800000| Untracked 
| 451|0x00000006f0c00000, 0x00000006f0c00000, 0x00000006f1000000|  0%| F|  |TAMS 0x00000006f0c00000| PB 0x00000006f0c00000| Untracked 
| 452|0x00000006f1000000, 0x00000006f1000000, 0x00000006f1400000|  0%| F|  |TAMS 0x00000006f1000000| PB 0x00000006f1000000| Untracked 
| 453|0x00000006f1400000, 0x00000006f1400000, 0x00000006f1800000|  0%| F|  |TAMS 0x00000006f1400000| PB 0x00000006f1400000| Untracked 
| 454|0x00000006f1800000, 0x00000006f1800000, 0x00000006f1c00000|  0%| F|  |TAMS 0x00000006f1800000| PB 0x00000006f1800000| Untracked 
| 455|0x00000006f1c00000, 0x00000006f1c00000, 0x00000006f2000000|  0%| F|  |TAMS 0x00000006f1c00000| PB 0x00000006f1c00000| Untracked 
| 456|0x00000006f2000000, 0x00000006f2000000, 0x00000006f2400000|  0%| F|  |TAMS 0x00000006f2000000| PB 0x00000006f2000000| Untracked 
| 457|0x00000006f2400000, 0x00000006f2400000, 0x00000006f2800000|  0%| F|  |TAMS 0x00000006f2400000| PB 0x00000006f2400000| Untracked 
| 458|0x00000006f2800000, 0x00000006f2800000, 0x00000006f2c00000|  0%| F|  |TAMS 0x00000006f2800000| PB 0x00000006f2800000| Untracked 
| 459|0x00000006f2c00000, 0x00000006f2c00000, 0x00000006f3000000|  0%| F|  |TAMS 0x00000006f2c00000| PB 0x00000006f2c00000| Untracked 
| 460|0x00000006f3000000, 0x00000006f3000000, 0x00000006f3400000|  0%| F|  |TAMS 0x00000006f3000000| PB 0x00000006f3000000| Untracked 
| 461|0x00000006f3400000, 0x00000006f3400000, 0x00000006f3800000|  0%| F|  |TAMS 0x00000006f3400000| PB 0x00000006f3400000| Untracked 
| 462|0x00000006f3800000, 0x00000006f3800000, 0x00000006f3c00000|  0%| F|  |TAMS 0x00000006f3800000| PB 0x00000006f3800000| Untracked 
| 463|0x00000006f3c00000, 0x00000006f3c00000, 0x00000006f4000000|  0%| F|  |TAMS 0x00000006f3c00000| PB 0x00000006f3c00000| Untracked 
| 464|0x00000006f4000000, 0x00000006f4000000, 0x00000006f4400000|  0%| F|  |TAMS 0x00000006f4000000| PB 0x00000006f4000000| Untracked 
| 465|0x00000006f4400000, 0x00000006f4400000, 0x00000006f4800000|  0%| F|  |TAMS 0x00000006f4400000| PB 0x00000006f4400000| Untracked 
| 466|0x00000006f4800000, 0x00000006f4800000, 0x00000006f4c00000|  0%| F|  |TAMS 0x00000006f4800000| PB 0x00000006f4800000| Untracked 
| 467|0x00000006f4c00000, 0x00000006f4c00000, 0x00000006f5000000|  0%| F|  |TAMS 0x00000006f4c00000| PB 0x00000006f4c00000| Untracked 
| 468|0x00000006f5000000, 0x00000006f5000000, 0x00000006f5400000|  0%| F|  |TAMS 0x00000006f5000000| PB 0x00000006f5000000| Untracked 
| 469|0x00000006f5400000, 0x00000006f5400000, 0x00000006f5800000|  0%| F|  |TAMS 0x00000006f5400000| PB 0x00000006f5400000| Untracked 
| 470|0x00000006f5800000, 0x00000006f5800000, 0x00000006f5c00000|  0%| F|  |TAMS 0x00000006f5800000| PB 0x00000006f5800000| Untracked 
| 471|0x00000006f5c00000, 0x00000006f5c00000, 0x00000006f6000000|  0%| F|  |TAMS 0x00000006f5c00000| PB 0x00000006f5c00000| Untracked 
| 472|0x00000006f6000000, 0x00000006f6000000, 0x00000006f6400000|  0%| F|  |TAMS 0x00000006f6000000| PB 0x00000006f6000000| Untracked 
| 473|0x00000006f6400000, 0x00000006f6400000, 0x00000006f6800000|  0%| F|  |TAMS 0x00000006f6400000| PB 0x00000006f6400000| Untracked 
| 474|0x00000006f6800000, 0x00000006f6800000, 0x00000006f6c00000|  0%| F|  |TAMS 0x00000006f6800000| PB 0x00000006f6800000| Untracked 
| 475|0x00000006f6c00000, 0x00000006f6c00000, 0x00000006f7000000|  0%| F|  |TAMS 0x00000006f6c00000| PB 0x00000006f6c00000| Untracked 
| 476|0x00000006f7000000, 0x00000006f7000000, 0x00000006f7400000|  0%| F|  |TAMS 0x00000006f7000000| PB 0x00000006f7000000| Untracked 
| 477|0x00000006f7400000, 0x00000006f7400000, 0x00000006f7800000|  0%| F|  |TAMS 0x00000006f7400000| PB 0x00000006f7400000| Untracked 
| 478|0x00000006f7800000, 0x00000006f7800000, 0x00000006f7c00000|  0%| F|  |TAMS 0x00000006f7800000| PB 0x00000006f7800000| Untracked 
| 479|0x00000006f7c00000, 0x00000006f7c00000, 0x00000006f8000000|  0%| F|  |TAMS 0x00000006f7c00000| PB 0x00000006f7c00000| Untracked 
| 480|0x00000006f8000000, 0x00000006f8000000, 0x00000006f8400000|  0%| F|  |TAMS 0x00000006f8000000| PB 0x00000006f8000000| Untracked 
| 481|0x00000006f8400000, 0x00000006f8400000, 0x00000006f8800000|  0%| F|  |TAMS 0x00000006f8400000| PB 0x00000006f8400000| Untracked 
| 482|0x00000006f8800000, 0x00000006f8800000, 0x00000006f8c00000|  0%| F|  |TAMS 0x00000006f8800000| PB 0x00000006f8800000| Untracked 
| 483|0x00000006f8c00000, 0x00000006f8c00000, 0x00000006f9000000|  0%| F|  |TAMS 0x00000006f8c00000| PB 0x00000006f8c00000| Untracked 
| 484|0x00000006f9000000, 0x00000006f9000000, 0x00000006f9400000|  0%| F|  |TAMS 0x00000006f9000000| PB 0x00000006f9000000| Untracked 
| 485|0x00000006f9400000, 0x00000006f9400000, 0x00000006f9800000|  0%| F|  |TAMS 0x00000006f9400000| PB 0x00000006f9400000| Untracked 
| 486|0x00000006f9800000, 0x00000006f9800000, 0x00000006f9c00000|  0%| F|  |TAMS 0x00000006f9800000| PB 0x00000006f9800000| Untracked 
| 487|0x00000006f9c00000, 0x00000006f9c00000, 0x00000006fa000000|  0%| F|  |TAMS 0x00000006f9c00000| PB 0x00000006f9c00000| Untracked 
| 488|0x00000006fa000000, 0x00000006fa000000, 0x00000006fa400000|  0%| F|  |TAMS 0x00000006fa000000| PB 0x00000006fa000000| Untracked 
| 489|0x00000006fa400000, 0x00000006fa400000, 0x00000006fa800000|  0%| F|  |TAMS 0x00000006fa400000| PB 0x00000006fa400000| Untracked 
| 490|0x00000006fa800000, 0x00000006fa800000, 0x00000006fac00000|  0%| F|  |TAMS 0x00000006fa800000| PB 0x00000006fa800000| Untracked 
| 491|0x00000006fac00000, 0x00000006fac00000, 0x00000006fb000000|  0%| F|  |TAMS 0x00000006fac00000| PB 0x00000006fac00000| Untracked 
| 492|0x00000006fb000000, 0x00000006fb000000, 0x00000006fb400000|  0%| F|  |TAMS 0x00000006fb000000| PB 0x00000006fb000000| Untracked 
| 493|0x00000006fb400000, 0x00000006fb400000, 0x00000006fb800000|  0%| F|  |TAMS 0x00000006fb400000| PB 0x00000006fb400000| Untracked 
| 494|0x00000006fb800000, 0x00000006fb800000, 0x00000006fbc00000|  0%| F|  |TAMS 0x00000006fb800000| PB 0x00000006fb800000| Untracked 
| 495|0x00000006fbc00000, 0x00000006fbc00000, 0x00000006fc000000|  0%| F|  |TAMS 0x00000006fbc00000| PB 0x00000006fbc00000| Untracked 
| 496|0x00000006fc000000, 0x00000006fc000000, 0x00000006fc400000|  0%| F|  |TAMS 0x00000006fc000000| PB 0x00000006fc000000| Untracked 
| 497|0x00000006fc400000, 0x00000006fc400000, 0x00000006fc800000|  0%| F|  |TAMS 0x00000006fc400000| PB 0x00000006fc400000| Untracked 
| 498|0x00000006fc800000, 0x00000006fc800000, 0x00000006fcc00000|  0%| F|  |TAMS 0x00000006fc800000| PB 0x00000006fc800000| Untracked 
| 499|0x00000006fcc00000, 0x00000006fcc00000, 0x00000006fd000000|  0%| F|  |TAMS 0x00000006fcc00000| PB 0x00000006fcc00000| Untracked 
| 500|0x00000006fd000000, 0x00000006fd000000, 0x00000006fd400000|  0%| F|  |TAMS 0x00000006fd000000| PB 0x00000006fd000000| Untracked 
| 501|0x00000006fd400000, 0x00000006fd400000, 0x00000006fd800000|  0%| F|  |TAMS 0x00000006fd400000| PB 0x00000006fd400000| Untracked 
| 502|0x00000006fd800000, 0x00000006fd800000, 0x00000006fdc00000|  0%| F|  |TAMS 0x00000006fd800000| PB 0x00000006fd800000| Untracked 
| 503|0x00000006fdc00000, 0x00000006fdea0f50, 0x00000006fe000000| 65%| S|CS|TAMS 0x00000006fdc00000| PB 0x00000006fdc00000| Complete 
| 504|0x00000006fe000000, 0x00000006fe400000, 0x00000006fe400000|100%| S|CS|TAMS 0x00000006fe000000| PB 0x00000006fe000000| Complete 
| 505|0x00000006fe400000, 0x00000006fe800000, 0x00000006fe800000|100%| S|CS|TAMS 0x00000006fe400000| PB 0x00000006fe400000| Complete 
| 506|0x00000006fe800000, 0x00000006fec00000, 0x00000006fec00000|100%| S|CS|TAMS 0x00000006fe800000| PB 0x00000006fe800000| Complete 
| 507|0x00000006fec00000, 0x00000006fec00000, 0x00000006ff000000|  0%| F|  |TAMS 0x00000006fec00000| PB 0x00000006fec00000| Untracked 
| 508|0x00000006ff000000, 0x00000006ff000000, 0x00000006ff400000|  0%| F|  |TAMS 0x00000006ff000000| PB 0x00000006ff000000| Untracked 
| 509|0x00000006ff400000, 0x00000006ff400000, 0x00000006ff800000|  0%| F|  |TAMS 0x00000006ff400000| PB 0x00000006ff400000| Untracked 
| 510|0x00000006ff800000, 0x00000006ff800000, 0x00000006ffc00000|  0%| F|  |TAMS 0x00000006ff800000| PB 0x00000006ff800000| Untracked 
| 511|0x00000006ffc00000, 0x00000006ffc00000, 0x0000000700000000|  0%| F|  |TAMS 0x00000006ffc00000| PB 0x00000006ffc00000| Untracked 
| 512|0x0000000700000000, 0x0000000700000000, 0x0000000700400000|  0%| F|  |TAMS 0x0000000700000000| PB 0x0000000700000000| Untracked 
| 513|0x0000000700400000, 0x0000000700400000, 0x0000000700800000|  0%| F|  |TAMS 0x0000000700400000| PB 0x0000000700400000| Untracked 
| 514|0x0000000700800000, 0x0000000700800000, 0x0000000700c00000|  0%| F|  |TAMS 0x0000000700800000| PB 0x0000000700800000| Untracked 
| 515|0x0000000700c00000, 0x0000000700c00000, 0x0000000701000000|  0%| F|  |TAMS 0x0000000700c00000| PB 0x0000000700c00000| Untracked 
| 516|0x0000000701000000, 0x0000000701000000, 0x0000000701400000|  0%| F|  |TAMS 0x0000000701000000| PB 0x0000000701000000| Untracked 
| 517|0x0000000701400000, 0x0000000701400000, 0x0000000701800000|  0%| F|  |TAMS 0x0000000701400000| PB 0x0000000701400000| Untracked 
| 518|0x0000000701800000, 0x0000000701800000, 0x0000000701c00000|  0%| F|  |TAMS 0x0000000701800000| PB 0x0000000701800000| Untracked 
| 519|0x0000000701c00000, 0x0000000701c00000, 0x0000000702000000|  0%| F|  |TAMS 0x0000000701c00000| PB 0x0000000701c00000| Untracked 
| 520|0x0000000702000000, 0x0000000702000000, 0x0000000702400000|  0%| F|  |TAMS 0x0000000702000000| PB 0x0000000702000000| Untracked 
| 521|0x0000000702400000, 0x0000000702400000, 0x0000000702800000|  0%| F|  |TAMS 0x0000000702400000| PB 0x0000000702400000| Untracked 
| 522|0x0000000702800000, 0x0000000702800000, 0x0000000702c00000|  0%| F|  |TAMS 0x0000000702800000| PB 0x0000000702800000| Untracked 
| 523|0x0000000702c00000, 0x0000000702c00000, 0x0000000703000000|  0%| F|  |TAMS 0x0000000702c00000| PB 0x0000000702c00000| Untracked 
| 524|0x0000000703000000, 0x0000000703000000, 0x0000000703400000|  0%| F|  |TAMS 0x0000000703000000| PB 0x0000000703000000| Untracked 
| 525|0x0000000703400000, 0x0000000703400000, 0x0000000703800000|  0%| F|  |TAMS 0x0000000703400000| PB 0x0000000703400000| Untracked 
| 526|0x0000000703800000, 0x0000000703800000, 0x0000000703c00000|  0%| F|  |TAMS 0x0000000703800000| PB 0x0000000703800000| Untracked 
| 527|0x0000000703c00000, 0x0000000703c00000, 0x0000000704000000|  0%| F|  |TAMS 0x0000000703c00000| PB 0x0000000703c00000| Untracked 
| 528|0x0000000704000000, 0x0000000704000000, 0x0000000704400000|  0%| F|  |TAMS 0x0000000704000000| PB 0x0000000704000000| Untracked 
| 529|0x0000000704400000, 0x0000000704400000, 0x0000000704800000|  0%| F|  |TAMS 0x0000000704400000| PB 0x0000000704400000| Untracked 
| 530|0x0000000704800000, 0x0000000704800000, 0x0000000704c00000|  0%| F|  |TAMS 0x0000000704800000| PB 0x0000000704800000| Untracked 
| 531|0x0000000704c00000, 0x0000000704c00000, 0x0000000705000000|  0%| F|  |TAMS 0x0000000704c00000| PB 0x0000000704c00000| Untracked 
| 532|0x0000000705000000, 0x0000000705000000, 0x0000000705400000|  0%| F|  |TAMS 0x0000000705000000| PB 0x0000000705000000| Untracked 
| 533|0x0000000705400000, 0x0000000705400000, 0x0000000705800000|  0%| F|  |TAMS 0x0000000705400000| PB 0x0000000705400000| Untracked 
| 534|0x0000000705800000, 0x0000000705800000, 0x0000000705c00000|  0%| F|  |TAMS 0x0000000705800000| PB 0x0000000705800000| Untracked 
| 535|0x0000000705c00000, 0x0000000705c00000, 0x0000000706000000|  0%| F|  |TAMS 0x0000000705c00000| PB 0x0000000705c00000| Untracked 
| 536|0x0000000706000000, 0x0000000706000000, 0x0000000706400000|  0%| F|  |TAMS 0x0000000706000000| PB 0x0000000706000000| Untracked 
| 537|0x0000000706400000, 0x0000000706400000, 0x0000000706800000|  0%| F|  |TAMS 0x0000000706400000| PB 0x0000000706400000| Untracked 
| 538|0x0000000706800000, 0x0000000706800000, 0x0000000706c00000|  0%| F|  |TAMS 0x0000000706800000| PB 0x0000000706800000| Untracked 
| 539|0x0000000706c00000, 0x0000000706c00000, 0x0000000707000000|  0%| F|  |TAMS 0x0000000706c00000| PB 0x0000000706c00000| Untracked 
| 540|0x0000000707000000, 0x0000000707000000, 0x0000000707400000|  0%| F|  |TAMS 0x0000000707000000| PB 0x0000000707000000| Untracked 
| 541|0x0000000707400000, 0x0000000707400000, 0x0000000707800000|  0%| F|  |TAMS 0x0000000707400000| PB 0x0000000707400000| Untracked 
| 542|0x0000000707800000, 0x0000000707800000, 0x0000000707c00000|  0%| F|  |TAMS 0x0000000707800000| PB 0x0000000707800000| Untracked 
| 543|0x0000000707c00000, 0x0000000707c00000, 0x0000000708000000|  0%| F|  |TAMS 0x0000000707c00000| PB 0x0000000707c00000| Untracked 
| 544|0x0000000708000000, 0x0000000708000000, 0x0000000708400000|  0%| F|  |TAMS 0x0000000708000000| PB 0x0000000708000000| Untracked 
| 545|0x0000000708400000, 0x0000000708400000, 0x0000000708800000|  0%| F|  |TAMS 0x0000000708400000| PB 0x0000000708400000| Untracked 
| 546|0x0000000708800000, 0x0000000708800000, 0x0000000708c00000|  0%| F|  |TAMS 0x0000000708800000| PB 0x0000000708800000| Untracked 
| 547|0x0000000708c00000, 0x0000000708c00000, 0x0000000709000000|  0%| F|  |TAMS 0x0000000708c00000| PB 0x0000000708c00000| Untracked 
| 548|0x0000000709000000, 0x0000000709000000, 0x0000000709400000|  0%| F|  |TAMS 0x0000000709000000| PB 0x0000000709000000| Untracked 
| 549|0x0000000709400000, 0x0000000709400000, 0x0000000709800000|  0%| F|  |TAMS 0x0000000709400000| PB 0x0000000709400000| Untracked 
| 550|0x0000000709800000, 0x0000000709800000, 0x0000000709c00000|  0%| F|  |TAMS 0x0000000709800000| PB 0x0000000709800000| Untracked 
| 551|0x0000000709c00000, 0x0000000709c00000, 0x000000070a000000|  0%| F|  |TAMS 0x0000000709c00000| PB 0x0000000709c00000| Untracked 
| 552|0x000000070a000000, 0x000000070a000000, 0x000000070a400000|  0%| F|  |TAMS 0x000000070a000000| PB 0x000000070a000000| Untracked 
| 553|0x000000070a400000, 0x000000070a400000, 0x000000070a800000|  0%| F|  |TAMS 0x000000070a400000| PB 0x000000070a400000| Untracked 
| 554|0x000000070a800000, 0x000000070a800000, 0x000000070ac00000|  0%| F|  |TAMS 0x000000070a800000| PB 0x000000070a800000| Untracked 
| 555|0x000000070ac00000, 0x000000070ac00000, 0x000000070b000000|  0%| F|  |TAMS 0x000000070ac00000| PB 0x000000070ac00000| Untracked 
| 556|0x000000070b000000, 0x000000070b000000, 0x000000070b400000|  0%| F|  |TAMS 0x000000070b000000| PB 0x000000070b000000| Untracked 
| 557|0x000000070b400000, 0x000000070b400000, 0x000000070b800000|  0%| F|  |TAMS 0x000000070b400000| PB 0x000000070b400000| Untracked 
| 558|0x000000070b800000, 0x000000070b800000, 0x000000070bc00000|  0%| F|  |TAMS 0x000000070b800000| PB 0x000000070b800000| Untracked 
| 559|0x000000070bc00000, 0x000000070bc00000, 0x000000070c000000|  0%| F|  |TAMS 0x000000070bc00000| PB 0x000000070bc00000| Untracked 
| 560|0x000000070c000000, 0x000000070c000000, 0x000000070c400000|  0%| F|  |TAMS 0x000000070c000000| PB 0x000000070c000000| Untracked 
| 561|0x000000070c400000, 0x000000070c400000, 0x000000070c800000|  0%| F|  |TAMS 0x000000070c400000| PB 0x000000070c400000| Untracked 
| 562|0x000000070c800000, 0x000000070c800000, 0x000000070cc00000|  0%| F|  |TAMS 0x000000070c800000| PB 0x000000070c800000| Untracked 
| 563|0x000000070cc00000, 0x000000070cc00000, 0x000000070d000000|  0%| F|  |TAMS 0x000000070cc00000| PB 0x000000070cc00000| Untracked 
| 564|0x000000070d000000, 0x000000070d000000, 0x000000070d400000|  0%| F|  |TAMS 0x000000070d000000| PB 0x000000070d000000| Untracked 
| 565|0x000000070d400000, 0x000000070d400000, 0x000000070d800000|  0%| F|  |TAMS 0x000000070d400000| PB 0x000000070d400000| Untracked 
| 566|0x000000070d800000, 0x000000070d800000, 0x000000070dc00000|  0%| F|  |TAMS 0x000000070d800000| PB 0x000000070d800000| Untracked 
| 567|0x000000070dc00000, 0x000000070dc00000, 0x000000070e000000|  0%| F|  |TAMS 0x000000070dc00000| PB 0x000000070dc00000| Untracked 
| 568|0x000000070e000000, 0x000000070e000000, 0x000000070e400000|  0%| F|  |TAMS 0x000000070e000000| PB 0x000000070e000000| Untracked 
| 569|0x000000070e400000, 0x000000070e400000, 0x000000070e800000|  0%| F|  |TAMS 0x000000070e400000| PB 0x000000070e400000| Untracked 
| 570|0x000000070e800000, 0x000000070e800000, 0x000000070ec00000|  0%| F|  |TAMS 0x000000070e800000| PB 0x000000070e800000| Untracked 
| 571|0x000000070ec00000, 0x000000070ec00000, 0x000000070f000000|  0%| F|  |TAMS 0x000000070ec00000| PB 0x000000070ec00000| Untracked 
| 572|0x000000070f000000, 0x000000070f000000, 0x000000070f400000|  0%| F|  |TAMS 0x000000070f000000| PB 0x000000070f000000| Untracked 
| 573|0x000000070f400000, 0x000000070f400000, 0x000000070f800000|  0%| F|  |TAMS 0x000000070f400000| PB 0x000000070f400000| Untracked 
| 574|0x000000070f800000, 0x000000070f800000, 0x000000070fc00000|  0%| F|  |TAMS 0x000000070f800000| PB 0x000000070f800000| Untracked 
| 575|0x000000070fc00000, 0x000000070fc00000, 0x0000000710000000|  0%| F|  |TAMS 0x000000070fc00000| PB 0x000000070fc00000| Untracked 
| 576|0x0000000710000000, 0x0000000710000000, 0x0000000710400000|  0%| F|  |TAMS 0x0000000710000000| PB 0x0000000710000000| Untracked 
| 577|0x0000000710400000, 0x0000000710400000, 0x0000000710800000|  0%| F|  |TAMS 0x0000000710400000| PB 0x0000000710400000| Untracked 
| 578|0x0000000710800000, 0x0000000710800000, 0x0000000710c00000|  0%| F|  |TAMS 0x0000000710800000| PB 0x0000000710800000| Untracked 
| 579|0x0000000710c00000, 0x0000000710c00000, 0x0000000711000000|  0%| F|  |TAMS 0x0000000710c00000| PB 0x0000000710c00000| Untracked 
| 580|0x0000000711000000, 0x0000000711000000, 0x0000000711400000|  0%| F|  |TAMS 0x0000000711000000| PB 0x0000000711000000| Untracked 
| 581|0x0000000711400000, 0x0000000711400000, 0x0000000711800000|  0%| F|  |TAMS 0x0000000711400000| PB 0x0000000711400000| Untracked 
| 582|0x0000000711800000, 0x0000000711800000, 0x0000000711c00000|  0%| F|  |TAMS 0x0000000711800000| PB 0x0000000711800000| Untracked 
| 583|0x0000000711c00000, 0x0000000711c00000, 0x0000000712000000|  0%| F|  |TAMS 0x0000000711c00000| PB 0x0000000711c00000| Untracked 
| 584|0x0000000712000000, 0x0000000712000000, 0x0000000712400000|  0%| F|  |TAMS 0x0000000712000000| PB 0x0000000712000000| Untracked 
| 585|0x0000000712400000, 0x0000000712400000, 0x0000000712800000|  0%| F|  |TAMS 0x0000000712400000| PB 0x0000000712400000| Untracked 
| 586|0x0000000712800000, 0x0000000712800000, 0x0000000712c00000|  0%| F|  |TAMS 0x0000000712800000| PB 0x0000000712800000| Untracked 
| 587|0x0000000712c00000, 0x0000000712c00000, 0x0000000713000000|  0%| F|  |TAMS 0x0000000712c00000| PB 0x0000000712c00000| Untracked 
| 588|0x0000000713000000, 0x0000000713000000, 0x0000000713400000|  0%| F|  |TAMS 0x0000000713000000| PB 0x0000000713000000| Untracked 
| 589|0x0000000713400000, 0x0000000713400000, 0x0000000713800000|  0%| F|  |TAMS 0x0000000713400000| PB 0x0000000713400000| Untracked 
| 590|0x0000000713800000, 0x0000000713800000, 0x0000000713c00000|  0%| F|  |TAMS 0x0000000713800000| PB 0x0000000713800000| Untracked 
| 591|0x0000000713c00000, 0x0000000713c00000, 0x0000000714000000|  0%| F|  |TAMS 0x0000000713c00000| PB 0x0000000713c00000| Untracked 
| 592|0x0000000714000000, 0x0000000714000000, 0x0000000714400000|  0%| F|  |TAMS 0x0000000714000000| PB 0x0000000714000000| Untracked 
| 593|0x0000000714400000, 0x0000000714400000, 0x0000000714800000|  0%| F|  |TAMS 0x0000000714400000| PB 0x0000000714400000| Untracked 
| 594|0x0000000714800000, 0x0000000714800000, 0x0000000714c00000|  0%| F|  |TAMS 0x0000000714800000| PB 0x0000000714800000| Untracked 
| 595|0x0000000714c00000, 0x0000000714c00000, 0x0000000715000000|  0%| F|  |TAMS 0x0000000714c00000| PB 0x0000000714c00000| Untracked 
| 596|0x0000000715000000, 0x0000000715000000, 0x0000000715400000|  0%| F|  |TAMS 0x0000000715000000| PB 0x0000000715000000| Untracked 
| 597|0x0000000715400000, 0x0000000715400000, 0x0000000715800000|  0%| F|  |TAMS 0x0000000715400000| PB 0x0000000715400000| Untracked 
| 598|0x0000000715800000, 0x0000000715800000, 0x0000000715c00000|  0%| F|  |TAMS 0x0000000715800000| PB 0x0000000715800000| Untracked 
| 599|0x0000000715c00000, 0x0000000715c00000, 0x0000000716000000|  0%| F|  |TAMS 0x0000000715c00000| PB 0x0000000715c00000| Untracked 
| 600|0x0000000716000000, 0x0000000716000000, 0x0000000716400000|  0%| F|  |TAMS 0x0000000716000000| PB 0x0000000716000000| Untracked 
| 601|0x0000000716400000, 0x0000000716400000, 0x0000000716800000|  0%| F|  |TAMS 0x0000000716400000| PB 0x0000000716400000| Untracked 
| 602|0x0000000716800000, 0x0000000716800000, 0x0000000716c00000|  0%| F|  |TAMS 0x0000000716800000| PB 0x0000000716800000| Untracked 
| 603|0x0000000716c00000, 0x0000000716c00000, 0x0000000717000000|  0%| F|  |TAMS 0x0000000716c00000| PB 0x0000000716c00000| Untracked 
| 604|0x0000000717000000, 0x0000000717000000, 0x0000000717400000|  0%| F|  |TAMS 0x0000000717000000| PB 0x0000000717000000| Untracked 
| 605|0x0000000717400000, 0x0000000717400000, 0x0000000717800000|  0%| F|  |TAMS 0x0000000717400000| PB 0x0000000717400000| Untracked 
| 606|0x0000000717800000, 0x0000000717800000, 0x0000000717c00000|  0%| F|  |TAMS 0x0000000717800000| PB 0x0000000717800000| Untracked 
| 607|0x0000000717c00000, 0x0000000717c00000, 0x0000000718000000|  0%| F|  |TAMS 0x0000000717c00000| PB 0x0000000717c00000| Untracked 
| 608|0x0000000718000000, 0x0000000718000000, 0x0000000718400000|  0%| F|  |TAMS 0x0000000718000000| PB 0x0000000718000000| Untracked 
| 609|0x0000000718400000, 0x0000000718400000, 0x0000000718800000|  0%| F|  |TAMS 0x0000000718400000| PB 0x0000000718400000| Untracked 
| 610|0x0000000718800000, 0x0000000718800000, 0x0000000718c00000|  0%| F|  |TAMS 0x0000000718800000| PB 0x0000000718800000| Untracked 
| 611|0x0000000718c00000, 0x0000000718c00000, 0x0000000719000000|  0%| F|  |TAMS 0x0000000718c00000| PB 0x0000000718c00000| Untracked 
| 612|0x0000000719000000, 0x0000000719000000, 0x0000000719400000|  0%| F|  |TAMS 0x0000000719000000| PB 0x0000000719000000| Untracked 
| 613|0x0000000719400000, 0x0000000719400000, 0x0000000719800000|  0%| F|  |TAMS 0x0000000719400000| PB 0x0000000719400000| Untracked 
| 614|0x0000000719800000, 0x0000000719800000, 0x0000000719c00000|  0%| F|  |TAMS 0x0000000719800000| PB 0x0000000719800000| Untracked 
| 615|0x0000000719c00000, 0x0000000719c00000, 0x000000071a000000|  0%| F|  |TAMS 0x0000000719c00000| PB 0x0000000719c00000| Untracked 
| 616|0x000000071a000000, 0x000000071a000000, 0x000000071a400000|  0%| F|  |TAMS 0x000000071a000000| PB 0x000000071a000000| Untracked 
| 617|0x000000071a400000, 0x000000071a400000, 0x000000071a800000|  0%| F|  |TAMS 0x000000071a400000| PB 0x000000071a400000| Untracked 
| 618|0x000000071a800000, 0x000000071a800000, 0x000000071ac00000|  0%| F|  |TAMS 0x000000071a800000| PB 0x000000071a800000| Untracked 
| 619|0x000000071ac00000, 0x000000071ac00000, 0x000000071b000000|  0%| F|  |TAMS 0x000000071ac00000| PB 0x000000071ac00000| Untracked 
| 620|0x000000071b000000, 0x000000071b000000, 0x000000071b400000|  0%| F|  |TAMS 0x000000071b000000| PB 0x000000071b000000| Untracked 
| 621|0x000000071b400000, 0x000000071b400000, 0x000000071b800000|  0%| F|  |TAMS 0x000000071b400000| PB 0x000000071b400000| Untracked 
| 622|0x000000071b800000, 0x000000071b800000, 0x000000071bc00000|  0%| F|  |TAMS 0x000000071b800000| PB 0x000000071b800000| Untracked 
| 623|0x000000071bc00000, 0x000000071bc00000, 0x000000071c000000|  0%| F|  |TAMS 0x000000071bc00000| PB 0x000000071bc00000| Untracked 
| 624|0x000000071c000000, 0x000000071c000000, 0x000000071c400000|  0%| F|  |TAMS 0x000000071c000000| PB 0x000000071c000000| Untracked 
| 625|0x000000071c400000, 0x000000071c400000, 0x000000071c800000|  0%| F|  |TAMS 0x000000071c400000| PB 0x000000071c400000| Untracked 
| 626|0x000000071c800000, 0x000000071c800000, 0x000000071cc00000|  0%| F|  |TAMS 0x000000071c800000| PB 0x000000071c800000| Untracked 
| 627|0x000000071cc00000, 0x000000071cc00000, 0x000000071d000000|  0%| F|  |TAMS 0x000000071cc00000| PB 0x000000071cc00000| Untracked 
| 628|0x000000071d000000, 0x000000071d000000, 0x000000071d400000|  0%| F|  |TAMS 0x000000071d000000| PB 0x000000071d000000| Untracked 
| 629|0x000000071d400000, 0x000000071d400000, 0x000000071d800000|  0%| F|  |TAMS 0x000000071d400000| PB 0x000000071d400000| Untracked 
| 630|0x000000071d800000, 0x000000071d800000, 0x000000071dc00000|  0%| F|  |TAMS 0x000000071d800000| PB 0x000000071d800000| Untracked 
| 631|0x000000071dc00000, 0x000000071dc00000, 0x000000071e000000|  0%| F|  |TAMS 0x000000071dc00000| PB 0x000000071dc00000| Untracked 
| 632|0x000000071e000000, 0x000000071e000000, 0x000000071e400000|  0%| F|  |TAMS 0x000000071e000000| PB 0x000000071e000000| Untracked 
| 633|0x000000071e400000, 0x000000071e400000, 0x000000071e800000|  0%| F|  |TAMS 0x000000071e400000| PB 0x000000071e400000| Untracked 
| 634|0x000000071e800000, 0x000000071e800000, 0x000000071ec00000|  0%| F|  |TAMS 0x000000071e800000| PB 0x000000071e800000| Untracked 
| 635|0x000000071ec00000, 0x000000071ec00000, 0x000000071f000000|  0%| F|  |TAMS 0x000000071ec00000| PB 0x000000071ec00000| Untracked 
| 636|0x000000071f000000, 0x000000071f000000, 0x000000071f400000|  0%| F|  |TAMS 0x000000071f000000| PB 0x000000071f000000| Untracked 
| 637|0x000000071f400000, 0x000000071f400000, 0x000000071f800000|  0%| F|  |TAMS 0x000000071f400000| PB 0x000000071f400000| Untracked 
| 638|0x000000071f800000, 0x000000071f800000, 0x000000071fc00000|  0%| F|  |TAMS 0x000000071f800000| PB 0x000000071f800000| Untracked 
| 639|0x000000071fc00000, 0x000000071fc00000, 0x0000000720000000|  0%| F|  |TAMS 0x000000071fc00000| PB 0x000000071fc00000| Untracked 
| 640|0x0000000720000000, 0x0000000720000000, 0x0000000720400000|  0%| F|  |TAMS 0x0000000720000000| PB 0x0000000720000000| Untracked 
| 641|0x0000000720400000, 0x0000000720400000, 0x0000000720800000|  0%| F|  |TAMS 0x0000000720400000| PB 0x0000000720400000| Untracked 
| 642|0x0000000720800000, 0x0000000720800000, 0x0000000720c00000|  0%| F|  |TAMS 0x0000000720800000| PB 0x0000000720800000| Untracked 
| 643|0x0000000720c00000, 0x0000000720c00000, 0x0000000721000000|  0%| F|  |TAMS 0x0000000720c00000| PB 0x0000000720c00000| Untracked 
| 644|0x0000000721000000, 0x0000000721000000, 0x0000000721400000|  0%| F|  |TAMS 0x0000000721000000| PB 0x0000000721000000| Untracked 
| 645|0x0000000721400000, 0x0000000721400000, 0x0000000721800000|  0%| F|  |TAMS 0x0000000721400000| PB 0x0000000721400000| Untracked 
| 646|0x0000000721800000, 0x0000000721800000, 0x0000000721c00000|  0%| F|  |TAMS 0x0000000721800000| PB 0x0000000721800000| Untracked 
| 647|0x0000000721c00000, 0x0000000721c00000, 0x0000000722000000|  0%| F|  |TAMS 0x0000000721c00000| PB 0x0000000721c00000| Untracked 
| 648|0x0000000722000000, 0x0000000722000000, 0x0000000722400000|  0%| F|  |TAMS 0x0000000722000000| PB 0x0000000722000000| Untracked 
| 649|0x0000000722400000, 0x0000000722400000, 0x0000000722800000|  0%| F|  |TAMS 0x0000000722400000| PB 0x0000000722400000| Untracked 
| 650|0x0000000722800000, 0x0000000722800000, 0x0000000722c00000|  0%| F|  |TAMS 0x0000000722800000| PB 0x0000000722800000| Untracked 
| 651|0x0000000722c00000, 0x0000000722c00000, 0x0000000723000000|  0%| F|  |TAMS 0x0000000722c00000| PB 0x0000000722c00000| Untracked 
| 652|0x0000000723000000, 0x0000000723000000, 0x0000000723400000|  0%| F|  |TAMS 0x0000000723000000| PB 0x0000000723000000| Untracked 
| 653|0x0000000723400000, 0x0000000723400000, 0x0000000723800000|  0%| F|  |TAMS 0x0000000723400000| PB 0x0000000723400000| Untracked 
| 654|0x0000000723800000, 0x0000000723800000, 0x0000000723c00000|  0%| F|  |TAMS 0x0000000723800000| PB 0x0000000723800000| Untracked 
| 655|0x0000000723c00000, 0x0000000723c00000, 0x0000000724000000|  0%| F|  |TAMS 0x0000000723c00000| PB 0x0000000723c00000| Untracked 
| 656|0x0000000724000000, 0x0000000724000000, 0x0000000724400000|  0%| F|  |TAMS 0x0000000724000000| PB 0x0000000724000000| Untracked 
| 657|0x0000000724400000, 0x0000000724400000, 0x0000000724800000|  0%| F|  |TAMS 0x0000000724400000| PB 0x0000000724400000| Untracked 
| 658|0x0000000724800000, 0x0000000724800000, 0x0000000724c00000|  0%| F|  |TAMS 0x0000000724800000| PB 0x0000000724800000| Untracked 
| 659|0x0000000724c00000, 0x0000000724c00000, 0x0000000725000000|  0%| F|  |TAMS 0x0000000724c00000| PB 0x0000000724c00000| Untracked 
| 660|0x0000000725000000, 0x0000000725000000, 0x0000000725400000|  0%| F|  |TAMS 0x0000000725000000| PB 0x0000000725000000| Untracked 
| 661|0x0000000725400000, 0x0000000725400000, 0x0000000725800000|  0%| F|  |TAMS 0x0000000725400000| PB 0x0000000725400000| Untracked 
| 662|0x0000000725800000, 0x0000000725800000, 0x0000000725c00000|  0%| F|  |TAMS 0x0000000725800000| PB 0x0000000725800000| Untracked 
| 663|0x0000000725c00000, 0x0000000725c00000, 0x0000000726000000|  0%| F|  |TAMS 0x0000000725c00000| PB 0x0000000725c00000| Untracked 
| 664|0x0000000726000000, 0x0000000726000000, 0x0000000726400000|  0%| F|  |TAMS 0x0000000726000000| PB 0x0000000726000000| Untracked 
| 665|0x0000000726400000, 0x0000000726400000, 0x0000000726800000|  0%| F|  |TAMS 0x0000000726400000| PB 0x0000000726400000| Untracked 
| 666|0x0000000726800000, 0x0000000726800000, 0x0000000726c00000|  0%| F|  |TAMS 0x0000000726800000| PB 0x0000000726800000| Untracked 
| 667|0x0000000726c00000, 0x0000000726c00000, 0x0000000727000000|  0%| F|  |TAMS 0x0000000726c00000| PB 0x0000000726c00000| Untracked 
| 668|0x0000000727000000, 0x0000000727000000, 0x0000000727400000|  0%| F|  |TAMS 0x0000000727000000| PB 0x0000000727000000| Untracked 
| 669|0x0000000727400000, 0x0000000727400000, 0x0000000727800000|  0%| F|  |TAMS 0x0000000727400000| PB 0x0000000727400000| Untracked 
| 670|0x0000000727800000, 0x0000000727800000, 0x0000000727c00000|  0%| F|  |TAMS 0x0000000727800000| PB 0x0000000727800000| Untracked 
| 671|0x0000000727c00000, 0x0000000727c00000, 0x0000000728000000|  0%| F|  |TAMS 0x0000000727c00000| PB 0x0000000727c00000| Untracked 
| 672|0x0000000728000000, 0x0000000728000000, 0x0000000728400000|  0%| F|  |TAMS 0x0000000728000000| PB 0x0000000728000000| Untracked 
| 673|0x0000000728400000, 0x0000000728400000, 0x0000000728800000|  0%| F|  |TAMS 0x0000000728400000| PB 0x0000000728400000| Untracked 
| 674|0x0000000728800000, 0x0000000728800000, 0x0000000728c00000|  0%| F|  |TAMS 0x0000000728800000| PB 0x0000000728800000| Untracked 
| 675|0x0000000728c00000, 0x0000000728c00000, 0x0000000729000000|  0%| F|  |TAMS 0x0000000728c00000| PB 0x0000000728c00000| Untracked 
| 676|0x0000000729000000, 0x0000000729000000, 0x0000000729400000|  0%| F|  |TAMS 0x0000000729000000| PB 0x0000000729000000| Untracked 
| 677|0x0000000729400000, 0x0000000729400000, 0x0000000729800000|  0%| F|  |TAMS 0x0000000729400000| PB 0x0000000729400000| Untracked 
| 678|0x0000000729800000, 0x0000000729800000, 0x0000000729c00000|  0%| F|  |TAMS 0x0000000729800000| PB 0x0000000729800000| Untracked 
| 679|0x0000000729c00000, 0x0000000729c00000, 0x000000072a000000|  0%| F|  |TAMS 0x0000000729c00000| PB 0x0000000729c00000| Untracked 
| 680|0x000000072a000000, 0x000000072a000000, 0x000000072a400000|  0%| F|  |TAMS 0x000000072a000000| PB 0x000000072a000000| Untracked 
| 681|0x000000072a400000, 0x000000072a400000, 0x000000072a800000|  0%| F|  |TAMS 0x000000072a400000| PB 0x000000072a400000| Untracked 
| 682|0x000000072a800000, 0x000000072a800000, 0x000000072ac00000|  0%| F|  |TAMS 0x000000072a800000| PB 0x000000072a800000| Untracked 
| 683|0x000000072ac00000, 0x000000072ac00000, 0x000000072b000000|  0%| F|  |TAMS 0x000000072ac00000| PB 0x000000072ac00000| Untracked 
| 684|0x000000072b000000, 0x000000072b000000, 0x000000072b400000|  0%| F|  |TAMS 0x000000072b000000| PB 0x000000072b000000| Untracked 
| 685|0x000000072b400000, 0x000000072b400000, 0x000000072b800000|  0%| F|  |TAMS 0x000000072b400000| PB 0x000000072b400000| Untracked 
| 686|0x000000072b800000, 0x000000072b800000, 0x000000072bc00000|  0%| F|  |TAMS 0x000000072b800000| PB 0x000000072b800000| Untracked 
| 687|0x000000072bc00000, 0x000000072bc00000, 0x000000072c000000|  0%| F|  |TAMS 0x000000072bc00000| PB 0x000000072bc00000| Untracked 
| 688|0x000000072c000000, 0x000000072c000000, 0x000000072c400000|  0%| F|  |TAMS 0x000000072c000000| PB 0x000000072c000000| Untracked 
| 689|0x000000072c400000, 0x000000072c400000, 0x000000072c800000|  0%| F|  |TAMS 0x000000072c400000| PB 0x000000072c400000| Untracked 
| 690|0x000000072c800000, 0x000000072c800000, 0x000000072cc00000|  0%| F|  |TAMS 0x000000072c800000| PB 0x000000072c800000| Untracked 
| 691|0x000000072cc00000, 0x000000072cc00000, 0x000000072d000000|  0%| F|  |TAMS 0x000000072cc00000| PB 0x000000072cc00000| Untracked 
| 692|0x000000072d000000, 0x000000072d000000, 0x000000072d400000|  0%| F|  |TAMS 0x000000072d000000| PB 0x000000072d000000| Untracked 
| 693|0x000000072d400000, 0x000000072d400000, 0x000000072d800000|  0%| F|  |TAMS 0x000000072d400000| PB 0x000000072d400000| Untracked 
| 694|0x000000072d800000, 0x000000072d800000, 0x000000072dc00000|  0%| F|  |TAMS 0x000000072d800000| PB 0x000000072d800000| Untracked 
| 695|0x000000072dc00000, 0x000000072dc00000, 0x000000072e000000|  0%| F|  |TAMS 0x000000072dc00000| PB 0x000000072dc00000| Untracked 
| 696|0x000000072e000000, 0x000000072e000000, 0x000000072e400000|  0%| F|  |TAMS 0x000000072e000000| PB 0x000000072e000000| Untracked 
| 697|0x000000072e400000, 0x000000072e400000, 0x000000072e800000|  0%| F|  |TAMS 0x000000072e400000| PB 0x000000072e400000| Untracked 
| 698|0x000000072e800000, 0x000000072e800000, 0x000000072ec00000|  0%| F|  |TAMS 0x000000072e800000| PB 0x000000072e800000| Untracked 
| 699|0x000000072ec00000, 0x000000072ec00000, 0x000000072f000000|  0%| F|  |TAMS 0x000000072ec00000| PB 0x000000072ec00000| Untracked 
| 700|0x000000072f000000, 0x000000072f000000, 0x000000072f400000|  0%| F|  |TAMS 0x000000072f000000| PB 0x000000072f000000| Untracked 
| 701|0x000000072f400000, 0x000000072f400000, 0x000000072f800000|  0%| F|  |TAMS 0x000000072f400000| PB 0x000000072f400000| Untracked 
| 702|0x000000072f800000, 0x000000072f800000, 0x000000072fc00000|  0%| F|  |TAMS 0x000000072f800000| PB 0x000000072f800000| Untracked 
| 703|0x000000072fc00000, 0x000000072fc00000, 0x0000000730000000|  0%| F|  |TAMS 0x000000072fc00000| PB 0x000000072fc00000| Untracked 
| 704|0x0000000730000000, 0x0000000730000000, 0x0000000730400000|  0%| F|  |TAMS 0x0000000730000000| PB 0x0000000730000000| Untracked 
| 705|0x0000000730400000, 0x0000000730400000, 0x0000000730800000|  0%| F|  |TAMS 0x0000000730400000| PB 0x0000000730400000| Untracked 
| 706|0x0000000730800000, 0x0000000730800000, 0x0000000730c00000|  0%| F|  |TAMS 0x0000000730800000| PB 0x0000000730800000| Untracked 
| 707|0x0000000730c00000, 0x0000000730c00000, 0x0000000731000000|  0%| F|  |TAMS 0x0000000730c00000| PB 0x0000000730c00000| Untracked 
| 708|0x0000000731000000, 0x0000000731000000, 0x0000000731400000|  0%| F|  |TAMS 0x0000000731000000| PB 0x0000000731000000| Untracked 
| 709|0x0000000731400000, 0x0000000731400000, 0x0000000731800000|  0%| F|  |TAMS 0x0000000731400000| PB 0x0000000731400000| Untracked 
| 710|0x0000000731800000, 0x0000000731800000, 0x0000000731c00000|  0%| F|  |TAMS 0x0000000731800000| PB 0x0000000731800000| Untracked 
| 711|0x0000000731c00000, 0x0000000731c00000, 0x0000000732000000|  0%| F|  |TAMS 0x0000000731c00000| PB 0x0000000731c00000| Untracked 
| 712|0x0000000732000000, 0x0000000732000000, 0x0000000732400000|  0%| F|  |TAMS 0x0000000732000000| PB 0x0000000732000000| Untracked 
| 713|0x0000000732400000, 0x0000000732400000, 0x0000000732800000|  0%| F|  |TAMS 0x0000000732400000| PB 0x0000000732400000| Untracked 
| 714|0x0000000732800000, 0x0000000732800000, 0x0000000732c00000|  0%| F|  |TAMS 0x0000000732800000| PB 0x0000000732800000| Untracked 
| 715|0x0000000732c00000, 0x0000000732c00000, 0x0000000733000000|  0%| F|  |TAMS 0x0000000732c00000| PB 0x0000000732c00000| Untracked 
| 716|0x0000000733000000, 0x0000000733000000, 0x0000000733400000|  0%| F|  |TAMS 0x0000000733000000| PB 0x0000000733000000| Untracked 
| 717|0x0000000733400000, 0x0000000733400000, 0x0000000733800000|  0%| F|  |TAMS 0x0000000733400000| PB 0x0000000733400000| Untracked 
| 718|0x0000000733800000, 0x0000000733800000, 0x0000000733c00000|  0%| F|  |TAMS 0x0000000733800000| PB 0x0000000733800000| Untracked 
| 719|0x0000000733c00000, 0x0000000733c00000, 0x0000000734000000|  0%| F|  |TAMS 0x0000000733c00000| PB 0x0000000733c00000| Untracked 
| 720|0x0000000734000000, 0x0000000734000000, 0x0000000734400000|  0%| F|  |TAMS 0x0000000734000000| PB 0x0000000734000000| Untracked 
| 721|0x0000000734400000, 0x0000000734400000, 0x0000000734800000|  0%| F|  |TAMS 0x0000000734400000| PB 0x0000000734400000| Untracked 
| 722|0x0000000734800000, 0x0000000734800000, 0x0000000734c00000|  0%| F|  |TAMS 0x0000000734800000| PB 0x0000000734800000| Untracked 
| 723|0x0000000734c00000, 0x0000000734c00000, 0x0000000735000000|  0%| F|  |TAMS 0x0000000734c00000| PB 0x0000000734c00000| Untracked 
|1524|0x00000007fd000000, 0x00000007fd000000, 0x00000007fd400000|  0%| F|  |TAMS 0x00000007fd000000| PB 0x00000007fd000000| Untracked 
|1525|0x00000007fd400000, 0x00000007fd400000, 0x00000007fd800000|  0%| F|  |TAMS 0x00000007fd400000| PB 0x00000007fd400000| Untracked 
|1526|0x00000007fd800000, 0x00000007fd800000, 0x00000007fdc00000|  0%| F|  |TAMS 0x00000007fd800000| PB 0x00000007fd800000| Untracked 
|1527|0x00000007fdc00000, 0x00000007fdc00000, 0x00000007fe000000|  0%| F|  |TAMS 0x00000007fdc00000| PB 0x00000007fdc00000| Untracked 
|1528|0x00000007fe000000, 0x00000007fe000000, 0x00000007fe400000|  0%| F|  |TAMS 0x00000007fe000000| PB 0x00000007fe000000| Untracked 
|1529|0x00000007fe400000, 0x00000007fe400000, 0x00000007fe800000|  0%| F|  |TAMS 0x00000007fe400000| PB 0x00000007fe400000| Untracked 
|1530|0x00000007fe800000, 0x00000007fe800000, 0x00000007fec00000|  0%| F|  |TAMS 0x00000007fe800000| PB 0x00000007fe800000| Untracked 
|1531|0x00000007fec00000, 0x00000007fec00000, 0x00000007ff000000|  0%| F|  |TAMS 0x00000007fec00000| PB 0x00000007fec00000| Untracked 
|1532|0x00000007ff000000, 0x00000007ff000000, 0x00000007ff400000|  0%| F|  |TAMS 0x00000007ff000000| PB 0x00000007ff000000| Untracked 
|1533|0x00000007ff400000, 0x00000007ff400000, 0x00000007ff800000|  0%| F|  |TAMS 0x00000007ff400000| PB 0x00000007ff400000| Untracked 
|1534|0x00000007ff800000, 0x00000007ffc00000, 0x00000007ffc00000|100%| O|  |TAMS 0x00000007ffc00000| PB 0x00000007ff800000| Updating 
|1535|0x00000007ffc00000, 0x0000000800000000, 0x0000000800000000|100%| O|  |TAMS 0x0000000800000000| PB 0x00000007ffc00000| Updating 

Card table byte_map: [0x00000176faa20000,0x00000176fb620000] _byte_map_base: 0x00000176f7620000

Marking Bits: (CMBitMap*) 0x00000176f6a20f00
 Bits: [0x000001768f000000, 0x0000017695000000)

Polling page: 0x00000176f4940000

Metaspace:

Usage:
  Non-class:    230.34 MB used.
      Class:     33.95 MB used.
       Both:    264.29 MB used.

Virtual space:
  Non-class space:      256.00 MB reserved,     231.62 MB ( 90%) committed,  4 nodes.
      Class space:        1.00 GB reserved,      35.25 MB (  3%) committed,  1 nodes.
             Both:        1.25 GB reserved,     266.88 MB ( 21%) committed. 

Chunk freelists:
   Non-Class:  8.42 MB
       Class:  12.73 MB
        Both:  21.15 MB

MaxMetaspaceSize: unlimited
CompressedClassSpaceSize: 1.00 GB
Initial GC threshold: 21.00 MB
Current GC threshold: 444.81 MB
CDS: off
 - commit_granule_bytes: 65536.
 - commit_granule_words: 8192.
 - virtual_space_node_default_size: 8388608.
 - enlarge_chunks_in_place: 1.
 - use_allocation_guard: 0.


Internal statistics:

num_allocs_failed_limit: 6.
num_arena_births: 8276.
num_arena_deaths: 3276.
num_vsnodes_births: 5.
num_vsnodes_deaths: 0.
num_space_committed: 4539.
num_space_uncommitted: 100.
num_chunks_returned_to_freelist: 4925.
num_chunks_taken_from_freelist: 22607.
num_chunk_merges: 1695.
num_chunk_splits: 13887.
num_chunks_enlarged: 8954.
num_inconsistent_stats: 0.

CodeHeap 'non-profiled nmethods': size=120000Kb used=44043Kb max_used=48144Kb free=75956Kb
 bounds [0x0000017687ad0000, 0x000001768a9e0000, 0x000001768f000000]
CodeHeap 'profiled nmethods': size=120000Kb used=51807Kb max_used=70086Kb free=68192Kb
 bounds [0x0000017680000000, 0x00000176844d0000, 0x0000017687530000]
CodeHeap 'non-nmethods': size=5760Kb used=3266Kb max_used=3414Kb free=2493Kb
 bounds [0x0000017687530000, 0x00000176878b0000, 0x0000017687ad0000]
CodeCache: size=245760Kb, used=99116Kb, max_used=121644Kb, free=146641Kb
 total_blobs=29245, nmethods=27985, adapters=1161, full_count=0
Compilation: enabled, stopped_count=0, restarted_count=0

Compilation events (20 events):
Event: 16973.734 Thread 0x00000176fe2426e0 nmethod 90847 0x00000176899ce890 code [0x00000176899cea20, 0x00000176899cead0]
Event: 16973.747 Thread 0x00000176fe264960 nmethod 90843 0x0000017689c5b310 code [0x0000017689c5b520, 0x0000017689c5be90]
Event: 16973.756 Thread 0x00000176fe2426e0 90849       3       com.sun.tools.javac.comp.Resolve::resolveQualifiedMethod (18 bytes)
Event: 16973.757 Thread 0x00000176fe2426e0 nmethod 90849 0x00000176843acf10 code [0x00000176843ad0c0, 0x00000176843ad228]
Event: 16973.844 Thread 0x00000176fe2426e0 90850       3       com.sun.tools.javac.tree.JCTree$JCTypeParameter::accept (6 bytes)
Event: 16973.845 Thread 0x00000176fe2426e0 nmethod 90850 0x000001768446c210 code [0x000001768446c3c0, 0x000001768446c5a0]
Event: 16973.848 Thread 0x00000176fe2426e0 90851       3       com.sun.tools.javac.comp.Attr::isStaticReference (39 bytes)
Event: 16973.850 Thread 0x00000176fe2426e0 nmethod 90851 0x0000017680a40910 code [0x0000017680a40b00, 0x0000017680a41018]
Event: 16974.001 Thread 0x00000176fe264960 90852       4       com.sun.tools.javac.code.TypeAnnotations$TypeAnnotationPositions::visitNewArray (280 bytes)
Event: 16974.062 Thread 0x00000176fe264960 nmethod 90852 0x0000017689434b90 code [0x0000017689434f00, 0x00000176894361c8]
Event: 16974.073 Thread 0x00000176fe264960 90853   !   4       org.jetbrains.kotlin.kapt3.base.incremental.MentionedTypesTaskListener::finished (259 bytes)
Event: 16974.822 Thread 0x00000176fe264960 nmethod 90853 0x0000017688d89b10 code [0x0000017688d8a3e0, 0x0000017688d917a8]
Event: 16974.822 Thread 0x00000176fe2426e0 90855       3       org.gradle.api.services.internal.BuildServiceProvider::asBuildServiceProvider (42 bytes)
Event: 16974.823 Thread 0x00000176fe264960 90854   !   4       org.jetbrains.kotlin.kapt3.base.incremental.JavaClassCache::isAlreadyProcessed (44 bytes)
Event: 16974.827 Thread 0x00000176fe2426e0 nmethod 90855 0x0000017682d17490 code [0x0000017682d17700, 0x0000017682d180f0]
Event: 16974.840 Thread 0x00000176fe264960 nmethod 90854 0x000001768a21da10 code [0x000001768a21dc40, 0x000001768a21e3a8]
Event: 16975.274 Thread 0x00000176fe264960 90856       4       org.gradle.api.tasks.util.PatternSet::doCopyFrom (105 bytes)
Event: 16975.409 Thread 0x00000176fe264960 nmethod 90856 0x000001768a0fb010 code [0x000001768a0fb4c0, 0x000001768a0fd9d0]
Event: 16975.409 Thread 0x00000176fe264960 90857       4       org.gradle.api.tasks.util.PatternSet::copyIncludesAndExcludes (89 bytes)
Event: 16975.533 Thread 0x00000176fe264960 nmethod 90857 0x000001768a0f6e10 code [0x000001768a0f72a0, 0x000001768a0f97c0]

GC Heap History (20 events):
Event: 16658.296 GC heap after
{Heap after GC invocations=206 (full 0):
 garbage-first heap   total 1818624K, used 596581K [0x0000000680000000, 0x0000000800000000)
  region size 4096K, 2 young (8192K), 2 survivors (8192K)
 Metaspace       used 260562K, committed 263232K, reserved 1310720K
  class space    used 33604K, committed 34944K, reserved 1048576K
}
Event: 16938.328 GC heap before
{Heap before GC invocations=206 (full 0):
 garbage-first heap   total 1818624K, used 1018469K [0x0000000680000000, 0x0000000800000000)
  region size 4096K, 106 young (434176K), 2 survivors (8192K)
 Metaspace       used 260601K, committed 263232K, reserved 1310720K
  class space    used 33608K, committed 34944K, reserved 1048576K
}
Event: 16939.045 GC heap after
{Heap after GC invocations=207 (full 0):
 garbage-first heap   total 3014656K, used 577391K [0x0000000680000000, 0x0000000800000000)
  region size 4096K, 1 young (4096K), 1 survivors (4096K)
 Metaspace       used 260601K, committed 263232K, reserved 1310720K
  class space    used 33608K, committed 34944K, reserved 1048576K
}
Event: 16948.471 GC heap before
{Heap before GC invocations=207 (full 0):
 garbage-first heap   total 3014656K, used 716655K [0x0000000680000000, 0x0000000800000000)
  region size 4096K, 36 young (147456K), 1 survivors (4096K)
 Metaspace       used 260629K, committed 263232K, reserved 1310720K
  class space    used 33608K, committed 34944K, reserved 1048576K
}
Event: 16948.559 GC heap after
{Heap after GC invocations=208 (full 0):
 garbage-first heap   total 3014656K, used 562235K [0x0000000680000000, 0x0000000800000000)
  region size 4096K, 2 young (8192K), 2 survivors (8192K)
 Metaspace       used 260629K, committed 263232K, reserved 1310720K
  class space    used 33608K, committed 34944K, reserved 1048576K
}
Event: 16952.989 GC heap before
{Heap before GC invocations=208 (full 0):
 garbage-first heap   total 3014656K, used 697403K [0x0000000680000000, 0x0000000800000000)
  region size 4096K, 36 young (147456K), 2 survivors (8192K)
 Metaspace       used 260661K, committed 263296K, reserved 1310720K
  class space    used 33611K, committed 34944K, reserved 1048576K
}
Event: 16953.228 GC heap after
{Heap after GC invocations=209 (full 0):
 garbage-first heap   total 3014656K, used 581163K [0x0000000680000000, 0x0000000800000000)
  region size 4096K, 5 young (20480K), 5 survivors (20480K)
 Metaspace       used 260661K, committed 263296K, reserved 1310720K
  class space    used 33611K, committed 34944K, reserved 1048576K
}
Event: 16954.855 GC heap before
{Heap before GC invocations=209 (full 0):
 garbage-first heap   total 3014656K, used 708139K [0x0000000680000000, 0x0000000800000000)
  region size 4096K, 36 young (147456K), 5 survivors (20480K)
 Metaspace       used 260664K, committed 263296K, reserved 1310720K
  class space    used 33611K, committed 34944K, reserved 1048576K
}
Event: 16955.325 GC heap after
{Heap after GC invocations=210 (full 0):
 garbage-first heap   total 3014656K, used 589590K [0x0000000680000000, 0x0000000800000000)
  region size 4096K, 5 young (20480K), 5 survivors (20480K)
 Metaspace       used 260664K, committed 263296K, reserved 1310720K
  class space    used 33611K, committed 34944K, reserved 1048576K
}
Event: 16963.474 GC heap before
{Heap before GC invocations=210 (full 0):
 garbage-first heap   total 3014656K, used 716566K [0x0000000680000000, 0x0000000800000000)
  region size 4096K, 36 young (147456K), 5 survivors (20480K)
 Metaspace       used 263889K, committed 266496K, reserved 1310720K
  class space    used 33875K, committed 35200K, reserved 1048576K
}
Event: 16963.744 GC heap after
{Heap after GC invocations=211 (full 0):
 garbage-first heap   total 3014656K, used 624869K [0x0000000680000000, 0x0000000800000000)
  region size 4096K, 5 young (20480K), 5 survivors (20480K)
 Metaspace       used 263889K, committed 266496K, reserved 1310720K
  class space    used 33875K, committed 35200K, reserved 1048576K
}
Event: 16970.211 GC heap before
{Heap before GC invocations=211 (full 0):
 garbage-first heap   total 3014656K, used 751845K [0x0000000680000000, 0x0000000800000000)
  region size 4096K, 36 young (147456K), 5 survivors (20480K)
 Metaspace       used 270581K, committed 273216K, reserved 1310720K
  class space    used 34760K, committed 36096K, reserved 1048576K
}
Event: 16970.505 GC heap after
{Heap after GC invocations=212 (full 0):
 garbage-first heap   total 3014656K, used 640052K [0x0000000680000000, 0x0000000800000000)
  region size 4096K, 5 young (20480K), 5 survivors (20480K)
 Metaspace       used 270581K, committed 273216K, reserved 1310720K
  class space    used 34760K, committed 36096K, reserved 1048576K
}
Event: 16971.496 GC heap before
{Heap before GC invocations=212 (full 0):
 garbage-first heap   total 3014656K, used 767028K [0x0000000680000000, 0x0000000800000000)
  region size 4096K, 36 young (147456K), 5 survivors (20480K)
 Metaspace       used 270597K, committed 273216K, reserved 1310720K
  class space    used 34762K, committed 36096K, reserved 1048576K
}
Event: 16971.655 GC heap after
{Heap after GC invocations=213 (full 0):
 garbage-first heap   total 3014656K, used 657064K [0x0000000680000000, 0x0000000800000000)
  region size 4096K, 5 young (20480K), 5 survivors (20480K)
 Metaspace       used 270597K, committed 273216K, reserved 1310720K
  class space    used 34762K, committed 36096K, reserved 1048576K
}
Event: 16972.317 GC heap before
{Heap before GC invocations=213 (full 0):
 garbage-first heap   total 3014656K, used 800424K [0x0000000680000000, 0x0000000800000000)
  region size 4096K, 40 young (163840K), 5 survivors (20480K)
 Metaspace       used 270609K, committed 273216K, reserved 1310720K
  class space    used 34762K, committed 36096K, reserved 1048576K
}
Event: 16972.512 GC heap after
{Heap after GC invocations=214 (full 0):
 garbage-first heap   total 3014656K, used 708608K [0x0000000680000000, 0x0000000800000000)
  region size 4096K, 5 young (20480K), 5 survivors (20480K)
 Metaspace       used 270609K, committed 273216K, reserved 1310720K
  class space    used 34762K, committed 36096K, reserved 1048576K
}
Event: 16973.234 GC heap before
{Heap before GC invocations=214 (full 0):
 garbage-first heap   total 3014656K, used 835584K [0x0000000680000000, 0x0000000800000000)
  region size 4096K, 36 young (147456K), 5 survivors (20480K)
 Metaspace       used 270635K, committed 273280K, reserved 1310720K
  class space    used 34762K, committed 36096K, reserved 1048576K
}
Event: 16973.271 GC heap after
{Heap after GC invocations=215 (full 0):
 garbage-first heap   total 3014656K, used 703543K [0x0000000680000000, 0x0000000800000000)
  region size 4096K, 2 young (8192K), 2 survivors (8192K)
 Metaspace       used 270635K, committed 273280K, reserved 1310720K
  class space    used 34762K, committed 36096K, reserved 1048576K
}
Event: 16978.710 GC heap before
{Heap before GC invocations=215 (full 0):
 garbage-first heap   total 2240512K, used 814135K [0x0000000680000000, 0x0000000800000000)
  region size 4096K, 38 young (155648K), 2 survivors (8192K)
 Metaspace       used 270634K, committed 273280K, reserved 1310720K
  class space    used 34761K, committed 36096K, reserved 1048576K
}

Dll operation events (3 events):
Event: 0.081 Loaded shared library C:\Program Files\Android\Android Studio\jbr\bin\java.dll
Event: 0.123 Loaded shared library C:\Program Files\Android\Android Studio\jbr\bin\zip.dll
Event: 1.837 Loaded shared library C:\Program Files\Android\Android Studio\jbr\bin\verify.dll

Deoptimization events (20 events):
Event: 16969.594 Thread 0x00000176a329be30 DEOPT PACKING pc=0x000001768910d14c sp=0x00000017bb7fc9a0
Event: 16969.594 Thread 0x00000176a329be30 DEOPT UNPACKING pc=0x00000176875846a2 sp=0x00000017bb7fc978 mode 2
Event: 16971.695 Thread 0x00000176a329be30 DEOPT PACKING pc=0x0000017683644e9d sp=0x00000017bb7fd920
Event: 16971.695 Thread 0x00000176a329be30 DEOPT UNPACKING pc=0x0000017687584e42 sp=0x00000017bb7fcf28 mode 0
Event: 16971.854 Thread 0x00000176a329be30 DEOPT PACKING pc=0x00000176808eda3c sp=0x00000017bb7fde50
Event: 16971.854 Thread 0x00000176a329be30 DEOPT UNPACKING pc=0x0000017687584e42 sp=0x00000017bb7fd3d8 mode 0
Event: 16972.970 Thread 0x00000176a329be30 DEOPT PACKING pc=0x0000017683eb9c26 sp=0x00000017bb7fd620
Event: 16972.970 Thread 0x00000176a329be30 DEOPT UNPACKING pc=0x0000017687584e42 sp=0x00000017bb7fc9c8 mode 0
Event: 16972.985 Thread 0x00000176a329be30 DEOPT PACKING pc=0x0000017683d808cf sp=0x00000017bb7fd580
Event: 16972.985 Thread 0x00000176a329be30 DEOPT UNPACKING pc=0x0000017687584e42 sp=0x00000017bb7fca90 mode 0
Event: 16972.994 Thread 0x00000176a329be30 DEOPT PACKING pc=0x0000017683d808cf sp=0x00000017bb7fd580
Event: 16972.994 Thread 0x00000176a329be30 DEOPT UNPACKING pc=0x0000017687584e42 sp=0x00000017bb7fca90 mode 0
Event: 16973.008 Thread 0x00000176a329be30 DEOPT PACKING pc=0x0000017683d808cf sp=0x00000017bb7fd580
Event: 16973.008 Thread 0x00000176a329be30 DEOPT UNPACKING pc=0x0000017687584e42 sp=0x00000017bb7fca90 mode 0
Event: 16973.107 Thread 0x00000176a329be30 DEOPT PACKING pc=0x00000176808eda3c sp=0x00000017bb7fdf10
Event: 16973.107 Thread 0x00000176a329be30 DEOPT UNPACKING pc=0x0000017687584e42 sp=0x00000017bb7fd498 mode 0
Event: 16977.612 Thread 0x00000176fe21a360 Uncommon trap: trap_request=0xffffffc6 fr.pc=0x0000017688126aa0 relative=0x00000000000006a0
Event: 16977.612 Thread 0x00000176fe21a360 Uncommon trap: reason=bimorphic_or_optimized_type_check action=maybe_recompile pc=0x0000017688126aa0 method=jdk.internal.ref.PhantomCleanable.clean()V @ 12 c2
Event: 16977.613 Thread 0x00000176fe21a360 DEOPT PACKING pc=0x0000017688126aa0 sp=0x00000017b6aff1c0
Event: 16977.614 Thread 0x00000176fe21a360 DEOPT UNPACKING pc=0x00000176875846a2 sp=0x00000017b6aff1a0 mode 2

Classes loaded (20 events):
Event: 16632.662 Loading class java/util/TreeMap$DescendingSubMap$DescendingEntrySetView
Event: 16632.663 Loading class java/util/TreeMap$DescendingSubMap$DescendingEntrySetView done
Event: 16632.663 Loading class java/util/TreeMap$NavigableSubMap$DescendingSubMapEntryIterator
Event: 16632.664 Loading class java/util/TreeMap$NavigableSubMap$DescendingSubMapEntryIterator done
Event: 16633.699 Loading class org/w3c/dom/DOMImplementation
Event: 16633.701 Loading class org/w3c/dom/DOMImplementation done
Event: 16633.706 Loading class org/w3c/dom/ls/DOMImplementationLS
Event: 16633.707 Loading class org/w3c/dom/ls/DOMImplementationLS done
Event: 16633.707 Loading class org/w3c/dom/ls/LSOutput
Event: 16633.708 Loading class org/w3c/dom/ls/LSOutput done
Event: 16633.708 Loading class org/w3c/dom/ls/LSInput
Event: 16633.709 Loading class org/w3c/dom/ls/LSInput done
Event: 16633.709 Loading class org/w3c/dom/ls/LSParser
Event: 16633.709 Loading class org/w3c/dom/ls/LSParser done
Event: 16633.711 Loading class org/w3c/dom/ls/LSSerializer
Event: 16633.711 Loading class org/w3c/dom/ls/LSSerializer done
Event: 16634.361 Loading class java/util/concurrent/Executors$DelegatedScheduledExecutorService
Event: 16634.363 Loading class java/util/concurrent/Executors$DelegatedScheduledExecutorService done
Event: 16977.613 Loading class sun/rmi/transport/ObjectTable$1
Event: 16977.650 Loading class sun/rmi/transport/ObjectTable$1 done

Classes unloaded (20 events):
Event: 16432.977 Thread 0x00000176fe068d00 Unloading class 0x0000000801832870 'com/google/common/collect/ImmutableEnumSet'
Event: 16432.978 Thread 0x00000176fe068d00 Unloading class 0x00000008018323e8 'com/google/common/collect/ImmutableSet'
Event: 16432.978 Thread 0x00000176fe068d00 Unloading class 0x0000000801832000 'com/google/common/collect/ImmutableCollection'
Event: 16432.978 Thread 0x00000176fe068d00 Unloading class 0x00000008019708c0 'com/google/common/collect/Sets$2'
Event: 16432.979 Thread 0x00000176fe068d00 Unloading class 0x0000000801970470 'com/google/common/collect/Sets$SetView'
Event: 16432.980 Thread 0x00000176fe068d00 Unloading class 0x0000000801970238 'com/google/common/collect/Sets'
Event: 16432.980 Thread 0x00000176fe068d00 Unloading class 0x0000000801970000 'android/databinding/tool/CompilerArguments$Companion'
Event: 16432.982 Thread 0x00000176fe068d00 Unloading class 0x0000000801870ca8 'android/databinding/tool/CompilerArguments'
Event: 16432.982 Thread 0x00000176fe068d00 Unloading class 0x0000000801870a50 'android/databinding/tool/writer/AnnotationJavaFileWriter'
Event: 16432.982 Thread 0x00000176fe068d00 Unloading class 0x0000000801870800 'android/databinding/tool/writer/JavaFileWriter'
Event: 16432.982 Thread 0x00000176fe068d00 Unloading class 0x0000000801871560 'android/databinding/annotationprocessor/ProcessDataBinding$Callback'
Event: 16432.983 Thread 0x00000176fe068d00 Unloading class 0x00000008018712b8 'javax/xml/bind/JAXBException'
Event: 16432.984 Thread 0x00000176fe068d00 Unloading class 0x0000000801871000 'android/databinding/annotationprocessor/ProcessDataBinding'
Event: 16584.665 Thread 0x00000176fe068d00 Unloading class 0x0000000801911250 'android/databinding/tool/writer/AnnotationJavaFileWriter'
Event: 16584.666 Thread 0x00000176fe068d00 Unloading class 0x0000000801911000 'android/databinding/tool/writer/JavaFileWriter'
Event: 16584.666 Thread 0x00000176fe068d00 Unloading class 0x00000008020c9d60 'android/databinding/annotationprocessor/ProcessDataBinding$Callback'
Event: 16584.666 Thread 0x00000176fe068d00 Unloading class 0x00000008020c9ab8 'javax/xml/bind/JAXBException'
Event: 16584.666 Thread 0x00000176fe068d00 Unloading class 0x00000008020c9800 'android/databinding/annotationprocessor/ProcessDataBinding'
Event: 16975.808 Thread 0x00000176fe068d00 Unloading class 0x00000008004bac00 'java/lang/invoke/LambdaForm$MH+0x00000008004bac00'
Event: 16975.809 Thread 0x00000176fe068d00 Unloading class 0x00000008004ba800 'java/lang/invoke/LambdaForm$MH+0x00000008004ba800'

Classes redefined (0 events):
No events

Internal exceptions (20 events):
Event: 16969.518 Thread 0x00000176a329be30 Exception <a 'sun/nio/fs/WindowsException'{0x0000000731eb9ec0}> (0x0000000731eb9ec0) 
thrown [s\src\hotspot\share\prims\jni.cpp, line 537]
Event: 16969.524 Thread 0x00000176a329be30 Exception <a 'sun/nio/fs/WindowsException'{0x0000000731ecb808}> (0x0000000731ecb808) 
thrown [s\src\hotspot\share\prims\jni.cpp, line 537]
Event: 16969.524 Thread 0x00000176a329be30 Exception <a 'sun/nio/fs/WindowsException'{0x0000000731ecc4a8}> (0x0000000731ecc4a8) 
thrown [s\src\hotspot\share\prims\jni.cpp, line 537]
Event: 16969.601 Thread 0x00000176a329be30 Exception <a 'sun/nio/fs/WindowsException'{0x0000000731fbf360}> (0x0000000731fbf360) 
thrown [s\src\hotspot\share\prims\jni.cpp, line 537]
Event: 16969.603 Thread 0x00000176a329be30 Exception <a 'sun/nio/fs/WindowsException'{0x0000000731fc3520}> (0x0000000731fc3520) 
thrown [s\src\hotspot\share\prims\jni.cpp, line 537]
Event: 16969.605 Thread 0x00000176a329be30 Exception <a 'sun/nio/fs/WindowsException'{0x0000000731fcc650}> (0x0000000731fcc650) 
thrown [s\src\hotspot\share\prims\jni.cpp, line 537]
Event: 16969.608 Thread 0x00000176a329be30 Exception <a 'sun/nio/fs/WindowsException'{0x0000000731fd1118}> (0x0000000731fd1118) 
thrown [s\src\hotspot\share\prims\jni.cpp, line 537]
Event: 16969.672 Thread 0x00000176a329be30 Exception <a 'sun/nio/fs/WindowsException'{0x00000007318a2ca8}> (0x00000007318a2ca8) 
thrown [s\src\hotspot\share\prims\jni.cpp, line 537]
Event: 16969.672 Thread 0x00000176a329be30 Exception <a 'sun/nio/fs/WindowsException'{0x00000007318a38d0}> (0x00000007318a38d0) 
thrown [s\src\hotspot\share\prims\jni.cpp, line 537]
Event: 16969.683 Thread 0x00000176a329be30 Exception <a 'sun/nio/fs/WindowsException'{0x00000007318e1a50}> (0x00000007318e1a50) 
thrown [s\src\hotspot\share\prims\jni.cpp, line 537]
Event: 16969.683 Thread 0x00000176a329be30 Exception <a 'sun/nio/fs/WindowsException'{0x00000007318e2630}> (0x00000007318e2630) 
thrown [s\src\hotspot\share\prims\jni.cpp, line 537]
Event: 16969.695 Thread 0x00000176a329be30 Exception <a 'sun/nio/fs/WindowsException'{0x0000000731921238}> (0x0000000731921238) 
thrown [s\src\hotspot\share\prims\jni.cpp, line 537]
Event: 16969.695 Thread 0x00000176a329be30 Exception <a 'sun/nio/fs/WindowsException'{0x0000000731921e38}> (0x0000000731921e38) 
thrown [s\src\hotspot\share\prims\jni.cpp, line 537]
Event: 16969.863 Thread 0x00000176a329be30 Exception <a 'sun/nio/fs/WindowsException'{0x0000000731bfdf20}> (0x0000000731bfdf20) 
thrown [s\src\hotspot\share\prims\jni.cpp, line 537]
Event: 16969.863 Thread 0x00000176a329be30 Exception <a 'sun/nio/fs/WindowsException'{0x0000000731bfeb68}> (0x0000000731bfeb68) 
thrown [s\src\hotspot\share\prims\jni.cpp, line 537]
Event: 16969.886 Thread 0x00000176a329be30 Exception <a 'sun/nio/fs/WindowsException'{0x000000073143a930}> (0x000000073143a930) 
thrown [s\src\hotspot\share\prims\jni.cpp, line 537]
Event: 16969.886 Thread 0x00000176a329be30 Exception <a 'sun/nio/fs/WindowsException'{0x000000073143b558}> (0x000000073143b558) 
thrown [s\src\hotspot\share\prims\jni.cpp, line 537]
Event: 16971.131 Thread 0x00000176a329be30 Exception <a 'sun/nio/fs/WindowsException'{0x00000007fd166f80}> (0x00000007fd166f80) 
thrown [s\src\hotspot\share\prims\jni.cpp, line 537]
Event: 16971.131 Thread 0x00000176a329be30 Exception <a 'sun/nio/fs/WindowsException'{0x00000007fd167b40}> (0x00000007fd167b40) 
thrown [s\src\hotspot\share\prims\jni.cpp, line 537]
Event: 16971.131 Thread 0x00000176a329be30 Exception <a 'sun/nio/fs/WindowsException'{0x00000007fd168698}> (0x00000007fd168698) 
thrown [s\src\hotspot\share\prims\jni.cpp, line 537]

ZGC Phase Switch (0 events):
No events

VM Operations (20 events):
Event: 16966.919 Executing VM operation: Cleanup done
Event: 16967.921 Executing VM operation: Cleanup
Event: 16968.361 Executing VM operation: Cleanup done
Event: 16968.361 Executing VM operation: HandshakeAllThreads (Deoptimize)
Event: 16968.366 Executing VM operation: HandshakeAllThreads (Deoptimize) done
Event: 16969.294 Executing VM operation: ICBufferFull
Event: 16969.294 Executing VM operation: ICBufferFull done
Event: 16970.211 Executing VM operation: G1CollectForAllocation (G1 Evacuation Pause)
Event: 16970.505 Executing VM operation: G1CollectForAllocation (G1 Evacuation Pause) done
Event: 16971.495 Executing VM operation: G1CollectForAllocation (G1 Evacuation Pause)
Event: 16971.655 Executing VM operation: G1CollectForAllocation (G1 Evacuation Pause) done
Event: 16972.316 Executing VM operation: G1CollectForAllocation (G1 Evacuation Pause)
Event: 16972.512 Executing VM operation: G1CollectForAllocation (G1 Evacuation Pause) done
Event: 16973.232 Executing VM operation: G1CollectForAllocation (G1 Evacuation Pause)
Event: 16973.271 Executing VM operation: G1CollectForAllocation (G1 Evacuation Pause) done
Event: 16975.270 Executing VM operation: Cleanup
Event: 16975.271 Executing VM operation: Cleanup done
Event: 16975.802 Executing VM operation: G1PauseRemark
Event: 16977.611 Executing VM operation: G1PauseRemark done
Event: 16978.708 Executing VM operation: G1CollectForAllocation (G1 Evacuation Pause)

Memory protections (0 events):
No events

Nmethod flushes (20 events):
Event: 16977.556 Thread 0x00000176fe068d00 flushing  nmethod 0x0000017683c8d790
Event: 16977.556 Thread 0x00000176fe068d00 flushing  nmethod 0x0000017683c94c90
Event: 16977.556 Thread 0x00000176fe068d00 flushing  nmethod 0x0000017683d07b90
Event: 16977.556 Thread 0x00000176fe068d00 flushing  nmethod 0x0000017683d09310
Event: 16977.556 Thread 0x00000176fe068d00 flushing  nmethod 0x0000017683d09890
Event: 16977.556 Thread 0x00000176fe068d00 flushing  nmethod 0x0000017683d0a590
Event: 16977.556 Thread 0x00000176fe068d00 flushing  nmethod 0x0000017683d32610
Event: 16977.556 Thread 0x00000176fe068d00 flushing  nmethod 0x0000017683d78490
Event: 16977.556 Thread 0x00000176fe068d00 flushing  nmethod 0x0000017683d78810
Event: 16977.556 Thread 0x00000176fe068d00 flushing  nmethod 0x0000017683ede690
Event: 16977.556 Thread 0x00000176fe068d00 flushing  nmethod 0x0000017683edef10
Event: 16977.556 Thread 0x00000176fe068d00 flushing  nmethod 0x0000017683ee1410
Event: 16977.556 Thread 0x00000176fe068d00 flushing  nmethod 0x0000017683ee3190
Event: 16977.556 Thread 0x00000176fe068d00 flushing  nmethod 0x0000017683f65210
Event: 16977.556 Thread 0x00000176fe068d00 flushing  nmethod 0x0000017683f69690
Event: 16977.556 Thread 0x00000176fe068d00 flushing  nmethod 0x0000017683f6ae10
Event: 16977.556 Thread 0x00000176fe068d00 flushing  nmethod 0x0000017684143110
Event: 16977.556 Thread 0x00000176fe068d00 flushing  nmethod 0x000001768414c590
Event: 16977.556 Thread 0x00000176fe068d00 flushing  nmethod 0x00000176841aed90
Event: 16977.556 Thread 0x00000176fe068d00 flushing  nmethod 0x00000176841bb490

Events (20 events):
Event: 16920.808 Thread 0x00000176a32996d0 Thread exited: 0x00000176a32996d0
Event: 16936.308 Thread 0x00000176fe2426e0 Thread added: 0x00000176a62fee10
Event: 16939.207 Thread 0x00000176a62fee10 Thread exited: 0x00000176a62fee10
Event: 16939.390 Thread 0x00000176a3296f70 Thread exited: 0x00000176a3296f70
Event: 16939.391 Thread 0x00000176a329df00 Thread exited: 0x00000176a329df00
Event: 16944.931 Thread 0x00000176a3cbf2d0 Thread added: 0x00000176a32996d0
Event: 16945.645 Thread 0x00000176fe264960 Thread added: 0x00000176a62ff4e0
Event: 16946.008 Thread 0x00000176a62ff4e0 Thread exited: 0x00000176a62ff4e0
Event: 16950.585 Thread 0x00000176fe2426e0 Thread added: 0x00000176a62fd9a0
Event: 16951.188 Thread 0x00000176a62fd9a0 Thread exited: 0x00000176a62fd9a0
Event: 16962.398 Thread 0x00000176fe2426e0 Thread added: 0x00000176a62fee10
Event: 16964.447 Thread 0x00000176a62fee10 Thread exited: 0x00000176a62fee10
Event: 16966.244 Thread 0x00000176fe2426e0 Thread added: 0x00000176a62fee10
Event: 16968.367 Thread 0x00000176a62fee10 Thread exited: 0x00000176a62fee10
Event: 16968.800 Thread 0x00000176fe2426e0 Thread added: 0x00000176a62fc530
Event: 16969.310 Thread 0x00000176a62fc530 Thread exited: 0x00000176a62fc530
Event: 16969.945 Thread 0x00000176fe2426e0 Thread added: 0x00000176a6300280
Event: 16970.786 Thread 0x00000176a6300280 Thread exited: 0x00000176a6300280
Event: 16977.654 Thread 0x00000176a3294ea0 Thread exited: 0x00000176a3294ea0
Event: 16977.658 Thread 0x00000176a3296250 Thread exited: 0x00000176a3296250


Dynamic libraries:
0x00007ff7fe7c0000 - 0x00007ff7fe7ca000 	C:\Program Files\Android\Android Studio\jbr\bin\java.exe
0x00007ffef4aa0000 - 0x00007ffef4d09000 	C:\WINDOWS\SYSTEM32\ntdll.dll
0x00007ffef37f0000 - 0x00007ffef38b9000 	C:\WINDOWS\System32\KERNEL32.DLL
0x00007ffef23d0000 - 0x00007ffef27c3000 	C:\WINDOWS\System32\KERNELBASE.dll
0x00007ffef21d0000 - 0x00007ffef231b000 	C:\WINDOWS\System32\ucrtbase.dll
0x00007ffee6400000 - 0x00007ffee6418000 	C:\Program Files\Android\Android Studio\jbr\bin\jli.dll
0x00007ffee6330000 - 0x00007ffee634b000 	C:\Program Files\Android\Android Studio\jbr\bin\VCRUNTIME140.dll
0x00007ffef29b0000 - 0x00007ffef2b74000 	C:\WINDOWS\System32\USER32.dll
0x00007ffef1e40000 - 0x00007ffef1e67000 	C:\WINDOWS\System32\win32u.dll
0x00007ffef2970000 - 0x00007ffef299b000 	C:\WINDOWS\System32\GDI32.dll
0x00007ffef1e70000 - 0x00007ffef1f9d000 	C:\WINDOWS\System32\gdi32full.dll
0x00007ffef2320000 - 0x00007ffef23c3000 	C:\WINDOWS\System32\msvcp_win.dll
0x00007ffed7450000 - 0x00007ffed76e3000 	C:\WINDOWS\WinSxS\amd64_microsoft.windows.common-controls_6595b64144ccf1df_6.0.26100.5074_none_3e0d6f78e32fd63f\COMCTL32.dll
0x00007ffef2fd0000 - 0x00007ffef3079000 	C:\WINDOWS\System32\msvcrt.dll
0x00007ffef4590000 - 0x00007ffef45bf000 	C:\WINDOWS\System32\IMM32.DLL
0x00007ffee8b70000 - 0x00007ffee8b7c000 	C:\Program Files\Android\Android Studio\jbr\bin\vcruntime140_1.dll
0x00007ffee62a0000 - 0x00007ffee632d000 	C:\Program Files\Android\Android Studio\jbr\bin\msvcp140.dll
0x00007ffe47e30000 - 0x00007ffe48ac6000 	C:\Program Files\Android\Android Studio\jbr\bin\server\jvm.dll
0x00007ffef3730000 - 0x00007ffef37e4000 	C:\WINDOWS\System32\ADVAPI32.dll
0x00007ffef44e0000 - 0x00007ffef4586000 	C:\WINDOWS\System32\sechost.dll
0x00007ffef3300000 - 0x00007ffef3418000 	C:\WINDOWS\System32\RPCRT4.dll
0x00007ffef28f0000 - 0x00007ffef2964000 	C:\WINDOWS\System32\WS2_32.dll
0x00007ffef1ab0000 - 0x00007ffef1b0e000 	C:\WINDOWS\SYSTEM32\POWRPROF.dll
0x00007ffed7bf0000 - 0x00007ffed7c25000 	C:\WINDOWS\SYSTEM32\WINMM.dll
0x00007ffee68e0000 - 0x00007ffee68eb000 	C:\WINDOWS\SYSTEM32\VERSION.dll
0x00007ffef1a70000 - 0x00007ffef1a84000 	C:\WINDOWS\SYSTEM32\UMPDC.dll
0x00007ffef0a10000 - 0x00007ffef0a2b000 	C:\WINDOWS\SYSTEM32\kernel.appcore.dll
0x00007ffee71b0000 - 0x00007ffee71ba000 	C:\Program Files\Android\Android Studio\jbr\bin\jimage.dll
0x00007ffeef5a0000 - 0x00007ffeef7e2000 	C:\WINDOWS\SYSTEM32\DBGHELP.DLL
0x00007ffef40a0000 - 0x00007ffef441b000 	C:\WINDOWS\System32\combase.dll
0x00007ffef2e60000 - 0x00007ffef2f37000 	C:\WINDOWS\System32\OLEAUT32.dll
0x00007ffec89e0000 - 0x00007ffec8a1d000 	C:\WINDOWS\SYSTEM32\dbgcore.DLL
0x00007ffef27d0000 - 0x00007ffef2869000 	C:\WINDOWS\System32\bcryptPrimitives.dll
0x00007ffee7540000 - 0x00007ffee754e000 	C:\Program Files\Android\Android Studio\jbr\bin\instrument.dll
0x00007ffece9f0000 - 0x00007ffecea10000 	C:\Program Files\Android\Android Studio\jbr\bin\java.dll
0x00007ffece9d0000 - 0x00007ffece9e8000 	C:\Program Files\Android\Android Studio\jbr\bin\zip.dll
0x00007ffef3950000 - 0x00007ffef409d000 	C:\WINDOWS\System32\SHELL32.dll
0x00007ffef1fa0000 - 0x00007ffef210c000 	C:\WINDOWS\System32\wintypes.dll
0x00007ffeef8d0000 - 0x00007ffef0129000 	C:\WINDOWS\SYSTEM32\windows.storage.dll
0x00007ffef3630000 - 0x00007ffef3720000 	C:\WINDOWS\System32\SHCORE.dll
0x00007ffef38e0000 - 0x00007ffef3942000 	C:\WINDOWS\System32\shlwapi.dll
0x00007ffef1b50000 - 0x00007ffef1b79000 	C:\WINDOWS\SYSTEM32\profapi.dll
0x00007ffee63f0000 - 0x00007ffee6400000 	C:\Program Files\Android\Android Studio\jbr\bin\net.dll
0x00007ffee6700000 - 0x00007ffee681f000 	C:\WINDOWS\SYSTEM32\WINHTTP.dll
0x00007ffef0f90000 - 0x00007ffef0ffb000 	C:\WINDOWS\system32\mswsock.dll
0x00007ffebeeb0000 - 0x00007ffebeec6000 	C:\Program Files\Android\Android Studio\jbr\bin\nio.dll
0x00007ffec9ee0000 - 0x00007ffec9ef0000 	C:\Program Files\Android\Android Studio\jbr\bin\verify.dll
0x00007ffee6a00000 - 0x00007ffee6a27000 	C:\Users\zs computer\.gradle\native\c067742578af261105cb4f569cf0c3c89f3d7b1fecec35dd04571415982c5e48\windows-amd64\native-platform.dll
0x00007ffe8a250000 - 0x00007ffe8a394000 	C:\Users\zs computer\.gradle\native\38dada09dfb8b06ba9b0570ebf7e218e3eb74d4ef43ca46872605cf95ebc2f47\windows-amd64\native-platform-file-events.dll
0x00007ffece960000 - 0x00007ffece969000 	C:\Program Files\Android\Android Studio\jbr\bin\management.dll
0x00007ffece8a0000 - 0x00007ffece8ab000 	C:\Program Files\Android\Android Studio\jbr\bin\management_ext.dll
0x00007ffef38d0000 - 0x00007ffef38d8000 	C:\WINDOWS\System32\PSAPI.DLL
0x00007ffef1230000 - 0x00007ffef124b000 	C:\WINDOWS\SYSTEM32\CRYPTSP.dll
0x00007ffef0970000 - 0x00007ffef09ab000 	C:\WINDOWS\system32\rsaenh.dll
0x00007ffef1030000 - 0x00007ffef105b000 	C:\WINDOWS\SYSTEM32\USERENV.dll
0x00007ffef1b20000 - 0x00007ffef1b46000 	C:\WINDOWS\SYSTEM32\bcrypt.dll
0x00007ffef1250000 - 0x00007ffef125c000 	C:\WINDOWS\SYSTEM32\CRYPTBASE.dll
0x00007ffef0430000 - 0x00007ffef0464000 	C:\WINDOWS\SYSTEM32\IPHLPAPI.DLL
0x00007ffef29a0000 - 0x00007ffef29aa000 	C:\WINDOWS\System32\NSI.dll
0x00007ffed80c0000 - 0x00007ffed80c9000 	C:\Program Files\Android\Android Studio\jbr\bin\extnet.dll
0x00007ffee63b0000 - 0x00007ffee63b8000 	C:\WINDOWS\system32\wshunix.dll
0x00007ffef04c0000 - 0x00007ffef05e6000 	C:\WINDOWS\SYSTEM32\DNSAPI.dll
0x00007ffee7080000 - 0x00007ffee708b000 	C:\Windows\System32\rasadhlp.dll
0x00007ffee4ed0000 - 0x00007ffee4f56000 	C:\WINDOWS\System32\fwpuclnt.dll
0x00007ffee5ab0000 - 0x00007ffee5ac8000 	C:\WINDOWS\system32\napinsp.dll
0x00007ffee49e0000 - 0x00007ffee49f2000 	C:\WINDOWS\System32\winrnr.dll
0x00007ffece180000 - 0x00007ffece1a8000 	C:\WINDOWS\system32\nlansp_c.dll
0x00007ffee5b60000 - 0x00007ffee5b76000 	C:\WINDOWS\system32\wshbth.dll
0x00007ffef0b30000 - 0x00007ffef0b66000 	C:\WINDOWS\SYSTEM32\ntmarta.dll
0x00007ffee39d0000 - 0x00007ffee39d7000 	C:\Program Files\Android\Android Studio\jbr\bin\rmi.dll

JVMTI agents:
C:\Users\zs computer\.gradle\wrapper\dists\gradle-8.6-bin\afr5mpiioh2wthjmwnkmdsd5w\gradle-8.6\lib\agents\gradle-instrumentation-agent-8.6.jar path:C:\Program Files\Android\Android Studio\jbr\bin\instrument.dll, loaded, initialized, instrumentlib options:none

dbghelp: loaded successfully - version: 4.0.5 - missing functions: none
symbol engine: initialized successfully - sym options: 0x614 - pdb path: .;C:\Program Files\Android\Android Studio\jbr\bin;C:\WINDOWS\SYSTEM32;C:\WINDOWS\WinSxS\amd64_microsoft.windows.common-controls_6595b64144ccf1df_6.0.26100.5074_none_3e0d6f78e32fd63f;C:\Program Files\Android\Android Studio\jbr\bin\server;C:\Users\zs computer\.gradle\native\c067742578af261105cb4f569cf0c3c89f3d7b1fecec35dd04571415982c5e48\windows-amd64;C:\Users\zs computer\.gradle\native\38dada09dfb8b06ba9b0570ebf7e218e3eb74d4ef43ca46872605cf95ebc2f47\windows-amd64

VM Arguments:
jvm_args: -XX:+HeapDumpOnOutOfMemoryError --add-opens=java.base/java.util=ALL-UNNAMED --add-opens=java.base/java.lang=ALL-UNNAMED --add-opens=java.base/java.lang.invoke=ALL-UNNAMED --add-opens=java.prefs/java.util.prefs=ALL-UNNAMED --add-opens=java.base/java.nio.charset=ALL-UNNAMED --add-opens=java.base/java.net=ALL-UNNAMED --add-opens=java.base/java.util.concurrent.atomic=ALL-UNNAMED -Xmx6144m -Dfile.encoding=UTF-8 -Duser.country=US -Duser.language=en -Duser.variant -javaagent:C:\Users\zs computer\.gradle\wrapper\dists\gradle-8.6-bin\afr5mpiioh2wthjmwnkmdsd5w\gradle-8.6\lib\agents\gradle-instrumentation-agent-8.6.jar 
java_command: org.gradle.launcher.daemon.bootstrap.GradleDaemon 8.6
java_class_path (initial): C:\Users\zs computer\.gradle\wrapper\dists\gradle-8.6-bin\afr5mpiioh2wthjmwnkmdsd5w\gradle-8.6\lib\gradle-launcher-8.6.jar
Launcher Type: SUN_STANDARD

[Global flags]
     intx CICompilerCount                          = 4                                         {product} {ergonomic}
     uint ConcGCThreads                            = 2                                         {product} {ergonomic}
     uint G1ConcRefinementThreads                  = 8                                         {product} {ergonomic}
   size_t G1HeapRegionSize                         = 4194304                                   {product} {ergonomic}
    uintx GCDrainStackTargetSize                   = 64                                        {product} {ergonomic}
     bool HeapDumpOnOutOfMemoryError               = true                                   {manageable} {command line}
   size_t InitialHeapSize                          = 134217728                                 {product} {ergonomic}
   size_t MarkStackSize                            = 4194304                                   {product} {ergonomic}
   size_t MaxHeapSize                              = 6442450944                                {product} {command line}
   size_t MaxNewSize                               = 3862953984                                {product} {ergonomic}
   size_t MinHeapDeltaBytes                        = 4194304                                   {product} {ergonomic}
   size_t MinHeapSize                              = 8388608                                   {product} {ergonomic}
    uintx NonNMethodCodeHeapSize                   = 5839372                                {pd product} {ergonomic}
    uintx NonProfiledCodeHeapSize                  = 122909434                              {pd product} {ergonomic}
    uintx ProfiledCodeHeapSize                     = 122909434                              {pd product} {ergonomic}
    uintx ReservedCodeCacheSize                    = 251658240                              {pd product} {ergonomic}
     bool SegmentedCodeCache                       = true                                      {product} {ergonomic}
   size_t SoftMaxHeapSize                          = 6442450944                             {manageable} {ergonomic}
     bool UseCompressedOops                        = true                           {product lp64_product} {ergonomic}
     bool UseG1GC                                  = true                                      {product} {ergonomic}
     bool UseLargePagesIndividualAllocation        = false                                  {pd product} {ergonomic}

Logging:
Log output configuration:
 #0: stdout all=warning uptime,level,tags foldmultilines=false
 #1: stderr all=off uptime,level,tags foldmultilines=false

Environment Variables:
PATH=C:\Program Files\Common Files\Oracle\Java\javapath;C:\WINDOWS\system32;C:\WINDOWS;C:\WINDOWS\System32\Wbem;C:\WINDOWS\System32\WindowsPowerShell\v1.0\;C:\WINDOWS\System32\OpenSSH\;C:\Program Files\Git\cmd;C:\Users\zs computer\AppData\Local\Microsoft\WindowsApps;;C:\Program Files\JetBrains\IntelliJ IDEA Community Edition 2025.1.3\bin;
USERNAME=zs computer
OS=Windows_NT
PROCESSOR_IDENTIFIER=Intel64 Family 6 Model 142 Stepping 10, GenuineIntel
TMP=C:\Users\ZSCOMP~1\AppData\Local\Temp
TEMP=C:\Users\ZSCOMP~1\AppData\Local\Temp




Periodic native trim disabled

JNI global refs:
JNI global refs: 28, weak refs: 0

JNI global refs memory usage: 835, weak refs: 393

Process memory usage:
Resident Set Size: 903820K (10% of 8223956K total physical memory with 322112K free physical memory)

OOME stack traces (most recent first):
Classloader memory used:
Loader org.gradle.internal.classloader.VisitableURLClassLoader$InstrumentingVisitableURLClassLoader: 79259K
Loader org.gradle.internal.classloader.VisitableURLClassLoader                         : 55026K
Loader java.net.URLClassLoader                                                         : 52205K
Loader bootstrap                                                                       : 38155K
Loader org.gradle.initialization.MixInLegacyTypesClassLoader                           : 20304K
Loader jdk.internal.loader.ClassLoaders$AppClassLoader                                 : 11594K
Loader org.gradle.internal.classloader.VisitableURLClassLoader                         : 8702K
Loader jdk.internal.reflect.DelegatingClassLoader                                      : 2557K
Loader org.gradle.groovy.scripts.internal.DefaultScriptCompilationHandler$ScriptClassLoader: 1268K
Loader jdk.internal.loader.ClassLoaders$PlatformClassLoader                            : 1251K
Loader org.codehaus.groovy.runtime.callsite.CallSiteClassLoader                        : 306K
Loader sun.reflect.misc.MethodUtil                                                     : 2984B

Classes loaded by more than one classloader:
Class kotlin.collections.AbstractCollection                                           : loaded 7 times (x 117B)
Class kotlin.text.StringsKt__StringNumberConversionsKt                                : loaded 7 times (x 71B)
Class kotlin.text.StringsKt                                                           : loaded 7 times (x 71B)
Class kotlin.jvm.KotlinReflectionNotSupportedError                                    : loaded 7 times (x 82B)
Class kotlin.comparisons.ComparisonsKt___ComparisonsJvmKt                             : loaded 7 times (x 71B)
Class kotlin.ranges.RangesKt___RangesKt                                               : loaded 7 times (x 71B)
Class kotlin.jvm.internal.CallableReference                                           : loaded 7 times (x 106B)
Class kotlin.sequences.SequencesKt                                                    : loaded 7 times (x 71B)
Class kotlin.collections.CollectionsKt__IteratorsKt                                   : loaded 7 times (x 71B)
Class kotlin.KotlinNullPointerException                                               : loaded 7 times (x 83B)
Class kotlin.NotImplementedError                                                      : loaded 7 times (x 82B)
Class kotlin.text.StringsKt__StringsKt                                                : loaded 7 times (x 71B)
Class kotlin.Pair                                                                     : loaded 7 times (x 72B)
Class kotlin.collections.SetsKt__SetsKt                                               : loaded 7 times (x 71B)
Class kotlin.enums.EnumEntries                                                        : loaded 7 times (x 70B)
Class kotlin.collections.CollectionsKt__IteratorsJVMKt                                : loaded 7 times (x 71B)
Class kotlin.collections.MapsKt                                                       : loaded 7 times (x 71B)
Class kotlin.collections.CollectionsKt__IterablesKt                                   : loaded 7 times (x 71B)
Class kotlin.text.StringsKt__StringNumberConversionsJVMKt                             : loaded 7 times (x 71B)
Class kotlin.sequences.Sequence                                                       : loaded 7 times (x 70B)
Class kotlin.jvm.internal.Intrinsics                                                  : loaded 7 times (x 71B)
Class kotlin.collections.CollectionsKt__CollectionsJVMKt                              : loaded 7 times (x 71B)
Class kotlin.reflect.KAnnotatedElement                                                : loaded 7 times (x 70B)
Class kotlin.collections.CollectionsKt                                                : loaded 7 times (x 71B)
Class kotlin.collections.ArraysKt__ArraysKt                                           : loaded 7 times (x 71B)
Class kotlin.collections.EmptyIterator                                                : loaded 7 times (x 89B)
Class kotlin.collections.MapsKt__MapsJVMKt                                            : loaded 7 times (x 71B)
Class kotlin.text.StringsKt__RegexExtensionsKt                                        : loaded 7 times (x 71B)
Class kotlin.collections.AbstractList                                                 : loaded 7 times (x 197B)
Class kotlin.sequences.SequencesKt__SequencesJVMKt                                    : loaded 7 times (x 71B)
Class kotlin.jvm.internal.FunctionBase                                                : loaded 7 times (x 70B)
Class kotlin.collections.ArraysKt__ArraysJVMKt                                        : loaded 7 times (x 71B)
Class kotlin.enums.EnumEntriesList                                                    : loaded 7 times (x 223B)
Class kotlin.collections.EmptyList                                                    : loaded 7 times (x 174B)
Class kotlin.text.StringsKt__StringBuilderJVMKt                                       : loaded 7 times (x 71B)
Class kotlin.UninitializedPropertyAccessException                                     : loaded 7 times (x 82B)
Class kotlin.collections.SetsKt__SetsJVMKt                                            : loaded 7 times (x 71B)
Class kotlin.jvm.internal.FunctionReference                                           : loaded 7 times (x 122B)
Class kotlin.text.StringsKt___StringsKt                                               : loaded 7 times (x 71B)
Class kotlin.collections.SetsKt___SetsKt                                              : loaded 7 times (x 71B)
Class kotlin.comparisons.ComparisonsKt__ComparisonsKt                                 : loaded 7 times (x 71B)
Class kotlin.enums.EnumEntriesKt                                                      : loaded 7 times (x 71B)
Class kotlin.ranges.RangesKt__RangesKt                                                : loaded 7 times (x 71B)
Class kotlin.sequences.SequencesKt__SequencesKt                                       : loaded 7 times (x 71B)
Class kotlin.text.StringsKt__AppendableKt                                             : loaded 7 times (x 71B)
Class kotlin.collections.MapsKt__MapsKt                                               : loaded 7 times (x 71B)
Class kotlin.collections.CollectionsKt__ReversedViewsKt                               : loaded 7 times (x 71B)
Class kotlin.comparisons.ComparisonsKt                                                : loaded 7 times (x 71B)
Class kotlin.comparisons.ComparisonsKt___ComparisonsKt                                : loaded 7 times (x 71B)
Class kotlin.collections.CollectionsKt__MutableCollectionsJVMKt                       : loaded 7 times (x 71B)
Class kotlin.sequences.SequencesKt__SequenceBuilderKt                                 : loaded 7 times (x 71B)
Class kotlin.Function                                                                 : loaded 7 times (x 70B)
Class kotlin.jvm.internal.CallableReference$NoReceiver                                : loaded 7 times (x 71B)
Class kotlin.text.StringsKt__StringBuilderKt                                          : loaded 7 times (x 71B)
Class kotlin.collections.CollectionsKt__CollectionsKt                                 : loaded 7 times (x 71B)
Class kotlin.collections.CollectionsKt___CollectionsJvmKt                             : loaded 7 times (x 71B)
Class kotlin.internal.ProgressionUtilKt                                               : loaded 7 times (x 71B)
Class kotlin.collections.ArraysKt___ArraysJvmKt                                       : loaded 7 times (x 71B)
Class kotlin.collections.CollectionsKt__MutableCollectionsKt                          : loaded 7 times (x 71B)
Class kotlin.text.StringsKt__RegexExtensionsJVMKt                                     : loaded 7 times (x 71B)
Class kotlin.reflect.KFunction                                                        : loaded 7 times (x 70B)
Class kotlin.jvm.internal.markers.KMappedMarker                                       : loaded 7 times (x 70B)
Class kotlin.Unit                                                                     : loaded 7 times (x 71B)
Class kotlin.TuplesKt                                                                 : loaded 7 times (x 71B)
Class kotlin.sequences.SequencesKt___SequencesJvmKt                                   : loaded 7 times (x 71B)
Class kotlin.text.StringsKt__IndentKt                                                 : loaded 7 times (x 71B)
Class kotlin.collections.MapsKt__MapWithDefaultKt                                     : loaded 7 times (x 71B)
Class kotlin.ranges.RangesKt                                                          : loaded 7 times (x 71B)
Class kotlin.collections.ArraysKt                                                     : loaded 7 times (x 71B)
Class kotlin.reflect.KCallable                                                        : loaded 7 times (x 70B)
Class kotlin.collections.SetsKt                                                       : loaded 7 times (x 71B)
Class kotlin.collections.ArraysUtilJVM                                                : loaded 7 times (x 71B)
Class kotlin.jvm.functions.Function0                                                  : loaded 7 times (x 70B)
Class kotlin.text.StringsKt__StringsJVMKt                                             : loaded 7 times (x 71B)
Class kotlin.collections.ArraysKt___ArraysKt                                          : loaded 7 times (x 71B)
Class kotlin.jvm.functions.Function1                                                  : loaded 7 times (x 70B)
Class kotlin.collections.MapsKt___MapsKt                                              : loaded 7 times (x 71B)
Class kotlin.jvm.functions.Function2                                                  : loaded 7 times (x 70B)
Class kotlin.collections.MapsKt___MapsJvmKt                                           : loaded 7 times (x 71B)
Class kotlin.text.StringsKt___StringsJvmKt                                            : loaded 7 times (x 71B)
Class kotlin.NoWhenBranchMatchedException                                             : loaded 7 times (x 82B)
Class kotlin.collections.EmptySet                                                     : loaded 7 times (x 122B)
Class kotlin.sequences.SequencesKt___SequencesKt                                      : loaded 7 times (x 71B)
Class kotlin.collections.AbstractList$Companion                                       : loaded 7 times (x 71B)
Class kotlin.reflect.KDeclarationContainer                                            : loaded 7 times (x 70B)
Class kotlin.collections.CollectionsKt___CollectionsKt                                : loaded 7 times (x 71B)
Class kotlin.annotation.Target                                                        : loaded 6 times (x 70B)
Class kotlin.LazyKt__LazyJVMKt                                                        : loaded 6 times (x 71B)
Class com.google.common.collect.Iterators                                             : loaded 6 times (x 71B)
Class kotlin.annotation.Retention                                                     : loaded 6 times (x 70B)
Class kotlin._Assertions                                                              : loaded 6 times (x 71B)
Class kotlin.Lazy                                                                     : loaded 6 times (x 70B)
Class com.google.common.collect.RegularImmutableAsList                                : loaded 6 times (x 216B)
Class com.google.common.base.Predicate                                                : loaded 6 times (x 70B)
Class kotlin.text.CharsKt                                                             : loaded 6 times (x 71B)
Class com.google.common.collect.NullnessCasts                                         : loaded 6 times (x 71B)
Class com.google.common.collect.Lists$StringAsImmutableList                           : loaded 6 times (x 207B)
Class com.google.common.collect.ImmutableList$1                                       : loaded 6 times (x 97B)
Class com.google.common.collect.SingletonImmutableList                                : loaded 6 times (x 207B)
Class com.google.common.collect.ImmutableList$Builder                                 : loaded 6 times (x 77B)
Class com.google.common.collect.ImmutableList                                         : loaded 6 times (x 206B)
Class com.google.common.collect.ImmutableList$ReverseImmutableList                    : loaded 6 times (x 208B)
Class com.google.common.collect.ImmutableSet                                          : loaded 6 times (x 145B)
Class kotlin.text.CharsKt__CharJVMKt                                                  : loaded 6 times (x 71B)
Class kotlin.jvm.internal.Lambda                                                      : loaded 6 times (x 75B)
Class kotlin.UNINITIALIZED_VALUE                                                      : loaded 6 times (x 71B)
Class com.google.common.collect.Iterators$1                                           : loaded 6 times (x 81B)
Class kotlin.Metadata                                                                 : loaded 6 times (x 70B)
Class com.google.common.collect.Iterators$ArrayItr                                    : loaded 6 times (x 97B)
Class kotlin.LazyKt__LazyKt                                                           : loaded 6 times (x 71B)
Class com.google.common.collect.ImmutableCollection$Builder                           : loaded 6 times (x 76B)
Class com.google.common.collect.ForwardingObject                                      : loaded 6 times (x 72B)
Class com.google.common.collect.ImmutableList$SubList                                 : loaded 6 times (x 208B)
Class com.google.common.base.Joiner$2                                                 : loaded 6 times (x 79B)
Class com.google.common.collect.Iterators$4                                           : loaded 6 times (x 82B)
Class kotlin.SynchronizedLazyImpl                                                     : loaded 6 times (x 76B)
Class com.google.common.collect.Iterators$5                                           : loaded 6 times (x 82B)
Class com.google.common.collect.AbstractIndexedListIterator                           : loaded 6 times (x 96B)
Class kotlin.collections.EmptyMap                                                     : loaded 6 times (x 109B)
Class kotlin.jvm.internal.DefaultConstructorMarker                                    : loaded 6 times (x 71B)
Class com.google.common.collect.UnmodifiableListIterator                              : loaded 6 times (x 95B)
Class com.google.common.collect.Iterators$MergingIterator                             : loaded 6 times (x 81B)
Class kotlin.LazyKt                                                                   : loaded 6 times (x 71B)
Class com.google.common.collect.ImmutableCollection                                   : loaded 6 times (x 125B)
Class com.google.common.collect.RegularImmutableList                                  : loaded 6 times (x 212B)
Class com.google.common.base.Joiner$1                                                 : loaded 6 times (x 80B)
Class com.google.common.base.Function                                                 : loaded 6 times (x 70B)
Class com.google.common.collect.AbstractIterator                                      : loaded 6 times (x 82B)
Class com.google.common.collect.PeekingIterator                                       : loaded 6 times (x 70B)
Class com.google.common.collect.ImmutableSet$CachingAsList                            : loaded 6 times (x 147B)
Class com.google.common.collect.Lists                                                 : loaded 6 times (x 71B)
Class com.google.common.collect.Iterators$9                                           : loaded 6 times (x 81B)
Class com.google.common.base.Preconditions                                            : loaded 6 times (x 71B)
Class com.google.common.base.Joiner                                                   : loaded 6 times (x 79B)
Class com.google.common.collect.ImmutableAsList                                       : loaded 6 times (x 209B)
Class kotlin.text.CharsKt__CharKt                                                     : loaded 6 times (x 71B)
Class com.google.common.collect.UnmodifiableIterator                                  : loaded 6 times (x 80B)
Class [Lkotlin.reflect.KAnnotatedElement;                                             : loaded 5 times (x 69B)
Class com.google.common.collect.Hashing                                               : loaded 5 times (x 71B)
Class com.google.common.base.PatternCompiler                                          : loaded 5 times (x 70B)
Class com.google.common.base.CharMatcher$And                                          : loaded 5 times (x 112B)
Class com.google.common.base.CharMatcher$Negated                                      : loaded 5 times (x 113B)
Class com.google.common.base.CharMatcher$Is                                           : loaded 5 times (x 111B)
Class com.google.common.collect.Maps$EntryTransformer                                 : loaded 5 times (x 70B)
Class com.google.common.collect.ImmutableMultiset                                     : loaded 5 times (x 163B)
Class com.google.common.collect.EmptyImmutableListMultimap                            : loaded 5 times (x 176B)
Class com.google.common.collect.RegularImmutableMap                                   : loaded 5 times (x 121B)
Class com.google.common.collect.ImmutableMap$MapViewOfValuesAsSingletonSets           : loaded 5 times (x 125B)
Class com.google.common.collect.IndexedImmutableSet                                   : loaded 5 times (x 150B)
Class com.google.common.collect.UsingToStringOrdering                                 : loaded 5 times (x 114B)
Class com.google.common.collect.Sets$3                                                : loaded 5 times (x 139B)
Class com.google.common.collect.ImmutableMultimap$2                                   : loaded 5 times (x 81B)
Class com.google.common.collect.RegularImmutableBiMap                                 : loaded 5 times (x 148B)
Class com.google.common.collect.AbstractIterator$State                                : loaded 5 times (x 79B)
Class com.google.common.collect.ImmutableSortedSet                                    : loaded 5 times (x 300B)
Class com.google.common.collect.ImmutableMap$1                                        : loaded 5 times (x 81B)
Class com.google.common.collect.RegularImmutableMap$KeySet                            : loaded 5 times (x 150B)
Class com.google.common.base.CommonPattern                                            : loaded 5 times (x 74B)
Class com.google.common.collect.BiMap                                                 : loaded 5 times (x 70B)
Class com.google.common.base.CharMatcher$IsNot                                        : loaded 5 times (x 111B)
Class com.google.common.collect.SingletonImmutableBiMap                               : loaded 5 times (x 143B)
Class com.google.common.collect.Sets$4                                                : loaded 5 times (x 139B)
Class com.google.common.collect.RegularImmutableSortedSet                             : loaded 5 times (x 300B)
Class com.google.common.base.Converter                                                : loaded 5 times (x 90B)
Class com.google.common.collect.ImmutableMultimap$1                                   : loaded 5 times (x 82B)
Class com.google.common.collect.AbstractMapEntry                                      : loaded 5 times (x 81B)
Class com.google.common.collect.LexicographicalOrdering                               : loaded 5 times (x 115B)
Class com.google.common.collect.ImmutableMapEntry                                     : loaded 5 times (x 85B)
Class com.google.common.collect.ForwardingCollection                                  : loaded 5 times (x 130B)
Class com.google.common.collect.BaseImmutableMultimap                                 : loaded 5 times (x 123B)
Class com.google.common.primitives.Ints                                               : loaded 5 times (x 71B)
Class com.google.common.base.Equivalence                                              : loaded 5 times (x 82B)
Class com.google.common.collect.ImmutableMapEntry$NonTerminalImmutableMapEntry        : loaded 5 times (x 85B)
Class com.google.common.collect.ImmutableMultimap                                     : loaded 5 times (x 147B)
Class com.google.common.collect.NullsFirstOrdering                                    : loaded 5 times (x 115B)
Class com.google.common.collect.RegularImmutableSet                                   : loaded 5 times (x 149B)
Class com.google.common.collect.RegularImmutableMap$BucketOverflowException           : loaded 5 times (x 82B)
Class com.google.common.collect.NaturalOrdering                                       : loaded 5 times (x 115B)
Class kotlin.collections.IndexedValue                                                 : loaded 5 times (x 72B)
Class com.google.common.base.CharMatcher$AnyOf                                        : loaded 5 times (x 112B)
Class kotlin.io.FilesKt__UtilsKt                                                      : loaded 5 times (x 71B)
Class com.google.common.collect.Sets$2                                                : loaded 5 times (x 139B)
Class com.google.common.base.CharMatcher$ForPredicate                                 : loaded 5 times (x 112B)
Class com.google.common.collect.Maps$ViewCachingAbstractMap                           : loaded 5 times (x 125B)
Class kotlin.io.FileSystemException                                                   : loaded 5 times (x 82B)
Class com.google.common.collect.ImmutableSortedAsList                                 : loaded 5 times (x 221B)
Class com.google.common.collect.Maps                                                  : loaded 5 times (x 71B)
Class kotlin.collections.IndexingIterable                                             : loaded 5 times (x 79B)
Class [Lcom.google.common.collect.ImmutableEntry;                                     : loaded 5 times (x 69B)
Class com.google.common.collect.ByFunctionOrdering                                    : loaded 5 times (x 115B)
Class com.google.common.collect.ImmutableMultimap$Values                              : loaded 5 times (x 126B)
Class kotlin.io.NoSuchFileException                                                   : loaded 5 times (x 82B)
Class com.google.common.collect.ObjectArrays                                          : loaded 5 times (x 71B)
Class com.google.common.collect.ImmutableSet$RegularSetBuilderImpl                    : loaded 5 times (x 77B)
Class com.google.common.base.Platform                                                 : loaded 5 times (x 71B)
Class com.google.common.collect.Multiset                                              : loaded 5 times (x 70B)
Class com.google.common.base.CharMatcher                                              : loaded 5 times (x 111B)
Class com.google.common.collect.SortedIterable                                        : loaded 5 times (x 70B)
Class com.google.common.collect.ComparatorOrdering                                    : loaded 5 times (x 115B)
Class com.google.common.collect.Collections2$FilteredCollection                       : loaded 5 times (x 119B)
Class com.google.common.collect.Maps$8                                                : loaded 5 times (x 82B)
Class com.google.common.collect.CompoundOrdering                                      : loaded 5 times (x 115B)
Class com.google.common.collect.Sets$1                                                : loaded 5 times (x 139B)
Class com.google.common.collect.ImmutableBiMap                                        : loaded 5 times (x 143B)
Class com.google.common.collect.ImmutableListMultimap                                 : loaded 5 times (x 176B)
Class kotlin.text.Regex                                                               : loaded 5 times (x 72B)
Class com.google.common.collect.ImmutableSet$SetBuilderImpl                           : loaded 5 times (x 76B)
Class com.google.common.collect.Sets$SetView                                          : loaded 5 times (x 138B)
Class [Lkotlin.reflect.KCallable;                                                     : loaded 5 times (x 69B)
Class com.google.common.collect.SingletonImmutableSet                                 : loaded 5 times (x 146B)
Class com.google.common.collect.ImmutableMap$IteratorBasedImmutableMap                : loaded 5 times (x 125B)
Class com.google.common.collect.ImmutableMultimap$EntryCollection                     : loaded 5 times (x 127B)
Class kotlin.jvm.internal.CollectionToArray                                           : loaded 5 times (x 71B)
Class com.google.common.collect.ExplicitOrdering                                      : loaded 5 times (x 115B)
Class com.google.common.collect.ImmutableMapEntrySet                                  : loaded 5 times (x 151B)
Class com.google.common.collect.ImmutableEnumMap                                      : loaded 5 times (x 125B)
Class com.google.common.collect.NullsLastOrdering                                     : loaded 5 times (x 115B)
Class com.google.common.collect.ListMultimap                                          : loaded 5 times (x 70B)
Class com.google.common.collect.AbstractIterator$1                                    : loaded 5 times (x 71B)
Class com.google.common.base.CharMatcher$1                                            : loaded 5 times (x 113B)
Class com.google.common.base.CharMatcher$NamedFastMatcher                             : loaded 5 times (x 112B)
Class kotlin.sequences.FilteringSequence$iterator$1                                   : loaded 5 times (x 79B)
Class kotlin.io.FilesKt__FileTreeWalkKt                                               : loaded 5 times (x 71B)
Class com.google.common.base.Platform$JdkPatternCompiler                              : loaded 5 times (x 75B)
Class kotlin.sequences.FilteringSequence                                              : loaded 5 times (x 75B)
Class com.google.common.collect.TransformedIterator                                   : loaded 5 times (x 80B)
Class com.google.common.collect.Sets$FilteredSet                                      : loaded 5 times (x 137B)
Class com.google.common.collect.RegularImmutableMap$Values                            : loaded 5 times (x 207B)
Class kotlin.io.FileAlreadyExistsException                                            : loaded 5 times (x 82B)
Class com.google.common.collect.ImmutableEnumSet                                      : loaded 5 times (x 146B)
Class com.google.common.collect.Sets$ImprovedAbstractSet                              : loaded 5 times (x 135B)
Class com.google.common.base.CharMatcher$BitSetMatcher                                : loaded 5 times (x 112B)
Class com.google.common.collect.AbstractMultimap                                      : loaded 5 times (x 123B)
Class com.google.common.collect.ImmutableMultimap$Builder                             : loaded 5 times (x 83B)
Class com.google.common.base.JdkPattern                                               : loaded 5 times (x 75B)
Class com.google.common.collect.Maps$KeySet                                           : loaded 5 times (x 137B)
Class com.google.common.collect.SortedMapDifference                                   : loaded 5 times (x 70B)
Class com.google.common.collect.MapDifference                                         : loaded 5 times (x 70B)
Class com.google.common.collect.ImmutableMapEntrySet$RegularEntrySet                  : loaded 5 times (x 151B)
Class kotlin.io.FilesKt                                                               : loaded 5 times (x 71B)
Class com.google.common.collect.Maps$AbstractFilteredMap                              : loaded 5 times (x 127B)
Class com.google.common.collect.ImmutableMultisetGwtSerializationDependencies         : loaded 5 times (x 125B)
Class kotlin.io.FilesKt__FileReadWriteKt                                              : loaded 5 times (x 71B)
Class com.google.common.collect.Ordering                                              : loaded 5 times (x 114B)
Class kotlin.collections.IndexingIterator                                             : loaded 5 times (x 79B)
Class com.google.common.base.CharMatcher$Or                                           : loaded 5 times (x 112B)
Class com.google.common.collect.Maps$BiMapConverter                                   : loaded 5 times (x 90B)
Class com.google.common.collect.ImmutableMap$Builder                                  : loaded 5 times (x 82B)
Class com.google.common.collect.CollectPreconditions                                  : loaded 5 times (x 71B)
Class com.google.common.collect.ReverseOrdering                                       : loaded 5 times (x 115B)
Class com.google.common.base.CharMatcher$IsEither                                     : loaded 5 times (x 111B)
Class com.google.common.collect.AllEqualOrdering                                      : loaded 5 times (x 114B)
Class [Lcom.google.common.collect.ImmutableMapEntry;                                  : loaded 5 times (x 69B)
Class com.google.common.collect.Sets                                                  : loaded 5 times (x 71B)
Class com.google.common.base.CharMatcher$FastMatcher                                  : loaded 5 times (x 111B)
Class com.google.common.base.CharMatcher$InRange                                      : loaded 5 times (x 111B)
Class kotlin.io.TerminateException                                                    : loaded 5 times (x 82B)
Class com.google.common.collect.ImmutableMap                                          : loaded 5 times (x 120B)
Class com.google.common.collect.Multimap                                              : loaded 5 times (x 70B)
Class com.google.common.collect.ImmutableMultimap$Keys                                : loaded 5 times (x 166B)
Class [Lcom.google.common.collect.AbstractIterator$State;                             : loaded 5 times (x 69B)
Class com.google.common.collect.ImmutableEntry                                        : loaded 5 times (x 82B)
Class [Lcom.google.common.collect.AbstractMapEntry;                                   : loaded 5 times (x 69B)
Class com.google.common.primitives.IntsMethodsForWeb                                  : loaded 5 times (x 71B)
Class com.google.common.collect.Platform                                              : loaded 5 times (x 71B)
Class com.google.common.collect.ReverseNaturalOrdering                                : loaded 5 times (x 114B)
Class com.google.common.base.CharMatcher$NegatedFastMatcher                           : loaded 5 times (x 113B)
Class kotlin.io.FilesKt__FilePathComponentsKt                                         : loaded 5 times (x 71B)
Class kotlin.text.Regex$Companion                                                     : loaded 5 times (x 71B)
Class com.google.common.base.Present                                                  : loaded 4 times (x 81B)
Class kotlin.jvm.functions.Function3                                                  : loaded 4 times (x 70B)
Class com.google.common.base.CharMatcher$None                                         : loaded 4 times (x 112B)
Class com.google.common.cache.LocalCache$EntryFactory$4                               : loaded 4 times (x 83B)
Class com.google.common.cache.CacheBuilder$2                                          : loaded 4 times (x 79B)
Class com.google.common.cache.LocalCache                                              : loaded 4 times (x 187B)
Class com.google.common.collect.AbstractMapBasedMultimap$WrappedCollection$WrappedIterator: loaded 4 times (x 84B)
Class kotlin.reflect.KProperty0                                                       : loaded 4 times (x 70B)
Class com.squareup.javapoet.CodeBlock$Builder                                         : loaded 4 times (x 72B)
Class kotlin.jvm.internal.Reflection                                                  : loaded 4 times (x 71B)
Class kotlin.reflect.KProperty                                                        : loaded 4 times (x 70B)
Class com.google.common.collect.Maps$FilteredEntryMap$EntrySet$1                      : loaded 4 times (x 82B)
Class com.google.common.collect.ImmutableSortedSet$Builder                            : loaded 4 times (x 86B)
Class com.squareup.javapoet.TypeSpec$Kind                                             : loaded 4 times (x 79B)
Class com.google.common.cache.CacheBuilder$1                                          : loaded 4 times (x 85B)
Class [Lcom.google.common.cache.LocalCache$Strength;                                  : loaded 4 times (x 69B)
Class [Lcom.google.common.cache.LocalCache$Segment;                                   : loaded 4 times (x 69B)
Class kotlin.collections.AbstractIterator                                             : loaded 4 times (x 83B)
Class com.google.common.collect.Multimaps                                             : loaded 4 times (x 71B)
Class com.google.common.collect.AbstractMapBasedMultimap$AsMap$AsMapIterator          : loaded 4 times (x 83B)
Class com.google.common.collect.ArrayListMultimap                                     : loaded 4 times (x 172B)
Class com.google.common.collect.Maps$EntryFunction$1                                  : loaded 4 times (x 91B)
Class kotlin.jvm.functions.Function4                                                  : loaded 4 times (x 70B)
Class kotlin.collections.AbstractMutableList                                          : loaded 4 times (x 206B)
Class com.google.common.base.Ticker                                                   : loaded 4 times (x 72B)
Class com.google.common.cache.RemovalListener                                         : loaded 4 times (x 70B)
Class com.google.common.collect.SetMultimap                                           : loaded 4 times (x 70B)
Class kotlin.ranges.ClosedRange                                                       : loaded 4 times (x 70B)
Class com.squareup.javapoet.FieldSpec                                                 : loaded 4 times (x 72B)
Class com.squareup.javapoet.LineWrapper$FlushType                                     : loaded 4 times (x 79B)
Class com.google.common.collect.Maps$EntryFunction$2                                  : loaded 4 times (x 91B)
Class com.google.common.collect.ImmutableSet$Builder                                  : loaded 4 times (x 85B)
Class com.squareup.javapoet.AnnotationSpec                                            : loaded 4 times (x 72B)
Class com.google.common.base.ExtraObjectsMethodsForWeb                                : loaded 4 times (x 71B)
Class com.google.common.collect.Maps$FilteredEntryMap                                 : loaded 4 times (x 128B)
Class com.google.common.base.Ticker$1                                                 : loaded 4 times (x 72B)
Class com.google.common.base.NullnessCasts                                            : loaded 4 times (x 71B)
Class [Lcom.google.common.collect.Maps$EntryFunction;                                 : loaded 4 times (x 69B)
Class com.google.common.cache.CacheBuilder$NullListener                               : loaded 4 times (x 82B)
Class com.squareup.javapoet.CodeBlock                                                 : loaded 4 times (x 72B)
Class com.google.common.base.Supplier                                                 : loaded 4 times (x 70B)
Class com.google.common.cache.LocalCache$Strength$3                                   : loaded 4 times (x 81B)
Class kotlin.sequences.ConstrainedOnceSequence                                        : loaded 4 times (x 75B)
Class com.google.common.cache.LocalCache$EntryFactory$5                               : loaded 4 times (x 83B)
Class com.google.common.base.Splitter$1                                               : loaded 4 times (x 77B)
Class com.google.common.cache.LocalCache$EntryFactory$3                               : loaded 4 times (x 83B)
Class com.google.common.collect.ForwardingSet                                         : loaded 4 times (x 151B)
Class kotlin.jvm.internal.PropertyReference1Impl                                      : loaded 4 times (x 127B)
Class com.google.common.base.Suppliers                                                : loaded 4 times (x 71B)
Class com.squareup.javapoet.CodeWriter                                                : loaded 4 times (x 72B)
Class kotlin.jvm.internal.markers.KMutableIterable                                    : loaded 4 times (x 70B)
Class com.google.common.cache.Cache                                                   : loaded 4 times (x 70B)
Class [Lkotlin.reflect.KProperty;                                                     : loaded 4 times (x 69B)
Class com.google.common.collect.AbstractSetMultimap                                   : loaded 4 times (x 174B)
Class com.google.common.base.Suppliers$MemoizingSupplier                              : loaded 4 times (x 79B)
Class com.google.common.collect.SortedSetMultimap                                     : loaded 4 times (x 70B)
Class com.google.common.cache.LocalCache$2                                            : loaded 4 times (x 142B)
Class com.google.common.cache.CacheStats                                              : loaded 4 times (x 71B)
Class com.google.common.base.Optional                                                 : loaded 4 times (x 80B)
Class com.google.common.cache.LocalCache$EntryFactory$6                               : loaded 4 times (x 83B)
Class kotlin.io.CloseableKt                                                           : loaded 4 times (x 71B)
Class com.google.common.cache.LocalCache$Strength                                     : loaded 4 times (x 81B)
Class kotlin.jvm.internal.PropertyReference                                           : loaded 4 times (x 115B)
Class [Lcom.google.common.cache.CacheBuilder$OneWeigher;                              : loaded 4 times (x 69B)
Class com.google.common.cache.Weigher                                                 : loaded 4 times (x 70B)
Class com.google.common.cache.LocalCache$EntryFactory$2                               : loaded 4 times (x 83B)
Class com.google.common.cache.LocalCache$EntryFactory                                 : loaded 4 times (x 83B)
Class kotlin.reflect.KMutableProperty                                                 : loaded 4 times (x 70B)
Class com.squareup.javapoet.AnnotationSpec$Builder                                    : loaded 4 times (x 72B)
Class kotlin.reflect.KType                                                            : loaded 4 times (x 70B)
Class com.squareup.javapoet.JavaFile                                                  : loaded 4 times (x 72B)
Class kotlin.Result$Companion                                                         : loaded 4 times (x 71B)
Class com.squareup.javapoet.Util                                                      : loaded 4 times (x 71B)
Class kotlin.coroutines.jvm.internal.BaseContinuationImpl                             : loaded 4 times (x 87B)
Class com.google.common.base.AbstractIterator                                         : loaded 4 times (x 80B)
Class kotlin.reflect.KProperty2                                                       : loaded 4 times (x 70B)
Class android.databinding.tool.CompilerArguments                                      : loaded 4 times (x 72B)
Class [Lkotlin.reflect.KClass;                                                        : loaded 4 times (x 69B)
Class com.google.common.util.concurrent.UncheckedExecutionException                   : loaded 4 times (x 82B)
Class com.squareup.javapoet.TypeSpec                                                  : loaded 4 times (x 72B)
Class com.google.common.math.IntMath$1                                                : loaded 4 times (x 71B)
Class kotlin.reflect.KTypeParameter                                                   : loaded 4 times (x 70B)
Class com.google.common.base.Splitter$1$1                                             : loaded 4 times (x 86B)
Class com.squareup.javapoet.ParameterSpec$Builder                                     : loaded 4 times (x 72B)
Class com.google.common.collect.Iterables$5                                           : loaded 4 times (x 81B)
Class [Lkotlin.reflect.KDeclarationContainer;                                         : loaded 4 times (x 69B)
Class com.google.common.base.Ascii                                                    : loaded 4 times (x 71B)
Class kotlin.coroutines.Continuation                                                  : loaded 4 times (x 70B)
Class com.google.common.cache.LocalCache$EntryFactory$7                               : loaded 4 times (x 83B)
Class com.google.common.collect.Maps$IteratorBasedAbstractMap                         : loaded 4 times (x 125B)
Class [Lcom.google.common.cache.CacheBuilder$NullListener;                            : loaded 4 times (x 69B)
Class com.google.common.collect.ImmutableSet$EmptySetBuilderImpl                      : loaded 4 times (x 76B)
Class kotlin.reflect.KMutableProperty0                                                : loaded 4 times (x 70B)
Class kotlin.reflect.KClassifier                                                      : loaded 4 times (x 70B)
Class com.google.common.collect.Maps$FilteredEntryMap$EntrySet                        : loaded 4 times (x 152B)
Class com.squareup.javapoet.ParameterizedTypeName                                     : loaded 4 times (x 81B)
Class com.google.common.math.MathPreconditions                                        : loaded 4 times (x 71B)
Class com.google.common.graph.SuccessorsFunction                                      : loaded 4 times (x 70B)
Class kotlin.collections.MapWithDefault                                               : loaded 4 times (x 70B)
Class com.google.common.collect.CollectSpliterators$1WithCharacteristics              : loaded 4 times (x 90B)
Class com.google.common.cache.LocalCache$1                                            : loaded 4 times (x 89B)
Class com.google.common.cache.LocalCache$EntryFactory$8                               : loaded 4 times (x 83B)
Class kotlin.jvm.internal.ReflectionFactory                                           : loaded 4 times (x 91B)
Class [Lcom.squareup.javapoet.LineWrapper$FlushType;                                  : loaded 4 times (x 69B)
Class com.google.common.base.Suppliers$SupplierOfInstance                             : loaded 4 times (x 79B)
Class kotlin.coroutines.jvm.internal.SuspendFunction                                  : loaded 4 times (x 70B)
Class com.google.common.collect.Maps$EntrySet                                         : loaded 4 times (x 136B)
Class [Lcom.google.common.cache.RemovalListener;                                      : loaded 4 times (x 69B)
Class [Lcom.google.common.collect.Iterators$EmptyModifiableIterator;                  : loaded 4 times (x 69B)
Class com.google.common.cache.LocalCache$ComputingValueReference                      : loaded 4 times (x 97B)
Class kotlin.sequences.SequencesKt__SequenceBuilderKt$sequence$$inlined$Sequence$1    : loaded 4 times (x 75B)
Class com.google.common.base.Predicates$CompositionPredicate                          : loaded 4 times (x 88B)
Class com.google.common.cache.LocalCache$Strength$2                                   : loaded 4 times (x 81B)
Class [Lkotlin.reflect.KClassifier;                                                   : loaded 4 times (x 69B)
Class kotlin.reflect.KProperty$Getter                                                 : loaded 4 times (x 70B)
Class kotlin.reflect.KProperty$Accessor                                               : loaded 4 times (x 70B)
Class [Lkotlin.LazyThreadSafetyMode;                                                  : loaded 4 times (x 69B)
Class build_2vgxwk05xzolhywd7eyqqr1s0$_run_closure1                                   : loaded 4 times (x 139B)
Class kotlin.Result$Failure                                                           : loaded 4 times (x 72B)
Class kotlin.reflect.KMutableProperty1                                                : loaded 4 times (x 70B)
Class com.google.common.cache.CacheLoader$InvalidCacheLoadException                   : loaded 4 times (x 82B)
Class com.google.common.cache.LocalCache$Segment                                      : loaded 4 times (x 154B)
Class com.google.common.collect.AbstractMapBasedMultimap$AsMap$AsMapEntries           : loaded 4 times (x 138B)
Class com.google.common.cache.CacheLoader$1                                           : loaded 4 times (x 75B)
Class com.google.common.util.concurrent.ExecutionError                                : loaded 4 times (x 82B)
Class com.google.common.cache.LocalCache$EntryFactory$1                               : loaded 4 times (x 83B)
Class com.google.common.collect.AbstractMapBasedMultimap$WrappedList                  : loaded 4 times (x 205B)
Class com.google.common.base.MoreObjects                                              : loaded 4 times (x 71B)
Class kotlin.coroutines.jvm.internal.RestrictedSuspendLambda                          : loaded 4 times (x 91B)
Class com.google.common.collect.ImmutableMapKeySet                                    : loaded 4 times (x 152B)
Class com.google.common.base.Splitter                                                 : loaded 4 times (x 72B)
Class com.google.common.base.Equivalence$Identity                                     : loaded 4 times (x 82B)
Class kotlin.reflect.KClass                                                           : loaded 4 times (x 70B)
Class com.google.common.base.PairwiseEquivalence                                      : loaded 4 times (x 83B)
Class com.google.common.collect.ArrayListMultimapGwtSerializationDependencies         : loaded 4 times (x 172B)
Class com.google.common.cache.CacheLoader                                             : loaded 4 times (x 74B)
Class com.google.common.collect.CollectSpliterators                                   : loaded 4 times (x 71B)
Class com.google.common.collect.FluentIterable$3                                      : loaded 4 times (x 81B)
Class com.google.common.cache.CacheLoader$UnsupportedLoadingOperationException        : loaded 4 times (x 82B)
Class com.google.common.collect.AbstractMapBasedMultimap$AsMap                        : loaded 4 times (x 128B)
Class kotlin.coroutines.intrinsics.IntrinsicsKt__IntrinsicsJvmKt                      : loaded 4 times (x 71B)
Class kotlin.coroutines.jvm.internal.CoroutineStackFrame                              : loaded 4 times (x 70B)
Class kotlin.reflect.KMutableProperty2                                                : loaded 4 times (x 70B)
Class com.google.common.cache.CacheLoader$FunctionToCacheLoader                       : loaded 4 times (x 75B)
Class com.squareup.javapoet.ArrayTypeName                                             : loaded 4 times (x 81B)
Class com.google.common.collect.Iterators$EmptyModifiableIterator                     : loaded 4 times (x 86B)
Class com.google.common.collect.AbstractListMultimap                                  : loaded 4 times (x 172B)
Class kotlin.sequences.TransformingSequence                                           : loaded 4 times (x 75B)
Class com.google.common.base.Splitter$SplittingIterator                               : loaded 4 times (x 84B)
Class com.google.common.collect.Sets$3$1                                              : loaded 4 times (x 82B)
Class com.google.common.cache.LocalCache$LoadingValueReference                        : loaded 4 times (x 97B)
Class javax.xml.bind.JAXBException                                                    : loaded 4 times (x 85B)
Class kotlin.LazyThreadSafetyMode                                                     : loaded 4 times (x 79B)
Class com.google.common.collect.ImmutableSet$JdkBackedSetBuilderImpl                  : loaded 4 times (x 76B)
Class com.squareup.javapoet.JavaFile$1                                                : loaded 4 times (x 79B)
Class com.google.common.collect.ImmutableSetMultimap                                  : loaded 4 times (x 180B)
Class kotlin.text.RegexKt                                                             : loaded 4 times (x 71B)
Class build_2vgxwk05xzolhywd7eyqqr1s0                                                 : loaded 4 times (x 180B)
Class kotlin.LazyKt__LazyJVMKt$WhenMappings                                           : loaded 4 times (x 71B)
Class kotlin.UnsafeLazyImpl                                                           : loaded 4 times (x 76B)
Class com.google.common.cache.LocalCache$LocalManualCache$1                           : loaded 4 times (x 75B)
Class kotlin.coroutines.EmptyCoroutineContext                                         : loaded 4 times (x 77B)
Class kotlin.coroutines.intrinsics.IntrinsicsKt__IntrinsicsKt                         : loaded 4 times (x 71B)
Class com.google.common.collect.AbstractMapBasedMultimap$WrappedSet                   : loaded 4 times (x 142B)
Class kotlin.ranges.IntRange$Companion                                                : loaded 4 times (x 71B)
Class com.google.common.cache.AbstractCache$StatsCounter                              : loaded 4 times (x 70B)
Class kotlin.jvm.internal.PropertyReference1                                          : loaded 4 times (x 127B)
Class com.squareup.javapoet.TypeVariableName                                          : loaded 4 times (x 81B)
Class com.google.common.collect.ImmutableBiMap$Builder                                : loaded 4 times (x 82B)
Class com.google.common.collect.Iterators$6                                           : loaded 4 times (x 81B)
Class [Lkotlin.coroutines.intrinsics.CoroutineSingletons;                             : loaded 4 times (x 69B)
Class com.google.common.cache.LoadingCache                                            : loaded 4 times (x 70B)
Class com.google.common.collect.FluentIterable                                        : loaded 4 times (x 81B)
Class kotlin.Result                                                                   : loaded 4 times (x 72B)
Class com.google.common.collect.Maps$EntryFunction                                    : loaded 4 times (x 91B)
Class com.intellij.gradle.toolingExtension.util.GradleVersionUtil                     : loaded 4 times (x 71B)
Class kotlin.coroutines.CoroutineContext                                              : loaded 4 times (x 70B)
Class kotlin.coroutines.intrinsics.IntrinsicsKt                                       : loaded 4 times (x 71B)
Class kotlin.jvm.internal.markers.KMutableCollection                                  : loaded 4 times (x 70B)
Class kotlin.coroutines.jvm.internal.DebugProbesKt                                    : loaded 4 times (x 71B)
Class com.google.common.collect.IndexedImmutableSet$1                                 : loaded 4 times (x 213B)
Class com.squareup.javapoet.MethodSpec$Builder                                        : loaded 4 times (x 72B)
Class com.google.common.cache.CacheBuilder$OneWeigher                                 : loaded 4 times (x 82B)
Class com.google.common.collect.Maps$IteratorBasedAbstractMap$1                       : loaded 4 times (x 138B)
Class kotlin.sequences.TransformingSequence$iterator$1                                : loaded 4 times (x 79B)
Class [Lcom.google.common.base.Function;                                              : loaded 4 times (x 69B)
Class kotlin.sequences.SequenceScope                                                  : loaded 4 times (x 73B)
Class com.google.common.base.Absent                                                   : loaded 4 times (x 80B)
Class com.google.common.base.Predicates                                               : loaded 4 times (x 71B)
Class com.google.common.collect.AbstractMapBasedMultimap$KeySet$1                     : loaded 4 times (x 82B)
Class com.squareup.javapoet.ClassName                                                 : loaded 4 times (x 84B)
Class com.squareup.javapoet.TypeName                                                  : loaded 4 times (x 81B)
Class com.google.common.collect.AbstractMapBasedMultimap$WrappedCollection            : loaded 4 times (x 124B)
Class kotlin.ResultKt                                                                 : loaded 4 times (x 71B)
Class com.google.common.collect.FluentIterable$2                                      : loaded 4 times (x 81B)
Class [Lcom.google.common.cache.Weigher;                                              : loaded 4 times (x 69B)
Class com.google.common.cache.LocalCache$Strength$1                                   : loaded 4 times (x 81B)
Class com.google.common.base.Splitter$Strategy                                        : loaded 4 times (x 70B)
Class kotlin.ranges.IntRange                                                          : loaded 4 times (x 93B)
Class kotlin.coroutines.intrinsics.CoroutineSingletons                                : loaded 4 times (x 79B)
Class com.google.common.collect.FluentIterable$1                                      : loaded 4 times (x 81B)
Class com.google.common.base.Suppliers$NonSerializableMemoizingSupplier               : loaded 4 times (x 79B)
Class com.google.common.base.Objects                                                  : loaded 4 times (x 71B)
Class com.google.common.math.IntMath                                                  : loaded 4 times (x 71B)
Class com.google.common.cache.ReferenceEntry                                          : loaded 4 times (x 70B)
Class android.databinding.tool.writer.JavaFileWriter                                  : loaded 4 times (x 74B)
Class com.google.common.collect.AbstractMapBasedMultimap$KeySet                       : loaded 4 times (x 137B)
Class kotlin.ranges.OpenEndRange                                                      : loaded 4 times (x 70B)
Class com.squareup.javapoet.MethodSpec                                                : loaded 4 times (x 72B)
Class com.squareup.javapoet.ParameterSpec                                             : loaded 4 times (x 72B)
Class com.google.common.collect.Streams                                               : loaded 4 times (x 71B)
Class com.squareup.javapoet.TypeSpec$Builder                                          : loaded 4 times (x 72B)
Class com.squareup.javapoet.FieldSpec$Builder                                         : loaded 4 times (x 72B)
Class [Lcom.squareup.javapoet.TypeSpec$Kind;                                          : loaded 4 times (x 69B)
Class com.google.common.cache.LocalCache$LocalManualCache                             : loaded 4 times (x 99B)
Class kotlin.sequences.SequenceBuilderIterator                                        : loaded 4 times (x 85B)
Class com.google.common.collect.AbstractMapBasedMultimap$RandomAccessWrappedList      : loaded 4 times (x 205B)
Class com.squareup.javapoet.LineWrapper$1                                             : loaded 4 times (x 71B)
Class com.google.common.collect.Iterables                                             : loaded 4 times (x 71B)
Class kotlin.reflect.KProperty1                                                       : loaded 4 times (x 70B)
Class [Lcom.squareup.javapoet.TypeName;                                               : loaded 4 times (x 69B)
Class com.google.common.collect.ImmutableMapValues                                    : loaded 4 times (x 126B)
Class [Lcom.google.common.cache.LocalCache$EntryFactory;                              : loaded 4 times (x 69B)
Class android.databinding.tool.CompilerArguments$Companion                            : loaded 4 times (x 71B)
Class com.google.common.base.FunctionalEquivalence                                    : loaded 4 times (x 83B)
Class com.squareup.javapoet.LineWrapper                                               : loaded 4 times (x 72B)
Class kotlin.jvm.internal.markers.KMutableList                                        : loaded 4 times (x 70B)
Class kotlin.ranges.IntProgression$Companion                                          : loaded 4 times (x 71B)
Class com.google.common.collect.AbstractMapBasedMultimap                              : loaded 4 times (x 139B)
Class com.google.common.cache.LocalCache$LocalLoadingCache                            : loaded 4 times (x 134B)
Class com.squareup.javapoet.JavaFile$Builder                                          : loaded 4 times (x 72B)
Class com.google.common.cache.LocalCache$ValueReference                               : loaded 4 times (x 70B)
Class kotlin.ranges.IntProgression                                                    : loaded 4 times (x 81B)
Class [Lkotlin.Pair;                                                                  : loaded 4 times (x 69B)
Class com.google.common.cache.CacheBuilder                                            : loaded 4 times (x 72B)
Class com.google.common.base.Equivalence$Equals                                       : loaded 4 times (x 82B)
Class com.google.common.cache.CacheLoader$SupplierToCacheLoader                       : loaded 4 times (x 75B)
Class kotlin.coroutines.jvm.internal.RestrictedContinuationImpl                       : loaded 4 times (x 87B)
Class com.google.common.base.CaseFormat$StringConverter                               : loaded 3 times (x 90B)
Class kotlin.jvm.functions.Function20                                                 : loaded 3 times (x 70B)
Class com.google.common.base.CaseFormat$2                                             : loaded 3 times (x 83B)
Class kotlin.reflect.jvm.internal.CachesKt$CACHE_FOR_NULLABLE_BASE_CLASSIFIERS$1      : loaded 3 times (x 78B)
Class ijJvmDebugger1_djf6rsexpgjf27xfgume1erb3$_run_closure1$_closure2                : loaded 3 times (x 140B)
Class kotlin.reflect.jvm.internal.KClassImpl$Data$allMembers$2                        : loaded 3 times (x 79B)
Class com.google.common.collect.Maps$AsMapView                                        : loaded 3 times (x 127B)
Class com.google.common.collect.Sets$2$1                                              : loaded 3 times (x 82B)
Class com.google.common.base.Functions$ConstantFunction                               : loaded 3 times (x 84B)
Class com.google.common.collect.StandardTable                                         : loaded 3 times (x 124B)
Class kotlin.jvm.internal.MutablePropertyReference1Impl                               : loaded 3 times (x 137B)
Class kotlin.collections.CollectionsKt___CollectionsKt$asSequence$$inlined$Sequence$1 : loaded 3 times (x 75B)
Class com.google.common.collect.Lists$ReverseList                                     : loaded 3 times (x 200B)
Class kotlin.reflect.jvm.internal.impl.builtins.PrimitiveType                         : loaded 3 times (x 79B)
Class com.google.common.collect.AbstractMultimap$EntrySet                             : loaded 3 times (x 138B)
Class kotlin.reflect.jvm.internal.impl.name.SpecialNames                              : loaded 3 times (x 71B)
Class com.google.common.collect.LinkedHashMultimap$ValueEntry                         : loaded 3 times (x 89B)
Class kotlin.collections.AbstractList$IteratorImpl                                    : loaded 3 times (x 82B)
Class android.databinding.annotationprocessor.ProcessDataBinding$Callback             : loaded 3 times (x 70B)
Class com.google.common.collect.LinkedHashMultimap$ValueSetLink                       : loaded 3 times (x 70B)
Class kotlin.reflect.jvm.internal.CachesKt$CACHE_FOR_GENERIC_CLASSIFIERS$1            : loaded 3 times (x 78B)
Class kotlin.reflect.jvm.internal.impl.builtins.jvm.JavaToKotlinClassMap$PlatformMutabilityMapping: loaded 3 times (x 72B)
Class kotlin.reflect.jvm.internal.impl.builtins.PrimitiveType$arrayTypeFqName$2       : loaded 3 times (x 79B)
Class com.google.common.collect.Iterators$10                                          : loaded 3 times (x 81B)
Class kotlin.jvm.internal.markers.KMutableMap                                         : loaded 3 times (x 70B)
Class kotlin.reflect.jvm.internal.impl.descriptors.runtime.structure.ReflectClassUtilKt: loaded 3 times (x 71B)
Class com.google.common.collect.Collections2                                          : loaded 3 times (x 71B)
Class [Lcom.google.common.collect.LinkedHashMultimap$ValueEntry;                      : loaded 3 times (x 69B)
Class com.google.common.base.CaseFormat$1                                             : loaded 3 times (x 83B)
Class com.google.common.collect.LinkedHashMultimapGwtSerializationDependencies        : loaded 3 times (x 174B)
Class org.apache.commons.io.output.AbstractByteArrayOutputStream                      : loaded 3 times (x 102B)
Class kotlin.jvm.internal.markers.KMutableListIterator                                : loaded 3 times (x 70B)
Class com.google.common.base.CaseFormat$3                                             : loaded 3 times (x 83B)
Class com.google.common.collect.Multimaps$CustomListMultimap                          : loaded 3 times (x 174B)
Class kotlin.reflect.jvm.internal.KCallableImpl$_returnType$1                         : loaded 3 times (x 79B)
Class com.google.common.collect.ImmutableBiMapFauxverideShim                          : loaded 3 times (x 120B)
Class kotlin.jvm.functions.Function21                                                 : loaded 3 times (x 70B)
Class kotlin.reflect.jvm.internal.impl.name.ClassId                                   : loaded 3 times (x 72B)
Class kotlin.reflect.jvm.internal.KDeclarationContainerImpl$Companion                 : loaded 3 times (x 71B)
Class kotlin.reflect.jvm.internal.KDeclarationContainerImpl                           : loaded 3 times (x 84B)
Class org.apache.commons.io.FilenameUtils                                             : loaded 3 times (x 71B)
Class com.google.common.collect.Maps$3                                                : loaded 3 times (x 82B)
Class kotlin.jvm.internal.PropertyReference0                                          : loaded 3 times (x 127B)
Class kotlin.reflect.full.IllegalCallableAccessException                              : loaded 3 times (x 82B)
Class org.apache.commons.io.file.PathFilter                                           : loaded 3 times (x 70B)
Class com.google.common.collect.MultimapBuilder$ArrayListSupplier                     : loaded 3 times (x 77B)
Class com.google.common.collect.MultimapBuilder$ListMultimapBuilder                   : loaded 3 times (x 75B)
Class kotlin.jvm.internal.PropertyReference2                                          : loaded 3 times (x 127B)
Class kotlin.reflect.jvm.internal.KCallableImpl                                       : loaded 3 times (x 105B)
Class kotlin.jvm.internal.MutablePropertyReference                                    : loaded 3 times (x 119B)
Class [Lkotlin.reflect.jvm.internal.impl.builtins.jvm.JavaToKotlinClassMap$PlatformMutabilityMapping;: loaded 3 times (x 69B)
Class kotlin.reflect.jvm.internal.KClassImpl$Data$constructors$2                      : loaded 3 times (x 79B)
Class kotlin.reflect.jvm.internal.ReflectProperties                                   : loaded 3 times (x 71B)
Class kotlin.SafePublicationLazyImpl                                                  : loaded 3 times (x 76B)
Class kotlin.reflect.full.IllegalPropertyDelegateAccessException                      : loaded 3 times (x 82B)
Class com.google.common.collect.Multimaps$Entries                                     : loaded 3 times (x 118B)
Class kotlin.jvm.internal.SpreadBuilder                                               : loaded 3 times (x 76B)
Class com.google.common.primitives.Ints$IntConverter                                  : loaded 3 times (x 90B)
Class kotlin.reflect.jvm.internal.CachesKt$K_PACKAGE_CACHE$1                          : loaded 3 times (x 78B)
Class kotlin.io.FilePathComponents                                                    : loaded 3 times (x 72B)
Class kotlin.reflect.jvm.internal.KClassImpl$Data$supertypes$2                        : loaded 3 times (x 79B)
Class kotlin.Triple                                                                   : loaded 3 times (x 72B)
Class com.google.common.collect.AbstractMapBasedMultiset                              : loaded 3 times (x 163B)
Class kotlin.collections.ArrayAsCollection                                            : loaded 3 times (x 105B)
Class com.google.common.collect.MultimapBuilder                                       : loaded 3 times (x 73B)
Class android.databinding.tool.writer.AnnotationJavaFileWriter                        : loaded 3 times (x 75B)
Class com.google.common.collect.ImmutableRangeSet                                     : loaded 3 times (x 115B)
Class com.google.common.collect.Count                                                 : loaded 3 times (x 71B)
Class ijJvmDebugger1_djf6rsexpgjf27xfgume1erb3$_run_closure1                          : loaded 3 times (x 139B)
Class com.google.common.collect.Maps$9                                                : loaded 3 times (x 76B)
Class kotlin.reflect.jvm.internal.CachesKt$K_CLASS_CACHE$1                            : loaded 3 times (x 78B)
Class kotlin.reflect.jvm.internal.impl.name.FqNameUnsafe$1                            : loaded 3 times (x 74B)
Class com.google.common.collect.Lists$ReverseList$1                                   : loaded 3 times (x 99B)
Class [Lcom.google.common.base.CaseFormat;                                            : loaded 3 times (x 69B)
Class com.google.common.collect.ImmutableRangeSet$Builder                             : loaded 3 times (x 77B)
Class ijKotlinCoroutineJvmDebugInit1_3784zohmsulu2pawvpoyy6r2v$_run_closure1          : loaded 3 times (x 139B)
Class [Lcom.google.gson.stream.JsonToken;                                             : loaded 3 times (x 69B)
Class com.google.common.base.CaseFormat$4                                             : loaded 3 times (x 83B)
Class kotlin.reflect.jvm.internal.KProperty1Impl$delegateSource$1                     : loaded 3 times (x 79B)
Class kotlin.reflect.jvm.internal.KClassImpl$Data$declaredStaticMembers$2             : loaded 3 times (x 79B)
Class kotlin.annotation.AnnotationRetention                                           : loaded 3 times (x 79B)
Class kotlin.jvm.functions.Function22                                                 : loaded 3 times (x 70B)
Class com.google.common.collect.Sets$1$1                                              : loaded 3 times (x 82B)
Class com.google.common.collect.RegularImmutableBiMap$Inverse                         : loaded 3 times (x 143B)
Class org.apache.commons.io.FileUtils                                                 : loaded 3 times (x 71B)
Class org.apache.commons.io.output.StringBuilderWriter                                : loaded 3 times (x 100B)
Class com.google.gson.internal.JsonReaderInternalAccess                               : loaded 3 times (x 72B)
Class [Lorg.apache.commons.io.StandardLineSeparator;                                  : loaded 3 times (x 69B)
Class [Lkotlin.reflect.jvm.internal.impl.resolve.jvm.JvmPrimitiveType;                : loaded 3 times (x 69B)
Class [Lkotlin.reflect.jvm.internal.impl.name.FqName;                                 : loaded 3 times (x 69B)
Class kotlin.reflect.jvm.internal.KPackageImpl                                        : loaded 3 times (x 85B)
Class com.google.common.base.Equivalence$Wrapper                                      : loaded 3 times (x 72B)
Class kotlin.jvm.internal.ClassBasedDeclarationContainer                              : loaded 3 times (x 70B)
Class com.google.common.collect.LinkedHashMultimap$ValueSet$1                         : loaded 3 times (x 82B)
Class kotlin.reflect.jvm.internal.KMutableProperty1Impl$_setter$1                     : loaded 3 times (x 79B)
Class kotlin.jvm.internal.FunctionReferenceImpl                                       : loaded 3 times (x 122B)
Class [Ldagger.hilt.processor.internal.optionvalues.GradleProjectType;                : loaded 3 times (x 69B)
Class com.squareup.javapoet.LineWrapper$RecordingAppendable                           : loaded 3 times (x 77B)
Class kotlin.reflect.jvm.internal.KProperty1Impl                                      : loaded 3 times (x 128B)
Class kotlin.reflect.jvm.internal.KClassImpl$Data$objectInstance$2                    : loaded 3 times (x 79B)
Class kotlin.text.DelimitedRangesSequence                                             : loaded 3 times (x 75B)
Class ijJvmDebugger1_djf6rsexpgjf27xfgume1erb3                                        : loaded 3 times (x 179B)
Class kotlin.reflect.jvm.internal.ReflectProperties$Val$1                             : loaded 3 times (x 71B)
Class org.gradle.api.UncheckedIOException                                             : loaded 3 times (x 82B)
Class android.databinding.annotationprocessor.ProcessDataBinding                      : loaded 3 times (x 87B)
Class com.google.common.collect.AbstractMapBasedMultimap$2                            : loaded 3 times (x 85B)
Class kotlin.io.FileTreeWalk$DirectoryState                                           : loaded 3 times (x 73B)
Class com.google.common.base.Enums$StringConverter                                    : loaded 3 times (x 90B)
Class ijKotlinCoroutineJvmDebugInit1_3784zohmsulu2pawvpoyy6r2v                        : loaded 3 times (x 179B)
Class com.google.common.collect.MultimapBuilder$SortedSetMultimapBuilder              : loaded 3 times (x 77B)
Class com.google.common.collect.AbstractMultiset                                      : loaded 3 times (x 159B)
Class kotlin.reflect.jvm.internal.ComputableClassValue                                : loaded 3 times (x 80B)
Class [Lkotlin.DeprecationLevel;                                                      : loaded 3 times (x 69B)
Class kotlin.reflect.jvm.internal.KClassImpl$Data$declaredNonStaticMembers$2          : loaded 3 times (x 79B)
Class kotlin.io.FileTreeWalk$FileTreeWalkIterator                                     : loaded 3 times (x 83B)
Class kotlin.reflect.jvm.internal.impl.resolve.jvm.JvmPrimitiveType                   : loaded 3 times (x 79B)
Class com.google.common.base.Verify                                                   : loaded 3 times (x 71B)
Class kotlin.reflect.jvm.internal.KClassImpl                                          : loaded 3 times (x 115B)
Class org.apache.commons.io.IOUtils                                                   : loaded 3 times (x 71B)
Class org.gradle.api.Action                                                           : loaded 3 times (x 70B)
Class kotlin.collections.IntIterator                                                  : loaded 3 times (x 82B)
Class com.google.common.base.CaseFormat$5                                             : loaded 3 times (x 83B)
Class kotlin.jvm.JvmClassMappingKt                                                    : loaded 3 times (x 71B)
Class kotlin.reflect.jvm.internal.KPropertyImpl                                       : loaded 3 times (x 115B)
Class kotlin.annotation.AnnotationTarget                                              : loaded 3 times (x 79B)
Class org.gradle.internal.Cast                                                        : loaded 3 times (x 71B)
Class com.google.common.base.Strings                                                  : loaded 3 times (x 71B)
Class kotlin.reflect.jvm.internal.KClassImpl$Data$descriptor$2                        : loaded 3 times (x 79B)
Class kotlin.reflect.jvm.internal.KDeclarationContainerImpl$Data$moduleData$2         : loaded 3 times (x 79B)
Class com.google.common.collect.MultimapBuilder$SetMultimapBuilder                    : loaded 3 times (x 75B)
Class kotlin.jvm.internal.markers.KMutableIterator                                    : loaded 3 times (x 70B)
Class com.google.common.base.Functions                                                : loaded 3 times (x 71B)
Class kotlin.reflect.jvm.internal.KCallableImpl$_typeParameters$1                     : loaded 3 times (x 79B)
Class com.google.gson.stream.JsonToken                                                : loaded 3 times (x 79B)
Class kotlin.io.FileTreeWalk$WalkState                                                : loaded 3 times (x 73B)
Class kotlin.reflect.jvm.internal.KProperty1Impl$_getter$1                            : loaded 3 times (x 79B)
Class kotlin.reflect.jvm.internal.ReflectProperties$LazySoftVal                       : loaded 3 times (x 78B)
Class kotlin.reflect.jvm.internal.KClassImpl$Data$annotations$2                       : loaded 3 times (x 79B)
Class kotlin.reflect.jvm.internal.impl.builtins.StandardNames                         : loaded 3 times (x 71B)
Class [Lkotlin.reflect.jvm.internal.impl.builtins.PrimitiveType;                      : loaded 3 times (x 69B)
Class kotlin.reflect.jvm.internal.KDeclarationContainerImpl$Data                      : loaded 3 times (x 72B)
Class com.google.common.collect.ImmutableMap$IteratorBasedImmutableMap$1EntrySetImpl  : loaded 3 times (x 154B)
Class com.google.common.collect.LinkedHashMultimap                                    : loaded 3 times (x 175B)
Class com.google.common.collect.Maps$TransformedEntriesMap                            : loaded 3 times (x 127B)
Class com.google.common.collect.AbstractRangeSet                                      : loaded 3 times (x 114B)
Class com.squareup.javapoet.TypeName$1                                                : loaded 3 times (x 109B)
Class com.google.common.cache.CacheBuilder$3                                          : loaded 3 times (x 72B)
Class kotlin.reflect.jvm.internal.impl.builtins.PrimitiveType$Companion               : loaded 3 times (x 71B)
Class kotlin.reflect.jvm.internal.KClassImpl$Data$typeParameters$2                    : loaded 3 times (x 79B)
Class kotlin.reflect.jvm.internal.KClassImpl$Data                                     : loaded 3 times (x 72B)
Class kotlin.reflect.jvm.internal.KClassImpl$Data$nestedClasses$2                     : loaded 3 times (x 79B)
Class com.google.common.collect.AbstractMultimap$Entries                              : loaded 3 times (x 120B)
Class org.gradle.api.GradleException                                                  : loaded 3 times (x 82B)
Class com.squareup.javapoet.TypeName$2                                                : loaded 3 times (x 71B)
Class org.apache.commons.io.filefilter.IOFileFilter                                   : loaded 3 times (x 70B)
Class org.apache.commons.io.StandardLineSeparator                                     : loaded 3 times (x 79B)
Class kotlin.jvm.functions.Function5                                                  : loaded 3 times (x 70B)
Class kotlin.reflect.jvm.internal.impl.name.FqName                                    : loaded 3 times (x 72B)
Class kotlin.jvm.functions.Function6                                                  : loaded 3 times (x 70B)
Class com.google.gson.stream.JsonReader$1                                             : loaded 3 times (x 72B)
Class kotlin.reflect.jvm.internal.KPropertyImpl$_descriptor$1                         : loaded 3 times (x 79B)
Class kotlin.reflect.jvm.internal.KClassifierImpl                                     : loaded 3 times (x 70B)
Class [Lcom.google.common.collect.LinkedHashMultimap$ValueSetLink;                    : loaded 3 times (x 69B)
Class kotlin.reflect.jvm.internal.KTypeParameterOwnerImpl                             : loaded 3 times (x 70B)
Class com.google.common.collect.Maps$AsMapView$1EntrySetImpl                          : loaded 3 times (x 138B)
Class kotlin.jvm.functions.Function7                                                  : loaded 3 times (x 70B)
Class kotlin.reflect.jvm.internal.impl.name.Name                                      : loaded 3 times (x 75B)
Class kotlin.reflect.jvm.internal.KPropertyImpl$Companion                             : loaded 3 times (x 71B)
Class dagger.hilt.processor.internal.optionvalues.GradleProjectType                   : loaded 3 times (x 79B)
Class kotlin.reflect.jvm.internal.KotlinReflectionInternalError                       : loaded 3 times (x 82B)
Class kotlin.reflect.jvm.internal.impl.builtins.jvm.JavaToKotlinClassMap              : loaded 3 times (x 71B)
Class kotlin.io.LinesSequence                                                         : loaded 3 times (x 75B)
Class org.apache.commons.io.output.NullOutputStream                                   : loaded 3 times (x 85B)
Class kotlin.collections.builders.MapBuilder$Companion                                : loaded 3 times (x 71B)
Class com.google.common.collect.Maps$12                                               : loaded 3 times (x 82B)
Class [Lkotlin.annotation.AnnotationRetention;                                        : loaded 3 times (x 69B)
Class kotlin.jvm.functions.Function8                                                  : loaded 3 times (x 70B)
Class kotlin.reflect.jvm.internal.impl.name.FqNameUnsafe                              : loaded 3 times (x 72B)
Class org.gradle.internal.IoActions                                                   : loaded 3 times (x 71B)
Class com.google.common.collect.MultimapBuilder$MultimapBuilderWithKeys$1             : loaded 3 times (x 76B)
Class com.google.common.base.Enums                                                    : loaded 3 times (x 71B)
Class com.google.common.base.VerifyException                                          : loaded 3 times (x 82B)
Class org.apache.commons.io.output.UnsynchronizedByteArrayOutputStream                : loaded 3 times (x 102B)
Class kotlin.collections.builders.ListBuilder$Itr                                     : loaded 3 times (x 94B)
Class kotlin.reflect.jvm.internal.KClassImpl$Data$inheritedStaticMembers$2            : loaded 3 times (x 79B)
Class com.google.common.collect.Maps$13                                               : loaded 3 times (x 85B)
Class kotlin.annotation.MustBeDocumented                                              : loaded 3 times (x 70B)
Class [Lkotlin.reflect.jvm.internal.impl.name.ClassId;                                : loaded 3 times (x 69B)
Class kotlin.jvm.functions.Function10                                                 : loaded 3 times (x 70B)
Class kotlin.jvm.functions.Function9                                                  : loaded 3 times (x 70B)
Class kotlin.reflect.jvm.internal.KClassImpl$Data$allNonStaticMembers$2               : loaded 3 times (x 79B)
Class kotlin.reflect.jvm.internal.EmptyContainerForLocal                              : loaded 3 times (x 84B)
Class com.google.common.collect.ImmutableRangeSet$ComplementRanges                    : loaded 3 times (x 207B)
Class org.apache.commons.io.function.IOFunction                                       : loaded 3 times (x 70B)
Class com.google.common.collect.MultimapBuilder$MultimapBuilderWithKeys$2             : loaded 3 times (x 76B)
Class com.google.common.collect.LinkedHashMultimap$ValueSet                           : loaded 3 times (x 142B)
Class com.google.common.base.CaseFormat                                               : loaded 3 times (x 83B)
Class kotlin.jvm.functions.Function11                                                 : loaded 3 times (x 70B)
Class kotlin.reflect.jvm.internal.KClassImpl$Data$sealedSubclasses$2                  : loaded 3 times (x 79B)
Class kotlin.reflect.jvm.internal.ClassValueCache                                     : loaded 3 times (x 74B)
Class kotlin.io.FileTreeWalk$FileTreeWalkIterator$TopDownDirectoryState               : loaded 3 times (x 74B)
Class com.google.common.collect.MultimapBuilder$MultimapBuilderWithKeys$3             : loaded 3 times (x 76B)
Class [Lkotlin.annotation.AnnotationTarget;                                           : loaded 3 times (x 69B)
Class kotlin.reflect.jvm.internal.impl.name.StandardClassIds                          : loaded 3 times (x 71B)
Class kotlin.reflect.jvm.internal.KPropertyImpl$_javaField$1                          : loaded 3 times (x 79B)
Class kotlin.reflect.jvm.internal.KClassImpl$data$1                                   : loaded 3 times (x 79B)
Class kotlin.jvm.internal.MutablePropertyReference2                                   : loaded 3 times (x 137B)
Class kotlin.reflect.jvm.internal.ReflectProperties$Val                               : loaded 3 times (x 74B)
Class kotlin.reflect.jvm.internal.impl.builtins.PrimitiveType$typeFqName$2            : loaded 3 times (x 79B)
Class kotlin.reflect.jvm.internal.KCallableImpl$_absentArguments$1                    : loaded 3 times (x 79B)
Class kotlin.reflect.jvm.internal.impl.builtins.StandardNames$FqNames                 : loaded 3 times (x 71B)
Class com.google.common.collect.AbstractMapBasedMultimap$Itr                          : loaded 3 times (x 83B)
Class kotlin.collections.builders.ListBuilderKt                                       : loaded 3 times (x 71B)
Class kotlin.jvm.functions.Function12                                                 : loaded 3 times (x 70B)
Class kotlin.text.Charsets                                                            : loaded 3 times (x 71B)
Class com.google.common.collect.ImmutableRangeSet$AsSet                               : loaded 3 times (x 299B)
Class kotlin.collections.builders.MapBuilder                                          : loaded 3 times (x 112B)
Class com.google.common.collect.ImmutableListMultimap$Builder                         : loaded 3 times (x 83B)
Class com.google.common.collect.MultimapBuilder$MultimapBuilderWithKeys$4             : loaded 3 times (x 76B)
Class kotlin.jvm.functions.Function13                                                 : loaded 3 times (x 70B)
Class com.google.gson.stream.MalformedJsonException                                   : loaded 3 times (x 82B)
Class com.google.common.collect.MultimapBuilder$MultimapBuilderWithKeys$5             : loaded 3 times (x 78B)
Class kotlin.reflect.jvm.internal.ReflectionFactoryImpl                               : loaded 3 times (x 91B)
Class kotlin.jvm.functions.Function14                                                 : loaded 3 times (x 70B)
Class com.google.common.collect.MultimapBuilder$MultimapBuilderWithKeys$6             : loaded 3 times (x 76B)
Class com.google.common.collect.FluentIterable$3$1                                    : loaded 3 times (x 98B)
Class kotlin.jvm.functions.Function15                                                 : loaded 3 times (x 70B)
Class kotlin.jvm.internal.MutablePropertyReference1                                   : loaded 3 times (x 137B)
Class org.apache.commons.io.output.ByteArrayOutputStream                              : loaded 3 times (x 102B)
Class kotlin.SafePublicationLazyImpl$Companion                                        : loaded 3 times (x 71B)
Class com.google.gson.stream.JsonReader                                               : loaded 3 times (x 97B)
Class com.google.common.collect.HashMultiset                                          : loaded 3 times (x 163B)
Class com.google.common.collect.HashMultimapGwtSerializationDependencies              : loaded 3 times (x 174B)
Class com.google.common.collect.ImmutableMapEntry$NonTerminalImmutableBiMapEntry      : loaded 3 times (x 85B)
Class kotlin.DeprecationLevel                                                         : loaded 3 times (x 79B)
Class kotlin.collections.builders.ListBuilder$Companion                               : loaded 3 times (x 71B)
Class kotlin.collections.builders.ListBuilder                                         : loaded 3 times (x 207B)
Class kotlin.jvm.functions.Function16                                                 : loaded 3 times (x 70B)
Class ijKotlinCoroutineJvmDebugInit1_3784zohmsulu2pawvpoyy6r2v$_run_closure1$_closure2: loaded 3 times (x 139B)
Class com.google.common.collect.LinkedHashMultimap$1                                  : loaded 3 times (x 83B)
Class kotlin.reflect.jvm.internal.CacheByClassKt                                      : loaded 3 times (x 71B)
Class com.google.common.collect.AbstractMultiset$EntrySet                             : loaded 3 times (x 138B)
Class kotlin.reflect.jvm.internal.KClassImpl$Data$declaredMembers$2                   : loaded 3 times (x 79B)
Class kotlin.io.FileTreeWalk$FileTreeWalkIterator$WhenMappings                        : loaded 3 times (x 71B)
Class kotlin.reflect.jvm.internal.KMutableProperty1Impl                               : loaded 3 times (x 135B)
Class com.google.common.collect.Table                                                 : loaded 3 times (x 70B)
Class kotlin.jvm.functions.Function17                                                 : loaded 3 times (x 70B)
Class com.google.common.collect.RangeGwtSerializationDependencies                     : loaded 3 times (x 71B)
Class kotlin.text.DelimitedRangesSequence$iterator$1                                  : loaded 3 times (x 79B)
Class kotlin.reflect.jvm.internal.impl.name.FqNamesUtilKt                             : loaded 3 times (x 71B)
Class kotlin.reflect.jvm.internal.impl.name.StandardClassIdsKt                        : loaded 3 times (x 71B)
Class kotlin.jvm.functions.Function18                                                 : loaded 3 times (x 70B)
Class com.google.common.collect.Range                                                 : loaded 3 times (x 87B)
Class kotlin.reflect.jvm.internal.CachesKt                                            : loaded 3 times (x 71B)
Class com.google.common.collect.RangeSet                                              : loaded 3 times (x 70B)
Class kotlin.reflect.KMutableProperty$Setter                                          : loaded 3 times (x 70B)
Class kotlin.io.LinesSequence$iterator$1                                              : loaded 3 times (x 79B)
Class kotlin.jvm.functions.Function19                                                 : loaded 3 times (x 70B)
Class kotlin.reflect.jvm.internal.KClassImpl$Data$allStaticMembers$2                  : loaded 3 times (x 79B)
Class com.google.common.collect.ImmutableRangeSet$1                                   : loaded 3 times (x 209B)
Class com.google.common.collect.MultimapBuilder$1                                     : loaded 3 times (x 83B)
Class kotlin.reflect.jvm.internal.CacheByClass                                        : loaded 3 times (x 73B)
Class kotlin.reflect.jvm.internal.impl.utils.CollectionsKt                            : loaded 3 times (x 71B)
Class com.google.common.collect.SortedIterables                                       : loaded 3 times (x 71B)
Class kotlin.streams.jdk8.StreamsKt                                                   : loaded 3 times (x 71B)
Class kotlin.jvm.internal.MutablePropertyReference0                                   : loaded 3 times (x 137B)
Class kotlin.reflect.jvm.internal.KCallableImpl$_annotations$1                        : loaded 3 times (x 79B)
Class kotlin.reflect.jvm.internal.KClassImpl$Data$inheritedNonStaticMembers$2         : loaded 3 times (x 79B)
Class kotlin.reflect.jvm.internal.impl.builtins.CompanionObjectMapping                : loaded 3 times (x 71B)
Class com.google.common.collect.MultimapBuilder$2                                     : loaded 3 times (x 83B)
Class com.google.common.collect.MultimapBuilder$MultimapBuilderWithKeys               : loaded 3 times (x 82B)
Class kotlin.reflect.jvm.internal.KCallableImpl$_parameters$1                         : loaded 3 times (x 79B)
Class com.squareup.javapoet.CodeWriter$Multiset                                       : loaded 3 times (x 72B)
Class kotlin.reflect.jvm.internal.KClassImpl$Data$qualifiedName$2                     : loaded 3 times (x 79B)
Class org.apache.commons.io.output.AppendableWriter                                   : loaded 3 times (x 100B)
Class com.google.common.collect.MultimapBuilder$3                                     : loaded 3 times (x 84B)
Class com.google.common.collect.HashMultimap                                          : loaded 3 times (x 174B)
Class kotlin.reflect.jvm.internal.KClassImpl$Data$simpleName$2                        : loaded 3 times (x 79B)
Class kotlin.reflect.jvm.internal.CachesKt$CACHE_FOR_BASE_CLASSIFIERS$1               : loaded 3 times (x 78B)
Class org.apache.commons.io.output.ThresholdingOutputStream                           : loaded 3 times (x 94B)
Class [Lkotlin.io.FileWalkDirection;                                                  : loaded 3 times (x 69B)
Class com.google.common.collect.MultimapBuilder$4                                     : loaded 3 times (x 84B)
Class kotlin.collections.CollectionsKt___CollectionsKt$withIndex$1                    : loaded 3 times (x 79B)
Class com.google.common.collect.Iterators$SingletonIterator                           : loaded 3 times (x 81B)
Class com.google.common.collect.Multisets$EntrySet                                    : loaded 3 times (x 136B)
Class com.google.common.collect.Iterators$ConcatenatedIterator                        : loaded 3 times (x 82B)
Class kotlin.io.FileTreeWalk                                                          : loaded 3 times (x 75B)
Class kotlin.ranges.IntProgressionIterator                                            : loaded 3 times (x 82B)
Class com.google.common.collect.AbstractTable                                         : loaded 3 times (x 120B)
Class kotlin.reflect.jvm.internal.RuntimeTypeMapper                                   : loaded 3 times (x 71B)
Class com.google.common.collect.Maps$FilteredKeyMap                                   : loaded 3 times (x 128B)
Class org.apache.commons.io.FileExistsException                                       : loaded 3 times (x 82B)
Class kotlin.reflect.jvm.internal.KPackageImpl$data$1                                 : loaded 3 times (x 79B)
Class kotlin.io.TextStreamsKt                                                         : loaded 3 times (x 71B)
Class kotlin.io.FileWalkDirection                                                     : loaded 3 times (x 79B)
Class com.google.common.collect.Lists$RandomAccessReverseList                         : loaded 3 times (x 200B)
Class [Lorg.objectweb.asm.Type;                                                       : loaded 2 times (x 69B)
Class org.gradle.internal.service.ServiceLocator                                      : loaded 2 times (x 70B)
Class android.databinding.tool.ext.XmlResourceReference                               : loaded 2 times (x 72B)
Class com.android.builder.model.v2.ide.TestInfo$Execution                             : loaded 2 times (x 79B)
Class [Lorg.objectweb.asm.Attribute;                                                  : loaded 2 times (x 69B)
Class com.google.common.collect.Maps$FilteredEntryMap$EntrySet$1$1                    : loaded 2 times (x 87B)
Class com.sun.xml.bind.v2.runtime.CompositeStructureBeanInfo                          : loaded 2 times (x 98B)
Class com.sun.xml.bind.v2.runtime.property.ArrayERProperty                            : loaded 2 times (x 104B)
Class com.sun.xml.bind.v2.model.impl.RuntimeBuiltinLeafInfoImpl$2                     : loaded 2 times (x 136B)
Class com.sun.xml.bind.v2.util.QNameMap$Entry                                         : loaded 2 times (x 72B)
Class org.jetbrains.plugins.gradle.model.IntelliJSettings                             : loaded 2 times (x 70B)
Class org.jetbrains.kotlin.idea.gradleTooling.KotlinSourceSetContainer                : loaded 2 times (x 70B)
Class org.jetbrains.kotlin.build.report.metrics.GradleBuildTime                       : loaded 2 times (x 86B)
Class com.google.gson.internal.bind.TypeAdapterRuntimeTypeWrapper                     : loaded 2 times (x 74B)
Class android.databinding.tool.LibTypes$nullable$2                                    : loaded 2 times (x 79B)
Class org.jetbrains.kotlin.utils.CollectionsKt                                        : loaded 2 times (x 71B)
Class dagger.hilt.android.processor.internal.androidentrypoint.AndroidEntryPointProcessingStep: loaded 2 times (x 86B)
Class android.databinding.tool.CompilerArguments$Type                                 : loaded 2 times (x 79B)
Class dagger.spi.internal.shaded.androidx.room.compiler.processing.javac.JavacElement$equalityItems$2: loaded 2 times (x 79B)
Class com.squareup.kotlinpoet.Import                                                  : loaded 2 times (x 75B)
Class dagger.spi.internal.shaded.androidx.room.compiler.codegen.XFileSpec$Companion   : loaded 2 times (x 71B)
Class dagger.internal.codegen.writing.ComponentCreatorImplementation                  : loaded 2 times (x 74B)
Class dagger.spi.internal.shaded.androidx.room.compiler.codegen.kotlin.KotlinTypeSpec : loaded 2 times (x 75B)
Class dagger.internal.codegen.writing.FrameworkInstanceBindingRepresentation$Factory  : loaded 2 times (x 70B)
Class dagger.spi.internal.shaded.kotlin.metadata.internal.metadata.ProtoBuf$Package$1 : loaded 2 times (x 144B)
Class dagger.internal.codegen.binding.FrameworkType                                   : loaded 2 times (x 84B)
Class dagger.internal.codegen.binding.$AutoValue_ComponentBinding$Builder             : loaded 2 times (x 93B)
Class dagger.internal.codegen.validation.DiagnosticReporterFactory$DiagnosticReporterImpl: loaded 2 times (x 76B)
Class dagger.internal.codegen.binding.InjectionBinding                                : loaded 2 times (x 92B)
Class dagger.spi.internal.shaded.kotlin.metadata.internal.extensions.ExtensionNodesKt : loaded 2 times (x 71B)
Class dagger.hilt.processor.internal.definecomponent.DefineComponentClassesMetadata   : loaded 2 times (x 75B)
Class dagger.spi.internal.shaded.kotlin.metadata.internal.FlagImpl                    : loaded 2 times (x 71B)
Class dagger.spi.internal.shaded.kotlin.metadata.internal.protobuf.UninitializedMessageException: loaded 2 times (x 84B)
Class dagger.spi.internal.shaded.kotlin.metadata.internal.protobuf.CodedInputStream   : loaded 2 times (x 72B)
Class dagger.spi.internal.shaded.kotlin.metadata.internal.metadata.jvm.JvmProtoBuf$StringTableTypesOrBuilder: loaded 2 times (x 70B)
Class dagger.spi.internal.shaded.kotlin.metadata.internal.extensions.KmConstructorExtension: loaded 2 times (x 70B)
Class dagger.spi.internal.shaded.kotlin.metadata.Attributes$hasAnnotations$10         : loaded 2 times (x 137B)
Class dagger.spi.internal.shaded.androidx.room.compiler.processing.javac.JavacProcessingEnvMessager$Companion: loaded 2 times (x 71B)
Class dagger.spi.internal.shaded.androidx.room.compiler.processing.javac.JavacBasicAnnotationProcessor: loaded 2 times (x 98B)
Class [Lkotlin.Function;                                                              : loaded 2 times (x 69B)
Class com.android.ide.gradle.model.GradlePropertiesModel                              : loaded 2 times (x 70B)
Class com.amazon.ion.impl.IonWriterSystem                                             : loaded 2 times (x 171B)
Class com.amazon.ion.impl.bin.Symbols$2                                               : loaded 2 times (x 107B)
Class com.amazon.ion.impl.bin._Private_IonManagedWriter                               : loaded 2 times (x 70B)
Class com.google.common.collect.HashBiMap$BiEntry                                     : loaded 2 times (x 83B)
Class com.google.common.collect.ImmutableSortedMap$Builder                            : loaded 2 times (x 90B)
Class org.gradle.tooling.internal.adapter.ProtocolToModelAdapter$SupportedPropertyInvoker: loaded 2 times (x 76B)
Class org.gradle.tooling.model.UnsupportedMethodException                             : loaded 2 times (x 82B)
Class com.google.common.graph.GraphConnections                                        : loaded 2 times (x 70B)
Class com.android.tools.build.jetifier.core.TypeRewriter$Companion                    : loaded 2 times (x 71B)
Class com.google.common.graph.DirectedGraphConnections                                : loaded 2 times (x 83B)
Class com.sun.xml.bind.v2.runtime.Name                                                : loaded 2 times (x 75B)
Class com.sun.xml.bind.v2.model.impl.RuntimeBuiltinLeafInfoImpl$3                     : loaded 2 times (x 136B)
Class com.sun.xml.bind.v2.model.core.BuiltinLeafInfo                                  : loaded 2 times (x 70B)
Class dagger.spi.internal.shaded.androidx.room.compiler.processing.javac.JavacConstructorElement$parameters$2$1$1: loaded 2 times (x 79B)
Class dagger.internal.codegen.validation.MultibindsMethodValidator_Factory            : loaded 2 times (x 82B)
Class dagger.internal.codegen.bindinggraphvalidation.InvalidProductionBindingScopeValidator_Factory: loaded 2 times (x 81B)
Class dagger.internal.codegen.validation.DiagnosticMessageGenerator$Factory           : loaded 2 times (x 72B)
Class dagger.internal.codegen.binding.BindingGraph$TopLevelBindingGraph               : loaded 2 times (x 100B)
Class android.databinding.tool.LibTypes$bindingAdapter$2                              : loaded 2 times (x 79B)
Class dagger.internal.codegen.validation.ComponentCreatorValidator$ElementValidator   : loaded 2 times (x 72B)
Class com.google.common.collect.Lists$Partition                                       : loaded 2 times (x 200B)
Class dagger.internal.codegen.writing.ProviderInstanceSupplier                        : loaded 2 times (x 75B)
Class dagger.internal.codegen.xprocessing.XTypeSpecs$Builder                          : loaded 2 times (x 115B)
Class com.squareup.kotlinpoet.Taggable$Builder                                        : loaded 2 times (x 70B)
Class dagger.internal.codegen.writing.OptionalRequestRepresentation$Factory           : loaded 2 times (x 70B)
Class dagger.internal.codegen.binding.AssistedInjectionAnnotations                    : loaded 2 times (x 71B)
Class dagger.internal.codegen.binding.$AutoValue_MultiboundSetBinding                 : loaded 2 times (x 92B)
Class dagger.internal.codegen.binding.BindingType                                     : loaded 2 times (x 79B)
Class dagger.internal.codegen.binding.ModuleDescriptor                                : loaded 2 times (x 81B)
Class dagger.internal.codegen.validation.ProvidesMethodValidator$Validator            : loaded 2 times (x 80B)
Class dagger.internal.codegen.writing.AnnotationCreatorGenerator                      : loaded 2 times (x 80B)
Class [Ldagger.internal.codegen.model.BindingKind;                                    : loaded 2 times (x 69B)
Class dagger.internal.codegen.binding.MethodSignatureFormatter                        : loaded 2 times (x 86B)
Class androidx.room.compiler.processing.javac.JavacProcessingEnv                      : loaded 2 times (x 115B)
Class com.bumptech.glide.repackaged.com.google.common.collect.RegularImmutableAsList  : loaded 2 times (x 209B)
Class dagger.hilt.processor.internal.root.RootFileFormatter                           : loaded 2 times (x 71B)
Class com.google.common.graph.Traverser$Traversal$1                                   : loaded 2 times (x 74B)
Class dagger.hilt.processor.internal.AggregatedElements                               : loaded 2 times (x 71B)
Class dagger.Lazy                                                                     : loaded 2 times (x 70B)
Class dagger.hilt.processor.internal.kotlin.DaggerKotlinMetadataUtils_MetadataComponent$Builder: loaded 2 times (x 71B)
Class dagger.spi.internal.shaded.kotlin.metadata.jvm.internal.JvmFunctionExtension$Companion: loaded 2 times (x 71B)
Class dagger.spi.internal.shaded.kotlin.metadata.internal.metadata.jvm.deserialization.BitEncoding: loaded 2 times (x 71B)
Class dagger.spi.internal.shaded.kotlin.metadata.internal.metadata.deserialization.BinaryVersion$Companion: loaded 2 times (x 71B)
Class dagger.internal.codegen.model.AutoValue_DaggerExecutableElement                 : loaded 2 times (x 74B)
Class dagger.spi.internal.shaded.androidx.room.compiler.processing.javac.JavacAnnotation$declaredAnnotationValues$2: loaded 2 times (x 79B)
Class dagger.internal.codegen.writing.UnscopedDirectInstanceRequestRepresentationFactory_Factory: loaded 2 times (x 82B)
Class dagger.hilt.processor.internal.HiltCompilerOptions$EnumOption                   : loaded 2 times (x 72B)
Class com.amazon.ion.impl.lite.IonContainerLite                                       : loaded 2 times (x 248B)
Class com.amazon.ion.IonBufferConfiguration$OversizedSymbolTableHandler               : loaded 2 times (x 70B)
Class com.amazon.ion.system.IonWriterBuilder                                          : loaded 2 times (x 74B)
Class org.jetbrains.plugins.gradle.tooling.serialization.ToolingStreamApiUtils        : loaded 2 times (x 71B)
Class com.amazon.ion.facet.Faceted                                                    : loaded 2 times (x 70B)
Class com.google.common.reflect.TypeToken$SimpleTypeToken                             : loaded 2 times (x 73B)
Class com.google.common.io.ByteSource$ByteArrayByteSource                             : loaded 2 times (x 85B)
Class com.google.common.collect.MapMakerInternalMap$AbstractStrongKeyEntry            : loaded 2 times (x 80B)
Class com.android.builder.model.v2.ide.BytecodeTransformation                         : loaded 2 times (x 79B)
Class org.apache.http.client.methods.AbstractExecutionAwareRequest                    : loaded 2 times (x 128B)
Class dagger.spi.internal.shaded.androidx.room.compiler.codegen.java.JavaCodeBlock    : loaded 2 times (x 72B)
Class com.google.gson.stream.JsonWriter                                               : loaded 2 times (x 98B)
Class com.sun.xml.bind.v2.model.runtime.RuntimeAttributePropertyInfo                  : loaded 2 times (x 70B)
Class com.sun.xml.bind.v2.model.impl.RuntimeBuiltinLeafInfoImpl$4                     : loaded 2 times (x 136B)
Class com.sun.xml.bind.v2.runtime.ClassBeanInfoImpl                                   : loaded 2 times (x 92B)
Class com.sun.xml.bind.v2.model.runtime.RuntimeNonElement                             : loaded 2 times (x 70B)
Class com.sun.xml.bind.v2.model.core.ErrorHandler                                     : loaded 2 times (x 70B)
Class javax.xml.bind.Marshaller                                                       : loaded 2 times (x 70B)
Class com.google.gson.internal.Primitives                                             : loaded 2 times (x 71B)
Class android.databinding.tool.util.FileUtil                                          : loaded 2 times (x 71B)
Class com.sun.xml.bind.v2.model.impl.RuntimeBuiltinLeafInfoImpl$1                     : loaded 2 times (x 76B)
Class com.google.gson.internal.bind.MapTypeAdapterFactory$Adapter                     : loaded 2 times (x 74B)
Class com.google.gson.internal.sql.SqlTimeTypeAdapter$1                               : loaded 2 times (x 75B)
Class dagger.spi.internal.shaded.androidx.room.compiler.codegen.java.JavaParameterSpec$Builder: loaded 2 times (x 78B)
Class dagger.internal.codegen.writing.OptionalFactories_Factory                       : loaded 2 times (x 82B)
Class dagger.internal.codegen.writing.AnonymousProviderCreationExpression_Factory_Impl: loaded 2 times (x 75B)
Class dagger.internal.codegen.writing.StaticFactoryInstanceSupplier$Factory           : loaded 2 times (x 70B)
Class dagger.internal.codegen.binding.AutoValue_ComponentNodeImpl                     : loaded 2 times (x 86B)
Class dagger.spi.internal.shaded.kotlin.metadata.KmTypeProjection$Companion           : loaded 2 times (x 71B)
Class dagger.internal.codegen.binding.AutoValue_AssistedFactoryBinding                : loaded 2 times (x 93B)
Class dagger.spi.internal.shaded.com.google.auto.common.MoreTypes$PrimitiveTypeVisitor: loaded 2 times (x 102B)
Class dagger.internal.codegen.binding.$AutoValue_SubcomponentDeclaration              : loaded 2 times (x 78B)
Class com.sun.xml.bind.v2.model.impl.ERPropertyInfoImpl                               : loaded 2 times (x 108B)
Class com.sun.xml.bind.v2.model.impl.ElementPropertyInfoImpl$1                        : loaded 2 times (x 200B)
Class dagger.internal.codegen.validation.ValidationReport$Builder                     : loaded 2 times (x 72B)
Class dagger.spi.model.DaggerProcessingEnv$Backend                                    : loaded 2 times (x 79B)
Class [Ldagger.internal.codegen.base.ComponentCreatorAnnotation;                      : loaded 2 times (x 69B)
Class dagger.internal.codegen.model.DiagnosticReporter                                : loaded 2 times (x 75B)
Class dagger.internal.codegen.validation.InjectValidator$InternalValidator            : loaded 2 times (x 72B)
Class dagger.internal.codegen.bindinggraphvalidation.CompositeBindingGraphPlugin_Factory_Impl: loaded 2 times (x 75B)
Class dagger.internal.codegen.kotlin.KotlinMetadataFactory_Factory$InstanceHolder     : loaded 2 times (x 71B)
Class com.google.common.graph.Traverser$Traversal$2                                   : loaded 2 times (x 74B)
Class dagger.spi.internal.shaded.kotlin.metadata.internal.FlagDelegatesImplKt$valueParameterBooleanFlag$1: loaded 2 times (x 137B)
Class dagger.spi.internal.shaded.kotlin.metadata.internal.metadata.jvm.deserialization.JvmMemberSignature: loaded 2 times (x 74B)
Class dagger.spi.internal.shaded.kotlin.metadata.internal.protobuf.SmallSortedMap$EmptySet: loaded 2 times (x 71B)
Class com.sun.xml.bind.v2.runtime.property.ArrayElementLeafProperty                   : loaded 2 times (x 105B)
Class com.sun.xml.bind.marshaller.NamespacePrefixMapper                               : loaded 2 times (x 75B)
Class dagger.spi.internal.shaded.androidx.room.compiler.processing.XNullability       : loaded 2 times (x 79B)
Class com.amazon.ion.impl.bin.utf8.Poolable                                           : loaded 2 times (x 79B)
Class com.amazon.ion.IonSymbol                                                        : loaded 2 times (x 70B)
Class org.jetbrains.plugins.gradle.tooling.serialization.AnnotationProcessingModelSerializationService$WriteContext: loaded 2 times (x 72B)
Class org.gradle.internal.impldep.gnu.trove.THash                                     : loaded 2 times (x 81B)
Class com.android.builder.model.v2.ide.CodeShrinker                                   : loaded 2 times (x 79B)
Class android.databinding.tool.ext.Collection_extKt                                   : loaded 2 times (x 71B)
Class com.google.common.util.concurrent.AbstractFuture$UnsafeAtomicHelper$1           : loaded 2 times (x 76B)
Class com.android.tools.build.jetifier.core.PackageMap$Companion                      : loaded 2 times (x 71B)
Class com.sun.xml.bind.v2.runtime.unmarshaller.UnmarshallingContext$State             : loaded 2 times (x 72B)
Class com.sun.xml.bind.v2.runtime.unmarshaller.UnmarshallingContext$ExpectedTypeRootLoader: loaded 2 times (x 80B)
Class com.sun.xml.bind.v2.runtime.ElementBeanInfoImpl$1                               : loaded 2 times (x 106B)
Class com.sun.xml.bind.v2.runtime.property.ArrayERProperty$ItemsLoader                : loaded 2 times (x 78B)
Class com.sun.xml.bind.v2.model.impl.GetterSetterPropertySeed                         : loaded 2 times (x 90B)
Class com.sun.xml.bind.v2.model.impl.RuntimeBuiltinLeafInfoImpl$5                     : loaded 2 times (x 136B)
Class com.android.tools.build.jetifier.core.pom.DependencyVersionsMap$Companion       : loaded 2 times (x 71B)
Class com.google.common.reflect.TypeResolver$TypeVariableKey                          : loaded 2 times (x 72B)
Class com.amazon.ion.impl._Private_IonTextWriterBuilder$Mutable                       : loaded 2 times (x 102B)
Class com.amazon.ion.impl.bin.IonRawBinaryWriter$ContainerType                        : loaded 2 times (x 79B)
Class dagger.internal.codegen.xprocessing.XProcessingEnvs                             : loaded 2 times (x 71B)
Class dagger.internal.codegen.writing.PrivateMethodRequestRepresentation              : loaded 2 times (x 78B)
Class dagger.internal.codegen.xprocessing.XTypeSpecs$1                                : loaded 2 times (x 71B)
Class com.squareup.kotlinpoet.OriginatingElements                                     : loaded 2 times (x 75B)
Class dagger.spi.internal.shaded.androidx.room.compiler.codegen.kotlin.KotlinFunSpecKt$WhenMappings: loaded 2 times (x 71B)
Class dagger.internal.codegen.writing.ProvisionBindingRepresentation_Factory          : loaded 2 times (x 72B)
Class dagger.internal.codegen.writing.ProviderInstanceSupplier$Factory                : loaded 2 times (x 70B)
Class dagger.internal.codegen.writing.DependencyMethodProducerCreationExpression_Factory: loaded 2 times (x 72B)
Class dagger.internal.codegen.writing.SwitchingProviderInstanceSupplier_Factory_Impl  : loaded 2 times (x 75B)
Class dagger.internal.codegen.writing.DerivedFromFrameworkInstanceRequestRepresentation_Factory_Impl: loaded 2 times (x 75B)
Class dagger.internal.codegen.writing.MapRequestRepresentation_Factory_Impl           : loaded 2 times (x 75B)
Class dagger.internal.codegen.model.BindingGraph$ChildFactoryMethodEdge               : loaded 2 times (x 70B)
Class dagger.internal.codegen.binding.ComponentNodeImpl                               : loaded 2 times (x 85B)
Class dagger.internal.codegen.model.DependencyRequest$Builder                         : loaded 2 times (x 76B)
Class dagger.internal.codegen.model.Key                                               : loaded 2 times (x 78B)
Class dagger.internal.codegen.validation.ValidationReport                             : loaded 2 times (x 72B)
Class dagger.internal.codegen.componentgenerator.ComponentGenerator                   : loaded 2 times (x 77B)
Class dagger.internal.codegen.DelegateComponentProcessor_SourceFileGeneratorsModule_ModuleConstructorProxyGeneratorFactory: loaded 2 times (x 82B)
Class dagger.internal.codegen.validation.BindingMethodValidator$MethodValidator       : loaded 2 times (x 80B)
Class dagger.internal.codegen.validation.AnyBindingMethodValidator_Factory            : loaded 2 times (x 82B)
Class com.google.common.graph.Traverser$Traversal$3                                   : loaded 2 times (x 82B)
Class com.google.common.graph.DirectedGraphConnections$NodeConnection                 : loaded 2 times (x 72B)
Class dagger.spi.internal.shaded.kotlin.metadata.Attributes$hasAnnotations$14         : loaded 2 times (x 137B)
Class dagger.spi.internal.shaded.kotlin.metadata.internal.extensions.KmFunctionExtension: loaded 2 times (x 70B)
Class dagger.hilt.android.processor.internal.androidentrypoint.AndroidEntryPointMetadata: loaded 2 times (x 91B)
Class dagger.spi.internal.shaded.androidx.room.compiler.processing.XProcessingStep    : loaded 2 times (x 70B)
Class dagger.internal.codegen.extension.DaggerStreams                                 : loaded 2 times (x 71B)
Class dagger.spi.internal.shaded.androidx.room.compiler.processing.XProcessingEnvConfig$Companion: loaded 2 times (x 71B)
Class org.jetbrains.kotlin.idea.gradleTooling.KotlinGradlePluginVersion               : loaded 2 times (x 70B)
Class com.amazon.ion.impl.lite.IonStructLite                                          : loaded 2 times (x 298B)
Class com.amazon.ion.impl._Private_ReaderWriter                                       : loaded 2 times (x 70B)
Class com.amazon.ion.impl.bin.AbstractSymbolTable                                     : loaded 2 times (x 107B)
Class com.amazon.ion.Decimal                                                          : loaded 2 times (x 133B)
Class com.amazon.ion.impl.bin._Private_IonManagedBinaryWriterBuilder$AllocatorMode$1  : loaded 2 times (x 80B)
Class org.jetbrains.plugins.gradle.tooling.serialization.ProjectDependenciesSerializationService$WriteContext: loaded 2 times (x 72B)
Class org.jetbrains.plugins.gradle.tooling.serialization.ProjectDependenciesSerializationService: loaded 2 times (x 77B)
Class com.intellij.compose.ide.plugin.gradleTooling.rt.ComposeResourcesModel          : loaded 2 times (x 70B)
Class dagger.spi.internal.shaded.androidx.room.compiler.processing.javac.JavacAnnotation: loaded 2 times (x 140B)
Class org.apache.http.client.methods.HttpEntityEnclosingRequestBase                   : loaded 2 times (x 153B)
Class com.google.common.util.concurrent.AbstractFuture$Trusted                        : loaded 2 times (x 70B)
Class com.google.common.base.CharMatcher$RangesMatcher                                : loaded 2 times (x 112B)
Class org.gradle.tooling.internal.adapter.CollectionMapper                            : loaded 2 times (x 73B)
Class com.sun.xml.bind.v2.runtime.property.SingleElementNodeProperty                  : loaded 2 times (x 102B)
Class com.sun.xml.bind.api.impl.NameConverter$1                                       : loaded 2 times (x 93B)
Class com.sun.xml.bind.v2.model.impl.RuntimeBuiltinLeafInfoImpl$6                     : loaded 2 times (x 136B)
Class android.databinding.tool.store.ResourceBundle$LayoutFileBundle                  : loaded 2 times (x 103B)
Class com.squareup.kotlinpoet.ClassName$Companion                                     : loaded 2 times (x 71B)
Class com.google.gson.internal.bind.DefaultDateTypeAdapter$DateType                   : loaded 2 times (x 73B)
Class dagger.spi.internal.shaded.androidx.room.compiler.processing.compat.XConverters : loaded 2 times (x 71B)
Class dagger.spi.internal.shaded.androidx.room.compiler.processing.InternalXAnnotationValue$kind$2: loaded 2 times (x 79B)
Class com.intellij.gradle.toolingExtension.impl.initScript.util.GradleJvmForkedDebuggerHelper: loaded 2 times (x 71B)
Class dagger.internal.codegen.writing.AssistedInjectionParameters                     : loaded 2 times (x 71B)
Class dagger.spi.internal.shaded.androidx.room.compiler.codegen.java.JavaTypeSpec     : loaded 2 times (x 75B)
Class dagger.spi.internal.shaded.androidx.room.compiler.codegen.impl.XFunSpecImpl$Builder: loaded 2 times (x 91B)
Class com.google.common.graph.Traverser$Traversal$4                                   : loaded 2 times (x 82B)
Class com.squareup.kotlinpoet.CodeWriterKt                                            : loaded 2 times (x 71B)
Class dagger.internal.codegen.componentgenerator.CurrentImplementationSubcomponent$Builder: loaded 2 times (x 70B)
Class dagger.hilt.processor.internal.ProcessorErrors                                  : loaded 2 times (x 71B)
Class dagger.internal.codegen.binding.ContributionBinding$Builder                     : loaded 2 times (x 78B)
Class dagger.internal.codegen.model.Scope                                             : loaded 2 times (x 72B)
Class dagger.spi.internal.shaded.kotlin.metadata.internal.metadata.ProtoBuf$ValueParameter: loaded 2 times (x 128B)
Class dagger.internal.codegen.binding.MultibindingDeclaration$Factory                 : loaded 2 times (x 72B)
Class dagger.internal.codegen.validation.BindsInstanceMethodValidator                 : loaded 2 times (x 78B)
Class dagger.internal.codegen.processingstep.InjectProcessingStep                     : loaded 2 times (x 86B)
Class dagger.internal.codegen.writing.FactoryGenerator                                : loaded 2 times (x 77B)
Class dagger.internal.codegen.validation.BindingGraphValidator_Factory                : loaded 2 times (x 82B)
Class dagger.internal.codegen.binding.BindingGraphFactory_Factory                     : loaded 2 times (x 82B)
Class dagger.spi.internal.shaded.kotlin.metadata.internal.FlagDelegatesImplKt$typeBooleanFlag$1: loaded 2 times (x 137B)
Class dagger.spi.internal.shaded.kotlin.metadata.internal.metadata.jvm.deserialization.JvmMemberSignature$Field: loaded 2 times (x 75B)
Class dagger.spi.internal.shaded.kotlin.metadata.internal.metadata.ProtoBuf$ClassOrBuilder: loaded 2 times (x 70B)
Class dagger.spi.internal.shaded.kotlin.metadata.internal.protobuf.Parser             : loaded 2 times (x 70B)
Class [Ldagger.spi.internal.shaded.androidx.room.compiler.processing.XFiler$Mode;     : loaded 2 times (x 69B)
Class dagger.spi.internal.shaded.androidx.room.compiler.processing.XFiler$Mode        : loaded 2 times (x 79B)
Class [Lorg.jetbrains.kotlin.build.report.metrics.BuildTime;                          : loaded 2 times (x 69B)
Class com.android.ide.gradle.model.ArtifactIdentifierImpl                             : loaded 2 times (x 77B)
Class org.jetbrains.kotlin.tooling.core.KotlinToolingVersion                          : loaded 2 times (x 75B)
Class com.amazon.ion.impl.lite.IonFloatLite                                           : loaded 2 times (x 186B)
Class com.amazon.ion.impl._Private_IonTextWriterBuilder                               : loaded 2 times (x 102B)
Class com.amazon.ion.impl.bin._Private_IonManagedBinaryWriterBuilder$AllocatorMode$2  : loaded 2 times (x 80B)
Class org.gradle.internal.impldep.gnu.trove.Equality                                  : loaded 2 times (x 70B)
Class com.google.common.io.ByteSink$AsCharSink                                        : loaded 2 times (x 80B)
Class [Lcom.android.builder.model.v2.ide.LibraryType;                                 : loaded 2 times (x 69B)
Class com.android.builder.model.v2.ide.LibraryType                                    : loaded 2 times (x 79B)
Class com.sun.xml.bind.v2.runtime.reflect.PrimitiveArrayListerDouble                  : loaded 2 times (x 76B)
Class com.sun.xml.bind.v2.runtime.unmarshaller.Loader                                 : loaded 2 times (x 77B)
Class com.sun.xml.bind.api.impl.NameConverter$2                                       : loaded 2 times (x 93B)
Class com.sun.xml.bind.v2.model.impl.RuntimeBuiltinLeafInfoImpl$7                     : loaded 2 times (x 136B)
Class com.sun.xml.bind.v2.model.runtime.RuntimeClassInfo                              : loaded 2 times (x 70B)
Class dagger.spi.internal.shaded.kotlin.metadata.internal.metadata.deserialization.ProtoBufUtilKt: loaded 2 times (x 71B)
Class com.google.gson.internal.bind.ReflectiveTypeAdapterFactory$1                    : loaded 2 times (x 79B)
Class android.databinding.tool.LibTypes                                               : loaded 2 times (x 72B)
Class com.squareup.kotlinpoet.FileSpec$Builder                                        : loaded 2 times (x 87B)
Class [Ldagger.spi.internal.shaded.androidx.room.compiler.codegen.XTypeSpec$Builder;  : loaded 2 times (x 69B)
Class dagger.internal.codegen.writing.ProducerNodeInstanceRequestRepresentation_Factory: loaded 2 times (x 72B)
Class dagger.spi.model.$AutoValue_Key$Builder                                         : loaded 2 times (x 78B)
Class dagger.internal.codegen.validation.AutoValue_SpiModelBindingGraphConverter_ComponentNodeImpl: loaded 2 times (x 88B)
Class com.google.common.graph.StandardMutableNetwork                                  : loaded 2 times (x 174B)
Class dagger.internal.codegen.binding.ProvisionBinding$Builder                        : loaded 2 times (x 80B)
Class dagger.internal.codegen.binding.AutoValue_ComponentRequirement                  : loaded 2 times (x 84B)
Class dagger.internal.codegen.validation.ComponentValidator$ElementValidator          : loaded 2 times (x 73B)
Class dagger.internal.codegen.binding.$AutoValue_DelegateBinding                      : loaded 2 times (x 94B)
Class dagger.internal.codegen.base.SourceFileHjarGenerator                            : loaded 2 times (x 77B)
Class dagger.internal.codegen.validation.ComponentHierarchyValidator_Factory          : loaded 2 times (x 82B)
Class dagger.internal.codegen.binding.BindingGraphFactory                             : loaded 2 times (x 72B)
Class dagger.internal.codegen.writing.MembersInjectorGenerator                        : loaded 2 times (x 77B)
Class com.google.common.collect.ImmutableMap$MapViewOfValuesAsSingletonSets$1         : loaded 2 times (x 82B)
Class dagger.internal.codegen.base.ClearableCache                                     : loaded 2 times (x 70B)
Class dagger.internal.codegen.binding.MonitoringModules_Factory$InstanceHolder        : loaded 2 times (x 71B)
Class dagger.internal.codegen.base.DaggerSuperficialValidation_Factory                : loaded 2 times (x 82B)
Class com.bumptech.glide.repackaged.com.google.common.collect.ImmutableAsList         : loaded 2 times (x 207B)
Class com.google.common.graph.DirectedGraphConnections$NodeConnection$Succ            : loaded 2 times (x 72B)
Class com.google.common.graph.AbstractBaseGraph                                       : loaded 2 times (x 114B)
Class dagger.hilt.processor.internal.kotlin.KotlinMetadataUtils                       : loaded 2 times (x 71B)
Class dagger.spi.internal.shaded.kotlin.metadata.internal.protobuf.InvalidProtocolBufferException: loaded 2 times (x 84B)
Class dagger.spi.internal.shaded.androidx.room.compiler.processing.javac.JavacExecutableElement$Companion: loaded 2 times (x 71B)
Class dagger.spi.internal.shaded.androidx.room.compiler.processing.XAnnotationValue   : loaded 2 times (x 70B)
Class dagger.spi.internal.shaded.androidx.room.compiler.processing.javac.JavacType$superTypes$2: loaded 2 times (x 79B)
Class dagger.hilt.processor.internal.definecomponent.DefineComponents                 : loaded 2 times (x 72B)
Class dagger.spi.internal.shaded.androidx.room.compiler.processing.javac.JavacTypeElement$type$2: loaded 2 times (x 79B)
Class dagger.spi.internal.shaded.androidx.room.compiler.processing.javac.JavacTypeElement$_declaredFields$2: loaded 2 times (x 79B)
Class org.jetbrains.org.objectweb.asm.ClassTooLargeException                          : loaded 2 times (x 83B)
Class org.jetbrains.plugins.gradle.ExternalDependencyId                               : loaded 2 times (x 70B)
Class com.amazon.ion.impl._Private_RecyclingStack                                     : loaded 2 times (x 79B)
Class com.amazon.ion.impl._Private_IonReaderBuilder                                   : loaded 2 times (x 95B)
Class com.amazon.ion.IonMutableCatalog                                                : loaded 2 times (x 70B)
Class com.intellij.gradle.toolingExtension.impl.model.buildScriptClasspathModel.GradleBuildScriptClasspathSerializationService$WriteContext: loaded 2 times (x 72B)
Class com.google.common.collect.ImmutableSortedSetFauxverideShim                      : loaded 2 times (x 147B)
Class com.google.common.base.CharMatcher$JavaLetterOrDigit                            : loaded 2 times (x 111B)
Class settings_conky7v08ynjg5aq0k2thxoxe$_run_closure1                                : loaded 2 times (x 139B)
Class org.gradle.tooling.internal.adapter.ProtocolToModelAdapter                      : loaded 2 times (x 80B)
Class org.gradle.internal.InternalTransformer                                         : loaded 2 times (x 70B)
Class com.sun.istack.FinalArrayList                                                   : loaded 2 times (x 209B)
Class com.sun.xml.bind.v2.model.impl.RuntimeBuiltinLeafInfoImpl$8                     : loaded 2 times (x 136B)
Class com.sun.xml.bind.api.ErrorListener                                              : loaded 2 times (x 70B)
Class org.apache.commons.io.filefilter.OrFileFilter                                   : loaded 2 times (x 127B)
Class org.apache.commons.io.function.Uncheck                                          : loaded 2 times (x 71B)
Class com.google.common.graph.AbstractBaseGraph$1                                     : loaded 2 times (x 137B)
Class com.bumptech.glide.annotation.compiler.RequestBuilderGenerator                  : loaded 2 times (x 72B)
Class dagger.internal.codegen.bindinggraphvalidation.CompositeBindingGraphPlugin$Factory: loaded 2 times (x 70B)
Class dagger.spi.internal.shaded.androidx.room.compiler.codegen.XTypeSpec$Companion   : loaded 2 times (x 71B)
Class dagger.spi.internal.shaded.androidx.room.compiler.codegen.XFunSpec$Builder$Companion: loaded 2 times (x 71B)
Class dagger.spi.internal.shaded.androidx.room.compiler.codegen.impl.XCodeBlockImpl$Builder: loaded 2 times (x 88B)
Class dagger.internal.codegen.writing.ProvisionBindingRepresentation_Factory_Impl     : loaded 2 times (x 75B)
Class dagger.internal.codegen.writing.MembersInjectorProviderCreationExpression_Factory_Impl: loaded 2 times (x 75B)
Class dagger.internal.codegen.writing.SubcomponentCreatorRequestRepresentation$Factory: loaded 2 times (x 70B)
Class dagger.internal.codegen.binding.MethodSignatureFormatter$1                      : loaded 2 times (x 87B)
Class dagger.spi.internal.shaded.androidx.room.compiler.processing.javac.kotlin.KmConstructorContainer$parameters$2: loaded 2 times (x 79B)
Class dagger.internal.codegen.binding.KeyFactory$1                                    : loaded 2 times (x 71B)
Class dagger.internal.codegen.binding.ErrorMessages$FactoryMessages                   : loaded 2 times (x 81B)
Class dagger.internal.codegen.writing.ModuleProxies_ModuleConstructorProxyGenerator_Factory: loaded 2 times (x 82B)
Class com.google.gson.GsonBuilder                                                     : loaded 2 times (x 72B)
Class dagger.internal.codegen.processingstep.AssistedFactoryProcessingStep_Factory    : loaded 2 times (x 82B)
Class dagger.internal.codegen.validation.ComponentCreatorValidator_Factory            : loaded 2 times (x 82B)
Class dagger.internal.codegen.binding.MonitoringModules_Factory                       : loaded 2 times (x 81B)
Class dagger.internal.codegen.binding.InjectionAnnotations_Factory                    : loaded 2 times (x 82B)
Class androidx.room.processor.Context$Companion                                       : loaded 2 times (x 71B)
Class com.bumptech.glide.annotation.compiler.ExtensionProcessor                       : loaded 2 times (x 72B)
Class com.google.gson.internal.bind.DefaultDateTypeAdapter                            : loaded 2 times (x 74B)
Class dagger.hilt.processor.internal.definecomponent.AutoValue_DefineComponentMetadatas_DefineComponentMetadata: loaded 2 times (x 76B)
Class com.sun.xml.bind.v2.model.annotation.LocatableAnnotation                        : loaded 2 times (x 85B)
Class dagger.internal.Factory                                                         : loaded 2 times (x 70B)
Class dagger.spi.internal.shaded.kotlin.metadata.internal.EnumFlagDelegate            : loaded 2 times (x 72B)
Class [Ldagger.spi.internal.shaded.kotlin.metadata.internal.metadata.ProtoBuf$Class$Kind;: loaded 2 times (x 69B)
Class dagger.spi.internal.shaded.kotlin.metadata.jvm.JvmMethodSignature               : loaded 2 times (x 74B)
Class dagger.spi.internal.shaded.kotlin.metadata.internal.protobuf.ByteString         : loaded 2 times (x 108B)
Class dagger.spi.internal.shaded.com.google.auto.common.GeneratedAnnotations          : loaded 2 times (x 71B)
Class android.databinding.tool.store.ResourceBundle$NameTypeLocation                  : loaded 2 times (x 72B)
Class com.squareup.kotlinpoet.Annotatable                                             : loaded 2 times (x 70B)
Class org.gradle.internal.impldep.gnu.trove.TObjectCanonicalHashingStrategy           : loaded 2 times (x 80B)
Class com.android.builder.model.v2.ide.AndroidGradlePluginProjectFlags$BooleanFlag    : loaded 2 times (x 79B)
Class org.apache.http.client.methods.HttpRequestBase                                  : loaded 2 times (x 145B)
Class org.objectweb.asm.ClassWriter                                                   : loaded 2 times (x 106B)
Class kotlin.collections.ArraysKt___ArraysKt$asSequence$$inlined$Sequence$1           : loaded 2 times (x 75B)
Class org.gradle.internal.time.DefaultTimer                                           : loaded 2 times (x 80B)
Class org.gradle.internal.classloader.ClasspathUtil$1                                 : loaded 2 times (x 76B)
Class com.sun.xml.bind.v2.runtime.property.AttributeProperty                          : loaded 2 times (x 105B)
Class com.sun.xml.bind.CycleRecoverable$Context                                       : loaded 2 times (x 70B)
Class com.sun.xml.bind.v2.model.annotation.XmlSchemaTypeQuick                         : loaded 2 times (x 93B)
Class com.sun.xml.bind.v2.model.impl.RuntimeBuiltinLeafInfoImpl$10                    : loaded 2 times (x 136B)
Class com.sun.xml.bind.v2.model.impl.RuntimeBuiltinLeafInfoImpl$9                     : loaded 2 times (x 136B)
Class com.sun.xml.bind.v2.runtime.BridgeImpl                                          : loaded 2 times (x 87B)
Class com.sun.xml.bind.v2.runtime.reflect.NullSafeAccessor                            : loaded 2 times (x 85B)
Class com.sun.xml.bind.v2.runtime.reflect.PrimitiveArrayListerShort                   : loaded 2 times (x 76B)
Class com.google.gson.ToNumberStrategy                                                : loaded 2 times (x 70B)
Class com.google.gson.TypeAdapter                                                     : loaded 2 times (x 73B)
Class com.android.tools.build.jetifier.core.utils.LogConsumer                         : loaded 2 times (x 70B)
Class ijKotlinCoroutineJvmDebugInit1_3784zohmsulu2pawvpoyy6r2v$_run_closure1$_closure3: loaded 2 times (x 139B)
Class dagger.internal.codegen.xprocessing.XFunSpecs                                   : loaded 2 times (x 71B)
Class dagger.internal.codegen.xprocessing.XPropertySpecs                              : loaded 2 times (x 71B)
Class dagger.internal.codegen.writing.ComponentRequirementRequestRepresentation$Factory: loaded 2 times (x 72B)
Class dagger.internal.codegen.writing.MembersInjectionBindingRepresentation_Factory_Impl: loaded 2 times (x 75B)
Class dagger.internal.codegen.validation.$AutoValue_SpiModelBindingGraphConverter_BindingGraphImpl: loaded 2 times (x 97B)
Class com.google.common.reflect.Types$ParameterizedTypeImpl                           : loaded 2 times (x 81B)
Class com.amazon.ion.IonValue                                                         : loaded 2 times (x 70B)
Class dagger.spi.internal.shaded.androidx.room.compiler.processing.XTypeVariableType  : loaded 2 times (x 70B)
Class dagger.spi.internal.shaded.androidx.room.compiler.processing.XConstructorType   : loaded 2 times (x 70B)
Class dagger.internal.codegen.model.AutoValue_DependencyRequest                       : loaded 2 times (x 76B)
Class [Lorg.jetbrains.org.objectweb.asm.SymbolTable$Entry;                            : loaded 2 times (x 69B)
Class [[Ldagger.internal.codegen.compileroption.ProcessingEnvironmentCompilerOptions$CommandLineOption;: loaded 2 times (x 69B)
Class dagger.internal.codegen.processingstep.BindingMethodProcessingStep              : loaded 2 times (x 86B)
Class androidx.room.util.SimpleJavaVersion$compareTo$$inlined$compareBy$1             : loaded 2 times (x 89B)
Class [Landroidx.room.compiler.processing.XProcessingEnv$Backend;                     : loaded 2 times (x 69B)
Class dagger.spi.internal.shaded.androidx.room.compiler.processing.javac.JavacConstructorElement$executableType$2: loaded 2 times (x 79B)
Class com.google.common.graph.DirectedGraphConnections$3$1                            : loaded 2 times (x 82B)
Class kotlin.text.StringsKt__StringsKt$rangesDelimitedBy$2                            : loaded 2 times (x 79B)
Class dagger.spi.internal.shaded.kotlin.metadata.Attributes$hasAnnotations$18         : loaded 2 times (x 137B)
Class dagger.spi.internal.shaded.kotlin.metadata.internal.protobuf.AbstractMessageLite$Builder: loaded 2 times (x 122B)
Class dagger.spi.internal.shaded.androidx.room.compiler.processing.javac.JavacBasicAnnotationProcessor$steps$2: loaded 2 times (x 79B)
Class dagger.spi.internal.shaded.androidx.room.compiler.processing.XFiler             : loaded 2 times (x 70B)
Class dagger.spi.internal.shaded.androidx.room.compiler.processing.InternalXAnnotation$valuesByName$2: loaded 2 times (x 79B)
Class dagger.hilt.processor.internal.aliasof.AliasOfProcessor                         : loaded 2 times (x 100B)
Class com.amazon.ion.impl.bin.PooledBlockAllocatorProvider$PooledBlockAllocator$1     : loaded 2 times (x 79B)
Class com.amazon.ion.impl.lite.IonStringLite                                          : loaded 2 times (x 212B)
Class org.objectweb.asm.FieldVisitor                                                  : loaded 2 times (x 77B)
Class org.gradle.tooling.internal.adapter.ProtocolToModelAdapter$ViewKey              : loaded 2 times (x 72B)
Class org.gradle.api.internal.classpath.DefaultModuleRegistry$DefaultModule           : loaded 2 times (x 86B)
Class [Lcom.sun.xml.bind.v2.runtime.unmarshaller.Scope;                               : loaded 2 times (x 69B)
Class com.sun.xml.bind.v2.model.impl.RuntimeBuiltinLeafInfoImpl$11                    : loaded 2 times (x 136B)
Class com.sun.xml.bind.v2.model.runtime.RuntimeEnumLeafInfo                           : loaded 2 times (x 70B)
Class com.sun.xml.bind.v2.model.core.ElementInfo                                      : loaded 2 times (x 70B)
Class dagger.hilt.processor.internal.root.ir.InvalidRootsException                    : loaded 2 times (x 82B)
Class android.databinding.tool.store.GenClassInfoLog$GenClassImpl$Companion           : loaded 2 times (x 71B)
Class dagger.spi.internal.shaded.androidx.room.compiler.processing.XTypeElement       : loaded 2 times (x 70B)
Class dagger.spi.internal.shaded.androidx.room.compiler.codegen.XCodeBlock$Companion$ofCast$1: loaded 2 times (x 79B)
Class [Ldagger.spi.internal.shaded.androidx.room.compiler.codegen.XAnnotationSpec$Builder;: loaded 2 times (x 69B)
Class com.squareup.kotlinpoet.TypeSpec                                                : loaded 2 times (x 89B)
Class dagger.spi.internal.shaded.androidx.room.compiler.codegen.java.JavaFunSpec$Builder: loaded 2 times (x 91B)
Class com.squareup.kotlinpoet.OriginatingElementsHolderKt                             : loaded 2 times (x 71B)
Class dagger.spi.model.Key$Builder                                                    : loaded 2 times (x 76B)
Class dagger.internal.codegen.xprocessing.XElements                                   : loaded 2 times (x 71B)
Class dagger.spi.internal.shaded.kotlin.metadata.internal.metadata.ProtoBuf$Visibility$1: loaded 2 times (x 74B)
Class dagger.spi.internal.shaded.androidx.room.compiler.processing.util.MemoizedSequence$CachedIterator: loaded 2 times (x 79B)
Class dagger.spi.internal.shaded.androidx.room.compiler.processing.javac.JavacConstructorElement$parameters$2: loaded 2 times (x 79B)
Class dagger.internal.codegen.binding.InjectionSiteFactory$InjectionSiteVisitor       : loaded 2 times (x 72B)
Class dagger.internal.codegen.model.BindingGraph$MaybeBinding                         : loaded 2 times (x 70B)
Class dagger.internal.codegen.validation.BindsOptionalOfMethodValidator$Validator     : loaded 2 times (x 80B)
Class dagger.internal.codegen.ServiceLoaders                                          : loaded 2 times (x 71B)
Class com.google.common.graph.DirectedGraphConnections$3$2                            : loaded 2 times (x 82B)
Class com.google.common.graph.StandardMutableValueGraph                               : loaded 2 times (x 174B)
Class com.google.common.graph.Graph                                                   : loaded 2 times (x 70B)
Class dagger.hilt.android.processor.internal.androidentrypoint.AndroidEntryPointMetadata$AndroidType: loaded 2 times (x 79B)
Class dagger.spi.internal.shaded.kotlin.metadata.Attributes$hasAnnotations$2          : loaded 2 times (x 137B)
Class dagger.spi.internal.shaded.kotlin.metadata.internal.metadata.ProtoBuf$Visibility: loaded 2 times (x 82B)
Class dagger.spi.internal.shaded.kotlin.metadata.jvm.KotlinClassMetadata$Class        : loaded 2 times (x 77B)
Class dagger.internal.codegen.binding.BindingNode_Factory_Factory                     : loaded 2 times (x 82B)
Class dagger.internal.codegen.binding.KeyFactory                                      : loaded 2 times (x 72B)
Class org.jetbrains.kotlin.name.ClassId                                               : loaded 2 times (x 72B)
Class com.amazon.ion.impl.bin.Block                                                   : loaded 2 times (x 79B)
Class com.google.common.reflect.Reflection                                            : loaded 2 times (x 71B)
Class com.android.ide.common.repository.AgpVersion                                    : loaded 2 times (x 75B)
Class com.android.builder.model.v2.CustomSourceDirectory                              : loaded 2 times (x 70B)
Class org.gradle.tooling.internal.adapter.ProtocolToModelAdapter$PropertyCachingMethodInvoker: loaded 2 times (x 76B)
Class dagger.spi.internal.shaded.androidx.room.compiler.processing.javac.kotlin.KmPropertyFunctionContainerImpl: loaded 2 times (x 109B)
Class dagger.internal.codegen.binding.ErrorMessages$1                                 : loaded 2 times (x 71B)
Class com.android.tools.build.jetifier.core.config.Config$JsonData                    : loaded 2 times (x 72B)
Class com.android.tools.build.jetifier.core.type.JavaType$Companion                   : loaded 2 times (x 71B)
Class com.sun.xml.bind.v2.runtime.property.ArrayElementProperty                       : loaded 2 times (x 105B)
Class com.sun.xml.bind.api.impl.NameUtil                                              : loaded 2 times (x 80B)
Class com.sun.xml.bind.v2.util.ByteArrayOutputStreamEx                                : loaded 2 times (x 94B)
Class com.sun.xml.bind.v2.model.impl.RuntimeBuiltinLeafInfoImpl$12                    : loaded 2 times (x 136B)
Class com.sun.xml.bind.v2.model.impl.RuntimeBuiltinLeafInfoImpl$PcdataImpl            : loaded 2 times (x 134B)
Class com.sun.xml.bind.v2.model.impl.ElementInfoImpl                                  : loaded 2 times (x 109B)
Class com.sun.xml.bind.v2.model.annotation.AbstractInlineAnnotationReaderImpl         : loaded 2 times (x 104B)
Class org.apache.commons.io.file.CountingPathVisitor                                  : loaded 2 times (x 91B)
Class dagger.spi.internal.shaded.kotlin.metadata.KmClassifier$TypeParameter           : loaded 2 times (x 71B)
Class android.databinding.tool.processing.scopes.LocationScopeProvider                : loaded 2 times (x 70B)
Class dagger.internal.codegen.writing.MembersInjectionBindingRepresentation$Factory   : loaded 2 times (x 70B)
Class dagger.internal.codegen.writing.ComponentProvisionRequestRepresentation$Factory : loaded 2 times (x 70B)
Class com.google.gson.internal.bind.DateTypeAdapter                                   : loaded 2 times (x 74B)
Class dagger.spi.internal.shaded.androidx.room.compiler.codegen.java.JavaFunSpec      : loaded 2 times (x 75B)
Class dagger.internal.codegen.writing.InjectionMethods$InjectionSiteMethod            : loaded 2 times (x 71B)
Class dagger.internal.codegen.writing.ProducerFromProviderCreationExpression_Factory$InstanceHolder: loaded 2 times (x 71B)
Class dagger.internal.codegen.validation.AutoValue_SpiModelBindingGraphConverter_DaggerAnnotationImpl: loaded 2 times (x 77B)
Class dagger.spi.internal.shaded.androidx.room.compiler.codegen.java.JavaAnnotationSpec: loaded 2 times (x 72B)
Class com.google.common.base.Predicates$InPredicate                                   : loaded 2 times (x 88B)
Class com.google.common.collect.FilteredKeySetMultimap$EntrySet                       : loaded 2 times (x 149B)
Class dagger.internal.codegen.validation.BindingMethodValidator$Abstractness          : loaded 2 times (x 79B)
Class dagger.internal.codegen.ProcessingEnvironmentModule_MessagerFactory             : loaded 2 times (x 82B)
Class dagger.spi.internal.shaded.androidx.room.compiler.processing.javac.JavacMethodParameter$jvmName$2: loaded 2 times (x 79B)
Class [Ldagger.spi.internal.shaded.kotlin.metadata.internal.metadata.ProtoBuf$Modality;: loaded 2 times (x 69B)
Class dagger.internal.codegen.writing.ComponentMethodRequestRepresentation            : loaded 2 times (x 78B)
Class android.databinding.tool.util.L                                                 : loaded 2 times (x 71B)
Class org.apache.commons.io.filefilter.AbstractFileFilter                             : loaded 2 times (x 116B)
Class dagger.spi.internal.shaded.androidx.room.compiler.processing.javac.JavacTypeElement$packageElement$2: loaded 2 times (x 79B)
Class dagger.spi.internal.shaded.androidx.room.compiler.processing.CommonProcessorDelegate$processRound$currentElementsDeferredByStep$1$previousRoundDeferredElementsByAnnotation$1: loaded 2 times (x 78B)
Class com.sun.xml.bind.v2.model.core.ArrayInfo                                        : loaded 2 times (x 70B)
Class dagger.hilt.processor.internal.aggregateddeps.AggregatedDepsProcessor           : loaded 2 times (x 100B)
Class dagger.hilt.processor.internal.BaseProcessingStep                               : loaded 2 times (x 86B)
Class org.jetbrains.org.objectweb.asm.FieldVisitor                                    : loaded 2 times (x 76B)
Class org.jetbrains.plugins.gradle.model.ExternalTask                                 : loaded 2 times (x 70B)
Class com.amazon.ion.impl.bin.utf8.Utf8StringEncoderPool$1                            : loaded 2 times (x 76B)
Class com.amazon.ion.impl.lite.IonLoaderLite                                          : loaded 2 times (x 82B)
Class com.amazon.ion.impl.lite.IonContext                                             : loaded 2 times (x 70B)
Class com.amazon.ion.impl.IonWriterSystemText                                         : loaded 2 times (x 190B)
Class [Lcom.amazon.ion.impl.bin.IonManagedBinaryWriter$ImportedSymbolResolverMode;    : loaded 2 times (x 69B)
Class com.amazon.ion.ValueFactory                                                     : loaded 2 times (x 70B)
Class com.android.builder.model.v2.models.ProjectSyncIssues                           : loaded 2 times (x 70B)
Class org.gradle.internal.time.DefaultCountdownTimer                                  : loaded 2 times (x 88B)
Class com.sun.xml.bind.v2.runtime.unmarshaller.ProxyLoader                            : loaded 2 times (x 78B)
Class com.sun.xml.bind.v2.runtime.output.C14nXmlOutput                                : loaded 2 times (x 101B)
Class com.sun.xml.bind.v2.runtime.MarshallerImpl$1                                    : loaded 2 times (x 152B)
Class com.sun.xml.bind.v2.runtime.unmarshaller.LeafPropertyXsiLoader                  : loaded 2 times (x 78B)
Class com.sun.xml.bind.v2.runtime.property.ArrayReferenceNodeProperty                 : loaded 2 times (x 104B)
Class [Lcom.sun.xml.bind.v2.runtime.property.AttributeProperty;                       : loaded 2 times (x 69B)
Class javax.xml.bind.annotation.XmlElements                                           : loaded 2 times (x 70B)
Class com.sun.xml.bind.v2.model.impl.ClassInfoImpl$ConflictException                  : loaded 2 times (x 82B)
Class com.sun.xml.bind.v2.model.annotation.XmlElementQuick                            : loaded 2 times (x 96B)
Class com.sun.xml.bind.v2.model.impl.RuntimeBuiltinLeafInfoImpl$13                    : loaded 2 times (x 137B)
Class com.sun.xml.bind.v2.model.impl.ModelBuilderI                                    : loaded 2 times (x 70B)
Class com.sun.xml.bind.v2.runtime.LeafBeanInfoImpl                                    : loaded 2 times (x 89B)
Class com.sun.xml.bind.v2.util.XmlFactory                                             : loaded 2 times (x 71B)
Class org.gradle.internal.classpath.TransformedClassPath                              : loaded 2 times (x 96B)
Class com.google.gson.internal.ObjectConstructor                                      : loaded 2 times (x 70B)
Class androidx.databinding.InverseBindingMethods                                      : loaded 2 times (x 70B)
Class android.databinding.tool.util.LoggedErrorException                              : loaded 2 times (x 82B)
Class org.objectweb.asm.FieldWriter                                                   : loaded 2 times (x 78B)
Class dagger.internal.codegen.xprocessing.XExpression                                 : loaded 2 times (x 72B)
Class dagger.internal.codegen.binding.DependencyEdgeImpl                              : loaded 2 times (x 76B)
Class dagger.spi.internal.shaded.kotlin.metadata.internal.metadata.ProtoBuf$Type$Argument$Projection: loaded 2 times (x 82B)
Class dagger.internal.codegen.binding.$AutoValue_MultiboundMapBinding$Builder         : loaded 2 times (x 97B)
Class com.google.common.collect.FilteredMultimap                                      : loaded 2 times (x 70B)
Class dagger.internal.codegen.validation.ComponentDescriptorValidator$ComponentValidation: loaded 2 times (x 72B)
Class dagger.spi.internal.shaded.androidx.room.compiler.processing.javac.JavacMethodType$typeVariableNames$2: loaded 2 times (x 79B)
Class dagger.internal.codegen.binding.$AutoValue_DelegateDeclaration                  : loaded 2 times (x 83B)
Class dagger.internal.codegen.bindinggraphvalidation.MapMultibindingValidator_Factory : loaded 2 times (x 82B)
Class com.google.common.collect.ImmutableSetMultimap$Builder                          : loaded 2 times (x 83B)
Class dagger.internal.codegen.xprocessing.XTypes$1                                    : loaded 2 times (x 71B)
Class dagger.spi.internal.shaded.kotlin.metadata.Attributes$kind$2                    : loaded 2 times (x 137B)
Class dagger.spi.internal.shaded.kotlin.metadata.internal.metadata.ProtoBuf$Package   : loaded 2 times (x 129B)
Class dagger.spi.internal.shaded.androidx.room.compiler.processing.XArrayType         : loaded 2 times (x 70B)
Class dagger.spi.internal.shaded.androidx.room.compiler.processing.InternalXAnnotationValue: loaded 2 times (x 155B)
Class org.apache.http.HttpMessage                                                     : loaded 2 times (x 70B)
Class com.google.common.collect.MapMaker$Dummy                                        : loaded 2 times (x 79B)
Class com.squareup.kotlinpoet.Dynamic                                                 : loaded 2 times (x 86B)
Class com.google.common.reflect.Invokable                                             : loaded 2 times (x 103B)
Class androidx.room.compiler.processing.XProcessingEnvConfig$Builder                  : loaded 2 times (x 72B)
Class com.amazon.ion.impl._Private_IonReaderBuilder$TwoElementSequenceInputStream     : loaded 2 times (x 92B)
Class com.amazon.ion.impl.bin.IonManagedBinaryWriter$SymbolResolver                   : loaded 2 times (x 70B)
Class com.amazon.ion.impl._Private_SymbolToken                                        : loaded 2 times (x 70B)
Class com.amazon.ion.impl.bin._Private_IonManagedBinaryWriterBuilder$AllocatorMode    : loaded 2 times (x 80B)
Class org.jetbrains.plugins.gradle.tooling.util.ObjectCollector                       : loaded 2 times (x 72B)
Class org.jetbrains.plugins.gradle.model.GradleTaskModel                              : loaded 2 times (x 70B)
Class org.gradle.tooling.internal.adapter.ProtocolToModelAdapter$AdaptingMethodInvoker: loaded 2 times (x 76B)
Class org.gradle.tooling.internal.gradle.DefaultBuildIdentifier                       : loaded 2 times (x 79B)
Class org.gradle.api.internal.classpath.Module                                        : loaded 2 times (x 70B)
Class org.jetbrains.plugins.gradle.model.ExternalLibraryDependency                    : loaded 2 times (x 70B)
Class com.android.tools.build.jetifier.core.rule.RewriteRule$Companion                : loaded 2 times (x 71B)
Class com.android.tools.build.jetifier.core.rule.RewriteRule                          : loaded 2 times (x 72B)
Class dagger.spi.internal.shaded.androidx.room.compiler.processing.javac.JavacBasicAnnotationProcessor$commonDelegate$2: loaded 2 times (x 79B)
Class com.sun.xml.bind.v2.runtime.reflect.AdaptedLister                               : loaded 2 times (x 77B)
Class com.sun.xml.bind.v2.model.nav.ReflectionNavigator$10                            : loaded 2 times (x 77B)
Class com.sun.xml.bind.v2.model.impl.RuntimeBuiltinLeafInfoImpl$UUIDImpl              : loaded 2 times (x 136B)
Class com.sun.xml.bind.v2.model.impl.RuntimeBuiltinLeafInfoImpl$14                    : loaded 2 times (x 136B)
Class com.sun.xml.bind.v2.model.core.RegistryInfo                                     : loaded 2 times (x 70B)
Class dagger.spi.internal.shaded.androidx.room.compiler.processing.javac.JavacType$typeName$2: loaded 2 times (x 79B)
Class org.apache.commons.io.filefilter.FileFileFilter                                 : loaded 2 times (x 116B)
Class dagger.spi.internal.shaded.kotlin.metadata.internal.metadata.jvm.JvmProtoBuf    : loaded 2 times (x 71B)
Class dagger.spi.internal.shaded.androidx.room.compiler.codegen.XCodeBlockKt$buildCodeBlock$1: loaded 2 times (x 79B)
Class com.squareup.kotlinpoet.PropertySpec                                            : loaded 2 times (x 89B)
Class com.squareup.kotlinpoet.CodeBlock                                               : loaded 2 times (x 72B)
Class dagger.spi.internal.shaded.androidx.room.compiler.codegen.XSpec$Builder         : loaded 2 times (x 71B)
Class dagger.internal.codegen.writing.UnscopedFrameworkInstanceCreationExpressionFactory_Factory: loaded 2 times (x 82B)
Class dagger.internal.codegen.writing.MembersInjectorProviderCreationExpression_Factory: loaded 2 times (x 72B)
Class dagger.spi.internal.shaded.kotlin.metadata.internal.metadata.ProtoBuf$VersionRequirementTable$1: loaded 2 times (x 144B)
Class com.google.common.graph.AbstractNetwork$1                                       : loaded 2 times (x 136B)
Class dagger.internal.codegen.binding.$AutoValue_InjectionBinding                     : loaded 2 times (x 93B)
Class dagger.spi.internal.shaded.androidx.room.compiler.processing.XTypeParameterElement: loaded 2 times (x 70B)
Class dagger.internal.codegen.model.$AutoValue_Key$Builder                            : loaded 2 times (x 78B)
Class dagger.internal.codegen.binding.BindingDeclaration                              : loaded 2 times (x 80B)
Class dagger.internal.codegen.binding.BindingFactory                                  : loaded 2 times (x 72B)
Class dagger.internal.codegen.validation.ExternalBindingGraphPlugins_Factory          : loaded 2 times (x 82B)
Class dagger.internal.codegen.validation.DependencyRequestValidator_Factory           : loaded 2 times (x 82B)
Class com.google.common.graph.Traverser$InsertionOrder                                : loaded 2 times (x 80B)
Class javax.inject.Provider                                                           : loaded 2 times (x 70B)
Class dagger.internal.codegen.xprocessing.XAnnotationValues                           : loaded 2 times (x 71B)
Class com.bumptech.glide.repackaged.com.google.common.collect.ObjectArrays            : loaded 2 times (x 71B)
Class dagger.spi.internal.shaded.com.google.auto.common.MoreTypes$DeclaredTypeVisitor : loaded 2 times (x 102B)
Class dagger.spi.internal.shaded.androidx.room.compiler.processing.javac.JavacTypeElement$DefaultJavacTypeElement: loaded 2 times (x 298B)
Class dagger.spi.internal.shaded.androidx.room.compiler.processing.XParameterizable   : loaded 2 times (x 70B)
Class com.amazon.ion.impl._Private_IonReaderBuilder$Mutable                           : loaded 2 times (x 95B)
Class com.intellij.openapi.externalSystem.model.project.IExternalSystemSourceType     : loaded 2 times (x 70B)
Class sync_studio_tooling10_2uu6gx4putsr9ml9pdh4mbtej$_run_closure1                   : loaded 2 times (x 139B)
Class org.gradle.api.internal.classpath.UnknownModuleException                        : loaded 2 times (x 82B)
Class org.gradle.cache.GlobalCache                                                    : loaded 2 times (x 70B)
Class com.android.tools.build.jetifier.core.type.TypesMap$Companion                   : loaded 2 times (x 71B)
Class dagger.internal.codegen.validation.InjectBindingRegistryImpl_Factory            : loaded 2 times (x 82B)
Class android.databinding.internal.org.antlr.v4.runtime.RuleContext                   : loaded 2 times (x 114B)
Class com.sun.xml.bind.v2.model.impl.ClassInfoImpl$SecondaryAnnotation                : loaded 2 times (x 80B)
Class com.sun.xml.bind.v2.model.impl.RuntimeBuiltinLeafInfoImpl$15                    : loaded 2 times (x 136B)
Class com.sun.xml.bind.v2.runtime.AnyTypeBeanInfo                                     : loaded 2 times (x 92B)
Class com.sun.xml.bind.v2.model.core.MaybeElement                                     : loaded 2 times (x 70B)
Class org.apache.commons.io.Charsets                                                  : loaded 2 times (x 71B)
Class org.apache.commons.io.file.Counters$PathCounters                                : loaded 2 times (x 70B)
Class com.google.gson.internal.LinkedTreeMap                                          : loaded 2 times (x 123B)
Class dagger.internal.codegen.validation.BindingElementValidator$AllowsMultibindings  : loaded 2 times (x 79B)
Class dagger.internal.codegen.writing.ProviderInstanceRequestRepresentation_Factory   : loaded 2 times (x 72B)
Class dagger.internal.codegen.writing.SetFactoryCreationExpression_Factory_Impl       : loaded 2 times (x 75B)
Class dagger.internal.codegen.writing.DelegateRequestRepresentation_Factory_Impl      : loaded 2 times (x 75B)
Class dagger.spi.model.DaggerElement                                                  : loaded 2 times (x 74B)
Class dagger.spi.model.ComponentPath                                                  : loaded 2 times (x 73B)
Class dagger.internal.codegen.processingstep.BindsInstanceProcessingStep              : loaded 2 times (x 86B)
Class dagger.spi.model.DiagnosticReporter                                             : loaded 2 times (x 75B)
Class dagger.spi.internal.shaded.kotlin.metadata.KmClassifier$TypeAlias               : loaded 2 times (x 72B)
Class dagger.spi.internal.shaded.kotlin.metadata.internal.metadata.ProtoBuf$Type$Argument$1: loaded 2 times (x 144B)
Class dagger.internal.codegen.binding.ComponentRequirement                            : loaded 2 times (x 84B)
Class dagger.internal.codegen.binding.BindsTypeChecker$1                              : loaded 2 times (x 71B)
Class dagger.internal.codegen.binding.$AutoValue_ModuleDescriptor                     : loaded 2 times (x 86B)
Class [Ldagger.spi.internal.shaded.androidx.room.compiler.codegen.XTypeName;          : loaded 2 times (x 69B)
Class dagger.internal.codegen.binding.DependencyRequestFactory                        : loaded 2 times (x 72B)
Class dagger.internal.codegen.bindinggraphvalidation.SetMultibindingValidator_Factory : loaded 2 times (x 81B)
Class dagger.internal.codegen.bindinggraphvalidation.DependsOnProductionExecutorValidator_Factory: loaded 2 times (x 82B)
Class com.google.common.graph.Traverser$InsertionOrder$1                              : loaded 2 times (x 80B)
Class com.google.common.graph.DirectedGraphConnections$NodeConnection$Pred            : loaded 2 times (x 72B)
Class com.google.common.graph.ImmutableGraph                                          : loaded 2 times (x 138B)
Class dagger.spi.internal.shaded.androidx.room.compiler.processing.XExecutableParameterElement: loaded 2 times (x 70B)
Class dagger.hilt.processor.internal.definecomponent.DefineComponentMetadatas$DefineComponentMetadata: loaded 2 times (x 75B)
Class dagger.spi.internal.shaded.kotlin.metadata.Attributes$hasAnnotations$6          : loaded 2 times (x 137B)
Class dagger.spi.internal.shaded.androidx.room.compiler.processing.javac.kotlin.KmClassContainer$functionList$2: loaded 2 times (x 79B)
Class dagger.spi.internal.shaded.kotlin.metadata.internal.metadata.jvm.deserialization.JvmNameResolverBase: loaded 2 times (x 80B)
Class dagger.spi.internal.shaded.androidx.room.compiler.processing.javac.JavacTypeElement$_declaredMethods$2: loaded 2 times (x 79B)
Class androidx.hilt.work.WorkerStep                                                   : loaded 2 times (x 79B)
Class dagger.hilt.processor.internal.earlyentrypoint.EarlyEntryPointProcessingStep    : loaded 2 times (x 86B)
Class org.jetbrains.plugins.gradle.tooling.serialization.ProjectDependenciesSerializationService$ReadContext: loaded 2 times (x 72B)
Class org.gradle.internal.impldep.gnu.trove.TObjectIdentityHashingStrategy            : loaded 2 times (x 78B)
Class com.intellij.openapi.externalSystem.model.project.dependencies.ProjectDependencies: loaded 2 times (x 70B)
Class com.google.common.base.Stopwatch                                                : loaded 2 times (x 72B)
Class dagger.internal.codegen.binding.$AutoValue_ProvisionBinding$Builder             : loaded 2 times (x 97B)
Class com.sun.xml.bind.v2.model.impl.ReferencePropertyInfoImpl                        : loaded 2 times (x 127B)
Class javax.xml.bind.annotation.XmlTransient                                          : loaded 2 times (x 70B)
Class com.sun.xml.bind.v2.model.impl.AnyTypeImpl                                      : loaded 2 times (x 89B)
Class com.sun.xml.bind.v2.model.impl.RuntimeBuiltinLeafInfoImpl$16                    : loaded 2 times (x 136B)
Class com.sun.xml.bind.v2.runtime.IllegalAnnotationsException                         : loaded 2 times (x 86B)
Class com.google.gson.internal.LinkedTreeMap$1                                        : loaded 2 times (x 91B)
Class dagger.internal.codegen.binding.ComponentDependencyProvisionBinding             : loaded 2 times (x 90B)
Class dagger.internal.codegen.binding.BindingRequest                                  : loaded 2 times (x 74B)
Class android.databinding.tool.LibTypes$dataBindingComponent$2                        : loaded 2 times (x 79B)
Class dagger.spi.internal.shaded.androidx.room.compiler.codegen.kotlin.KotlinFileSpec$Builder: loaded 2 times (x 78B)
Class dagger.spi.internal.shaded.androidx.room.compiler.codegen.impl.XFileSpecImpl$Builder: loaded 2 times (x 78B)
Class com.squareup.kotlinpoet.ParameterizedTypeName$Companion                         : loaded 2 times (x 71B)
Class dagger.internal.codegen.writing.ProvisionBindingRepresentation$1                : loaded 2 times (x 71B)
Class dagger.internal.codegen.writing.ComponentNames_Factory                          : loaded 2 times (x 82B)
Class dagger.internal.codegen.writing.ImmediateFutureRequestRepresentation$Factory    : loaded 2 times (x 70B)
Class com.google.common.graph.NetworkBuilder                                          : loaded 2 times (x 72B)
Class dagger.internal.codegen.binding.MultiboundSetBinding$Builder                    : loaded 2 times (x 80B)
Class dagger.spi.internal.shaded.com.google.auto.common.MoreTypes$TypeVariableVisitor : loaded 2 times (x 102B)
Class dagger.internal.codegen.binding.ComponentBinding$Builder                        : loaded 2 times (x 78B)
Class dagger.internal.codegen.binding.AutoValue_ComponentCreatorDescriptor            : loaded 2 times (x 82B)
Class [Ldagger.internal.codegen.validation.ModuleValidator$ModuleMethodKind;          : loaded 2 times (x 69B)
Class dagger.internal.codegen.xprocessing.XTypeElements$Visibility                    : loaded 2 times (x 79B)
Class dagger.internal.codegen.validation.BindingGraphValidator                        : loaded 2 times (x 72B)
Class dagger.internal.codegen.bindinggraphvalidation.SubcomponentFactoryMethodValidator: loaded 2 times (x 85B)
Class dagger.internal.codegen.binding.OptionalBindingDeclaration$Factory              : loaded 2 times (x 73B)
Class dagger.internal.codegen.binding.DelegateDeclaration                             : loaded 2 times (x 80B)
Class dagger.internal.codegen.processingstep.MultibindingAnnotationsProcessingStep    : loaded 2 times (x 86B)
Class androidx.room.compiler.processing.XFiler                                        : loaded 2 times (x 70B)
Class dagger.internal.codegen.bindinggraphvalidation.DuplicateBindingsValidator$BindingWithoutComponent: loaded 2 times (x 75B)
Class com.google.common.graph.Traverser$InsertionOrder$2                              : loaded 2 times (x 80B)
Class com.google.common.graph.Graphs$NodeVisitState                                   : loaded 2 times (x 79B)
Class dagger.spi.internal.shaded.androidx.room.compiler.codegen.XCodeBlock$Builder    : loaded 2 times (x 70B)
Class dagger.spi.internal.shaded.kotlin.metadata.internal.FlagDelegatesImplKt$propertyBooleanFlag$1: loaded 2 times (x 137B)
Class dagger.spi.internal.shaded.kotlin.metadata.internal.protobuf.GeneratedMessageLite$ExtensionDescriptor: loaded 2 times (x 84B)
Class dagger.spi.internal.shaded.androidx.room.compiler.processing.javac.JavacAnnotationValue: loaded 2 times (x 155B)
Class dagger.internal.codegen.writing.MemberSelect$LocalField                         : loaded 2 times (x 75B)
Class dagger.spi.internal.shaded.androidx.room.compiler.processing.XProcessingEnv     : loaded 2 times (x 70B)
Class org.jetbrains.kotlin.build.report.metrics.BuildMetricsReporter                  : loaded 2 times (x 70B)
Class com.google.common.io.AppendableWriter                                           : loaded 2 times (x 100B)
Class com.google.common.io.Files$2                                                    : loaded 2 times (x 76B)
Class com.google.common.util.concurrent.AbstractFuture$Cancellation                   : loaded 2 times (x 72B)
Class dagger.internal.codegen.writing.UnscopedFrameworkInstanceCreationExpressionFactory: loaded 2 times (x 72B)
Class com.sun.xml.bind.v2.runtime.reflect.Lister$ArrayLister                          : loaded 2 times (x 77B)
Class com.sun.xml.bind.v2.runtime.property.PropertyImpl                               : loaded 2 times (x 102B)
Class com.sun.xml.bind.v2.model.impl.RuntimeBuiltinLeafInfoImpl$17                    : loaded 2 times (x 136B)
Class com.sun.xml.bind.v2.runtime.ElementBeanInfoImpl                                 : loaded 2 times (x 89B)
Class com.sun.xml.bind.v2.runtime.BridgeAdapter                                       : loaded 2 times (x 87B)
Class com.sun.xml.bind.v2.runtime.BridgeContextImpl                                   : loaded 2 times (x 77B)
Class [Lcom.google.gson.ToNumberPolicy;                                               : loaded 2 times (x 69B)
Class com.google.gson.ToNumberPolicy                                                  : loaded 2 times (x 83B)
Class com.google.common.collect.Lists$RandomAccessPartition                           : loaded 2 times (x 200B)
Class dagger.internal.codegen.writing.FrameworkInstanceSupplier                       : loaded 2 times (x 70B)
Class dagger.spi.internal.shaded.androidx.room.compiler.codegen.java.JavaCodeBlock$Builder: loaded 2 times (x 88B)
Class [Ldagger.internal.codegen.writing.ComponentImplementation$CompilerMode;         : loaded 2 times (x 69B)
Class dagger.internal.codegen.writing.AnonymousProviderCreationExpression$Factory     : loaded 2 times (x 70B)
Class dagger.internal.codegen.validation.AutoValue_SpiModelBindingGraphConverter_DaggerTypeElementImpl: loaded 2 times (x 76B)
Class dagger.spi.model.DaggerTypeElement                                              : loaded 2 times (x 74B)
Class dagger.internal.codegen.validation.ComponentCreatorValidator$1                  : loaded 2 times (x 71B)
Class com.google.common.collect.SortedMultiset                                        : loaded 2 times (x 70B)
Class dagger.spi.internal.shaded.kotlin.metadata.internal.ReadersKt$WhenMappings      : loaded 2 times (x 71B)
Class kotlin.text.StringsKt__StringsKt$rangesDelimitedBy$1                            : loaded 2 times (x 79B)
Class android.databinding.tool.util.L$Client                                          : loaded 2 times (x 70B)
Class com.google.gson.LongSerializationPolicy                                         : loaded 2 times (x 80B)
Class dagger.spi.internal.shaded.androidx.room.compiler.processing.javac.JavacPackageElement$name$2: loaded 2 times (x 79B)
Class dagger.internal.codegen.base.ModuleKind                                         : loaded 2 times (x 79B)
Class dagger.internal.codegen.kotlin.MethodMetadata                                   : loaded 2 times (x 77B)
Class com.sun.xml.bind.v2.model.annotation.RuntimeAnnotationReader                    : loaded 2 times (x 70B)
Class com.sun.xml.bind.v2.runtime.IllegalAnnotationsException$Builder                 : loaded 2 times (x 77B)
Class com.sun.xml.bind.v2.runtime.reflect.PrimitiveArrayListerInteger                 : loaded 2 times (x 76B)
Class dagger.internal.codegen.binding.BindsTypeChecker_Factory                        : loaded 2 times (x 82B)
Class com.google.common.graph.Traverser                                               : loaded 2 times (x 73B)
Class dagger.spi.internal.shaded.kotlin.metadata.internal.metadata.ProtoBuf$Annotation$1: loaded 2 times (x 144B)
Class dagger.spi.internal.shaded.androidx.room.compiler.processing.XTypeKt            : loaded 2 times (x 71B)
Class com.google.common.collect.ComparisonChain$1                                     : loaded 2 times (x 81B)
Class com.android.builder.model.v2.ide.AbstractArtifact                               : loaded 2 times (x 70B)
Class com.google.common.io.ByteStreams                                                : loaded 2 times (x 71B)
Class org.objectweb.asm.Handle                                                        : loaded 2 times (x 72B)
Class com.google.common.collect.Interner                                              : loaded 2 times (x 70B)
Class dagger.spi.internal.shaded.androidx.room.compiler.processing.XAnnotation        : loaded 2 times (x 70B)
Class dagger.hilt.processor.internal.generatesrootinput.GeneratesRootInputs           : loaded 2 times (x 72B)
Class dagger.hilt.processor.internal.uninstallmodules.UninstallModulesProcessingStep  : loaded 2 times (x 86B)
Class org.jetbrains.org.objectweb.asm.FieldWriter                                     : loaded 2 times (x 77B)
Class org.jetbrains.org.objectweb.asm.MethodVisitor                                   : loaded 2 times (x 104B)
Class kotlin.io.ByteStreamsKt                                                         : loaded 2 times (x 71B)
Class com.android.ide.gradle.model.artifacts.AdditionalClassifierArtifactsModel       : loaded 2 times (x 70B)
Class com.amazon.ion.IonBufferConfiguration                                           : loaded 2 times (x 73B)
Class com.amazon.ion.impl.bin.Symbols                                                 : loaded 2 times (x 71B)
Class org.jetbrains.plugins.gradle.tooling.serialization.RepositoriesModelSerializationService: loaded 2 times (x 82B)
Class org.gradle.tooling.internal.gradle.GradleProjectIdentity                        : loaded 2 times (x 70B)
Class org.gradle.api.internal.DefaultClassPathRegistry                                : loaded 2 times (x 76B)
Class com.google.common.collect.Interners$InternerImpl                                : loaded 2 times (x 75B)
Class com.intellij.openapi.externalSystem.model.project.dependencies.ResolutionState  : loaded 2 times (x 79B)
Class com.amazon.ion.impl._Private_ByteTransferSink                                   : loaded 2 times (x 70B)
Class com.sun.xml.bind.v2.model.core.PropertyInfo                                     : loaded 2 times (x 70B)
Class com.sun.xml.bind.v2.model.impl.RuntimeBuiltinLeafInfoImpl$18                    : loaded 2 times (x 136B)
Class javax.activation.MimeTypeParseException                                         : loaded 2 times (x 82B)
Class com.sun.xml.bind.WhiteSpaceProcessor                                            : loaded 2 times (x 71B)
Class com.sun.xml.bind.v2.runtime.AttributeAccessor                                   : loaded 2 times (x 70B)
Class com.sun.xml.bind.v2.model.annotation.Locatable                                  : loaded 2 times (x 70B)
Class org.apache.commons.io.file.DeleteOption                                         : loaded 2 times (x 70B)
Class com.amazon.ion.impl.bin.IonManagedBinaryWriter$ImportedSymbolResolverMode$1$1   : loaded 2 times (x 78B)
Class com.google.gson.internal.ConstructorConstructor$11                              : loaded 2 times (x 75B)
Class com.amazon.ion.impl._Private_RecyclingStack$ElementFactory                      : loaded 2 times (x 70B)
Class com.amazon.ion.IonDatagram                                                      : loaded 2 times (x 70B)
Class dagger.spi.internal.shaded.androidx.room.compiler.processing.javac.JavacTypeElement$kotlinMetadata$2: loaded 2 times (x 79B)
Class dagger.spi.internal.shaded.kotlin.metadata.internal.metadata.ProtoBuf$Constructor$1: loaded 2 times (x 144B)
Class build_2vgxwk05xzolhywd7eyqqr1s0$_run_closure1$_closure11$_closure20             : loaded 2 times (x 139B)
Class build_2vgxwk05xzolhywd7eyqqr1s0$_run_closure1$_closure3$_closure12              : loaded 2 times (x 139B)
Class dagger.internal.codegen.writing.ProducerFromProviderCreationExpression          : loaded 2 times (x 76B)
Class dagger.spi.internal.shaded.androidx.room.compiler.codegen.java.JavaFunSpecKt$WhenMappings: loaded 2 times (x 71B)
Class dagger.internal.codegen.writing.ProducerFromProviderCreationExpression_Factory_Impl: loaded 2 times (x 75B)
Class dagger.internal.codegen.validation.AutoValue_SpiModelBindingGraphConverter_SubcomponentCreatorBindingEdgeImpl: loaded 2 times (x 77B)
Class com.google.devtools.ksp.symbol.KSDeclaration                                    : loaded 2 times (x 70B)
Class dagger.internal.codegen.model.BindingGraph$DependencyEdge                       : loaded 2 times (x 70B)
Class dagger.spi.internal.shaded.kotlin.metadata.internal.ReadersKt                   : loaded 2 times (x 71B)
Class dagger.spi.internal.shaded.androidx.room.compiler.processing.javac.JavacConstructorType: loaded 2 times (x 83B)
Class dagger.internal.codegen.model.RequestKind                                       : loaded 2 times (x 79B)
Class [Ldagger.internal.codegen.validation.BindingMethodValidator$Abstractness;       : loaded 2 times (x 69B)
Class dagger.internal.codegen.processingstep.AssistedInjectProcessingStep_Factory     : loaded 2 times (x 82B)
Class dagger.internal.codegen.xprocessing.XTypes$XTypeEquivalence                     : loaded 2 times (x 84B)
Class jakarta.inject.Provider                                                         : loaded 2 times (x 70B)
Class dagger.spi.internal.shaded.kotlin.metadata.Attributes$kind$7                    : loaded 2 times (x 137B)
Class dagger.spi.internal.shaded.kotlin.metadata.internal.metadata.jvm.JvmProtoBuf$JvmPropertySignature$Builder: loaded 2 times (x 141B)
Class dagger.spi.internal.shaded.kotlin.metadata.internal.metadata.ProtoBuf$TypeParameter: loaded 2 times (x 130B)
Class dagger.spi.internal.shaded.kotlin.metadata.internal.metadata.ProtoBuf$Property  : loaded 2 times (x 148B)
Class dagger.spi.internal.shaded.kotlin.metadata.internal.protobuf.LazyField          : loaded 2 times (x 83B)
Class dagger.spi.internal.shaded.kotlin.metadata.internal.metadata.deserialization.Flags$BooleanFlagField: loaded 2 times (x 76B)
Class dagger.spi.internal.shaded.kotlin.metadata.Attributes$modality$6                : loaded 2 times (x 137B)
Class dagger.internal.Provider                                                        : loaded 2 times (x 70B)
Class [Lcom.amazon.ion.impl.bin.AbstractIonWriter$WriteValueOptimization;             : loaded 2 times (x 69B)
Class org.jetbrains.plugins.gradle.tooling.serialization.RepositoriesModelSerializationService$ReadContext: loaded 2 times (x 72B)
Class com.google.common.reflect.Invokable$ConstructorInvokable                        : loaded 2 times (x 107B)
Class com.android.builder.model.v2.ide.JavaArtifact                                   : loaded 2 times (x 70B)
Class org.gradle.api.internal.ClassPathRegistry                                       : loaded 2 times (x 70B)
Class org.gradle.internal.classpath.DefaultClassPath$ImmutableUniqueList              : loaded 2 times (x 199B)
Class dagger.hilt.processor.internal.aggregateddeps.AutoValue_AggregatedDepsMetadata  : loaded 2 times (x 79B)
Class com.bumptech.glide.repackaged.com.google.common.collect.ImmutableList           : loaded 2 times (x 205B)
Class com.sun.xml.bind.v2.runtime.unmarshaller.XmlVisitor$TextPredictor               : loaded 2 times (x 70B)
Class javax.xml.bind.annotation.XmlRegistry                                           : loaded 2 times (x 70B)
Class com.sun.xml.bind.v2.model.impl.RuntimeBuiltinLeafInfoImpl$19                    : loaded 2 times (x 136B)
Class android.databinding.tool.store.GenClassInfoLog$GenClassImpl                     : loaded 2 times (x 72B)
Class dagger.internal.codegen.bindinggraphvalidation.IncompatiblyScopedBindingsValidator_Factory: loaded 2 times (x 82B)
Class com.google.gson.internal.ConstructorConstructor$9                               : loaded 2 times (x 76B)
Class android.databinding.tool.util.Preconditions                                     : loaded 2 times (x 71B)
Class dagger.internal.codegen.bindinggraphvalidation.BindingGraphValidationModule_ProvidePluginsFactory: loaded 2 times (x 82B)
Class dagger.internal.codegen.writing.UnscopedDirectInstanceRequestRepresentationFactory: loaded 2 times (x 72B)
Class dagger.internal.codegen.writing.MembersInjectionMethods$1                       : loaded 2 times (x 71B)
Class dagger.spi.internal.shaded.androidx.room.compiler.codegen.impl.XAnnotationSpecImpl$Builder: loaded 2 times (x 78B)
Class dagger.internal.codegen.validation.SpiModelBindingGraphConverter$DaggerElementImpl: loaded 2 times (x 75B)
Class dagger.internal.codegen.validation.BindingMethodValidatorsModule                : loaded 2 times (x 70B)
Class dagger.internal.codegen.kotlin.KotlinMetadata$MethodForAnnotations              : loaded 2 times (x 72B)
Class dagger.spi.internal.shaded.androidx.room.compiler.processing.javac.JavacFieldElement$syntheticMethodForAnnotations$2: loaded 2 times (x 79B)
Class dagger.internal.codegen.model.DaggerProcessingEnv                               : loaded 2 times (x 74B)
Class dagger.internal.codegen.binding.AutoValue_OptionalBindingDeclaration            : loaded 2 times (x 75B)
Class [Ldagger.internal.codegen.compileroption.ProcessingEnvironmentCompilerOptions$CommandLineOption;: loaded 2 times (x 69B)
Class dagger.internal.codegen.ProcessingEnvironmentModule_FilerFactory                : loaded 2 times (x 82B)
Class dagger.internal.codegen.binding.MethodSignatureFormatter_Factory                : loaded 2 times (x 82B)
Class dagger.spi.internal.shaded.androidx.room.compiler.processing.XEnumEntry         : loaded 2 times (x 70B)
Class dagger.spi.internal.shaded.androidx.room.compiler.processing.javac.JavacMethodParameter$name$2: loaded 2 times (x 79B)
Class dagger.spi.internal.shaded.androidx.room.compiler.processing.javac.kotlin.KmTypeContainer: loaded 2 times (x 76B)
Class [Ldagger.spi.internal.shaded.kotlin.metadata.internal.metadata.ProtoBuf$TypeParameter$Variance;: loaded 2 times (x 69B)
Class dagger.spi.internal.shaded.kotlin.metadata.jvm.KotlinClassMetadata$Companion    : loaded 2 times (x 71B)
Class dagger.internal.codegen.binding.SubcomponentDeclaration$Factory                 : loaded 2 times (x 73B)
Class dagger.spi.internal.shaded.androidx.room.compiler.processing.DeclarationCollectorKt: loaded 2 times (x 71B)
Class com.google.common.graph.StandardNetwork                                         : loaded 2 times (x 140B)
Class androidx.hilt.work.WorkerStep$Companion                                         : loaded 2 times (x 71B)
Class kotlin.jvm.internal.TypeIntrinsics                                              : loaded 2 times (x 71B)
Class kotlin.text.StringsKt__StringsKt$splitToSequence$1                              : loaded 2 times (x 79B)
Class org.jetbrains.org.objectweb.asm.ByteVector                                      : loaded 2 times (x 78B)
Class com.amazon.ion.impl.bin.IonManagedBinaryWriter$UserState                        : loaded 2 times (x 85B)
Class org.jetbrains.plugins.gradle.tooling.serialization.internal.adapter.InternalBuildIdentifier: loaded 2 times (x 75B)
Class com.amazon.ion.impl._Private_IonWriter                                          : loaded 2 times (x 70B)
Class com.amazon.ion.impl.bin._Private_IonManagedBinaryWriterBuilder                  : loaded 2 times (x 72B)
Class com.intellij.gradle.toolingExtension.impl.model.projectModel.GradleExternalProjectSerializationService$WriteContext: loaded 2 times (x 73B)
Class com.google.common.reflect.TypeToken                                             : loaded 2 times (x 73B)
Class com.google.common.collect.MapMakerInternalMap$Segment                           : loaded 2 times (x 142B)
Class com.google.gson.internal.ConstructorConstructor$13                              : loaded 2 times (x 75B)
Class dagger.internal.codegen.writing.MembersInjectionRequestRepresentation$Factory   : loaded 2 times (x 70B)
Class android.databinding.tool.util.StringUtils                                       : loaded 2 times (x 71B)
Class com.sun.xml.bind.v2.runtime.reflect.Lister$CollectionLister                     : loaded 2 times (x 77B)
Class javax.xml.bind.annotation.XmlAccessOrder                                        : loaded 2 times (x 79B)
Class com.sun.xml.bind.v2.model.impl.RuntimeAnyTypeImpl                               : loaded 2 times (x 94B)
Class com.sun.xml.bind.v2.model.nav.Navigator                                         : loaded 2 times (x 70B)
Class dagger.spi.internal.shaded.androidx.room.compiler.codegen.XFunSpec$Companion    : loaded 2 times (x 71B)
Class com.google.gson.internal.bind.ArrayTypeAdapter$1                                : loaded 2 times (x 75B)
Class com.google.gson.internal.bind.JsonTreeWriter                                    : loaded 2 times (x 98B)
Class android.databinding.tool.LibTypes$listClassNames$2                              : loaded 2 times (x 79B)
Class android.databinding.tool.LibTypes$Companion                                     : loaded 2 times (x 71B)
Class kotlin.text.StringsKt__StringsKt$splitToSequence$2                              : loaded 2 times (x 79B)
Class dagger.spi.internal.shaded.androidx.room.compiler.codegen.XAnnotationSpec       : loaded 2 times (x 70B)
Class dagger.spi.internal.shaded.androidx.room.compiler.codegen.XCodeBlock$Companion$ofCast$1$WhenMappings: loaded 2 times (x 71B)
Class dagger.internal.codegen.writing.AutoValue_ComponentCreatorImplementation        : loaded 2 times (x 75B)
Class dagger.internal.codegen.xprocessing.XCodeBlocks                                 : loaded 2 times (x 71B)
Class dagger.internal.DelegateFactory                                                 : loaded 2 times (x 82B)
Class dagger.spi.internal.shaded.androidx.room.compiler.codegen.kotlin.KotlinTypeSpec$Builder: loaded 2 times (x 90B)
Class dagger.internal.codegen.binding.AutoValue_BoundInstanceBinding                  : loaded 2 times (x 91B)
Class dagger.internal.codegen.componentgenerator.TopLevelImplementationComponent      : loaded 2 times (x 70B)
Class dagger.internal.codegen.bindinggraphvalidation.DependsOnProductionExecutorValidator: loaded 2 times (x 85B)
Class dagger.internal.codegen.bindinggraphvalidation.ProvisionDependencyOnProducerBindingValidator_Factory$InstanceHolder: loaded 2 times (x 71B)
Class com.google.common.graph.DirectedGraphConnections$2                              : loaded 2 times (x 137B)
Class dagger.spi.internal.shaded.kotlin.metadata.internal.metadata.ProtoBuf$Annotation: loaded 2 times (x 109B)
Class dagger.spi.internal.shaded.com.google.auto.common.MoreTypes$AsElementVisitor    : loaded 2 times (x 101B)
Class dagger.hilt.processor.internal.HiltProcessingEnvConfigs                         : loaded 2 times (x 71B)
Class [Lorg.jetbrains.org.objectweb.asm.AnnotationWriter;                             : loaded 2 times (x 69B)
Class [Lcom.amazon.ion.SymbolToken;                                                   : loaded 2 times (x 69B)
Class com.google.common.cache.RemovalCause                                            : loaded 2 times (x 80B)
Class com.google.common.io.ByteSink                                                   : loaded 2 times (x 76B)
Class com.android.builder.model.v2.dsl.SigningConfig                                  : loaded 2 times (x 70B)
Class com.android.builder.model.v2.models.AndroidProject                              : loaded 2 times (x 70B)
Class com.android.builder.model.v2.AndroidModel                                       : loaded 2 times (x 70B)
Class dagger.spi.internal.shaded.androidx.room.compiler.codegen.impl.XTypeSpecImpl$Builder: loaded 2 times (x 90B)
Class org.gradle.internal.classpath.ClassPath                                         : loaded 2 times (x 70B)
Class dagger.internal.codegen.writing.ComponentProvisionRequestRepresentation         : loaded 2 times (x 74B)
Class android.databinding.tool.LibTypes$observableFields$2                            : loaded 2 times (x 79B)
Class javax.xml.bind.annotation.XmlElementWrapper                                     : loaded 2 times (x 70B)
Class javax.xml.bind.annotation.adapters.XmlJavaTypeAdapter                           : loaded 2 times (x 70B)
Class com.sun.xml.bind.v2.model.annotation.AnnotationSource                           : loaded 2 times (x 70B)
Class org.apache.commons.io.IOCase                                                    : loaded 2 times (x 80B)
Class dagger.spi.internal.shaded.androidx.room.compiler.codegen.VisibilityModifier    : loaded 2 times (x 79B)
Class com.squareup.kotlinpoet.KModifier$Target                                        : loaded 2 times (x 79B)
Class dagger.internal.codegen.writing.ComponentNames                                  : loaded 2 times (x 72B)
Class dagger.internal.codegen.writing.ComponentImplementation                         : loaded 2 times (x 72B)
Class dagger.spi.internal.shaded.kotlin.metadata.internal.extensions.KmTypeParameterExtension: loaded 2 times (x 70B)
Class [Ldagger.spi.internal.shaded.kotlin.metadata.KmVersionRequirementVersionKind;   : loaded 2 times (x 69B)
Class dagger.internal.codegen.binding.ComponentBinding                                : loaded 2 times (x 90B)
Class javax.xml.bind.annotation.XmlAnyElement                                         : loaded 2 times (x 70B)
Class [Ldagger.internal.codegen.base.ContributionType;                                : loaded 2 times (x 69B)
Class org.gradle.tooling.model.Dependency                                             : loaded 2 times (x 70B)
Class dagger.internal.codegen.validation.SpiModelBindingGraphConverter$DaggerProcessingEnvImpl: loaded 2 times (x 76B)
Class dagger.internal.codegen.validation.BindsOptionalOfMethodValidator               : loaded 2 times (x 78B)
Class dagger.internal.codegen.DelegateComponentProcessor$SourceFileGeneratorsModule   : loaded 2 times (x 70B)
Class dagger.internal.codegen.validation.ProvidesMethodValidator_Factory              : loaded 2 times (x 82B)
Class dagger.internal.codegen.DaggerDelegateComponentProcessor_Injector$Factory       : loaded 2 times (x 74B)
Class com.google.common.graph.DirectedGraphConnections$3                              : loaded 2 times (x 137B)
Class org.gradle.api.JavaVersion                                                      : loaded 2 times (x 79B)
Class dagger.spi.internal.shaded.kotlin.metadata.internal.extensions.KmPropertyExtension: loaded 2 times (x 70B)
Class dagger.spi.internal.shaded.kotlin.metadata.internal.metadata.ProtoBuf$Function  : loaded 2 times (x 149B)
Class dagger.spi.internal.shaded.kotlin.metadata.internal.protobuf.WireFormat$FieldType$1: loaded 2 times (x 83B)
Class com.google.common.util.concurrent.SettableFuture                                : loaded 2 times (x 114B)
Class dagger.hilt.android.processor.internal.viewmodel.ViewModelProcessor             : loaded 2 times (x 100B)
Class dagger.hilt.processor.internal.root.RootProcessingStep                          : loaded 2 times (x 86B)
Class kotlin.sequences.SequencesKt__SequencesKt$asSequence$$inlined$Sequence$1        : loaded 2 times (x 75B)
Class org.jetbrains.plugins.gradle.model.ExternalProjectDependency                    : loaded 2 times (x 70B)
Class org.jetbrains.plugins.gradle.tooling.serialization.KotlinDslScriptsModelSerializationService: loaded 2 times (x 81B)
Class [Lcom.google.common.reflect.Types$JavaVersion;                                  : loaded 2 times (x 69B)
Class com.google.common.collect.Interners$InternerBuilder                             : loaded 2 times (x 76B)
Class com.google.common.io.Files$FileByteSource                                       : loaded 2 times (x 85B)
Class kotlin.collections.ArrayDeque                                                   : loaded 2 times (x 207B)
Class com.google.common.reflect.Types$ClassOwnership$3                                : loaded 2 times (x 71B)
Class com.android.tools.build.jetifier.core.PackageMap$PackageRule$JsonData           : loaded 2 times (x 72B)
Class org.jetbrains.plugins.gradle.tooling.serialization.GradleExtensionsSerializationService: loaded 2 times (x 77B)
Class com.sun.xml.bind.annotation.OverrideAnnotationOf                                : loaded 2 times (x 70B)
Class com.sun.xml.bind.v2.model.impl.RuntimeValuePropertyInfoImpl                     : loaded 2 times (x 135B)
Class com.google.gson.internal.$Gson$Types$GenericArrayTypeImpl                       : loaded 2 times (x 79B)
Class com.amazon.ion.impl.bin.PooledBlockAllocatorProvider$PooledBlockAllocator       : loaded 2 times (x 81B)
Class android.databinding.tool.LibTypes$nonNull$2                                     : loaded 2 times (x 79B)
Class com.amazon.ion.IonTimestamp                                                     : loaded 2 times (x 70B)
Class com.android.ide.gradle.model.AdditionalClassifierArtifactsModelParameter        : loaded 2 times (x 70B)
Class dagger.internal.codegen.writing.MapRequestRepresentation                        : loaded 2 times (x 74B)
Class dagger.spi.internal.shaded.androidx.room.compiler.codegen.impl.XParameterSpecImpl: loaded 2 times (x 76B)
Class dagger.spi.internal.shaded.androidx.room.compiler.processing.javac.JavacTypeElement$xClassName$2: loaded 2 times (x 79B)
Class dagger.internal.codegen.base.AutoValue_ComponentAnnotation                      : loaded 2 times (x 76B)
Class com.google.common.graph.DirectedGraphConnections$4                              : loaded 2 times (x 83B)
Class com.google.common.graph.StandardValueGraph$1                                    : loaded 2 times (x 136B)
Class com.google.common.graph.ForwardingGraph                                         : loaded 2 times (x 136B)
Class dagger.spi.internal.shaded.kotlin.metadata.KmTypeAlias                          : loaded 2 times (x 72B)
Class dagger.spi.internal.shaded.kotlin.metadata.internal.protobuf.WireFormat$FieldType$2: loaded 2 times (x 83B)
Class dagger.hilt.android.processor.internal.AndroidClassNames                        : loaded 2 times (x 71B)
Class dagger.spi.internal.shaded.androidx.room.compiler.processing.javac.kotlin.KmClassContainer$typeParameters$2: loaded 2 times (x 79B)
Class dagger.hilt.processor.internal.kotlin.KotlinMetadataFactory                     : loaded 2 times (x 72B)
Class dagger.spi.internal.shaded.androidx.room.compiler.processing.javac.JavacTypeElement$typeParameters$2: loaded 2 times (x 79B)
Class [Ldagger.hilt.processor.internal.optionvalues.BooleanValue;                     : loaded 2 times (x 69B)
Class dagger.spi.internal.shaded.androidx.room.compiler.processing.XProcessingEnvConfig: loaded 2 times (x 71B)
Class com.amazon.ion.system.IonSystemBuilder$Mutable                                  : loaded 2 times (x 75B)
Class com.amazon.ion.impl.bin.IonManagedBinaryWriter$SymbolResolverBuilder            : loaded 2 times (x 70B)
Class org.jetbrains.plugins.gradle.tooling.serialization.ExternalTestsSerializationService$WriteContext: loaded 2 times (x 72B)
Class org.jetbrains.kotlin.idea.gradleTooling.KotlinGradleModel                       : loaded 2 times (x 70B)
Class com.google.common.io.CharStreams$NullWriter                                     : loaded 2 times (x 99B)
Class org.objectweb.asm.SymbolTable$Entry                                             : loaded 2 times (x 74B)
Class com.google.common.util.concurrent.AbstractFuture$AtomicHelper                   : loaded 2 times (x 78B)
Class com.google.gson.internal.ConstructorConstructor$16                              : loaded 2 times (x 75B)
Class com.sun.xml.bind.v2.runtime.property.SingleElementLeafProperty                  : loaded 2 times (x 102B)
Class com.sun.xml.bind.api.impl.NameConverter$Standard                                : loaded 2 times (x 93B)
Class com.sun.xml.bind.v2.model.annotation.Init                                       : loaded 2 times (x 71B)
Class com.google.common.collect.EmptyImmutableSetMultimap                             : loaded 2 times (x 180B)
Class com.google.gson.internal.bind.ReflectiveTypeAdapterFactory                      : loaded 2 times (x 75B)
Class com.google.gson.internal.sql.SqlTimestampTypeAdapter                            : loaded 2 times (x 76B)
Class android.databinding.tool.LibTypes$observableList$2                              : loaded 2 times (x 79B)
Class com.intellij.gradle.toolingExtension.impl.initScript.util.GradleJvmForkedDebuggerHelper$getTasksToDebug: loaded 2 times (x 146B)
Class dagger.internal.codegen.validation.ProducesMethodValidator                      : loaded 2 times (x 78B)
Class com.intellij.gradle.toolingExtension.impl.util.collectionUtil.GradleCollectionUtil: loaded 2 times (x 71B)
Class dagger.spi.internal.shaded.androidx.room.compiler.codegen.kotlin.KotlinFunSpec$Builder: loaded 2 times (x 91B)
Class com.squareup.kotlinpoet.FunSpec$Builder                                         : loaded 2 times (x 103B)
Class dagger.internal.codegen.componentgenerator.CurrentImplementationSubcomponent_ChildComponentImplementationFactoryModule_ProvideTopLevelImplementationFactory: loaded 2 times (x 82B)
Class dagger.internal.codegen.writing.ComponentInstanceRequestRepresentation_Factory  : loaded 2 times (x 72B)
Class dagger.internal.codegen.validation.SpiModelBindingGraphConverter$DaggerTypeImpl : loaded 2 times (x 75B)
Class dagger.spi.model.DaggerType                                                     : loaded 2 times (x 74B)
Class dagger.spi.model.AutoValue_DependencyRequest$Builder                            : loaded 2 times (x 77B)
Class dagger.internal.codegen.componentgenerator.ComponentGenerator_Factory           : loaded 2 times (x 82B)
Class dagger.spi.internal.shaded.kotlin.metadata.internal.metadata.ProtoBuf$Effect$InvocationKind$1: loaded 2 times (x 74B)
Class dagger.internal.codegen.binding.SubcomponentCreatorBinding                      : loaded 2 times (x 90B)
Class dagger.internal.codegen.binding.AutoValue_DelegateDeclaration                   : loaded 2 times (x 83B)
Class dagger.internal.codegen.validation.DependencyRequestValidator                   : loaded 2 times (x 72B)
Class dagger.internal.codegen.bindinggraphvalidation.InvalidProductionBindingScopeValidator_Factory$InstanceHolder: loaded 2 times (x 71B)
Class dagger.internal.SingleCheck                                                     : loaded 2 times (x 80B)
Class dagger.hilt.processor.internal.root.TestRootMetadata                            : loaded 2 times (x 78B)
Class com.google.common.graph.DirectedGraphConnections$5                              : loaded 2 times (x 71B)
Class dagger.hilt.processor.internal.definecomponent.DefineComponentBuilderMetadatas  : loaded 2 times (x 72B)
Class dagger.internal.codegen.model.Key$Builder                                       : loaded 2 times (x 76B)
Class [Ldagger.spi.internal.shaded.kotlin.metadata.internal.metadata.jvm.JvmProtoBuf$StringTableTypes$Record$Operation;: loaded 2 times (x 69B)
Class dagger.spi.internal.shaded.kotlin.metadata.internal.protobuf.WireFormat$FieldType$3: loaded 2 times (x 83B)
Class dagger.internal.codegen.xprocessing.XAnnotations                                : loaded 2 times (x 71B)
Class com.squareup.kotlinpoet.TypeName$Companion                                      : loaded 2 times (x 71B)
Class org.jetbrains.org.objectweb.asm.ClassWriter                                     : loaded 2 times (x 104B)
Class com.android.ide.gradle.model.ArtifactIdentifier                                 : loaded 2 times (x 70B)
Class com.amazon.ion.impl._Private_RecyclingStack$Recycler                            : loaded 2 times (x 70B)
Class com.amazon.ion.impl.bin.IonManagedBinaryWriter$LocalSymbolTableView             : loaded 2 times (x 107B)
Class com.amazon.ion.impl.bin.IonRawBinaryWriter$ThrowingRunnable                     : loaded 2 times (x 70B)
Class org.objectweb.asm.signature.SignatureReader                                     : loaded 2 times (x 74B)
Class com.android.builder.model.v2.ide.Variant                                        : loaded 2 times (x 70B)
Class org.objectweb.asm.Edge                                                          : loaded 2 times (x 72B)
Class org.gradle.tooling.model.Model                                                  : loaded 2 times (x 70B)
Class com.sun.xml.bind.v2.runtime.property.ArrayReferenceNodeProperty$MixedTextLoader : loaded 2 times (x 78B)
Class com.sun.xml.bind.v2.runtime.unmarshaller.XsiNilLoader$Array                     : loaded 2 times (x 80B)
Class com.sun.xml.bind.AccessorFactory                                                : loaded 2 times (x 70B)
Class dagger.internal.codegen.model.DaggerElement                                     : loaded 2 times (x 73B)
Class com.google.gson.internal.sql.SqlDateTypeAdapter$1                               : loaded 2 times (x 75B)
Class dagger.internal.codegen.model.ComponentPath                                     : loaded 2 times (x 73B)
Class com.google.common.graph.DirectedMultiNetworkConnections                         : loaded 2 times (x 98B)
Class dagger.internal.codegen.writing.BindingRepresentation                           : loaded 2 times (x 70B)
Class dagger.spi.internal.shaded.androidx.room.compiler.codegen.kotlin.KotlinFunSpec  : loaded 2 times (x 75B)
Class dagger.internal.codegen.writing.MembersInjectionRequestRepresentation_Factory_Impl: loaded 2 times (x 75B)
Class [Ldagger.spi.model.BindingKind;                                                 : loaded 2 times (x 69B)
Class dagger.internal.codegen.validation.DiagnosticMessageGenerator$1                 : loaded 2 times (x 87B)
Class dagger.spi.model.BindingGraph$MaybeBinding                                      : loaded 2 times (x 70B)
Class com.google.common.graph.MultiEdgesConnecting                                    : loaded 2 times (x 137B)
Class dagger.internal.codegen.binding.AutoValue_MultiboundMapBinding                  : loaded 2 times (x 92B)
Class dagger.internal.codegen.xprocessing.XTypes$TypeResolutionVisitor                : loaded 2 times (x 101B)
Class [Ldagger.internal.codegen.base.ComponentCreatorKind;                            : loaded 2 times (x 69B)
Class dagger.internal.codegen.processingstep.ProcessingStepsModule_ProcessingStepsFactory: loaded 2 times (x 82B)
Class dagger.internal.codegen.DelegateComponentProcessor_MembersInjector              : loaded 2 times (x 75B)
Class dagger.internal.codegen.binding.LegacyBindingGraphConverter_Factory             : loaded 2 times (x 81B)
Class dagger.internal.codegen.compileroption.ProcessingEnvironmentCompilerOptions_Factory: loaded 2 times (x 82B)
Class kotlin.comparisons.NaturalOrderComparator                                       : loaded 2 times (x 88B)
Class com.google.common.graph.EndpointPairIterator$Directed                           : loaded 2 times (x 82B)
Class dagger.spi.internal.shaded.kotlin.metadata.internal.protobuf.WireFormat$FieldType$4: loaded 2 times (x 83B)
Class dagger.spi.internal.shaded.androidx.room.compiler.processing.javac.JavacType$typeElement$2: loaded 2 times (x 79B)
Class dagger.hilt.android.processor.internal.viewmodel.ViewModelProcessingStep        : loaded 2 times (x 86B)
Class dagger.spi.internal.shaded.androidx.room.compiler.processing.javac.JavacTypeElement$Companion: loaded 2 times (x 71B)
Class dagger.spi.model.Key$MultibindingContributionIdentifier                         : loaded 2 times (x 73B)
Class com.android.ide.gradle.model.composites.BuildMap                                : loaded 2 times (x 70B)
Class com.amazon.ion.UnknownSymbolException                                           : loaded 2 times (x 86B)
Class com.google.common.reflect.TypeToken$1                                           : loaded 2 times (x 110B)
Class com.android.builder.model.v2.ide.SyncIssue                                      : loaded 2 times (x 70B)
Class com.android.ide.common.repository.AgpVersion$PreviewKind$WhenMappings           : loaded 2 times (x 71B)
Class kotlin.text.MatchResult$Destructured                                            : loaded 2 times (x 72B)
Class dagger.spi.model.AutoValue_Key_MultibindingContributionIdentifier               : loaded 2 times (x 74B)
Class com.sun.xml.bind.v2.model.nav.ReflectionNavigator$BinderArg                     : loaded 2 times (x 73B)
Class com.sun.xml.bind.v2.model.annotation.SecureLoader                               : loaded 2 times (x 71B)
Class com.sun.xml.bind.v2.model.impl.PropertyInfoImpl                                 : loaded 2 times (x 108B)
Class com.sun.xml.bind.v2.runtime.output.Pcdata                                       : loaded 2 times (x 88B)
Class com.sun.xml.bind.v2.util.QNameMap                                               : loaded 2 times (x 72B)
Class com.sun.xml.bind.v2.runtime.JAXBContextImpl                                     : loaded 2 times (x 90B)
Class com.google.gson.internal.ConstructorConstructor$18                              : loaded 2 times (x 75B)
Class kotlin.sequences.SequencesKt___SequencesKt$filterNotNull$1                      : loaded 2 times (x 78B)
Class dagger.hilt.processor.internal.DaggerModelsKt                                   : loaded 2 times (x 71B)
Class dagger.internal.codegen.writing.SimpleMethodRequestRepresentation$Factory       : loaded 2 times (x 70B)
Class [Lcom.squareup.kotlinpoet.KModifier$Target;                                     : loaded 2 times (x 69B)
Class dagger.spi.internal.shaded.kotlin.metadata.KmFlexibleTypeUpperBound$Companion   : loaded 2 times (x 71B)
Class dagger.spi.internal.shaded.kotlin.metadata.internal.metadata.ProtoBuf$VersionRequirement$Level$1: loaded 2 times (x 74B)
Class dagger.spi.internal.shaded.androidx.room.compiler.codegen.kotlin.KotlinCodeBlock$Builder$Companion: loaded 2 times (x 71B)
Class dagger.spi.internal.shaded.androidx.room.compiler.processing.javac.JavacPackageElement$qualifiedName$2: loaded 2 times (x 79B)
Class dagger.spi.internal.shaded.androidx.room.compiler.processing.javac.JavacFieldElement$getter$2: loaded 2 times (x 79B)
Class dagger.internal.codegen.writing.InaccessibleMapKeyProxyGenerator                : loaded 2 times (x 77B)
Class dagger.internal.codegen.base.DaggerSuperficialValidation$ValidationException$UnexpectedException: loaded 2 times (x 84B)
Class dagger.internal.codegen.binding.ProvisionBinding                                : loaded 2 times (x 90B)
Class dagger.internal.codegen.xprocessing.XTypeNames                                  : loaded 2 times (x 71B)
Class dagger.internal.codegen.binding.InjectionSiteFactory                            : loaded 2 times (x 72B)
Class com.google.common.collect.Iterators$3                                           : loaded 2 times (x 82B)
Class com.google.common.graph.ElementOrder                                            : loaded 2 times (x 72B)
Class dagger.spi.internal.shaded.kotlin.metadata.internal.FlagDelegatesImplKt$classBooleanFlag$1: loaded 2 times (x 137B)
Class dagger.spi.internal.shaded.kotlin.metadata.internal.metadata.ProtoBuf$Constructor: loaded 2 times (x 124B)
Class dagger.spi.internal.shaded.androidx.room.compiler.processing.javac.JavacMethodElement$kotlinDefaultImplClass$2: loaded 2 times (x 79B)
Class org.apache.commons.io.output.QueueOutputStream                                  : loaded 2 times (x 87B)
Class com.squareup.kotlinpoet.WildcardTypeName                                        : loaded 2 times (x 86B)
Class com.squareup.kotlinpoet.ClassName                                               : loaded 2 times (x 89B)
Class dagger.hilt.processor.internal.originatingelement.OriginatingElementProcessingStep: loaded 2 times (x 86B)
Class org.jetbrains.plugins.gradle.model.IntelliJProjectSettings                      : loaded 2 times (x 70B)
Class com.google.common.reflect.TypeToken$2                                           : loaded 2 times (x 110B)
Class org.objectweb.asm.TypePath                                                      : loaded 2 times (x 72B)
Class com.android.builder.model.v2.ide.Library                                        : loaded 2 times (x 70B)
Class com.android.builder.model.v2.ide.ArtifactDependenciesAdjacencyList              : loaded 2 times (x 70B)
Class com.android.builder.model.v2.models.Versions                                    : loaded 2 times (x 70B)
Class org.gradle.tooling.internal.adapter.ProtocolToModelAdapter$MethodInvocationCache: loaded 2 times (x 73B)
Class javax.xml.bind.annotation.XmlAnyAttribute                                       : loaded 2 times (x 70B)
Class com.sun.xml.bind.v2.model.impl.ValuePropertyInfoImpl                            : loaded 2 times (x 120B)
Class android.databinding.tool.store.GenClassInfoLog$Companion                        : loaded 2 times (x 71B)
Class com.google.gson.internal.LinkedTreeMap$LinkedTreeMapIterator                    : loaded 2 times (x 80B)
Class org.apache.commons.io.file.Counters$Counter                                     : loaded 2 times (x 70B)
Class com.google.gson.internal.ConstructorConstructor$19                              : loaded 2 times (x 76B)
Class com.google.gson.internal.bind.ReflectiveTypeAdapterFactory$Adapter              : loaded 2 times (x 77B)
Class com.google.gson.internal.bind.TypeAdapters$10                                   : loaded 2 times (x 75B)
Class dagger.internal.codegen.writing.SwitchingProviders$SwitchingProviderBuilder     : loaded 2 times (x 72B)
Class dagger.internal.codegen.writing.MembersInjectionMethods                         : loaded 2 times (x 72B)
Class dagger.internal.codegen.writing.ComponentWrapperImplementation                  : loaded 2 times (x 81B)
Class com.google.devtools.ksp.symbol.KSModifierListOwner                              : loaded 2 times (x 70B)
Class dagger.internal.codegen.bindinggraphvalidation.AutoValue_DuplicateBindingsValidator_KeyWithTypeEquivalence: loaded 2 times (x 75B)
Class com.sun.xml.bind.v2.model.impl.RuntimeArrayInfoImpl                             : loaded 2 times (x 107B)
Class dagger.internal.codegen.writing.ModuleProxies                                   : loaded 2 times (x 71B)
Class dagger.internal.codegen.kotlin.ClassMetadata                                    : loaded 2 times (x 72B)
Class dagger.internal.codegen.componentgenerator.ComponentHjarGenerator_Factory       : loaded 2 times (x 82B)
Class dagger.internal.codegen.validation.ValidationBindingGraphPlugin                 : loaded 2 times (x 85B)
Class dagger.internal.codegen.processingstep.MonitoringModuleProcessingStep           : loaded 2 times (x 86B)
Class dagger.internal.codegen.processingstep.InjectProcessingStep_Factory             : loaded 2 times (x 82B)
Class dagger.internal.codegen.bindinggraphvalidation.SubcomponentFactoryMethodValidator_Factory$InstanceHolder: loaded 2 times (x 71B)
Class com.bumptech.glide.repackaged.com.squareup.javapoet.Util                        : loaded 2 times (x 71B)
Class javax.xml.bind.annotation.XmlID                                                 : loaded 2 times (x 70B)
Class dagger.hilt.processor.internal.root.AggregatedRootMetadata                      : loaded 2 times (x 77B)
Class dagger.spi.internal.shaded.androidx.room.compiler.processing.javac.JavacExecutableElement$enclosingElement$2: loaded 2 times (x 79B)
Class com.sun.xml.bind.v2.util.CollisionCheckStack                                    : loaded 2 times (x 199B)
Class com.sun.xml.bind.v2.runtime.unmarshaller.DefaultIDResolver                      : loaded 2 times (x 76B)
Class com.android.tools.build.jetifier.core.proguard.ProGuardTypesMap$JsonData        : loaded 2 times (x 72B)
Class dagger.spi.internal.shaded.com.google.auto.common.Overrides$ExplicitOverrides   : loaded 2 times (x 76B)
Class dagger.spi.internal.shaded.androidx.room.compiler.processing.CommonProcessorDelegate: loaded 2 times (x 72B)
Class org.jetbrains.plugins.gradle.model.ExternalDependency                           : loaded 2 times (x 70B)
Class com.intellij.util.containers.IntObjectHashMap                                   : loaded 2 times (x 72B)
Class [Lcom.google.common.base.Supplier;                                              : loaded 2 times (x 69B)
Class com.android.builder.model.v2.models.ndk.NativeModule                            : loaded 2 times (x 70B)
Class org.apache.http.client.HttpClient                                               : loaded 2 times (x 70B)
Class [Lorg.objectweb.asm.SymbolTable$Entry;                                          : loaded 2 times (x 69B)
Class org.gradle.internal.installation.GradleInstallation$1                           : loaded 2 times (x 75B)
Class org.gradle.api.internal.classpath.ModuleRegistry                                : loaded 2 times (x 70B)
Class com.android.tools.build.jetifier.core.type.TypesMap                             : loaded 2 times (x 72B)
Class com.sun.xml.bind.v2.runtime.output.UTF8XmlOutput                                : loaded 2 times (x 100B)
Class [Lcom.sun.xml.bind.v2.model.impl.ClassInfoImpl$SecondaryAnnotation;             : loaded 2 times (x 69B)
Class com.sun.xml.bind.v2.model.core.TypeInfoSet                                      : loaded 2 times (x 70B)
Class com.sun.xml.bind.api.BridgeContext                                              : loaded 2 times (x 76B)
Class com.android.tools.build.jetifier.core.proguard.ProGuardTypesMap$Companion       : loaded 2 times (x 71B)
Class org.apache.commons.io.output.NullWriter                                         : loaded 2 times (x 99B)
Class com.google.gson.internal.bind.TypeAdapters$11                                   : loaded 2 times (x 75B)
Class [Lcom.google.gson.FieldNamingPolicy;                                            : loaded 2 times (x 69B)
Class dagger.internal.codegen.xprocessing.XFunSpecs$1                                 : loaded 2 times (x 71B)
Class dagger.internal.codegen.xprocessing.XFunSpecs$Builder$Kind                      : loaded 2 times (x 79B)
Class org.objectweb.asm.ModuleVisitor                                                 : loaded 2 times (x 81B)
Class dagger.internal.codegen.componentgenerator.CurrentImplementationSubcomponent$ChildComponentImplementationFactoryModule: loaded 2 times (x 70B)
Class dagger.internal.codegen.writing.SetFactoryCreationExpression$Factory            : loaded 2 times (x 70B)
Class dagger.internal.codegen.writing.DelegateRequestRepresentation$Factory           : loaded 2 times (x 70B)
Class dagger.internal.codegen.binding.BoundInstanceBinding                            : loaded 2 times (x 90B)
Class dagger.internal.codegen.model.Key$MultibindingContributionIdentifier            : loaded 2 times (x 73B)
Class dagger.internal.codegen.binding.MapKeys                                         : loaded 2 times (x 71B)
Class dagger.spi.internal.shaded.androidx.room.compiler.processing.javac.JavacMethodType$returnType$2: loaded 2 times (x 79B)
Class dagger.internal.codegen.binding.DependencyRequestFormatter                      : loaded 2 times (x 86B)
Class dagger.internal.codegen.validation.MultibindsMethodValidator                    : loaded 2 times (x 79B)
Class [Ldagger.spi.internal.shaded.androidx.room.compiler.codegen.XClassName;         : loaded 2 times (x 69B)
Class dagger.hilt.processor.internal.aliasof.AliasOfs                                 : loaded 2 times (x 72B)
Class dagger.spi.internal.shaded.kotlin.metadata.internal.protobuf.MessageLiteOrBuilder: loaded 2 times (x 70B)
Class dagger.spi.internal.shaded.androidx.room.compiler.processing.InternalXAnnotationValue$Kind$Companion: loaded 2 times (x 71B)
Class dagger.hilt.processor.internal.root.AutoValue_Root                              : loaded 2 times (x 78B)
Class com.google.common.io.ByteArrayDataInput                                         : loaded 2 times (x 70B)
Class dagger.hilt.processor.internal.aliasof.AliasOfProcessingStep                    : loaded 2 times (x 86B)
Class dagger.hilt.android.processor.internal.androidentrypoint.AndroidEntryPointProcessor: loaded 2 times (x 100B)
Class org.jetbrains.org.objectweb.asm.AnnotationVisitor                               : loaded 2 times (x 77B)
Class com.amazon.ion.impl.bin.IonManagedBinaryWriter$SymbolState$1                    : loaded 2 times (x 80B)
Class com.amazon.ion.impl.LocalSymbolTableAsStruct$Factory                            : loaded 2 times (x 79B)
Class [Lcom.amazon.ion.IonType;                                                       : loaded 2 times (x 69B)
Class com.intellij.gradle.toolingExtension.impl.model.sourceSetDependencyModel.GradleSourceSetDependencySerialisationService$SourceSetDependencyModelReadContext: loaded 2 times (x 72B)
Class com.intellij.gradle.toolingExtension.impl.model.dependencyModel.DependencyReadContext: loaded 2 times (x 72B)
Class org.jetbrains.plugins.gradle.model.VersionCatalogsModel                         : loaded 2 times (x 70B)
Class com.android.builder.model.v2.ide.PrivacySandboxSdkInfo                          : loaded 2 times (x 70B)
Class com.android.ide.common.repository.AgpVersion$PreviewKind$Companion              : loaded 2 times (x 71B)
Class com.google.common.util.concurrent.internal.InternalFutureFailureAccess          : loaded 2 times (x 72B)
Class org.gradle.tooling.internal.adapter.ObjectGraphAdapter                          : loaded 2 times (x 70B)
Class com.google.common.collect.MapMakerInternalMap$StrongValueEntry                  : loaded 2 times (x 70B)
Class com.android.tools.build.jetifier.core.TypeRewriter                              : loaded 2 times (x 72B)
Class android.databinding.tool.ext.Collection_extKt$joinToCamelCase$1                 : loaded 2 times (x 125B)
Class com.sun.xml.bind.v2.runtime.output.XmlOutput                                    : loaded 2 times (x 70B)
Class com.sun.xml.bind.v2.model.runtime.RuntimeReferencePropertyInfo                  : loaded 2 times (x 70B)
Class javax.xml.bind.annotation.XmlRootElement                                        : loaded 2 times (x 70B)
Class com.sun.xml.bind.v2.model.core.Ref                                              : loaded 2 times (x 72B)
Class com.sun.xml.bind.v2.model.runtime.RuntimeElementInfo                            : loaded 2 times (x 70B)
Class com.sun.xml.bind.v2.model.impl.RuntimeModelBuilder                              : loaded 2 times (x 100B)
Class com.google.common.reflect.TypeResolver                                          : loaded 2 times (x 72B)
Class com.google.gson.internal.bind.TypeAdapters$12                                   : loaded 2 times (x 75B)
Class [Lcom.google.gson.ToNumberStrategy;                                             : loaded 2 times (x 69B)
Class build_2vgxwk05xzolhywd7eyqqr1s0$_run_closure1$_closure3$_closure12$_closure13   : loaded 2 times (x 139B)
Class dagger.spi.internal.shaded.androidx.room.compiler.processing.XRawType           : loaded 2 times (x 70B)
Class dagger.internal.codegen.writing.UnscopedDirectInstanceRequestRepresentationFactory$1: loaded 2 times (x 71B)
Class com.squareup.kotlinpoet.AnnotationSpec                                          : loaded 2 times (x 77B)
Class com.google.common.reflect.Types$ClassOwnership$2                                : loaded 2 times (x 80B)
Class org.jetbrains.plugins.gradle.model.ClasspathEntryModel                          : loaded 2 times (x 70B)
Class dagger.internal.codegen.writing.ProviderInstanceRequestRepresentation_Factory_Impl: loaded 2 times (x 75B)
Class dagger.internal.codegen.writing.ComponentInstanceRequestRepresentation_Factory_Impl: loaded 2 times (x 75B)
Class dagger.internal.codegen.bindinggraphvalidation.DuplicateBindingsValidator$KeyWithTypeEquivalence: loaded 2 times (x 74B)
Class org.jetbrains.kotlin.idea.gradleTooling.KotlinDslScriptAdditionalTask           : loaded 2 times (x 70B)
Class dagger.internal.codegen.validation.DiagnosticMessageGenerator                   : loaded 2 times (x 72B)
Class dagger.spi.internal.shaded.androidx.room.compiler.codegen.XCodeBlock            : loaded 2 times (x 70B)
Class org.jetbrains.kotlin.idea.gradleTooling.model.kapt.KaptGradleModel              : loaded 2 times (x 70B)
Class org.gradle.internal.impldep.gnu.trove.PrimeFinder                               : loaded 2 times (x 71B)
Class dagger.internal.codegen.extension.Optionals                                     : loaded 2 times (x 71B)
Class dagger.internal.codegen.kotlin.ConstructorMetadata                              : loaded 2 times (x 77B)
Class dagger.internal.codegen.processingstep.ComponentHjarProcessingStep              : loaded 2 times (x 86B)
Class dagger.internal.codegen.binding.BindingNode$Factory                             : loaded 2 times (x 72B)
Class dagger.internal.codegen.processingstep.MapKeyProcessingStep_Factory             : loaded 2 times (x 82B)
Class [Lorg.jetbrains.org.objectweb.asm.Attribute;                                    : loaded 2 times (x 69B)
Class com.google.common.graph.Graphs                                                  : loaded 2 times (x 71B)
Class com.google.common.graph.MutableValueGraph                                       : loaded 2 times (x 70B)
Class dagger.spi.internal.shaded.androidx.room.compiler.processing.XFieldElement      : loaded 2 times (x 70B)
Class dagger.spi.internal.shaded.androidx.room.compiler.processing.XProcessingEnv$Companion: loaded 2 times (x 71B)
Class dagger.spi.internal.shaded.kotlin.metadata.jvm.internal.JvmFunctionExtension    : loaded 2 times (x 77B)
Class dagger.spi.internal.shaded.kotlin.metadata.internal.metadata.ProtoBuf$TypeTable$1: loaded 2 times (x 144B)
Class [Ldagger.spi.internal.shaded.kotlin.metadata.internal.protobuf.WireFormat$FieldType;: loaded 2 times (x 69B)
Class dagger.spi.internal.shaded.kotlin.metadata.internal.protobuf.WireFormat$FieldType: loaded 2 times (x 83B)
Class dagger.hilt.android.processor.internal.bindvalue.BindValueMetadata              : loaded 2 times (x 73B)
Class dagger.spi.internal.shaded.androidx.room.compiler.processing.javac.XTypeElementStore: loaded 2 times (x 72B)
Class dagger.spi.internal.shaded.androidx.room.compiler.processing.util.MemoizedSequence$delegateIterator$2: loaded 2 times (x 79B)
Class [Lorg.jetbrains.org.objectweb.asm.Type;                                         : loaded 2 times (x 69B)
Class org.jetbrains.kotlin.name.FqNameUnsafe                                          : loaded 2 times (x 72B)
Class com.android.ide.gradle.model.LegacyAndroidGradlePluginPropertiesModelParameters : loaded 2 times (x 70B)
Class org.jetbrains.plugins.gradle.model.ExternalSourceSet                            : loaded 2 times (x 70B)
Class com.amazon.ion.impl.bin.IonManagedBinaryWriter$SymbolState$2                    : loaded 2 times (x 80B)
Class com.amazon.ion.IonNull                                                          : loaded 2 times (x 70B)
Class org.jetbrains.plugins.gradle.model.ProjectImportModelProvider                   : loaded 2 times (x 70B)
Class com.intellij.gradle.toolingExtension.impl.model.warmUp.GradleTaskWarmUpRequest  : loaded 2 times (x 70B)
Class com.google.common.collect.HashBiMap$Inverse                                     : loaded 2 times (x 142B)
Class com.google.common.io.Closer$SuppressingSuppressor                               : loaded 2 times (x 75B)
Class com.google.common.util.concurrent.AbstractFuture$UnsafeAtomicHelper             : loaded 2 times (x 78B)
Class com.android.tools.build.jetifier.core.pom.PomDependency                         : loaded 2 times (x 72B)
Class com.sun.xml.bind.v2.runtime.unmarshaller.UnmarshallingContext                   : loaded 2 times (x 103B)
Class com.sun.xml.bind.v2.runtime.LifecycleMethods                                    : loaded 2 times (x 72B)
Class com.sun.xml.bind.v2.model.annotation.MethodLocatable                            : loaded 2 times (x 78B)
Class com.sun.xml.bind.v2.model.runtime.RuntimeMapPropertyInfo                        : loaded 2 times (x 70B)
Class com.sun.xml.bind.v2.model.nav.TypeVisitor                                       : loaded 2 times (x 76B)
Class dagger.spi.internal.shaded.com.google.auto.common.MoreElements                  : loaded 2 times (x 71B)
Class dagger.spi.internal.shaded.kotlin.metadata.internal.metadata.ProtoBuf$AnnotationOrBuilder: loaded 2 times (x 70B)
Class com.google.gson.internal.bind.DateTypeAdapter$1                                 : loaded 2 times (x 75B)
Class com.google.gson.internal.bind.TypeAdapters$13                                   : loaded 2 times (x 75B)
Class dagger.spi.internal.shaded.kotlin.metadata.KmValueParameter                     : loaded 2 times (x 72B)
Class build_2vgxwk05xzolhywd7eyqqr1s0$_run_closure1$_closure3$_closure12$_closure14   : loaded 2 times (x 139B)
Class dagger.spi.internal.shaded.kotlin.metadata.Visibility                           : loaded 2 times (x 79B)
Class dagger.internal.codegen.writing.ProductionBindingRepresentation$Factory         : loaded 2 times (x 70B)
Class com.google.common.collect.ConsumingQueueIterator                                : loaded 2 times (x 82B)
Class dagger.spi.internal.shaded.kotlin.metadata.internal.metadata.ProtoBuf$VersionRequirement$1: loaded 2 times (x 144B)
Class dagger.spi.internal.shaded.androidx.room.compiler.processing.javac.DefaultJavacType: loaded 2 times (x 185B)
Class dagger.internal.codegen.processingstep.BindingMethodProcessingStep_Factory      : loaded 2 times (x 82B)
Class [Ldagger.internal.codegen.model.BindingGraphPlugin;                             : loaded 2 times (x 69B)
Class dagger.internal.codegen.validation.BindingElementValidator$AllowsScoping        : loaded 2 times (x 79B)
Class dagger.internal.codegen.base.Formatter                                          : loaded 2 times (x 85B)
Class com.bumptech.glide.repackaged.com.squareup.javapoet.TypeVariableName            : loaded 2 times (x 79B)
Class com.bumptech.glide.repackaged.com.squareup.javapoet.TypeName                    : loaded 2 times (x 79B)
Class dagger.hilt.processor.internal.earlyentrypoint.AutoValue_AggregatedEarlyEntryPointMetadata: loaded 2 times (x 74B)
Class dagger.hilt.processor.internal.root.AutoValue_ComponentTreeDepsMetadata         : loaded 2 times (x 81B)
Class com.google.common.graph.ValueGraph                                              : loaded 2 times (x 70B)
Class dagger.spi.internal.shaded.kotlin.metadata.internal.protobuf.MessageLite        : loaded 2 times (x 70B)
Class dagger.spi.internal.shaded.androidx.room.compiler.processing.javac.JavacAnnotationValueKt: loaded 2 times (x 71B)
Class dagger.spi.internal.shaded.androidx.room.compiler.processing.javac.JavacMethodElement$kotlinMetadata$2: loaded 2 times (x 79B)
Class dagger.spi.internal.shaded.com.google.auto.common.AnnotationMirrors             : loaded 2 times (x 71B)
Class dagger.spi.internal.shaded.androidx.room.compiler.processing.XRoundEnv          : loaded 2 times (x 70B)
Class dagger.internal.codegen.ComponentProcessor                                      : loaded 2 times (x 98B)
Class com.amazon.ion.impl.bin.IonRawBinaryWriter$ContainerInfo                        : loaded 2 times (x 74B)
Class com.amazon.ion.impl.bin.IonManagedBinaryWriter$SymbolState$3                    : loaded 2 times (x 80B)
Class com.amazon.ion.impl.bin.IonRawBinaryWriter$StreamFlushMode                      : loaded 2 times (x 79B)
Class com.amazon.ion.IonBinaryWriter                                                  : loaded 2 times (x 70B)
Class com.intellij.gradle.toolingExtension.impl.model.sourceSetArtifactIndex.GradleSourceSetArtifactBuildRequest: loaded 2 times (x 70B)
Class com.google.common.collect.ImmutableSortedMap$1EntrySet                          : loaded 2 times (x 153B)
Class com.google.common.collect.Multimaps$CustomSetMultimap                           : loaded 2 times (x 178B)
Class com.android.builder.model.v2.models.ModelBuilderParameter                       : loaded 2 times (x 70B)
Class com.google.common.collect.Lists$TransformingRandomAccessList                    : loaded 2 times (x 199B)
Class org.gradle.api.internal.classpath.DefaultModuleRegistry                         : loaded 2 times (x 86B)
Class dagger.internal.codegen.binding.InjectionSiteFactory_Factory                    : loaded 2 times (x 82B)
Class dagger.internal.codegen.validation.ModuleValidator$ModuleMethodKind             : loaded 2 times (x 79B)
Class javax.xml.bind.Unmarshaller                                                     : loaded 2 times (x 70B)
Class dagger.internal.codegen.processingstep.ComponentProcessingStep_Factory          : loaded 2 times (x 82B)
Class dagger.internal.codegen.validation.SpiModelBindingGraphConverter$BindingNodeImpl: loaded 2 times (x 104B)
Class dagger.internal.codegen.writing.ComponentMethodRequestRepresentation_Factory_Impl: loaded 2 times (x 75B)
Class com.google.gson.internal.bind.NumberTypeAdapter$1                               : loaded 2 times (x 76B)
Class com.google.gson.internal.bind.TypeAdapters$1                                    : loaded 2 times (x 75B)
Class com.google.gson.internal.bind.TypeAdapters$14                                   : loaded 2 times (x 75B)
Class dagger.internal.codegen.writing.SetRequestRepresentation_Factory_Impl           : loaded 2 times (x 75B)
Class dagger.internal.codegen.writing.DirectInstanceBindingRepresentation$Factory     : loaded 2 times (x 70B)
Class [Ldagger.spi.internal.shaded.androidx.room.compiler.codegen.XFileSpec$Builder;  : loaded 2 times (x 69B)
Class dagger.spi.internal.shaded.androidx.room.compiler.codegen.XAnnotationSpec$Companion: loaded 2 times (x 71B)
Class dagger.internal.codegen.writing.BindingRepresentations_Factory                  : loaded 2 times (x 81B)
Class dagger.internal.codegen.writing.DelegatingFrameworkInstanceCreationExpression$Factory: loaded 2 times (x 70B)
Class dagger.internal.codegen.binding.$AutoValue_LegacyBindingGraphFactory_LegacyResolvedBindings: loaded 2 times (x 77B)
Class [Ldagger.internal.codegen.binding.BindingType;                                  : loaded 2 times (x 69B)
Class dagger.spi.internal.shaded.androidx.room.compiler.codegen.kotlin.KotlinAnnotationSpec: loaded 2 times (x 72B)
Class dagger.internal.codegen.bindinggraphvalidation.BindingGraphValidationModule     : loaded 2 times (x 70B)
Class dagger.internal.codegen.bindinggraphvalidation.MapMultibindingValidator         : loaded 2 times (x 85B)
Class dagger.internal.codegen.validation.BindsInstanceParameterValidator_Factory      : loaded 2 times (x 82B)
Class dagger.internal.codegen.compileroption.ProcessingEnvironmentCompilerOptions$KeyOnlyOption$1: loaded 2 times (x 86B)
Class dagger.spi.BindingGraphPlugin                                                   : loaded 2 times (x 70B)
Class androidx.room.util.SimpleJavaVersion                                            : loaded 2 times (x 75B)
Class com.google.common.collect.ImmutableSetMultimap$EntrySet                         : loaded 2 times (x 146B)
Class com.google.common.graph.AbstractGraphBuilder                                    : loaded 2 times (x 72B)
Class dagger.spi.internal.shaded.androidx.room.compiler.processing.javac.JavacMethodParameter$closestMemberContainer$2: loaded 2 times (x 79B)
Class dagger.spi.internal.shaded.kotlin.metadata.jvm.internal.JvmTypeExtension        : loaded 2 times (x 78B)
Class [Lorg.apache.commons.io.IOCase;                                                 : loaded 2 times (x 69B)
Class dagger.hilt.processor.internal.BadInputException                                : loaded 2 times (x 82B)
Class org.jetbrains.org.objectweb.asm.AnnotationWriter                                : loaded 2 times (x 78B)
Class org.jetbrains.kotlin.build.report.metrics.GradleBuildTime$Companion             : loaded 2 times (x 71B)
Class com.amazon.ion.impl.bin.IonManagedBinaryWriter$SymbolState$4                    : loaded 2 times (x 80B)
Class org.jetbrains.plugins.gradle.tooling.serialization.internal.IdeaProjectSerializationService$WriteContext$1: loaded 2 times (x 83B)
Class org.jetbrains.plugins.gradle.model.ExternalProject                              : loaded 2 times (x 70B)
Class org.apache.http.client.CredentialsProvider                                      : loaded 2 times (x 70B)
Class org.apache.http.message.AbstractHttpMessage                                     : loaded 2 times (x 108B)
Class com.google.common.util.concurrent.ListenableFuture                              : loaded 2 times (x 70B)
Class com.google.common.base.CharMatcher$Any                                          : loaded 2 times (x 112B)
Class com.sun.xml.bind.v2.runtime.JAXBContextImpl$JAXBContextBuilder                  : loaded 2 times (x 86B)
Class com.sun.xml.bind.v2.model.annotation.XmlSchemaQuick                             : loaded 2 times (x 95B)
Class com.sun.xml.bind.v2.runtime.Coordinator                                         : loaded 2 times (x 83B)
Class javax.xml.bind.ValidationEventHandler                                           : loaded 2 times (x 70B)
Class com.sun.xml.bind.v2.model.annotation.XmlRootElementQuick                        : loaded 2 times (x 92B)
Class com.sun.xml.bind.v2.runtime.NameBuilder                                         : loaded 2 times (x 72B)
Class com.sun.xml.bind.annotation.XmlLocation                                         : loaded 2 times (x 70B)
Class org.gradle.internal.service.UnknownServiceException                             : loaded 2 times (x 83B)
Class com.google.gson.internal.bind.TypeAdapters$2                                    : loaded 2 times (x 75B)
Class com.google.gson.internal.bind.TypeAdapters$15                                   : loaded 2 times (x 75B)
Class com.google.gson.internal.sql.SqlTypesSupport$1                                  : loaded 2 times (x 74B)
Class com.google.common.base.AbstractIterator$State                                   : loaded 2 times (x 79B)
Class [Lcom.squareup.kotlinpoet.Import;                                               : loaded 2 times (x 69B)
Class com.squareup.kotlinpoet.TypeVariableName                                        : loaded 2 times (x 86B)
Class dagger.internal.codegen.validation.AutoValue_SpiModelBindingGraphConverter_DependencyEdgeImpl: loaded 2 times (x 79B)
Class dagger.spi.internal.shaded.androidx.room.compiler.processing.javac.kotlin.KmConstructorContainer: loaded 2 times (x 100B)
Class dagger.internal.codegen.binding.MultiboundMapBinding                            : loaded 2 times (x 90B)
Class com.google.common.collect.FilteredEntryMultimap                                 : loaded 2 times (x 155B)
Class dagger.spi.internal.shaded.androidx.room.compiler.processing.XEnumTypeElement   : loaded 2 times (x 70B)
Class dagger.internal.codegen.binding.LegacyBindingGraphFactory                       : loaded 2 times (x 72B)
Class dagger.internal.codegen.compileroption.ProcessingEnvironmentCompilerOptions$KeyOnlyOption$2: loaded 2 times (x 86B)
Class com.google.common.util.concurrent.AbstractFuture$SafeAtomicHelper               : loaded 2 times (x 79B)
Class com.bumptech.glide.annotation.GlideExtension                                    : loaded 2 times (x 70B)
Class dagger.hilt.processor.internal.aliasof.AutoValue_AliasOfPropagatedDataMetadata  : loaded 2 times (x 75B)
Class [Lorg.objectweb.asm.AnnotationVisitor;                                          : loaded 2 times (x 69B)
Class com.google.common.graph.MapRetrievalCache                                       : loaded 2 times (x 75B)
Class dagger.hilt.processor.internal.root.$AutoValue_AggregatedRootMetadata           : loaded 2 times (x 82B)
Class dagger.spi.internal.shaded.kotlin.metadata.internal.metadata.ProtoBuf$Modality$1: loaded 2 times (x 74B)
Class dagger.spi.internal.shaded.kotlin.metadata.jvm.JvmMetadataVersion               : loaded 2 times (x 74B)
Class dagger.spi.internal.shaded.kotlin.metadata.internal.protobuf.GeneratedMessageLite$ExtendableMessageOrBuilder: loaded 2 times (x 70B)
Class com.google.common.collect.MapMakerInternalMap$Strength$2                        : loaded 2 times (x 80B)
Class com.google.common.reflect.Types$ClassOwnership$1                                : loaded 2 times (x 80B)
Class org.gradle.internal.impldep.gnu.trove.TObjectHash$NULL                          : loaded 2 times (x 71B)
Class androidx.room.compiler.processing.javac.JavacBasicAnnotationProcessor           : loaded 2 times (x 98B)
Class com.amazon.ion.impl.bin.utf8.Pool                                               : loaded 2 times (x 74B)
Class com.amazon.ion.impl._Private_SymtabExtendsCache                                 : loaded 2 times (x 72B)
Class org.jetbrains.plugins.gradle.tooling.serialization.internal.IdeaProjectSerializationService$WriteContext$2: loaded 2 times (x 83B)
Class [Lcom.android.builder.model.v2.ide.CodeShrinker;                                : loaded 2 times (x 69B)
Class com.google.common.util.concurrent.AbstractFuture                                : loaded 2 times (x 106B)
Class com.sun.xml.bind.v2.runtime.unmarshaller.IntData                                : loaded 2 times (x 89B)
Class android.databinding.tool.store.ResourceBundle$BindingTargetBundle$BindingBundle : loaded 2 times (x 82B)
Class javax.xml.bind.annotation.XmlSeeAlso                                            : loaded 2 times (x 70B)
Class com.sun.xml.bind.v2.model.core.PropertyKind                                     : loaded 2 times (x 79B)
Class [Lcom.sun.xml.bind.v2.model.impl.ClassInfoImpl$PropertyGroup;                   : loaded 2 times (x 69B)
Class com.sun.xml.bind.v2.runtime.unmarshaller.Receiver                               : loaded 2 times (x 70B)
Class [Lcom.sun.xml.bind.v2.model.annotation.Quick;                                   : loaded 2 times (x 69B)
Class com.amazon.ion.impl.lite.IonBoolLite                                            : loaded 2 times (x 178B)
Class com.google.gson.internal.bind.TypeAdapters$16                                   : loaded 2 times (x 75B)
Class com.google.gson.internal.bind.TypeAdapters$3                                    : loaded 2 times (x 75B)
Class com.google.gson.internal.sql.SqlTypesSupport$2                                  : loaded 2 times (x 74B)
Class net.ltgt.gradle.incap.IncrementalAnnotationProcessorType                        : loaded 2 times (x 79B)
Class dagger.internal.codegen.binding.AnnotationExpression                            : loaded 2 times (x 72B)
Class [Ldagger.internal.codegen.writing.ComponentCreatorImplementationFactory$RequirementStatus;: loaded 2 times (x 69B)
Class dagger.internal.codegen.writing.ComponentImplementation$ChildComponentImplementationFactory: loaded 2 times (x 70B)
Class dagger.internal.codegen.writing.InjectionOrProvisionProviderCreationExpression_Factory: loaded 2 times (x 72B)
Class dagger.internal.codegen.writing.DerivedFromFrameworkInstanceRequestRepresentation$Factory: loaded 2 times (x 70B)
Class dagger.internal.codegen.DaggerDelegateComponentProcessor_Injector$CurrentImplementationSubcomponentBuilder: loaded 2 times (x 79B)
Class dagger.spi.model.DaggerAnnotation                                               : loaded 2 times (x 75B)
Class dagger.spi.model.RequestKind                                                    : loaded 2 times (x 79B)
Class dagger.spi.internal.shaded.androidx.room.compiler.processing.XElementKt         : loaded 2 times (x 71B)
Class com.google.common.collect.AbstractMultiset$ElementSet                           : loaded 2 times (x 138B)
Class dagger.internal.codegen.binding.AutoValue_BindingRequest                        : loaded 2 times (x 75B)
Class dagger.internal.codegen.binding.AutoValue_InjectionBinding                      : loaded 2 times (x 94B)
Class dagger.internal.codegen.binding.$AutoValue_ComponentBinding                     : loaded 2 times (x 91B)
Class dagger.internal.codegen.binding.OptionalBinding                                 : loaded 2 times (x 91B)
Class dagger.spi.internal.shaded.kotlin.metadata.internal.metadata.ProtoBuf$Type      : loaded 2 times (x 145B)
Class dagger.spi.internal.shaded.androidx.room.compiler.processing.javac.JavacMethodType$typeVariables$2: loaded 2 times (x 79B)
Class dagger.internal.codegen.processingstep.LazyClassKeyProcessingStep_Factory       : loaded 2 times (x 82B)
Class dagger.internal.codegen.DelegateComponentProcessor_SourceFileGeneratorsModule_ProducerFactoryGeneratorFactory: loaded 2 times (x 82B)
Class dagger.internal.codegen.validation.BindsInstanceElementValidator                : loaded 2 times (x 78B)
Class dagger.internal.codegen.validation.BindsMethodValidator                         : loaded 2 times (x 78B)
Class dagger.internal.codegen.processingstep.TypeCheckingProcessingStep_MembersInjector: loaded 2 times (x 75B)
Class dagger.internal.codegen.bindinggraphvalidation.DuplicateBindingsValidator_Factory: loaded 2 times (x 82B)
Class dagger.hilt.processor.internal.definecomponent.AutoValue_DefineComponentClassesMetadata: loaded 2 times (x 76B)
Class dagger.spi.internal.shaded.androidx.room.compiler.processing.javac.kotlin.KmClassContainer$functionByDescriptor$2: loaded 2 times (x 79B)
Class dagger.spi.internal.shaded.kotlin.metadata.internal.metadata.deserialization.Flags: loaded 2 times (x 71B)
Class dagger.hilt.processor.internal.aggregateddeps.AutoValue_ComponentDependencies$Builder: loaded 2 times (x 76B)
Class dagger.spi.internal.shaded.androidx.room.compiler.processing.javac.JavacTypeElement$enclosingTypeElement$2: loaded 2 times (x 79B)
Class dagger.spi.internal.shaded.androidx.room.compiler.processing.javac.JavacProcessingEnv: loaded 2 times (x 121B)
Class kotlin.io.FileTreeWalk$FileTreeWalkIterator$SingleFileState                     : loaded 2 times (x 74B)
Class com.android.ide.gradle.model.artifacts.AdditionalClassifierArtifacts            : loaded 2 times (x 70B)
Class com.amazon.ion.impl._Private_IonSymbol                                          : loaded 2 times (x 70B)
Class com.amazon.ion.impl.lite.IonValueLite                                           : loaded 2 times (x 147B)
Class com.amazon.ion.IonContainer                                                     : loaded 2 times (x 70B)
Class com.amazon.ion.impl.bin.PooledBlockAllocatorProvider                            : loaded 2 times (x 73B)
Class org.jetbrains.plugins.gradle.tooling.serialization.AnnotationProcessingModelSerializationService$ReadContext: loaded 2 times (x 72B)
Class org.jetbrains.plugins.gradle.tooling.serialization.internal.IdeaProjectSerializationService$WriteContext$3: loaded 2 times (x 83B)
Class com.google.common.io.CharStreams                                                : loaded 2 times (x 71B)
Class com.google.common.reflect.TypeResolver$TypeTable                                : loaded 2 times (x 73B)
Class org.apache.http.client.methods.AbortableHttpRequest                             : loaded 2 times (x 70B)
Class org.objectweb.asm.RecordComponentVisitor                                        : loaded 2 times (x 77B)
Class org.gradle.util.internal.DefaultGradleVersion$Stage                             : loaded 2 times (x 75B)
Class com.sun.xml.bind.v2.runtime.unmarshaller.SAXConnector$TagNameImpl               : loaded 2 times (x 75B)
Class javax.xml.bind.JAXBElement                                                      : loaded 2 times (x 81B)
Class javax.xml.bind.annotation.XmlAccessorOrder                                      : loaded 2 times (x 70B)
Class android.databinding.tool.processing.scopes.FileScopeProvider                    : loaded 2 times (x 70B)
Class org.apache.commons.io.file.AccumulatorPathVisitor                               : loaded 2 times (x 95B)
Class dagger.internal.codegen.binding.AssistedInjectionBinding                        : loaded 2 times (x 92B)
Class com.google.gson.internal.bind.TypeAdapters$17                                   : loaded 2 times (x 75B)
Class com.google.gson.internal.bind.TypeAdapters$4                                    : loaded 2 times (x 75B)
Class dagger.internal.codegen.xprocessing.AutoValue_Nullability                       : loaded 2 times (x 76B)
Class dagger.internal.codegen.binding.AutoValue_ComponentDescriptor_ComponentMethodDescriptor$Builder: loaded 2 times (x 78B)
Class dagger.spi.internal.shaded.androidx.room.compiler.codegen.compat.XConverters    : loaded 2 times (x 71B)
Class dagger.spi.internal.shaded.kotlin.metadata.internal.metadata.ProtoBuf$Expression$ConstantValue$1: loaded 2 times (x 74B)
Class dagger.internal.codegen.writing.FrameworkInstanceBindingRepresentation          : loaded 2 times (x 72B)
Class dagger.internal.codegen.writing.DelegateRequestRepresentation                   : loaded 2 times (x 74B)
Class dagger.internal.codegen.writing.ProducerFromProviderCreationExpression_Factory  : loaded 2 times (x 71B)
Class dagger.internal.codegen.writing.ProducerCreationExpression$Factory              : loaded 2 times (x 70B)
Class dagger.internal.codegen.binding.$AutoValue_BindingGraph                         : loaded 2 times (x 82B)
Class dagger.spi.model.BindingGraph$MissingBinding                                    : loaded 2 times (x 82B)
Class dagger.internal.codegen.base.OptionalType$OptionalKind                          : loaded 2 times (x 79B)
Class dagger.spi.internal.shaded.androidx.room.compiler.processing.javac.JavacMethodType$Companion: loaded 2 times (x 71B)
Class dagger.internal.codegen.writing.OptionalFactoryInstanceCreationExpression_Factory: loaded 2 times (x 72B)
Class dagger.internal.codegen.base.RequestKinds                                       : loaded 2 times (x 71B)
Class dagger.spi.internal.shaded.androidx.room.compiler.codegen.XPropertySpec$Builder : loaded 2 times (x 70B)
Class dagger.internal.codegen.validation.SpiModelBindingGraphConverter                : loaded 2 times (x 71B)
Class dagger.internal.codegen.binding.AutoValue_ModuleDescriptor                      : loaded 2 times (x 86B)
Class dagger.internal.codegen.compileroption.ValidationType                           : loaded 2 times (x 79B)
Class dagger.hilt.processor.internal.aggregateddeps.ComponentDependencies             : loaded 2 times (x 74B)
Class com.google.common.graph.StandardValueGraph                                      : loaded 2 times (x 146B)
Class dagger.spi.internal.shaded.androidx.room.compiler.processing.javac.VisitorData  : loaded 2 times (x 72B)
Class com.squareup.kotlinpoet.UtilKt                                                  : loaded 2 times (x 71B)
Class androidx.room.RoomProcessor                                                     : loaded 2 times (x 98B)
Class dagger.hilt.processor.internal.JavacBaseProcessingStepProcessor                 : loaded 2 times (x 100B)
Class org.jetbrains.kotlin.idea.gradleTooling.AndroidAwareGradleModelProvider         : loaded 2 times (x 79B)
Class org.jetbrains.plugins.gradle.tooling.serialization.internal.IdeaProjectSerializationService$WriteContext$4: loaded 2 times (x 83B)
Class com.intellij.gradle.toolingExtension.impl.model.sourceSetDependencyModel.GradleSourceSetDependencySerialisationService$Companion: loaded 2 times (x 71B)
Class com.google.common.reflect.TypeResolver$TypeTable$1                              : loaded 2 times (x 73B)
Class kotlin.text.MatchNamedGroupCollection                                           : loaded 2 times (x 70B)
Class org.gradle.internal.time.MonotonicClock                                         : loaded 2 times (x 77B)
Class org.gradle.internal.service.ServiceLookupException                              : loaded 2 times (x 82B)
Class dagger.internal.codegen.writing.SimpleMethodRequestRepresentation               : loaded 2 times (x 74B)
Class com.sun.xml.bind.v2.runtime.reflect.PrimitiveArrayListerCharacter               : loaded 2 times (x 76B)
Class com.sun.xml.bind.v2.runtime.reflect.Lister$IDREFS                               : loaded 2 times (x 77B)
Class com.sun.xml.bind.v2.model.core.TypeRef                                          : loaded 2 times (x 70B)
Class com.sun.xml.bind.v2.model.impl.FieldPropertySeed                                : loaded 2 times (x 90B)
Class com.sun.xml.bind.v2.model.annotation.Quick                                      : loaded 2 times (x 88B)
Class com.sun.xml.bind.v2.runtime.ArrayBeanInfoImpl                                   : loaded 2 times (x 89B)
Class com.google.gson.annotations.JsonAdapter                                         : loaded 2 times (x 70B)
Class com.google.gson.internal.bind.SerializationDelegatingTypeAdapter                : loaded 2 times (x 74B)
Class com.google.gson.internal.bind.TypeAdapters$18                                   : loaded 2 times (x 75B)
Class com.google.gson.internal.bind.TypeAdapters$5                                    : loaded 2 times (x 75B)
Class dagger.internal.codegen.writing.InjectionMethods$1                              : loaded 2 times (x 71B)
Class dagger.internal.codegen.writing.OptionalRequestRepresentation                   : loaded 2 times (x 74B)
Class dagger.internal.codegen.xprocessing.XAnnotationSpecs$Suppression                : loaded 2 times (x 79B)
Class dagger.internal.codegen.writing.OptionalRequestRepresentation_Factory_Impl      : loaded 2 times (x 75B)
Class com.google.gson.internal.LinkedTreeMap$Node                                     : loaded 2 times (x 79B)
Class com.sun.xml.bind.v2.runtime.JAXBContextImpl$6                                   : loaded 2 times (x 91B)
Class dagger.internal.codegen.binding.$AutoValue_SubcomponentCreatorBinding           : loaded 2 times (x 91B)
Class dagger.internal.codegen.validation.SpiModelBindingGraphConverter$1              : loaded 2 times (x 71B)
Class dagger.internal.codegen.writing.FactoryGenerator_Factory                        : loaded 2 times (x 82B)
Class dagger.internal.codegen.binding.InjectionAnnotations                            : loaded 2 times (x 72B)
Class dagger.internal.codegen.binding.DependencyRequestFormatter_Factory              : loaded 2 times (x 82B)
Class com.bumptech.glide.repackaged.com.google.common.collect.ImmutableCollection     : loaded 2 times (x 123B)
Class com.sun.xml.bind.v2.model.runtime.RuntimeTypeRef                                : loaded 2 times (x 70B)
Class dagger.spi.internal.shaded.kotlin.metadata.Attributes$visibility$10             : loaded 2 times (x 137B)
Class com.sun.xml.bind.v2.runtime.property.SingleMapNodeProperty                      : loaded 2 times (x 102B)
Class dagger.spi.internal.shaded.kotlin.metadata.jvm.internal.JvmMetadataExtensions   : loaded 2 times (x 103B)
Class dagger.spi.internal.shaded.kotlin.metadata.internal.protobuf.Internal$EnumLite  : loaded 2 times (x 70B)
Class dagger.spi.internal.shaded.androidx.room.compiler.processing.javac.JavacDeclaredType$equalityItems$2: loaded 2 times (x 79B)
Class com.squareup.kotlinpoet.TypeName$cachedString$2                                 : loaded 2 times (x 79B)
Class com.amazon.ion.BufferConfiguration$Builder                                      : loaded 2 times (x 78B)
Class org.jetbrains.plugins.gradle.tooling.serialization.internal.IdeaProjectSerializationService$WriteContext$5: loaded 2 times (x 83B)
Class com.intellij.gradle.toolingExtension.impl.model.sourceSetDependencyModel.GradleSourceSetDependencySerialisationService$SourceSetDependencyModelWriteContext: loaded 2 times (x 72B)
Class org.gradle.api.internal.ClassPathProvider                                       : loaded 2 times (x 70B)
Class com.google.common.base.CharMatcher$JavaLetter                                   : loaded 2 times (x 111B)
Class [Lkotlin.sequences.Sequence;                                                    : loaded 2 times (x 69B)
Class kotlin.sequences.SequencesKt___SequencesKt$sortedWith$1                         : loaded 2 times (x 75B)
Class org.gradle.internal.classloader.ClassLoaderFactory                              : loaded 2 times (x 70B)
Class [Lorg.gradle.api.internal.ClassPathProvider;                                    : loaded 2 times (x 69B)
Class com.sun.xml.bind.v2.runtime.reflect.PrimitiveArrayListerByte                    : loaded 2 times (x 76B)
Class com.sun.xml.bind.v2.runtime.property.SingleReferenceNodeProperty$1              : loaded 2 times (x 85B)
Class com.sun.xml.bind.v2.runtime.unmarshaller.XsiNilLoader                           : loaded 2 times (x 80B)
Class javax.xml.bind.MarshalException                                                 : loaded 2 times (x 85B)
Class org.apache.commons.io.function.IOBiFunction                                     : loaded 2 times (x 70B)
Class [Lorg.apache.commons.io.FileSystem;                                             : loaded 2 times (x 69B)
Class org.apache.commons.io.CloseableURLConnection                                    : loaded 2 times (x 117B)
Class com.google.gson.internal.bind.ReflectiveTypeAdapterFactory$FieldReflectionAdapter: loaded 2 times (x 77B)
Class com.google.gson.internal.bind.TypeAdapters$19                                   : loaded 2 times (x 75B)
Class com.google.gson.internal.bind.TypeAdapters$6                                    : loaded 2 times (x 75B)
Class dagger.internal.codegen.writing.StaticFactoryInstanceSupplier                   : loaded 2 times (x 75B)
Class dagger.internal.codegen.writing.FrameworkInstanceBindingRepresentation_Factory_Impl: loaded 2 times (x 75B)
Class dagger.internal.codegen.writing.ComponentMethodRequestRepresentation_Factory    : loaded 2 times (x 72B)
Class dagger.internal.codegen.DaggerDelegateComponentProcessor_Injector$TopLevelImplementationComponentImpl: loaded 2 times (x 75B)
Class com.google.devtools.ksp.symbol.KSExpectActual                                   : loaded 2 times (x 70B)
Class kotlin.text.MatchResult                                                         : loaded 2 times (x 70B)
Class dagger.internal.codegen.model.DependencyRequest                                 : loaded 2 times (x 75B)
Class dagger.internal.codegen.validation.ProducesMethodValidator$Validator            : loaded 2 times (x 80B)
Class dagger.internal.codegen.processingstep.MonitoringModuleGenerator_Factory        : loaded 2 times (x 82B)
Class dagger.internal.codegen.validation.InjectValidator_Factory                      : loaded 2 times (x 82B)
Class dagger.spi.model.BindingGraphPlugin                                             : loaded 2 times (x 70B)
Class [Landroidx.room.processor.Context$ProcessorOptions;                             : loaded 2 times (x 69B)
Class com.bumptech.glide.repackaged.com.squareup.javapoet.ClassName                   : loaded 2 times (x 82B)
Class com.google.common.base.Utf8                                                     : loaded 2 times (x 71B)
Class org.apache.http.HttpEntityEnclosingRequest                                      : loaded 2 times (x 70B)
Class dagger.spi.internal.shaded.kotlin.metadata.Attributes$isNegated$2               : loaded 2 times (x 137B)
Class dagger.spi.internal.shaded.kotlin.metadata.Attributes$hasAnnotations$22         : loaded 2 times (x 137B)
Class com.android.builder.model.v2.models.BasicAndroidProject                         : loaded 2 times (x 70B)
Class dagger.spi.internal.shaded.androidx.room.compiler.codegen.XClassName            : loaded 2 times (x 75B)
Class com.amazon.ion.impl.bin.IntList                                                 : loaded 2 times (x 77B)
Class com.amazon.ion.impl._Private_RecyclingQueue$ElementIterator                     : loaded 2 times (x 82B)
Class com.amazon.ion.impl.lite._Private_LiteDomTrampoline                             : loaded 2 times (x 71B)
Class com.amazon.ion.IonType                                                          : loaded 2 times (x 79B)
Class org.jetbrains.plugins.gradle.tooling.serialization.internal.IdeaProjectSerializationService$WriteContext$6: loaded 2 times (x 83B)
Class org.jetbrains.plugins.gradle.tooling.util.IntObjectMap                          : loaded 2 times (x 73B)
Class com.google.common.collect.ImmutableMap$SerializedForm                           : loaded 2 times (x 73B)
Class com.android.builder.model.v2.ide.LibraryInfo                                    : loaded 2 times (x 70B)
Class org.gradle.internal.service.CachingServiceLocator                               : loaded 2 times (x 82B)
Class com.google.common.collect.MapMakerInternalMap$Strength$1                        : loaded 2 times (x 80B)
Class org.apache.commons.io.filefilter.ConditionalFileFilter                          : loaded 2 times (x 70B)
Class com.google.gson.internal.$Gson$Preconditions                                    : loaded 2 times (x 71B)
Class com.google.gson.annotations.SerializedName                                      : loaded 2 times (x 70B)
Class com.google.gson.internal.bind.TypeAdapters$7                                    : loaded 2 times (x 75B)
Class com.amazon.ion.SymbolToken                                                      : loaded 2 times (x 70B)
Class [Ldagger.internal.codegen.xprocessing.XTypeSpecs$Builder$Kind;                  : loaded 2 times (x 69B)
Class dagger.internal.codegen.validation.AutoValue_SpiModelBindingGraphConverter_BindingNodeImpl: loaded 2 times (x 105B)
Class dagger.spi.model.BindingGraph                                                   : loaded 2 times (x 95B)
Class com.amazon.ion.impl.bin.IonRawBinaryWriter                                      : loaded 2 times (x 169B)
Class dagger.spi.internal.shaded.androidx.room.compiler.processing.XPackageElement    : loaded 2 times (x 70B)
Class dagger.internal.codegen.binding.MembersInjectionBinding$InjectionSite$Kind      : loaded 2 times (x 79B)
Class dagger.internal.codegen.binding.AutoValue_MembersInjectionBinding_InjectionSite : loaded 2 times (x 77B)
Class dagger.internal.codegen.binding.MembersInjectionBinding$InjectionSite           : loaded 2 times (x 76B)
Class com.amazon.ion.impl.SharedSymbolTable                                           : loaded 2 times (x 93B)
Class dagger.internal.codegen.validation.DiagnosticReporterFactory_Factory            : loaded 2 times (x 82B)
Class com.amazon.ion.impl._Private_RecyclingStack$$Iterator                           : loaded 2 times (x 99B)
Class androidx.room.RoomProcessor$1                                                   : loaded 2 times (x 78B)
Class [Ldagger.hilt.processor.internal.root.RootType;                                 : loaded 2 times (x 69B)
Class dagger.spi.internal.shaded.kotlin.metadata.internal.metadata.jvm.JvmProtoBuf$StringTableTypes$Record: loaded 2 times (x 119B)
Class dagger.spi.internal.shaded.kotlin.metadata.internal.protobuf.CodedOutputStream  : loaded 2 times (x 72B)
Class dagger.spi.internal.shaded.kotlin.metadata.internal.metadata.ProtoBuf$TypeParameter$Variance$1: loaded 2 times (x 74B)
Class dagger.spi.internal.shaded.kotlin.metadata.internal.protobuf.MessageLite$Builder: loaded 2 times (x 70B)
Class com.squareup.javapoet.WildcardTypeName                                          : loaded 2 times (x 81B)
Class dagger.spi.internal.shaded.androidx.room.compiler.codegen.XClassNameKt          : loaded 2 times (x 71B)
Class dagger.spi.internal.shaded.androidx.room.compiler.processing.javac.JavacElement : loaded 2 times (x 177B)
Class dagger.hilt.processor.internal.root.Root                                        : loaded 2 times (x 77B)
Class dagger.spi.internal.shaded.androidx.room.compiler.processing.javac.JavacProcessingEnv$typeElementStore$1: loaded 2 times (x 79B)
Class androidx.room.compiler.processing.javac.JavacBasicAnnotationProcessor$steps$2   : loaded 2 times (x 79B)
Class dagger.hilt.processor.internal.generatesrootinput.GeneratesRootInputProcessor   : loaded 2 times (x 100B)
Class dagger.hilt.processor.internal.root.RootProcessor                               : loaded 2 times (x 100B)
Class dagger.spi.internal.shaded.androidx.room.compiler.processing.javac.JavacBasicAnnotationProcessor$xEnv$2: loaded 2 times (x 79B)
Class com.amazon.ion.impl.lite.ValueFactoryLite                                       : loaded 2 times (x 218B)
Class org.jetbrains.plugins.gradle.tooling.serialization.internal.IdeaProjectSerializationService$WriteContext$7: loaded 2 times (x 83B)
Class org.jetbrains.plugins.gradle.model.RepositoryModels                             : loaded 2 times (x 70B)
Class kotlin.collections.AbstractList$SubList                                         : loaded 2 times (x 198B)
Class kotlin.properties.ReadOnlyProperty                                              : loaded 2 times (x 70B)
Class android.databinding.tool.ext.Replacement                                        : loaded 2 times (x 72B)
Class com.sun.xml.bind.v2.runtime.reflect.TransducedAccessor$CompositeContextDependentTransducedAccessorImpl: loaded 2 times (x 79B)
Class com.sun.xml.bind.v2.model.impl.RuntimeAttributePropertyInfoImpl                 : loaded 2 times (x 144B)
Class com.sun.xml.bind.v2.runtime.reflect.Accessor                                    : loaded 2 times (x 85B)
Class com.sun.xml.bind.api.AccessorException                                          : loaded 2 times (x 82B)
Class [Ldagger.spi.internal.shaded.kotlin.metadata.internal.protobuf.WireFormat$JavaType;: loaded 2 times (x 69B)
Class org.apache.commons.io.file.Counters$AbstractPathCounters                        : loaded 2 times (x 82B)
Class org.apache.commons.io.filefilter.FileEqualsFileFilter                           : loaded 2 times (x 116B)
Class dagger.spi.internal.shaded.kotlin.metadata.internal.protobuf.Internal$EnumLiteMap: loaded 2 times (x 70B)
Class com.google.gson.internal.bind.CollectionTypeAdapterFactory$Adapter              : loaded 2 times (x 74B)
Class com.google.gson.internal.bind.TypeAdapters$8                                    : loaded 2 times (x 75B)
Class dagger.spi.internal.shaded.kotlin.metadata.jvm.internal.JvmClassExtension$Companion: loaded 2 times (x 71B)
Class dagger.spi.internal.shaded.androidx.room.compiler.codegen.kotlin.KotlinCodeBlock$Builder: loaded 2 times (x 88B)
Class dagger.spi.internal.shaded.androidx.room.compiler.codegen.kotlin.KotlinPropertySpec$Builder: loaded 2 times (x 77B)
Class dagger.internal.codegen.writing.SwitchingProviderInstanceSupplier_Factory       : loaded 2 times (x 72B)
Class dagger.internal.codegen.writing.SimpleMethodRequestRepresentation_Factory_Impl  : loaded 2 times (x 75B)
Class dagger.spi.model.Scope                                                          : loaded 2 times (x 72B)
Class dagger.internal.codegen.model.BindingGraph$MissingBinding                       : loaded 2 times (x 82B)
Class dagger.internal.codegen.model.BindingGraph$ComponentNode                        : loaded 2 times (x 70B)
Class dagger.internal.codegen.binding.AutoValue_BindingNode                           : loaded 2 times (x 109B)
Class dagger.internal.codegen.binding.ErrorMessages$Messages                          : loaded 2 times (x 72B)
Class dagger.internal.codegen.model.AutoValue_Key                                     : loaded 2 times (x 80B)
Class dagger.internal.codegen.kotlin.KotlinMetadata                                   : loaded 2 times (x 78B)
Class dagger.spi.internal.shaded.kotlin.metadata.internal.BooleanFlagDelegate         : loaded 2 times (x 72B)
Class dagger.internal.codegen.writing.ProducerFactoryGenerator                        : loaded 2 times (x 77B)
Class dagger.internal.codegen.compileroption.ProcessingEnvironmentCompilerOptions$KeyOnlyOption: loaded 2 times (x 86B)
Class com.bumptech.glide.annotation.compiler.RequestManagerFactoryGenerator           : loaded 2 times (x 72B)
Class dagger.hilt.processor.internal.definecomponent.DefineComponentBuilderMetadatas$DefineComponentBuilderMetadata: loaded 2 times (x 74B)
Class dagger.spi.internal.shaded.androidx.room.compiler.processing.KnownTypeNames     : loaded 2 times (x 71B)
Class dagger.spi.internal.shaded.kotlin.metadata.KmClassifier$Class                   : loaded 2 times (x 72B)
Class dagger.spi.internal.shaded.kotlin.metadata.internal.metadata.jvm.JvmProtoBuf$StringTableTypes: loaded 2 times (x 110B)
Class dagger.spi.internal.shaded.kotlin.metadata.internal.protobuf.SmallSortedMap$1   : loaded 2 times (x 130B)
Class dagger.spi.internal.shaded.androidx.room.compiler.processing.javac.ElementExtKt : loaded 2 times (x 71B)
Class dagger.spi.internal.shaded.kotlin.metadata.Attributes$modality$2                : loaded 2 times (x 137B)
Class dagger.spi.internal.shaded.androidx.room.compiler.processing.javac.AnnotationMirrorExtKt: loaded 2 times (x 71B)
Class dagger.spi.internal.shaded.androidx.room.compiler.processing.javac.JavacProcessingEnv$typeElementStore$2: loaded 2 times (x 78B)
Class dagger.hilt.processor.internal.definecomponent.DefineComponentProcessingStep    : loaded 2 times (x 86B)
Class org.jetbrains.kotlin.build.report.metrics.BuildTime                             : loaded 2 times (x 70B)
Class com.amazon.ion.impl.bin.WriteBuffer                                             : loaded 2 times (x 78B)
Class com.amazon.ion.impl.bin.IonManagedBinaryWriter                                  : loaded 2 times (x 166B)
Class org.jetbrains.plugins.gradle.tooling.serialization.internal.IdeaProjectSerializationService$WriteContext$8: loaded 2 times (x 83B)
Class com.google.common.reflect.Types$TypeVariableInvocationHandler                   : loaded 2 times (x 75B)
Class [Lcom.google.common.collect.HashBiMap$BiEntry;                                  : loaded 2 times (x 69B)
Class com.google.common.collect.MapMakerInternalMap$InternalEntry                     : loaded 2 times (x 70B)
Class org.objectweb.asm.commons.InstructionAdapter                                    : loaded 2 times (x 188B)
Class com.google.common.base.CharMatcher$JavaDigit                                    : loaded 2 times (x 111B)
Class [Lorg.gradle.api.JavaVersion;                                                   : loaded 2 times (x 69B)
Class org.gradle.tooling.model.idea.IdeaDependencyScope                               : loaded 2 times (x 70B)
Class org.gradle.internal.time.TimeSource                                             : loaded 2 times (x 70B)
Class org.gradle.tooling.model.kotlin.dsl.KotlinDslScriptsModel                       : loaded 2 times (x 70B)
Class com.google.common.graph.ElementOrder$1                                          : loaded 2 times (x 71B)
Class com.sun.xml.bind.v2.runtime.reflect.Lister$1                                    : loaded 2 times (x 76B)
Class android.databinding.tool.store.Location                                         : loaded 2 times (x 78B)
Class com.sun.xml.bind.v2.model.nav.ReflectionNavigator$1                             : loaded 2 times (x 81B)
Class com.sun.xml.bind.v2.util.TypeCast                                               : loaded 2 times (x 71B)
Class dagger.internal.codegen.processingstep.SuperficialValidator                     : loaded 2 times (x 75B)
Class dagger.internal.codegen.processingstep.AssistedFactoryProcessingStep            : loaded 2 times (x 86B)
Class com.google.gson.internal.bind.TypeAdapters$9                                    : loaded 2 times (x 75B)
Class android.databinding.tool.LibTypes$viewBinding$2                                 : loaded 2 times (x 79B)
Class dagger.internal.codegen.componentgenerator.ComponentGeneratorModule             : loaded 2 times (x 70B)
Class dagger.internal.codegen.kotlin.AutoValue_KotlinMetadata                         : loaded 2 times (x 80B)
Class dagger.internal.codegen.writing.MembersInjectionBindingRepresentation           : loaded 2 times (x 75B)
Class dagger.hilt.processor.internal.DaggerModelsKt$WhenMappings                      : loaded 2 times (x 71B)
Class dagger.internal.codegen.validation.SpiModelBindingGraphConverter$SubcomponentCreatorBindingEdgeImpl: loaded 2 times (x 76B)
Class dagger.internal.codegen.extension.DaggerGraphs                                  : loaded 2 times (x 71B)
Class com.google.common.graph.NetworkConnections                                      : loaded 2 times (x 70B)
Class [Ldagger.spi.internal.shaded.androidx.room.compiler.processing.XType;           : loaded 2 times (x 69B)
Class [Ldagger.spi.internal.shaded.androidx.room.compiler.processing.XAnnotated;      : loaded 2 times (x 69B)
Class dagger.internal.codegen.model.DaggerAnnotation                                  : loaded 2 times (x 75B)
Class dagger.spi.internal.shaded.androidx.room.compiler.processing.javac.JavacFieldElement$kotlinMetadata$2: loaded 2 times (x 79B)
Class dagger.internal.codegen.bindinggraphvalidation.NullableBindingValidator         : loaded 2 times (x 85B)
Class com.bumptech.glide.repackaged.com.google.common.collect.ImmutableSet            : loaded 2 times (x 142B)
Class com.google.common.graph.Traverser$1                                             : loaded 2 times (x 74B)
Class dagger.spi.internal.shaded.androidx.room.compiler.processing.javac.JavacVariableElement$type$2: loaded 2 times (x 79B)
Class dagger.spi.internal.shaded.androidx.room.compiler.processing.javac.kotlin.KmBaseTypeContainer: loaded 2 times (x 70B)
Class dagger.spi.internal.shaded.kotlin.metadata.Attributes$visibility$14             : loaded 2 times (x 137B)
Class dagger.spi.internal.shaded.kotlin.metadata.internal.protobuf.CodedOutputStream$OutOfSpaceException: loaded 2 times (x 82B)
Class dagger.spi.internal.shaded.kotlin.metadata.internal.metadata.jvm.deserialization.JvmNameResolver: loaded 2 times (x 80B)
Class dagger.spi.internal.shaded.kotlin.metadata.InconsistentKotlinMetadataException  : loaded 2 times (x 82B)
Class dagger.spi.internal.shaded.androidx.room.compiler.processing.javac.JavacProcessingEnv$typeElementStore$3: loaded 2 times (x 79B)
Class org.jetbrains.org.objectweb.asm.Type                                            : loaded 2 times (x 72B)
Class org.jetbrains.kotlin.name.FqName                                                : loaded 2 times (x 72B)
Class org.jetbrains.kotlin.build.report.metrics.DoNothingBuildMetricsReporter         : loaded 2 times (x 86B)
Class com.amazon.ion.impl.lite.IonBlobLite                                            : loaded 2 times (x 219B)
Class com.amazon.ion.impl.LocalSymbolTable                                            : loaded 2 times (x 121B)
Class org.jetbrains.plugins.gradle.tooling.serialization.SerializationService         : loaded 2 times (x 70B)
Class org.objectweb.asm.signature.SignatureVisitor                                    : loaded 2 times (x 87B)
Class com.android.builder.model.v2.ide.TestInfo                                       : loaded 2 times (x 70B)
Class org.gradle.tooling.internal.gradle.GradleBuildIdentity                          : loaded 2 times (x 70B)
Class com.sun.xml.bind.v2.runtime.reflect.Lister$2                                    : loaded 2 times (x 77B)
Class com.sun.xml.bind.v2.runtime.reflect.DefaultTransducedAccessor                   : loaded 2 times (x 79B)
Class com.sun.xml.bind.v2.model.annotation.XmlTransientQuick                          : loaded 2 times (x 90B)
Class javax.xml.bind.annotation.XmlAccessorType                                       : loaded 2 times (x 70B)
Class com.sun.xml.bind.v2.model.nav.ReflectionNavigator$2                             : loaded 2 times (x 81B)
Class com.sun.xml.bind.v2.model.impl.EnumLeafInfoImpl                                 : loaded 2 times (x 128B)
Class dagger.internal.codegen.binding.LegacyBindingGraphFactory$Resolver$RequiresResolutionChecker: loaded 2 times (x 72B)
Class dagger.internal.codegen.binding.FrameworkType$3                                 : loaded 2 times (x 71B)
Class com.google.gson.JsonParseException                                              : loaded 2 times (x 82B)
Class dagger.internal.codegen.binding.AssistedInjectionAnnotations$AssistedFactoryMetadata: loaded 2 times (x 81B)
Class [Ldagger.internal.codegen.writing.DelegateRequestRepresentation$ScopeKind;      : loaded 2 times (x 69B)
Class dagger.internal.codegen.writing.ComponentCreatorImplementationFactory           : loaded 2 times (x 72B)
Class dagger.internal.codegen.writing.BindingRepresentations_Factory$InstanceHolder   : loaded 2 times (x 71B)
Class dagger.internal.codegen.writing.DependencyMethodProviderCreationExpression_Factory_Impl: loaded 2 times (x 75B)
Class dagger.internal.codegen.binding.BindingGraph$1                                  : loaded 2 times (x 71B)
Class com.google.common.collect.Multisets$ElementSet                                  : loaded 2 times (x 136B)
Class dagger.internal.codegen.model.$AutoValue_Key                                    : loaded 2 times (x 80B)
Class dagger.internal.codegen.writing.ProducerCreationExpression_Factory              : loaded 2 times (x 72B)
Class dagger.internal.codegen.processingstep.ComponentHjarProcessingStep_Factory      : loaded 2 times (x 82B)
Class dagger.internal.codegen.DaggerDelegateComponentProcessor_Injector$TopLevelImplementationComponentFactory: loaded 2 times (x 75B)
Class dagger.internal.codegen.base.ElementFormatter                                   : loaded 2 times (x 85B)
Class [Ldagger.internal.codegen.compileroption.ProcessingEnvironmentCompilerOptions$KeyOnlyOption;: loaded 2 times (x 69B)
Class com.google.common.graph.Traverser$2                                             : loaded 2 times (x 74B)
Class com.squareup.kotlinpoet.Documentable$Builder                                    : loaded 2 times (x 70B)
Class dagger.hilt.processor.internal.kotlin.DaggerKotlinMetadataUtils_MetadataComponent$MetadataComponentImpl: loaded 2 times (x 75B)
Class dagger.spi.internal.shaded.kotlin.metadata.Attributes$hasAnnotations$26         : loaded 2 times (x 137B)
Class dagger.spi.internal.shaded.kotlin.metadata.jvm.JvmMetadataVersion$Companion     : loaded 2 times (x 71B)
Class dagger.spi.internal.shaded.kotlin.metadata.internal.metadata.ProtoBuf$Class     : loaded 2 times (x 180B)
Class dagger.spi.internal.shaded.kotlin.metadata.internal.protobuf.FieldSet$FieldDescriptorLite: loaded 2 times (x 70B)
Class dagger.spi.internal.shaded.kotlin.metadata.internal.protobuf.AbstractMessageLite: loaded 2 times (x 98B)
Class dagger.internal.codegen.writing.DelegatingFrameworkInstanceCreationExpression   : loaded 2 times (x 77B)
Class org.jetbrains.org.objectweb.asm.TypePath                                        : loaded 2 times (x 72B)
Class org.jetbrains.kotlin.name.ClassId$Companion                                     : loaded 2 times (x 71B)
Class com.amazon.ion.IonList                                                          : loaded 2 times (x 70B)
Class org.jetbrains.plugins.gradle.tooling.serialization.internal.adapter.Supplier    : loaded 2 times (x 70B)
Class com.android.builder.model.v2.ide.JavaCompileOptions                             : loaded 2 times (x 70B)
Class org.gradle.tooling.internal.adapter.ProtocolToModelAdapter$MixInMappingAction   : loaded 2 times (x 80B)
Class org.gradle.internal.exceptions.ResolutionProvider                               : loaded 2 times (x 70B)
Class com.android.tools.build.jetifier.core.type.JavaType                             : loaded 2 times (x 72B)
Class com.sun.xml.bind.v2.model.nav.ReflectionNavigator$3                             : loaded 2 times (x 77B)
Class com.sun.xml.bind.v2.model.annotation.XmlValueQuick                              : loaded 2 times (x 90B)
Class com.sun.istack.Pool                                                             : loaded 2 times (x 70B)
Class com.intellij.gradle.toolingExtension.impl.initScript.util.GradleTasksUtil       : loaded 2 times (x 71B)
Class android.databinding.tool.LibTypes$appCompatResources$2                          : loaded 2 times (x 79B)
Class build_2vgxwk05xzolhywd7eyqqr1s0$_run_closure1$_closure4$_closure15              : loaded 2 times (x 139B)
Class dagger.internal.codegen.writing.FrameworkFieldInitializer                       : loaded 2 times (x 75B)
Class dagger.internal.codegen.writing.ComponentRequirementRequestRepresentation       : loaded 2 times (x 74B)
Class dagger.internal.codegen.writing.ComponentCreatorImplementationFactory$BuilderForCreatorDescriptor: loaded 2 times (x 82B)
Class dagger.internal.codegen.binding.$AutoValue_ProvisionBinding                     : loaded 2 times (x 91B)
Class com.google.gson.FieldNamingStrategy                                             : loaded 2 times (x 70B)
Class com.google.common.collect.Maps$2                                                : loaded 2 times (x 82B)
Class dagger.internal.codegen.base.$AutoValue_ComponentAnnotation                     : loaded 2 times (x 76B)
Class dagger.internal.codegen.model.BindingKind                                       : loaded 2 times (x 79B)
Class dagger.internal.codegen.compileroption.ProcessingEnvironmentCompilerOptions$Validation: loaded 2 times (x 93B)
Class dagger.internal.codegen.ProcessingEnvironmentModule                             : loaded 2 times (x 70B)
Class dagger.internal.codegen.ServiceLoaders$1                                        : loaded 2 times (x 71B)
Class com.bumptech.glide.annotation.compiler.GlideGenerator                           : loaded 2 times (x 72B)
Class com.google.common.graph.Traverser$3                                             : loaded 2 times (x 80B)
Class dagger.internal.codegen.xprocessing.XTypes                                      : loaded 2 times (x 71B)
Class dagger.spi.internal.shaded.kotlin.metadata.MemberKind                           : loaded 2 times (x 79B)
Class dagger.spi.internal.shaded.kotlin.metadata.jvm.internal.JvmConstructorExtension : loaded 2 times (x 77B)
Class dagger.spi.internal.shaded.kotlin.metadata.internal.metadata.jvm.JvmProtoBuf$JvmPropertySignature$1: loaded 2 times (x 144B)
Class dagger.internal.codegen.xprocessing.XAnnotations$1                              : loaded 2 times (x 84B)
Class com.google.gson.JsonArray                                                       : loaded 2 times (x 100B)
Class dagger.hilt.processor.internal.optionvalues.BooleanValue                        : loaded 2 times (x 79B)
Class com.amazon.ion.IonSystem                                                        : loaded 2 times (x 70B)
Class com.amazon.ion.impl.bin.IonManagedBinaryWriter$ImportedSymbolContext            : loaded 2 times (x 72B)
Class com.google.common.reflect.Types$ClassOwnership$1LocalClass                      : loaded 2 times (x 71B)
Class com.google.common.collect.ImmutableSortedMap                                    : loaded 2 times (x 217B)
Class kotlin.text.MatchResult$DefaultImpls                                            : loaded 2 times (x 71B)
Class org.gradle.tooling.model.idea.IdeaCompilerOutput                                : loaded 2 times (x 70B)
Class org.gradle.tooling.model.ProjectIdentifier                                      : loaded 2 times (x 70B)
Class org.gradle.internal.classloader.ClasspathUtil                                   : loaded 2 times (x 71B)
Class [Lcom.google.common.base.StandardSystemProperty;                                : loaded 2 times (x 69B)
Class com.sun.istack.SAXException2                                                    : loaded 2 times (x 83B)
Class com.sun.xml.bind.v2.runtime.output.IndentingUTF8XmlOutput                       : loaded 2 times (x 101B)
Class com.sun.xml.bind.v2.runtime.property.UnmarshallerChain                          : loaded 2 times (x 72B)
Class com.sun.xml.bind.v2.runtime.unmarshaller.TextLoader                             : loaded 2 times (x 78B)
Class android.databinding.internal.org.antlr.v4.runtime.tree.SyntaxTree               : loaded 2 times (x 70B)
Class com.sun.xml.bind.v2.TODO                                                        : loaded 2 times (x 71B)
Class com.sun.xml.bind.v2.model.runtime.RuntimeElementPropertyInfo                    : loaded 2 times (x 70B)
Class com.sun.xml.bind.v2.model.impl.RuntimeBuiltinLeafInfoImpl$20                    : loaded 2 times (x 136B)
Class com.sun.xml.bind.v2.runtime.JAXBContextImpl$5                                   : loaded 2 times (x 74B)
Class androidx.databinding.InverseMethod                                              : loaded 2 times (x 70B)
Class dagger.spi.internal.shaded.androidx.room.compiler.processing.KotlinPoetExtKt    : loaded 2 times (x 71B)
Class dagger.internal.codegen.writing.MethodRequestRepresentation                     : loaded 2 times (x 78B)
Class dagger.spi.internal.shaded.androidx.room.compiler.codegen.CodeLanguage          : loaded 2 times (x 79B)
Class dagger.spi.internal.shaded.androidx.room.compiler.codegen.XAnnotationSpec$Builder: loaded 2 times (x 70B)
Class com.sun.xml.bind.v2.model.runtime.RuntimeValuePropertyInfo                      : loaded 2 times (x 70B)
Class dagger.internal.codegen.model.BindingGraph$SubcomponentCreatorBindingEdge       : loaded 2 times (x 70B)
Class dagger.internal.codegen.binding.$AutoValue_AssistedInjectionBinding$Builder     : loaded 2 times (x 97B)
Class com.google.common.graph.Traverser$4                                             : loaded 2 times (x 80B)
Class dagger.spi.internal.shaded.androidx.room.compiler.processing.javac.JavacMethodType$NormalMethodType: loaded 2 times (x 91B)
Class dagger.spi.internal.shaded.androidx.room.compiler.processing.javac.kotlin.JvmAbi: loaded 2 times (x 71B)
Class dagger.internal.codegen.model.BindingGraphPlugin                                : loaded 2 times (x 70B)
Class dagger.internal.codegen.validation.MultibindsMethodValidator$Validator          : loaded 2 times (x 80B)
Class dagger.internal.codegen.processingstep.AssistedProcessingStep_Factory           : loaded 2 times (x 82B)
Class dagger.hilt.android.processor.internal.viewmodel.ViewModelValidationPlugin      : loaded 2 times (x 83B)
Class androidx.room.processor.Context                                                 : loaded 2 times (x 72B)
Class com.bumptech.glide.annotation.compiler.LibraryModuleProcessor                   : loaded 2 times (x 72B)
Class dagger.spi.internal.shaded.androidx.room.compiler.processing.javac.JavacArrayType: loaded 2 times (x 209B)
Class dagger.spi.internal.shaded.kotlin.metadata.internal.metadata.ProtoBuf$ContractOrBuilder: loaded 2 times (x 70B)
Class com.sun.xml.bind.v2.model.impl.ClassInfoImpl$PropertyGroup                      : loaded 2 times (x 79B)
Class com.intellij.gradle.toolingExtension.impl.model.sourceSetModel.GradleSourceSetSerialisationService: loaded 2 times (x 77B)
Class com.android.builder.model.v2.ide.ComponentInfo                                  : loaded 2 times (x 70B)
Class org.jetbrains.kotlin.tooling.core.HasExtras                                     : loaded 2 times (x 70B)
Class com.google.common.base.Charsets                                                 : loaded 2 times (x 71B)
Class com.google.common.util.concurrent.Uninterruptibles                              : loaded 2 times (x 71B)
Class com.android.builder.model.v2.ide.ProjectType                                    : loaded 2 times (x 79B)
Class com.google.common.collect.ComparisonChain                                       : loaded 2 times (x 80B)
Class com.android.tools.build.jetifier.core.config.Config                             : loaded 2 times (x 72B)
Class com.sun.xml.bind.v2.model.core.ID                                               : loaded 2 times (x 79B)
Class android.databinding.internal.org.antlr.v4.runtime.tree.RuleNode                 : loaded 2 times (x 70B)
Class com.sun.xml.bind.v2.model.nav.ReflectionNavigator$5                             : loaded 2 times (x 77B)
Class com.sun.xml.bind.v2.model.impl.RuntimeBuiltinLeafInfoImpl$21                    : loaded 2 times (x 136B)
Class com.sun.xml.bind.v2.model.runtime.RuntimeTypeInfo                               : loaded 2 times (x 70B)
Class com.sun.xml.bind.v2.runtime.property.ArrayProperty                              : loaded 2 times (x 102B)
Class com.sun.xml.bind.v2.runtime.property.PropertyFactory$1                          : loaded 2 times (x 71B)
Class dagger.internal.codegen.binding.MethodSignature                                 : loaded 2 times (x 74B)
Class com.google.common.graph.Traverser$5                                             : loaded 2 times (x 80B)
Class dagger.internal.codegen.writing.ComponentCreatorImplementationFactory_Factory   : loaded 2 times (x 82B)
Class com.google.common.collect.HashBasedTable$Factory                                : loaded 2 times (x 79B)
Class dagger.internal.codegen.binding.BindingGraph                                    : loaded 2 times (x 82B)
Class com.google.common.graph.DirectedMultiNetworkConnections$1                       : loaded 2 times (x 137B)
Class dagger.spi.internal.shaded.kotlin.metadata.internal.metadata.ProtoBuf$Effect$InvocationKind: loaded 2 times (x 82B)
Class dagger.internal.codegen.binding.ErrorMessages$BuilderMessages                   : loaded 2 times (x 81B)
Class org.gradle.api.internal.DefaultClassPathProvider                                : loaded 2 times (x 76B)
Class [Ldagger.internal.codegen.base.ComponentKind;                                   : loaded 2 times (x 69B)
Class [Ldagger.internal.codegen.xprocessing.XTypeElements$Visibility;                 : loaded 2 times (x 69B)
Class dagger.internal.codegen.componentgenerator.ComponentGeneratorModule_ComponentHjarGeneratorFactory: loaded 2 times (x 82B)
Class dagger.internal.codegen.validation.ComponentDescriptorValidator_Factory         : loaded 2 times (x 82B)
Class dagger.internal.codegen.writing.LazyMapKeyProxyGenerator                        : loaded 2 times (x 77B)
Class dagger.internal.codegen.bindinggraphvalidation.ProvisionDependencyOnProducerBindingValidator: loaded 2 times (x 85B)
Class dagger.internal.codegen.processingstep.TypeCheckingProcessingStep               : loaded 2 times (x 86B)
Class dagger.internal.codegen.binding.SourceFiles_Factory                             : loaded 2 times (x 81B)
Class com.bumptech.glide.annotation.compiler.RequestOptionsGenerator                  : loaded 2 times (x 72B)
Class dagger.spi.internal.shaded.kotlin.metadata.Attributes$visibility$18             : loaded 2 times (x 137B)
Class dagger.spi.internal.shaded.kotlin.metadata.internal.ReadContext                 : loaded 2 times (x 72B)
Class dagger.spi.internal.shaded.kotlin.metadata.internal.metadata.jvm.JvmProtoBuf$StringTableTypes$1: loaded 2 times (x 144B)
Class dagger.spi.internal.shaded.kotlin.metadata.jvm.internal.JvmExceptionUtilsKt     : loaded 2 times (x 71B)
Class kotlin.jvm.internal.ArrayIteratorKt                                             : loaded 2 times (x 71B)
Class com.squareup.kotlinpoet.ClassName$special$$inlined$compareBy$1                  : loaded 2 times (x 89B)
Class org.jetbrains.org.objectweb.asm.ModuleVisitor                                   : loaded 2 times (x 80B)
Class com.amazon.ion.impl.lite.IonIntLite                                             : loaded 2 times (x 189B)
Class com.amazon.ion.util._Private_FastAppendable                                     : loaded 2 times (x 70B)
Class [Lcom.amazon.ion.impl.bin.IonRawBinaryWriter$PreallocationMode;                 : loaded 2 times (x 69B)
Class com.google.common.io.CharSource                                                 : loaded 2 times (x 85B)
Class com.android.builder.model.v2.dsl.BaseConfig                                     : loaded 2 times (x 70B)
Class com.google.common.base.CharMatcher$JavaUpperCase                                : loaded 2 times (x 111B)
Class org.gradle.internal.time.TimeSource$1                                           : loaded 2 times (x 77B)
Class org.gradle.api.specs.Spec                                                       : loaded 2 times (x 70B)
Class com.android.tools.build.jetifier.core.rule.RewriteRulesMap$Companion            : loaded 2 times (x 71B)
Class com.sun.xml.bind.v2.model.impl.RuntimeBuiltinLeafInfoImpl$22                    : loaded 2 times (x 136B)
Class com.sun.xml.bind.v2.model.nav.ReflectionNavigator$6                             : loaded 2 times (x 81B)
Class org.objectweb.asm.AnnotationVisitor                                             : loaded 2 times (x 78B)
Class com.google.common.collect.ImmutableSet$SerializedForm                           : loaded 2 times (x 73B)
Class com.google.gson.internal.sql.SqlDateTypeAdapter                                 : loaded 2 times (x 74B)
Class org.gradle.internal.impldep.gnu.trove.TObjectIntHashMap                         : loaded 2 times (x 109B)
Class com.intellij.gradle.toolingExtension.impl.model.buildScriptClasspathModel.GradleBuildScriptClasspathSerializationService$ReadContext: loaded 2 times (x 72B)
Class com.amazon.ion.impl._Private_IonContainer                                       : loaded 2 times (x 70B)
Class com.amazon.ion.impl._Private_RecyclingQueue$ElementFactory                      : loaded 2 times (x 70B)
Class dagger.internal.codegen.writing.GeneratedImplementation                         : loaded 2 times (x 70B)
Class com.google.common.graph.ImmutableNetwork                                        : loaded 2 times (x 140B)
Class dagger.spi.internal.shaded.kotlin.metadata.jvm.internal.JvmTypeParameterExtension$Companion: loaded 2 times (x 71B)
Class dagger.internal.codegen.binding.AutoValue_ComponentDeclarations_TypeNameKey     : loaded 2 times (x 75B)
Class dagger.internal.codegen.validation.BindingElementValidator$1                    : loaded 2 times (x 71B)
Class dagger.internal.codegen.binding.ProductionBinding                               : loaded 2 times (x 93B)
Class dagger.internal.codegen.validation.ExternalBindingGraphPlugins                  : loaded 2 times (x 72B)
Class dagger.internal.codegen.binding.ComponentDeclarations_Factory_Factory           : loaded 2 times (x 82B)
Class dagger.internal.codegen.binding.MultibindingDeclaration_Factory_Factory         : loaded 2 times (x 82B)
Class com.bumptech.glide.annotation.compiler.AppModuleProcessor                       : loaded 2 times (x 72B)
Class dagger.hilt.processor.internal.kotlin.KotlinMetadataUtil                        : loaded 2 times (x 72B)
Class dagger.spi.internal.shaded.kotlin.metadata.jvm.internal.JvmPropertyExtension    : loaded 2 times (x 77B)
Class dagger.spi.internal.shaded.kotlin.metadata.internal.metadata.jvm.deserialization.ClassMapperLite: loaded 2 times (x 71B)
Class dagger.spi.internal.shaded.kotlin.metadata.internal.metadata.ProtoBuf$Contract  : loaded 2 times (x 107B)
Class dagger.spi.internal.shaded.kotlin.metadata.internal.metadata.ProtoBuf$ConstructorOrBuilder: loaded 2 times (x 70B)
Class dagger.spi.internal.shaded.androidx.room.compiler.processing.javac.JavacTypeElement$className$2: loaded 2 times (x 79B)
Class dagger.hilt.android.processor.internal.androidentrypoint.AutoValue_AndroidEntryPointMetadata: loaded 2 times (x 92B)
Class org.jetbrains.kotlin.name.Name                                                  : loaded 2 times (x 75B)
Class com.amazon.ion.impl.lite.IonSexpLite                                            : loaded 2 times (x 490B)
Class com.amazon.ion.impl.lite.IonListLite                                            : loaded 2 times (x 490B)
Class com.amazon.ion.IonFloat                                                         : loaded 2 times (x 70B)
Class com.google.common.reflect.Types$JavaVersion                                     : loaded 2 times (x 83B)
Class com.google.common.collect.MapMaker                                              : loaded 2 times (x 72B)
Class com.android.tools.build.jetifier.core.pom.PomRewriteRule$JsonData               : loaded 2 times (x 72B)
Class com.sun.xml.bind.v2.model.nav.ParameterizedTypeImpl                             : loaded 2 times (x 85B)
Class com.sun.xml.bind.v2.runtime.reflect.Accessor$GetterSetterReflection             : loaded 2 times (x 85B)
Class com.sun.xml.bind.v2.model.impl.RuntimeBuiltinLeafInfoImpl$23                    : loaded 2 times (x 136B)
Class javax.activation.DataHandler                                                    : loaded 2 times (x 92B)
Class com.sun.xml.bind.v2.model.runtime.RuntimeTypeInfoSet                            : loaded 2 times (x 70B)
Class com.sun.xml.bind.v2.model.impl.TypeInfoSetImpl                                  : loaded 2 times (x 111B)
Class dagger.spi.internal.shaded.androidx.room.compiler.processing.javac.JavacMethodElement$executableType$2: loaded 2 times (x 79B)
Class dagger.spi.internal.shaded.kotlin.metadata.internal.protobuf.CodedOutputStream$ByteBufferOutputStream: loaded 2 times (x 86B)
Class dagger.internal.codegen.writing.ComponentInstanceRequestRepresentation          : loaded 2 times (x 74B)
Class dagger.internal.codegen.xprocessing.XParameterSpecs                             : loaded 2 times (x 71B)
Class dagger.spi.internal.shaded.kotlin.metadata.internal.ReadUtilsKt                 : loaded 2 times (x 71B)
Class dagger.internal.codegen.binding.AutoValue_BindingGraph_TopLevelBindingGraph     : loaded 2 times (x 101B)
Class dagger.internal.codegen.binding.LegacyBindingGraphFactory$LegacyResolvedBindings: loaded 2 times (x 74B)
Class com.google.common.collect.Maps$Values                                           : loaded 2 times (x 118B)
Class dagger.spi.internal.shaded.androidx.room.compiler.processing.ksp.KSTypeJavaPoetExtKt: loaded 2 times (x 71B)
Class dagger.spi.internal.shaded.kotlin.metadata.KmClassifier                         : loaded 2 times (x 71B)
Class dagger.internal.codegen.validation.ProducesMethodValidator_Factory              : loaded 2 times (x 82B)
Class androidx.room.DatabaseProcessingStep$Companion                                  : loaded 2 times (x 71B)
Class dagger.hilt.processor.internal.kotlin.KotlinMetadataFactory_Factory             : loaded 2 times (x 81B)
Class [Ldagger.spi.internal.shaded.kotlin.metadata.ClassKind;                         : loaded 2 times (x 69B)
Class dagger.spi.internal.shaded.androidx.room.compiler.processing.javac.kotlin.KmClassContainer$superType$2: loaded 2 times (x 79B)
Class dagger.spi.internal.shaded.kotlin.metadata.Attributes                           : loaded 2 times (x 71B)
Class dagger.hilt.processor.internal.kotlin.KotlinMetadataFactory_Factory$InstanceHolder: loaded 2 times (x 71B)
Class dagger.spi.internal.shaded.androidx.room.compiler.processing.javac.JavacArrayType$equalityItems$2: loaded 2 times (x 79B)
Class org.jetbrains.org.objectweb.asm.Symbol                                          : loaded 2 times (x 73B)
Class com.amazon.ion.impl.LocalSymbolTable$Factory                                    : loaded 2 times (x 77B)
Class com.amazon.ion.impl.bin.IonManagedBinaryWriter$ImportedSymbolResolverMode       : loaded 2 times (x 80B)
Class com.intellij.gradle.toolingExtension.impl.model.buildScriptClasspathModel.GradleBuildScriptClasspathSerializationService: loaded 2 times (x 77B)
Class kotlin.jvm.internal.ArrayIterator                                               : loaded 2 times (x 79B)
Class com.android.tools.build.jetifier.core.config.ConfigParser                       : loaded 2 times (x 71B)
Class com.google.common.graph.MapIteratorCache$1$1                                    : loaded 2 times (x 81B)
Class androidx.room.compiler.processing.javac.JavacProcessingEnv$messager$2           : loaded 2 times (x 79B)
Class com.sun.xml.bind.v2.runtime.reflect.Lister                                      : loaded 2 times (x 76B)
Class com.sun.xml.bind.v2.model.core.NonElementRef                                    : loaded 2 times (x 70B)
Class com.sun.xml.bind.v2.model.annotation.XmlAttributeQuick                          : loaded 2 times (x 93B)
Class com.sun.xml.bind.v2.model.impl.RuntimeBuiltinLeafInfoImpl$24                    : loaded 2 times (x 137B)
Class com.sun.xml.bind.Util                                                           : loaded 2 times (x 71B)
Class org.apache.commons.io.filefilter.AndFileFilter                                  : loaded 2 times (x 127B)
Class android.databinding.tool.store.ResourceBundle                                   : loaded 2 times (x 84B)
Class com.google.common.collect.ImmutableMap$MapViewOfValuesAsSingletonSets$1$1       : loaded 2 times (x 83B)
Class dagger.internal.codegen.binding.ComponentDescriptor$Factory                     : loaded 2 times (x 75B)
Class com.google.gson.internal.bind.ReflectiveTypeAdapterFactory$RecordAdapter        : loaded 2 times (x 77B)
Class androidx.databinding.BindingMethods                                             : loaded 2 times (x 70B)
Class dagger.spi.model.BindingGraph$Edge                                              : loaded 2 times (x 70B)
Class dagger.spi.internal.shaded.androidx.room.compiler.codegen.XFunSpec$Builder      : loaded 2 times (x 70B)
Class dagger.internal.codegen.xprocessing.XTypeSpecs                                  : loaded 2 times (x 71B)
Class dagger.internal.codegen.writing.ProvisionBindingRepresentation$Factory          : loaded 2 times (x 70B)
Class dagger.internal.codegen.writing.MapRequestRepresentation_Factory                : loaded 2 times (x 72B)
Class dagger.spi.internal.shaded.kotlin.metadata.KmFlexibleTypeUpperBound             : loaded 2 times (x 72B)
Class dagger.internal.codegen.binding.$AutoValue_BoundInstanceBinding$Builder         : loaded 2 times (x 95B)
Class dagger.spi.internal.shaded.kotlin.metadata.internal.metadata.ProtoBuf$VersionRequirement$VersionKind$1: loaded 2 times (x 74B)
Class dagger.internal.codegen.binding.ComponentRequirement$Kind                       : loaded 2 times (x 79B)
Class dagger.internal.codegen.base.MapType                                            : loaded 2 times (x 72B)
Class dagger.internal.codegen.binding.MultibindingDeclaration                         : loaded 2 times (x 78B)
Class dagger.internal.codegen.writing.UnwrappedMapKeyGenerator_Factory                : loaded 2 times (x 82B)
Class dagger.internal.codegen.writing.ModuleProxies$ModuleConstructorProxyGenerator   : loaded 2 times (x 77B)
Class dagger.internal.codegen.binding.Declaration                                     : loaded 2 times (x 74B)
Class dagger.internal.codegen.compileroption.ProcessingEnvironmentCompilerOptions$CommandLineOption: loaded 2 times (x 70B)
Class dagger.internal.codegen.validation.ComponentValidator_Factory                   : loaded 2 times (x 82B)
Class dagger.internal.codegen.binding.MembersInjectionBinding$Builder                 : loaded 2 times (x 75B)
Class [Ldagger.internal.codegen.base.OptionalType$OptionalKind;                       : loaded 2 times (x 69B)
Class dagger.hilt.processor.internal.kotlin.DaggerKotlinMetadataUtils_MetadataComponent: loaded 2 times (x 71B)
Class dagger.spi.internal.shaded.kotlin.metadata.KmEffectExpression                   : loaded 2 times (x 72B)
Class dagger.spi.internal.shaded.kotlin.metadata.internal.protobuf.AbstractParser     : loaded 2 times (x 144B)
Class [Ldagger.spi.internal.shaded.kotlin.metadata.KmVersionRequirementLevel;         : loaded 2 times (x 69B)
Class kotlin.collections.MapWithDefaultImpl                                           : loaded 2 times (x 126B)
Class com.amazon.ion.impl.LocalSymbolTableAsStruct                                    : loaded 2 times (x 126B)
Class com.amazon.ion.impl.lite.IonTimestampLite                                       : loaded 2 times (x 192B)
Class org.jetbrains.plugins.gradle.model.FileCollectionDependency                     : loaded 2 times (x 70B)
Class org.gradle.internal.impldep.gnu.trove.TObjectHashingStrategy                    : loaded 2 times (x 70B)
Class com.intellij.gradle.toolingExtension.impl.model.utilDummyModel.DummyModel       : loaded 2 times (x 70B)
Class com.google.common.io.LineReader$1                                               : loaded 2 times (x 75B)
Class com.google.common.reflect.Invokable$MethodInvokable                             : loaded 2 times (x 107B)
Class com.google.common.collect.MapMakerInternalMap$StrongKeyDummyValueEntry          : loaded 2 times (x 82B)
Class org.gradle.internal.time.Clock                                                  : loaded 2 times (x 70B)
Class com.sun.xml.bind.v2.runtime.reflect.Accessor$FieldReflection                    : loaded 2 times (x 85B)
Class com.sun.xml.bind.v2.model.runtime.RuntimeNonElementRef                          : loaded 2 times (x 70B)
Class com.sun.xml.bind.v2.runtime.unmarshaller.Base64Data                             : loaded 2 times (x 89B)
Class dagger.internal.codegen.binding.FrameworkType$2                                 : loaded 2 times (x 84B)
Class com.google.gson.internal.reflect.ReflectionHelper$RecordNotSupportedHelper      : loaded 2 times (x 78B)
Class com.google.gson.internal.$Gson$Types                                            : loaded 2 times (x 71B)
Class com.google.gson.JsonIOException                                                 : loaded 2 times (x 82B)
Class androidx.databinding.InverseBindingAdapter                                      : loaded 2 times (x 70B)
Class dagger.internal.codegen.validation.SpiModelBindingGraphConverter$DaggerExecutableElementImpl: loaded 2 times (x 75B)
Class dagger.internal.codegen.writing.DerivedFromFrameworkInstanceRequestRepresentation_Factory: loaded 2 times (x 72B)
Class dagger.internal.codegen.writing.MapFactoryCreationExpression$Factory            : loaded 2 times (x 70B)
Class dagger.internal.codegen.base.UniqueNameSet                                      : loaded 2 times (x 72B)
Class dagger.internal.codegen.base.MapKeyAccessibility                                : loaded 2 times (x 71B)
Class com.squareup.kotlinpoet.OriginatingElementsHolder                               : loaded 2 times (x 70B)
Class dagger.internal.codegen.binding.$AutoValue_BoundInstanceBinding                 : loaded 2 times (x 91B)
Class dagger.internal.codegen.binding.AssistedInjectionBinding$Builder                : loaded 2 times (x 80B)
Class dagger.spi.internal.shaded.com.google.auto.common.Visibility                    : loaded 2 times (x 79B)
Class com.squareup.kotlinpoet.AnnotationSpec$cachedString$2                           : loaded 2 times (x 79B)
Class dagger.spi.internal.shaded.com.google.auto.common.MoreTypes$ExecutableTypeVisitor: loaded 2 times (x 102B)
Class dagger.internal.codegen.writing.FrameworkFieldInitializer$InitializationState   : loaded 2 times (x 79B)
Class dagger.hilt.android.processor.internal.viewmodel.ViewModelValidationPluginKt    : loaded 2 times (x 71B)
Class dagger.internal.codegen.validation.ProvidesMethodValidator                      : loaded 2 times (x 78B)
Class dagger.internal.codegen.DelegateComponentProcessor_SourceFileGeneratorsModule_FactoryGeneratorFactory: loaded 2 times (x 82B)
Class com.bumptech.glide.annotation.compiler.ProcessorUtil                            : loaded 2 times (x 72B)
Class dagger.hilt.processor.internal.root.ComponentGenerator                          : loaded 2 times (x 72B)
Class dagger.spi.internal.shaded.androidx.room.compiler.processing.javac.JavacConstructorElement$kotlinMetadata$2: loaded 2 times (x 79B)
Class dagger.hilt.processor.internal.aggregateddeps.ComponentDependencies$1           : loaded 2 times (x 71B)
Class dagger.internal.codegen.binding.KeyVariableNamer                                : loaded 2 times (x 71B)
Class dagger.spi.internal.shaded.kotlin.metadata.internal.metadata.deserialization.ProtoTypeTableUtilKt: loaded 2 times (x 71B)
Class dagger.spi.internal.shaded.kotlin.metadata.internal.metadata.jvm.JvmProtoBuf$JvmFieldSignature: loaded 2 times (x 108B)
Class com.google.gson.FieldNamingPolicy                                               : loaded 2 times (x 83B)
Class com.google.devtools.ksp.symbol.KSNode                                           : loaded 2 times (x 70B)
Class dagger.spi.internal.shaded.androidx.room.compiler.processing.javac.JavacTypeElement$enclosingElement$2: loaded 2 times (x 79B)
Class com.google.gson.internal.bind.TypeAdapters                                      : loaded 2 times (x 71B)
Class com.amazon.ion.IonString                                                        : loaded 2 times (x 70B)
Class org.jetbrains.plugins.gradle.model.GradleSourceSetDependencyModel               : loaded 2 times (x 70B)
Class com.android.builder.model.v2.dsl.ProductFlavor                                  : loaded 2 times (x 70B)
Class [Lcom.android.builder.model.v2.ide.TestInfo$Execution;                          : loaded 2 times (x 69B)
Class [Lorg.objectweb.asm.AnnotationWriter;                                           : loaded 2 times (x 69B)
Class org.gradle.tooling.internal.adapter.TypeInspector                               : loaded 2 times (x 73B)
Class org.gradle.tooling.internal.adapter.ProtocolToModelAdapter$NoOpDecoration       : loaded 2 times (x 79B)
Class org.gradle.tooling.model.Element                                                : loaded 2 times (x 70B)
Class android.databinding.tool.util.FileUtil$listAndSortFiles$$inlined$sortedBy$2     : loaded 2 times (x 89B)
Class com.sun.xml.bind.v2.model.core.Element                                          : loaded 2 times (x 70B)
Class com.sun.xml.bind.v2.model.impl.DummyPropertyInfo                                : loaded 2 times (x 70B)
Class [Lcom.sun.xml.bind.v2.runtime.property.StructureLoaderBuilder;                  : loaded 2 times (x 69B)
Class com.sun.xml.bind.v2.model.impl.RuntimeBuiltinLeafInfoImpl$26                    : loaded 2 times (x 136B)
Class com.sun.xml.bind.v2.model.impl.RuntimeBuiltinLeafInfoImpl$10$1                  : loaded 2 times (x 356B)
Class com.sun.xml.bind.v2.model.core.TypeInfo                                         : loaded 2 times (x 70B)
Class com.sun.xml.bind.v2.runtime.BinderImpl                                          : loaded 2 times (x 86B)
Class org.apache.commons.io.filefilter.SuffixFileFilter                               : loaded 2 times (x 116B)
Class com.sun.xml.bind.v2.model.impl.AttributePropertyInfoImpl                        : loaded 2 times (x 124B)
Class com.sun.xml.bind.v2.model.impl.MapPropertyInfoImpl                              : loaded 2 times (x 119B)
Class com.sun.xml.bind.v2.model.impl.RuntimeMapPropertyInfoImpl                       : loaded 2 times (x 137B)
Class org.gradle.tooling.internal.gradle.DefaultProjectIdentifier                     : loaded 2 times (x 86B)
Class com.android.builder.model.v2.models.AndroidDsl                                  : loaded 2 times (x 70B)
Class dagger.internal.codegen.binding.AssistedInjectionAnnotations$AssistedParameter  : loaded 2 times (x 74B)
Class [Ldagger.internal.codegen.writing.FrameworkFieldInitializer$InitializationState;: loaded 2 times (x 69B)
Class com.squareup.kotlinpoet.AnnotationSpec$Builder                                  : loaded 2 times (x 79B)
Class dagger.spi.internal.shaded.androidx.room.compiler.codegen.XCodeBlock$Builder$Companion: loaded 2 times (x 71B)
Class dagger.internal.codegen.writing.InjectionOrProvisionProviderCreationExpression_Factory_Impl: loaded 2 times (x 75B)
Class dagger.internal.codegen.writing.ProducerNodeInstanceRequestRepresentation$Factory: loaded 2 times (x 70B)
Class dagger.internal.codegen.writing.SetRequestRepresentation_Factory                : loaded 2 times (x 72B)
Class dagger.internal.codegen.writing.AssistedFactoryRequestRepresentation_Factory    : loaded 2 times (x 72B)
Class dagger.internal.codegen.DaggerDelegateComponentProcessor_Injector$CurrentImplementationSubcomponentImpl: loaded 2 times (x 75B)
Class dagger.internal.codegen.binding.AssistedFactoryBinding$Builder                  : loaded 2 times (x 79B)
Class dagger.internal.codegen.binding.ComponentDescriptor$ComponentMethodDescriptor$Builder: loaded 2 times (x 70B)
Class com.amazon.ion.IonWriter                                                        : loaded 2 times (x 70B)
Class com.amazon.ion.impl.bin._Private_IonRawWriter                                   : loaded 2 times (x 70B)
Class dagger.internal.codegen.kotlin.ParameterMetadata                                : loaded 2 times (x 72B)
Class com.amazon.ion.impl.bin.IonRawBinaryWriter$PreallocationMode                    : loaded 2 times (x 82B)
Class dagger.internal.codegen.binding.DelegateBinding                                 : loaded 2 times (x 91B)
Class dagger.internal.codegen.base.SourceFileGenerator                                : loaded 2 times (x 77B)
Class dagger.internal.codegen.binding.SourceFiles                                     : loaded 2 times (x 71B)
Class dagger.internal.codegen.DaggerDelegateComponentProcessor_Injector               : loaded 2 times (x 71B)
Class com.amazon.ion.impl.lite.IonSystemLite                                          : loaded 2 times (x 275B)
Class dagger.spi.internal.shaded.androidx.room.compiler.processing.javac.kotlin.KmClassContainer$superTypes$2: loaded 2 times (x 79B)
Class dagger.spi.internal.shaded.kotlin.metadata.KmPropertyAccessorAttributes         : loaded 2 times (x 71B)
Class dagger.spi.internal.shaded.kotlin.metadata.internal.metadata.deserialization.Flags$EnumLiteFlagField: loaded 2 times (x 76B)
Class dagger.spi.internal.shaded.kotlin.metadata.internal.metadata.ProtoBuf$FunctionOrBuilder: loaded 2 times (x 70B)
Class dagger.spi.internal.shaded.androidx.room.compiler.processing.XProcessingEnv$Platform: loaded 2 times (x 79B)
Class com.android.ide.gradle.model.LegacyV1AgpVersionModel                            : loaded 2 times (x 70B)
Class com.amazon.ion.BufferConfiguration                                              : loaded 2 times (x 73B)
Class com.amazon.ion.system.SimpleCatalog                                             : loaded 2 times (x 91B)
Class com.intellij.gradle.toolingExtension.impl.model.taskModel.GradleTaskSerialisationService: loaded 2 times (x 76B)
Class dagger.spi.internal.shaded.androidx.room.compiler.processing.XType              : loaded 2 times (x 70B)
Class dagger.spi.internal.shaded.kotlin.metadata.internal.protobuf.LazyFieldLite      : loaded 2 times (x 82B)
Class org.jetbrains.kotlin.tooling.core.Extras                                        : loaded 2 times (x 70B)
Class com.google.common.cache.LocalCache$StrongValueReference                         : loaded 2 times (x 90B)
Class com.google.common.util.concurrent.AbstractFuture$SynchronizedHelper             : loaded 2 times (x 78B)
Class com.google.common.base.CharMatcher$Invisible                                    : loaded 2 times (x 112B)
Class settings_conky7v08ynjg5aq0k2thxoxe                                              : loaded 2 times (x 179B)
Class dagger.spi.internal.shaded.kotlin.metadata.internal.protobuf.LiteralByteString  : loaded 2 times (x 112B)
Class dagger.spi.internal.shaded.kotlin.metadata.internal.metadata.jvm.JvmProtoBuf$JvmMethodSignature$1: loaded 2 times (x 144B)
Class com.sun.xml.bind.v2.runtime.unmarshaller.SAXConnector                           : loaded 2 times (x 101B)
Class [Lcom.sun.xml.bind.v2.model.annotation.Locatable;                               : loaded 2 times (x 69B)
Class com.sun.xml.bind.v2.model.impl.RuntimeBuiltinLeafInfoImpl$27                    : loaded 2 times (x 136B)
Class com.sun.xml.bind.v2.model.impl.ModelBuilder                                     : loaded 2 times (x 92B)
Class dagger.spi.internal.shaded.kotlin.metadata.KmClass                              : loaded 2 times (x 77B)
Class com.google.gson.LongSerializationPolicy$1                                       : loaded 2 times (x 80B)
Class dagger.spi.internal.shaded.androidx.room.compiler.processing.javac.kotlin.KmClassContainer$propertyList$2: loaded 2 times (x 79B)
Class dagger.internal.codegen.writing.AssistedFactoryRequestRepresentation            : loaded 2 times (x 74B)
Class dagger.spi.internal.shaded.androidx.room.compiler.codegen.impl.XAnnotationSpecImpl: loaded 2 times (x 72B)
Class dagger.spi.internal.shaded.androidx.room.compiler.codegen.XCodeBlock$Companion$ofNewInstance$1$WhenMappings: loaded 2 times (x 71B)
Class dagger.internal.codegen.writing.ComponentCreatorImplementationFactory$1         : loaded 2 times (x 71B)
Class dagger.internal.codegen.writing.ComponentImplementation_Factory                 : loaded 2 times (x 82B)
Class dagger.internal.codegen.DaggerDelegateComponentProcessor_Injector$TopLevelImplementationComponentImpl$1: loaded 2 times (x 82B)
Class dagger.internal.codegen.bindinggraphvalidation.DependencyCycleValidator$1       : loaded 2 times (x 71B)
Class dagger.internal.codegen.binding.SubcomponentCreatorBindingEdgeImpl              : loaded 2 times (x 75B)
Class dagger.spi.internal.shaded.kotlin.metadata.KmVersion                            : loaded 2 times (x 71B)
Class dagger.spi.internal.shaded.androidx.room.compiler.processing.XConstructorElement: loaded 2 times (x 70B)
Class dagger.internal.codegen.base.ComponentCreatorKind                               : loaded 2 times (x 79B)
Class dagger.internal.codegen.validation.ModuleValidator_Factory                      : loaded 2 times (x 82B)
Class dagger.internal.codegen.validation.BindsOptionalOfMethodValidator_Factory       : loaded 2 times (x 82B)
Class [Ldagger.hilt.processor.internal.aggregateddeps.AggregatedDepsMetadata$DependencyType;: loaded 2 times (x 69B)
Class dagger.spi.internal.shaded.kotlin.metadata.internal.metadata.jvm.deserialization.JvmNameResolverBase$WhenMappings: loaded 2 times (x 71B)
Class dagger.spi.internal.shaded.kotlin.metadata.internal.protobuf.WireFormat         : loaded 2 times (x 71B)
Class dagger.spi.internal.shaded.androidx.room.compiler.processing.javac.JavacExecutableElement: loaded 2 times (x 221B)
Class dagger.spi.internal.shaded.com.google.auto.common.MoreElements$TypeElementVisitor: loaded 2 times (x 93B)
Class dagger.spi.internal.shaded.androidx.room.compiler.processing.InternalXAnnotation: loaded 2 times (x 140B)
Class org.jetbrains.plugins.gradle.tooling.util.IntObjectMap$1                        : loaded 2 times (x 77B)
Class org.gradle.internal.impldep.com.google.common.base.Preconditions                : loaded 2 times (x 71B)
Class org.objectweb.asm.Type                                                          : loaded 2 times (x 72B)
Class org.gradle.tooling.model.internal.ImmutableDomainObjectSet                      : loaded 2 times (x 155B)
Class org.gradle.internal.classloader.VisitableURLClassLoader$InstrumentingVisitableURLClassLoader: loaded 2 times (x 123B)
Class dagger.hilt.processor.internal.aliasof.AliasOfPropagatedDataMetadata            : loaded 2 times (x 74B)
Class android.databinding.tool.util.ParserHelper                                      : loaded 2 times (x 71B)
Class com.sun.xml.bind.v2.runtime.unmarshaller.UnmarshallerImpl                       : loaded 2 times (x 139B)
Class com.sun.xml.bind.v2.runtime.output.NamespaceContextImpl$1                       : loaded 2 times (x 75B)
Class com.sun.xml.bind.marshaller.DataWriter                                          : loaded 2 times (x 171B)
Class com.sun.xml.bind.v2.runtime.property.StructureLoaderBuilder                     : loaded 2 times (x 70B)
Class com.sun.xml.bind.v2.model.impl.RuntimeElementPropertyInfoImpl                   : loaded 2 times (x 139B)
Class com.sun.xml.bind.v2.model.impl.RuntimeBuiltinLeafInfoImpl$28                    : loaded 2 times (x 76B)
Class [Lcom.sun.xml.bind.v2.util.QNameMap$Entry;                                      : loaded 2 times (x 69B)
Class com.sun.xml.bind.unmarshaller.InfosetScanner                                    : loaded 2 times (x 70B)
Class dagger.internal.codegen.validation.InjectBindingRegistryImpl$BindingsCollection : loaded 2 times (x 72B)
Class [Ldagger.internal.codegen.base.ClearableCache;                                  : loaded 2 times (x 69B)
Class org.apache.commons.io.file.Counters                                             : loaded 2 times (x 71B)
Class dagger.internal.codegen.binding.AutoValue_LegacyBindingGraphFactory_LegacyResolvedBindings: loaded 2 times (x 77B)
Class com.google.gson.LongSerializationPolicy$2                                       : loaded 2 times (x 80B)
Class android.databinding.tool.LibTypes$viewStubProxy$2                               : loaded 2 times (x 79B)
Class dagger.internal.codegen.binding.FrameworkType$1                                 : loaded 2 times (x 84B)
Class dagger.spi.model.DependencyRequest$Builder                                      : loaded 2 times (x 76B)
Class [Landroid.databinding.tool.CompilerArguments$Type;                              : loaded 2 times (x 69B)
Class com.squareup.kotlinpoet.FileSpec$Companion                                      : loaded 2 times (x 71B)
Class dagger.internal.codegen.writing.InjectionMethods                                : loaded 2 times (x 71B)
Class dagger.spi.internal.shaded.androidx.room.compiler.codegen.kotlin.KotlinFunSpecKt: loaded 2 times (x 71B)
Class dagger.internal.codegen.xprocessing.XPropertySpecs$Builder                      : loaded 2 times (x 88B)
Class dagger.internal.codegen.writing.ComponentImplementation$ShardImplementation     : loaded 2 times (x 81B)
Class dagger.internal.codegen.writing.ProducerCreationExpression_Factory_Impl         : loaded 2 times (x 75B)
Class dagger.internal.codegen.writing.DependencyMethodProducerCreationExpression$Factory: loaded 2 times (x 70B)
Class dagger.internal.codegen.writing.PrivateMethodRequestRepresentation_Factory      : loaded 2 times (x 72B)
Class dagger.internal.codegen.writing.MembersInjectionMethods_Factory                 : loaded 2 times (x 82B)
Class dagger.internal.codegen.writing.DependencyMethodProviderCreationExpression$Factory: loaded 2 times (x 70B)
Class com.google.common.graph.MultiEdgesConnecting$1                                  : loaded 2 times (x 82B)
Class dagger.spi.internal.shaded.kotlin.metadata.KmVariance                           : loaded 2 times (x 79B)
Class dagger.spi.internal.shaded.kotlin.metadata.internal.metadata.ProtoBuf$Effect$EffectType: loaded 2 times (x 82B)
Class dagger.internal.codegen.binding.ComponentDeclarations                           : loaded 2 times (x 72B)
Class com.google.gson.internal.bind.TypeAdapters$34                                   : loaded 2 times (x 76B)
Class [Ldagger.spi.internal.shaded.androidx.room.compiler.processing.XProcessingStep; : loaded 2 times (x 69B)
Class dagger.internal.codegen.binding.DeclarationFormatter                            : loaded 2 times (x 86B)
Class [Ldagger.internal.codegen.validation.BindingElementValidator$AllowsScoping;     : loaded 2 times (x 69B)
Class dagger.internal.codegen.validation.BindingMethodValidator                       : loaded 2 times (x 78B)
Class dagger.internal.codegen.processingstep.MonitoringModuleProcessingStep_Factory   : loaded 2 times (x 82B)
Class dagger.internal.codegen.base.DaggerSuperficialValidation$ValidationException$UnknownErrorType: loaded 2 times (x 84B)
Class [Ldagger.internal.codegen.compileroption.ProcessingEnvironmentCompilerOptions$EnumOption;: loaded 2 times (x 69B)
Class dagger.internal.codegen.bindinggraphvalidation.InjectBindingValidator_Factory   : loaded 2 times (x 82B)
Class androidx.room.processor.Context$BooleanProcessorOptions                         : loaded 2 times (x 80B)
Class com.google.common.graph.DirectedGraphConnections$2$1                            : loaded 2 times (x 82B)
Class dagger.spi.internal.shaded.kotlin.metadata.internal.FlagDelegatesImplKt$propertyAccessorBooleanFlag$1: loaded 2 times (x 137B)
Class dagger.hilt.processor.internal.Processors                                       : loaded 2 times (x 71B)
Class android.databinding.tool.util.FileUtil$listAndSortFiles$$inlined$sortedBy$1     : loaded 2 times (x 89B)
Class com.sun.xml.bind.v2.runtime.JAXBContextImpl$3                                   : loaded 2 times (x 74B)
Class dagger.spi.internal.shaded.androidx.room.compiler.processing.XMessager          : loaded 2 times (x 73B)
Class com.sun.istack.Pool$Impl                                                        : loaded 2 times (x 77B)
Class [Lcom.amazon.ion.impl.bin.IonRawBinaryWriter$StreamFlushMode;                   : loaded 2 times (x 69B)
Class com.amazon.ion.UnsupportedIonVersionException                                   : loaded 2 times (x 85B)
Class com.google.common.collect.MapMakerInternalMap$StrongKeyDummyValueEntry$Helper   : loaded 2 times (x 79B)
Class com.google.common.io.Files$FileByteSink                                         : loaded 2 times (x 77B)
Class com.android.builder.model.v2.ide.AndroidGradlePluginProjectFlags                : loaded 2 times (x 70B)
Class [Lcom.android.builder.model.v2.ide.AndroidGradlePluginProjectFlags$BooleanFlag; : loaded 2 times (x 69B)
Class com.android.builder.model.v2.ide.BasicVariant                                   : loaded 2 times (x 70B)
Class org.objectweb.asm.ByteVector                                                    : loaded 2 times (x 79B)
Class org.gradle.internal.classloader.VisitableURLClassLoader$Spec                    : loaded 2 times (x 74B)
Class org.gradle.internal.classpath.DefaultClassPath                                  : loaded 2 times (x 90B)
Class com.sun.xml.bind.v2.model.impl.RuntimeClassInfoImpl                             : loaded 2 times (x 162B)
Class com.sun.xml.bind.api.impl.NameConverter                                         : loaded 2 times (x 70B)
Class com.sun.xml.bind.v2.model.core.NonElement                                       : loaded 2 times (x 70B)
Class com.sun.xml.bind.v2.ContextFactory                                              : loaded 2 times (x 71B)
Class com.sun.xml.bind.v2.runtime.Transducer                                          : loaded 2 times (x 70B)
Class com.sun.xml.bind.v2.model.impl.RuntimeBuiltinLeafInfoImpl$StringImplImpl        : loaded 2 times (x 136B)
Class android.databinding.internal.org.antlr.v4.runtime.ParserRuleContext             : loaded 2 times (x 131B)
Class android.databinding.tool.LibTypes$dataBindingKtx$2                              : loaded 2 times (x 78B)
Class com.sun.xml.bind.v2.runtime.reflect.ListTransducedAccessorImpl                  : loaded 2 times (x 80B)
Class dagger.spi.internal.shaded.androidx.room.compiler.codegen.java.JavaTypeSpec$Builder: loaded 2 times (x 90B)
Class [Ldagger.internal.codegen.writing.ComponentImplementation$FieldSpecKind;        : loaded 2 times (x 69B)
Class dagger.internal.codegen.writing.ComponentImplementation$FieldSpecKind           : loaded 2 times (x 79B)
Class dagger.spi.internal.shaded.androidx.room.compiler.codegen.java.JavaParameterSpec: loaded 2 times (x 76B)
Class javax.xml.bind.PropertyException                                                : loaded 2 times (x 85B)
Class dagger.spi.model.BindingKind                                                    : loaded 2 times (x 79B)
Class dagger.spi.internal.shaded.kotlin.metadata.internal.metadata.deserialization.VersionRequirement$Version: loaded 2 times (x 71B)
Class dagger.internal.codegen.binding.$AutoValue_MultiboundMapBinding                 : loaded 2 times (x 92B)
Class dagger.internal.codegen.binding.$AutoValue_AssistedFactoryBinding$Builder       : loaded 2 times (x 95B)
Class dagger.internal.codegen.binding.AutoValue_ComponentBinding                      : loaded 2 times (x 91B)
Class com.sun.xml.bind.v2.runtime.unmarshaller.TagName                                : loaded 2 times (x 75B)
Class dagger.internal.codegen.base.DaggerSuperficialValidation$1                      : loaded 2 times (x 71B)
Class dagger.internal.codegen.base.RequestKinds$1                                     : loaded 2 times (x 71B)
Class [Ldagger.internal.codegen.validation.ValidationBindingGraphPlugin;              : loaded 2 times (x 69B)
Class dagger.internal.codegen.binding.ModuleDescriptor$Factory                        : loaded 2 times (x 75B)
Class dagger.internal.codegen.processingstep.BindsInstanceProcessingStep_Factory      : loaded 2 times (x 82B)
Class dagger.internal.codegen.validation.BindingMethodValidator$ExceptionSuperclass$1 : loaded 2 times (x 81B)
Class dagger.internal.codegen.writing.UnwrappedMapKeyGenerator                        : loaded 2 times (x 80B)
Class dagger.spi.internal.shaded.androidx.room.compiler.processing.XExecutableType    : loaded 2 times (x 70B)
Class dagger.internal.codegen.bindinggraphvalidation.SetMultibindingValidator_Factory$InstanceHolder: loaded 2 times (x 71B)
Class dagger.internal.codegen.bindinggraphvalidation.MissingBindingValidator_Factory  : loaded 2 times (x 82B)
Class dagger.internal.codegen.binding.ModuleDescriptor_Factory_Factory                : loaded 2 times (x 82B)
Class dagger.internal.codegen.binding.DelegateDeclaration_Factory_Factory             : loaded 2 times (x 82B)
Class com.google.common.graph.DirectedGraphConnections$2$2                            : loaded 2 times (x 82B)
Class dagger.spi.internal.shaded.androidx.room.compiler.processing.javac.JavacMethodParameter: loaded 2 times (x 223B)
Class dagger.hilt.processor.internal.root.ComponentTreeDepsMetadata                   : loaded 2 times (x 80B)
Class dagger.spi.internal.shaded.androidx.room.compiler.processing.javac.kotlin.KotlinClassMetadataUtilsKt: loaded 2 times (x 71B)
Class com.android.tools.build.jetifier.core.rule.RewriteRule$JsonData                 : loaded 2 times (x 72B)
Class com.android.tools.build.jetifier.core.PackageMap$PackageRule                    : loaded 2 times (x 72B)
Class [Lorg.jetbrains.kotlin.build.report.metrics.GradleBuildTime;                    : loaded 2 times (x 69B)
Class com.amazon.ion.impl.bin.IonManagedBinaryWriter$SymbolState                      : loaded 2 times (x 80B)
Class com.amazon.ion.IonStruct                                                        : loaded 2 times (x 70B)
Class org.jetbrains.plugins.gradle.model.GradleBuildScriptClasspathModel              : loaded 2 times (x 70B)
Class com.google.common.reflect.Types$ClassOwnership                                  : loaded 2 times (x 80B)
Class com.google.common.collect.ImmutableSortedMap$1EntrySet$1                        : loaded 2 times (x 212B)
Class com.android.builder.model.v2.ide.BundleInfo                                     : loaded 2 times (x 70B)
Class com.android.builder.model.v2.ide.SourceProvider                                 : loaded 2 times (x 70B)
Class org.objectweb.asm.Symbol                                                        : loaded 2 times (x 73B)
Class org.gradle.util.internal.DefaultGradleVersion                                   : loaded 2 times (x 80B)
Class org.gradle.api.internal.classpath.EffectiveClassPath                            : loaded 2 times (x 90B)
Class kotlin.sequences.SequencesKt___SequencesKt$flatMap$2                            : loaded 2 times (x 125B)
Class com.sun.xml.bind.v2.runtime.unmarshaller.UnmarshallingContext$DefaultRootLoader : loaded 2 times (x 80B)
Class com.sun.xml.bind.v2.runtime.reflect.PrimitiveArrayListerLong                    : loaded 2 times (x 76B)
Class com.sun.xml.bind.v2.model.core.ClassInfo                                        : loaded 2 times (x 70B)
Class [Lcom.android.ide.common.repository.AgpVersion$PreviewKind;                     : loaded 2 times (x 69B)
Class org.jetbrains.plugins.gradle.tooling.serialization.internal.IdeaProjectSerializationService: loaded 2 times (x 77B)
Class com.google.gson.reflect.TypeToken                                               : loaded 2 times (x 75B)
Class org.jetbrains.kotlin.idea.projectModel.KotlinTaskProperties                     : loaded 2 times (x 70B)
Class [Ldagger.internal.codegen.writing.FrameworkInstanceKind;                        : loaded 2 times (x 69B)
Class dagger.spi.internal.shaded.androidx.room.compiler.codegen.kotlin.KotlinAnnotationSpec$Builder: loaded 2 times (x 78B)
Class dagger.spi.internal.shaded.androidx.room.compiler.codegen.impl.XTypeSpecImpl    : loaded 2 times (x 75B)
Class dagger.spi.internal.shaded.androidx.room.compiler.codegen.XCodeBlock$Companion$ofNewInstance$1: loaded 2 times (x 79B)
Class dagger.internal.codegen.writing.ProducerNodeInstanceRequestRepresentation_Factory_Impl: loaded 2 times (x 75B)
Class dagger.internal.codegen.validation.AutoValue_SpiModelBindingGraphConverter_DaggerTypeImpl: loaded 2 times (x 76B)
Class dagger.internal.codegen.binding.ErrorMessages                                   : loaded 2 times (x 71B)
Class dagger.internal.codegen.model.AutoValue_Key_MultibindingContributionIdentifier  : loaded 2 times (x 74B)
Class dagger.internal.codegen.binding.ComponentDeclarations$Factory                   : loaded 2 times (x 72B)
Class dagger.internal.codegen.validation.BindingMethodValidator$ExceptionSuperclass$2 : loaded 2 times (x 81B)
Class dagger.internal.codegen.base.ContributionType$HasContributionType               : loaded 2 times (x 70B)
Class dagger.internal.codegen.kotlin.KotlinMetadataUtil                               : loaded 2 times (x 72B)
Class com.bumptech.glide.annotation.compiler.RequestManagerGenerator                  : loaded 2 times (x 72B)
Class dagger.hilt.processor.internal.ComponentDescriptor$Builder                      : loaded 2 times (x 70B)
Class org.jetbrains.org.objectweb.asm.ClassReader                                     : loaded 2 times (x 91B)
Class dagger.spi.internal.shaded.kotlin.metadata.internal.metadata.jvm.deserialization.JvmNameResolverKt: loaded 2 times (x 71B)
Class dagger.spi.internal.shaded.kotlin.metadata.internal.metadata.ProtoBuf$TypeParameter$Variance: loaded 2 times (x 82B)
Class [Ldagger.spi.internal.shaded.androidx.room.compiler.processing.InternalXAnnotationValue$Kind;: loaded 2 times (x 69B)
Class dagger.internal.codegen.xprocessing.XAnnotationValues$1                         : loaded 2 times (x 84B)
Class dagger.spi.internal.shaded.androidx.room.compiler.processing.javac.JavacMethodElement$returnType$2: loaded 2 times (x 79B)
Class dagger.spi.internal.shaded.androidx.room.compiler.processing.javac.JavacType$xTypeName$2: loaded 2 times (x 79B)
Class dagger.hilt.android.processor.internal.bindvalue.AutoValue_BindValueMetadata    : loaded 2 times (x 74B)
Class com.squareup.javapoet.ClassName$1                                               : loaded 2 times (x 97B)
Class kotlin.annotation.Repeatable                                                    : loaded 2 times (x 70B)
Class dagger.spi.internal.shaded.com.google.auto.common.Overrides                     : loaded 2 times (x 72B)
Class dagger.spi.internal.shaded.androidx.room.compiler.processing.javac.JavacAnnotation$type$2: loaded 2 times (x 79B)
Class dagger.spi.internal.shaded.androidx.room.compiler.processing.InternalXAnnotated : loaded 2 times (x 70B)
Class androidx.room.compiler.processing.XBasicAnnotationProcessor                     : loaded 2 times (x 70B)
Class dagger.spi.internal.shaded.androidx.room.compiler.processing.XBasicAnnotationProcessor: loaded 2 times (x 70B)
Class com.google.common.io.Java8Compatibility                                         : loaded 2 times (x 71B)
Class com.google.common.io.Closer                                                     : loaded 2 times (x 78B)
Class com.google.common.base.CharMatcher$Ascii                                        : loaded 2 times (x 112B)
Class org.gradle.internal.classloader.ClassLoaderSpec                                 : loaded 2 times (x 71B)
Class com.android.tools.build.jetifier.core.proguard.ProGuardType                     : loaded 2 times (x 72B)
Class dagger.hilt.android.processor.internal.customtestapplication.CustomTestApplicationProcessor: loaded 2 times (x 100B)
Class com.sun.xml.bind.AccessorFactoryImpl                                            : loaded 2 times (x 81B)
Class com.sun.xml.bind.v2.model.core.MapPropertyInfo                                  : loaded 2 times (x 70B)
Class com.squareup.kotlinpoet.TypeName                                                : loaded 2 times (x 86B)
Class com.google.gson.internal.sql.SqlTimestampTypeAdapter$1                          : loaded 2 times (x 75B)
Class com.google.gson.JsonPrimitive                                                   : loaded 2 times (x 93B)
Class dagger.spi.internal.shaded.androidx.room.compiler.processing.javac.JavacMethodElement$parameters$2: loaded 2 times (x 79B)
Class com.squareup.kotlinpoet.AnnotationSpec$Companion                                : loaded 2 times (x 71B)
Class dagger.internal.codegen.writing.ComponentCreatorImplementationFactory$BuilderForGeneratedRootComponentBuilder: loaded 2 times (x 82B)
Class com.squareup.kotlinpoet.ContextReceivable$Builder                               : loaded 2 times (x 70B)
Class dagger.spi.internal.shaded.androidx.room.compiler.codegen.XPropertySpec$Companion: loaded 2 times (x 71B)
Class dagger.internal.codegen.writing.ComponentImplementation$TypeSpecKind            : loaded 2 times (x 79B)
Class dagger.internal.codegen.validation.SpiModelBindingGraphConverter$ComponentNodeImpl: loaded 2 times (x 87B)
Class dagger.spi.internal.shaded.kotlin.metadata.jvm.KotlinClassMetadata              : loaded 2 times (x 76B)
Class com.google.common.collect.FilteredKeyMultimap$Entries                           : loaded 2 times (x 131B)
Class dagger.internal.codegen.kotlin.FunctionMetadata                                 : loaded 2 times (x 70B)
Class dagger.internal.codegen.binding.$AutoValue_ComponentDescriptor                  : loaded 2 times (x 97B)
Class dagger.internal.codegen.binding.AutoValue_MultibindingDeclaration               : loaded 2 times (x 79B)
Class dagger.internal.codegen.validation.BindingMethodValidator$ExceptionSuperclass$3 : loaded 2 times (x 81B)
Class dagger.spi.internal.shaded.androidx.room.compiler.processing.javac.JavacArrayType$xTypeName$2: loaded 2 times (x 79B)
Class dagger.hilt.android.processor.internal.androidentrypoint.AndroidEntryPointMetadata$Type: loaded 2 times (x 72B)
Class dagger.spi.internal.shaded.kotlin.metadata.internal.metadata.deserialization.VersionRequirementTable$Companion: loaded 2 times (x 71B)
Class dagger.spi.internal.shaded.kotlin.metadata.internal.metadata.jvm.JvmProtoBuf$StringTableTypes$Record$Operation$1: loaded 2 times (x 74B)
Class dagger.spi.internal.shaded.kotlin.metadata.internal.metadata.jvm.deserialization.JvmMetadataVersion$Companion: loaded 2 times (x 71B)
Class dagger.spi.internal.shaded.kotlin.metadata.internal.metadata.deserialization.BinaryVersion: loaded 2 times (x 74B)
Class dagger.spi.internal.shaded.androidx.room.compiler.processing.XExecutableElement : loaded 2 times (x 70B)
Class dagger.spi.internal.shaded.kotlin.metadata.internal.metadata.jvm.deserialization.UtfEncodingKt: loaded 2 times (x 71B)
Class com.squareup.kotlinpoet.TagMap$Companion                                        : loaded 2 times (x 71B)
Class dagger.spi.internal.shaded.androidx.room.compiler.processing.XHasModifiers      : loaded 2 times (x 70B)
Class androidx.hilt.AndroidXHiltProcessor                                             : loaded 2 times (x 98B)
Class dagger.hilt.android.processor.internal.bindvalue.BindValueProcessingStep        : loaded 2 times (x 86B)
Class com.amazon.ion.impl.IonWriterSystemTextMarkup                                   : loaded 2 times (x 192B)
Class com.amazon.ion.impl.bin.BlockAllocator                                          : loaded 2 times (x 80B)
Class com.google.common.io.ByteSource$EmptyByteSource                                 : loaded 2 times (x 85B)
Class org.objectweb.asm.AnnotationWriter                                              : loaded 2 times (x 79B)
Class com.android.tools.build.jetifier.core.proguard.ProGuardTypesMap$expandedRules$2 : loaded 2 times (x 79B)
Class com.sun.xml.bind.DatatypeConverterImpl                                          : loaded 2 times (x 111B)
Class com.sun.xml.bind.v2.ClassFactory                                                : loaded 2 times (x 71B)
Class com.bumptech.glide.repackaged.com.google.common.base.Function                   : loaded 2 times (x 70B)
Class dagger.internal.codegen.processingstep.AssistedInjectProcessingStep             : loaded 2 times (x 86B)
Class [Lcom.google.gson.ReflectionAccessFilter$FilterResult;                          : loaded 2 times (x 69B)
Class com.google.gson.JsonElement                                                     : loaded 2 times (x 92B)
Class dagger.internal.codegen.bindinggraphvalidation.IncompatiblyScopedBindingsValidator: loaded 2 times (x 85B)
Class dagger.internal.codegen.bindinggraphvalidation.MissingBindingValidator          : loaded 2 times (x 85B)
Class dagger.internal.codegen.validation.ComponentDescriptorValidator                 : loaded 2 times (x 72B)
Class dagger.internal.codegen.binding.AutoValue_AssistedInjectionAnnotations_AssistedFactoryMetadata: loaded 2 times (x 82B)
Class dagger.internal.codegen.writing.DelegateRequestRepresentation$ScopeKind         : loaded 2 times (x 79B)
Class com.squareup.kotlinpoet.TypeSpec$Kind                                           : loaded 2 times (x 79B)
Class com.squareup.kotlinpoet.PropertySpec$Builder                                    : loaded 2 times (x 104B)
Class dagger.internal.codegen.writing.MembersInjectorProviderCreationExpression$Factory: loaded 2 times (x 70B)
Class dagger.internal.codegen.writing.DependencyMethodProviderCreationExpression_Factory: loaded 2 times (x 72B)
Class dagger.internal.codegen.writing.DependencyMethodProducerCreationExpression_Factory_Impl: loaded 2 times (x 75B)
Class dagger.internal.codegen.writing.StaticFactoryInstanceSupplier_Factory_Impl      : loaded 2 times (x 75B)
Class dagger.spi.model.Key$1                                                          : loaded 2 times (x 71B)
Class dagger.internal.codegen.validation.SpiModelBindingGraphConverter$DaggerTypeElementImpl: loaded 2 times (x 75B)
Class dagger.internal.codegen.binding.$AutoValue_InjectionBinding$Builder             : loaded 2 times (x 97B)
Class [Ldagger.spi.internal.shaded.kotlin.metadata.internal.metadata.ProtoBuf$Type$Argument$Projection;: loaded 2 times (x 69B)
Class com.google.common.collect.Collections2$TransformedCollection                    : loaded 2 times (x 118B)
Class dagger.internal.codegen.base.AutoValue_ModuleAnnotation                         : loaded 2 times (x 76B)
Class dagger.internal.codegen.kotlin.PropertyMetadata                                 : loaded 2 times (x 72B)
Class dagger.internal.codegen.base.ComponentCreatorAnnotation                         : loaded 2 times (x 79B)
Class dagger.MembersInjector                                                          : loaded 2 times (x 70B)
Class dagger.internal.codegen.processingstep.SuperficialValidator_Factory             : loaded 2 times (x 82B)
Class dagger.internal.codegen.base.Util                                               : loaded 2 times (x 71B)
Class dagger.internal.codegen.base.ContributionType                                   : loaded 2 times (x 79B)
Class dagger.spi.internal.shaded.kotlin.metadata.jvm.JvmMemberSignatureKt             : loaded 2 times (x 71B)
Class dagger.spi.internal.shaded.kotlin.metadata.internal.metadata.jvm.JvmProtoBuf$StringTableTypes$Record$1: loaded 2 times (x 144B)
Class dagger.spi.internal.shaded.androidx.room.compiler.processing.javac.JavacAnnotationValue$1: loaded 2 times (x 79B)
Class dagger.spi.internal.shaded.androidx.room.compiler.processing.XMemberContainer   : loaded 2 times (x 70B)
Class dagger.hilt.android.processor.internal.bindvalue.BindValueProcessor             : loaded 2 times (x 100B)
Class com.amazon.ion.impl._Private_RecyclingQueue                                     : loaded 2 times (x 80B)
Class com.amazon.ion.system.IonWriterBuilderBase                                      : loaded 2 times (x 83B)
Class com.google.common.collect.Interners                                             : loaded 2 times (x 71B)
Class com.google.common.io.Closer$Suppressor                                          : loaded 2 times (x 70B)
Class com.google.common.io.LineProcessor                                              : loaded 2 times (x 70B)
Class org.objectweb.asm.RecordComponentWriter                                         : loaded 2 times (x 78B)
Class com.google.common.util.concurrent.AbstractFuture$Listener                       : loaded 2 times (x 72B)
Class [Lcom.android.builder.model.v2.ide.ProjectType;                                 : loaded 2 times (x 69B)
Class org.gradle.tooling.internal.adapter.ProtocolToModelAdapter$DefaultViewBuilder   : loaded 2 times (x 80B)
Class com.android.tools.build.jetifier.core.pom.PomRewriteRule$Companion              : loaded 2 times (x 71B)
Class com.sun.xml.bind.v2.runtime.reflect.ListIterator                                : loaded 2 times (x 70B)
Class javax.xml.bind.annotation.XmlElementRefs                                        : loaded 2 times (x 70B)
Class com.sun.xml.bind.v2.model.runtime.RuntimeElement                                : loaded 2 times (x 70B)
Class dagger.internal.codegen.binding.$AutoValue_DelegateBinding$Builder              : loaded 2 times (x 101B)
Class dagger.internal.codegen.model.DaggerTypeElement                                 : loaded 2 times (x 73B)
Class com.google.gson.internal.bind.CollectionTypeAdapterFactory                      : loaded 2 times (x 75B)
Class com.google.common.collect.FilteredSetMultimap                                   : loaded 2 times (x 70B)
Class [Ldagger.spi.internal.shaded.kotlin.metadata.KmVariance;                        : loaded 2 times (x 69B)
Class [Ldagger.internal.codegen.writing.ComponentImplementation$TypeSpecKind;         : loaded 2 times (x 69B)
Class dagger.internal.codegen.xprocessing.XPropertySpecs$1                            : loaded 2 times (x 71B)
Class com.squareup.kotlinpoet.TaggableKt                                              : loaded 2 times (x 71B)
Class dagger.internal.codegen.writing.ProviderInstanceRequestRepresentation$Factory   : loaded 2 times (x 70B)
Class dagger.internal.codegen.writing.MapFactoryCreationExpression_Factory            : loaded 2 times (x 72B)
Class dagger.internal.codegen.writing.ComponentProvisionRequestRepresentation_Factory_Impl: loaded 2 times (x 75B)
Class dagger.internal.codegen.binding.SubcomponentCreatorBinding$Builder              : loaded 2 times (x 78B)
Class dagger.spi.internal.shaded.androidx.room.compiler.processing.javac.JavacTypeVariableType$equalityItems$2: loaded 2 times (x 79B)
Class dagger.spi.internal.shaded.androidx.room.compiler.processing.javac.JavacTypeVariableType: loaded 2 times (x 209B)
Class dagger.internal.codegen.binding.MultiboundMapBinding$Builder                    : loaded 2 times (x 80B)
Class dagger.internal.codegen.binding.AutoValue_ProvisionBinding                      : loaded 2 times (x 92B)
Class dagger.internal.codegen.validation.ComponentValidator                           : loaded 2 times (x 75B)
Class dagger.internal.codegen.validation.BindsInstanceMethodValidator_Factory         : loaded 2 times (x 82B)
Class dagger.internal.codegen.validation.DiagnosticMessageGenerator_Factory_Factory   : loaded 2 times (x 82B)
Class com.bumptech.glide.annotation.compiler.IndexerGenerator                         : loaded 2 times (x 72B)
Class com.bumptech.glide.repackaged.com.squareup.javapoet.ParameterizedTypeName       : loaded 2 times (x 79B)
Class com.bumptech.glide.repackaged.com.squareup.javapoet.ArrayTypeName               : loaded 2 times (x 79B)
Class dagger.spi.internal.shaded.androidx.room.compiler.processing.XMethodElementKt   : loaded 2 times (x 71B)
Class dagger.spi.internal.shaded.androidx.room.compiler.processing.javac.JavacArrayType$componentType$2: loaded 2 times (x 79B)
Class dagger.spi.internal.shaded.kotlin.metadata.internal.metadata.deserialization.Flags$FlagField: loaded 2 times (x 73B)
Class dagger.spi.internal.shaded.kotlin.metadata.internal.metadata.ProtoBuf$VersionRequirementTableOrBuilder: loaded 2 times (x 70B)
Class [Ldagger.internal.codegen.xprocessing.XFunSpecs$Builder$Kind;                   : loaded 2 times (x 69B)
Class dagger.spi.internal.shaded.androidx.room.compiler.processing.XElement           : loaded 2 times (x 70B)
Class [Lorg.objectweb.asm.Label;                                                      : loaded 2 times (x 69B)
Class [Lcom.android.builder.model.v2.ide.AaptOptions$Namespacing;                     : loaded 2 times (x 69B)
Class org.objectweb.asm.Attribute                                                     : loaded 2 times (x 77B)
Class org.gradle.tooling.internal.adapter.ProtocolToModelAdapter$ViewGraphDetails$1   : loaded 2 times (x 77B)
Class org.gradle.internal.classloader.VisitableURLClassLoader                         : loaded 2 times (x 117B)
Class com.sun.xml.bind.v2.runtime.unmarshaller.Scope                                  : loaded 2 times (x 72B)
Class javax.xml.bind.helpers.DefaultValidationEventHandler                            : loaded 2 times (x 75B)
Class android.databinding.tool.store.ResourceBundle$VariableDeclaration               : loaded 2 times (x 72B)
Class javax.xml.bind.annotation.XmlElement$DEFAULT                                    : loaded 2 times (x 71B)
Class com.sun.xml.bind.v2.runtime.InternalBridge                                      : loaded 2 times (x 87B)
Class android.databinding.tool.LibTypes$dataBinderMapper$2                            : loaded 2 times (x 79B)
Class org.apache.commons.io.file.PathVisitor                                          : loaded 2 times (x 70B)
Class android.databinding.tool.store.ResourceBundle$ValidateAndFilterCallback         : loaded 2 times (x 70B)
Class com.google.gson.internal.bind.TypeAdapters$33                                   : loaded 2 times (x 76B)
Class dagger.spi.internal.shaded.androidx.room.compiler.codegen.XFileSpec             : loaded 2 times (x 70B)
Class com.squareup.kotlinpoet.TypeSpec$Companion                                      : loaded 2 times (x 71B)
Class [Ldagger.internal.codegen.writing.ComponentImplementation$MethodSpecKind;       : loaded 2 times (x 69B)
Class dagger.internal.codegen.validation.SpiModelBindingGraphConverter$DependencyEdgeImpl: loaded 2 times (x 78B)
Class dagger.spi.model.AutoValue_Key                                                  : loaded 2 times (x 80B)
Class dagger.spi.internal.shaded.kotlin.metadata.KmVersionRequirement                 : loaded 2 times (x 72B)
Class com.google.gson.internal.bind.ObjectTypeAdapter                                 : loaded 2 times (x 74B)
Class dagger.internal.codegen.binding.$AutoValue_AssistedFactoryBinding               : loaded 2 times (x 92B)
Class dagger.internal.codegen.binding.ComponentDeclarations$TypeNameKey               : loaded 2 times (x 74B)
Class com.sun.xml.bind.v2.runtime.JAXBContextImpl$2                                   : loaded 2 times (x 78B)
Class dagger.internal.codegen.binding.ConfigurationAnnotations                        : loaded 2 times (x 71B)
Class dagger.internal.codegen.model.AutoValue_DaggerAnnotation                        : loaded 2 times (x 76B)
Class dagger.internal.codegen.bindinggraphvalidation.DependencyCycleValidator         : loaded 2 times (x 85B)
Class dagger.internal.codegen.bindinggraphvalidation.SubcomponentFactoryMethodValidator_Factory: loaded 2 times (x 81B)
Class dagger.spi.internal.shaded.kotlin.metadata.Attributes$visibility$2              : loaded 2 times (x 137B)
Class dagger.spi.internal.shaded.androidx.room.compiler.processing.javac.kotlin.KmClassContainer$type$2: loaded 2 times (x 79B)
Class dagger.spi.internal.shaded.kotlin.metadata.internal.metadata.ProtoBuf$ValueParameterOrBuilder: loaded 2 times (x 70B)
Class javax.xml.bind.annotation.XmlEnum                                               : loaded 2 times (x 70B)
Class dagger.spi.internal.shaded.androidx.room.compiler.processing.javac.JavacTypeElement$superClass$2: loaded 2 times (x 79B)
Class [Lnet.ltgt.gradle.incap.IncrementalAnnotationProcessorType;                     : loaded 2 times (x 69B)
Class androidx.room.compiler.processing.javac.JavacBasicAnnotationProcessor$commonDelegate$2: loaded 2 times (x 79B)
Class com.amazon.ion.impl.bin.IonRawBinaryWriter$1                                    : loaded 2 times (x 77B)
Class [Lcom.amazon.ion.SymbolTable;                                                   : loaded 2 times (x 69B)
Class com.amazon.ion.impl.bin.IonBinaryWriterAdapter$Factory                          : loaded 2 times (x 70B)
Class com.amazon.ion.impl.BlockedBuffer$BufferedOutputStream                          : loaded 2 times (x 90B)
Class org.jetbrains.plugins.gradle.tooling.serialization.ExternalTestsSerializationService$ReadContext: loaded 2 times (x 72B)
Class ijInit2_ac6nme9pvia3no937k159gr9c                                               : loaded 2 times (x 179B)
Class com.google.common.collect.ImmutableList$SerializedForm                          : loaded 2 times (x 73B)
Class com.android.ide.common.repository.AgpVersion$Companion                          : loaded 2 times (x 71B)
Class com.google.common.util.concurrent.AbstractFuture$Waiter                         : loaded 2 times (x 72B)
Class kotlin.sequences.FlatteningSequence$iterator$1                                  : loaded 2 times (x 79B)
Class [Lcom.sun.xml.bind.v2.runtime.property.Property;                                : loaded 2 times (x 69B)
Class com.sun.xml.bind.v2.runtime.reflect.Utils                                       : loaded 2 times (x 71B)
Class org.gradle.tooling.model.idea.IdeaDependency                                    : loaded 2 times (x 70B)
Class javax.xml.bind.DatatypeConverterInterface                                       : loaded 2 times (x 70B)
Class com.google.common.base.StandardSystemProperty                                   : loaded 2 times (x 79B)
Class org.gradle.internal.classloader.ClassLoaderVisitor                              : loaded 2 times (x 76B)
Class com.sun.xml.bind.v2.runtime.unmarshaller.LocatorEx                              : loaded 2 times (x 70B)
Class com.sun.xml.bind.v2.model.core.ElementPropertyInfo                              : loaded 2 times (x 70B)
Class com.sun.xml.bind.v2.model.impl.RuntimeElementInfoImpl                           : loaded 2 times (x 119B)
Class com.google.gson.internal.bind.TreeTypeAdapter                                   : loaded 2 times (x 75B)
Class com.google.gson.internal.sql.SqlTimeTypeAdapter                                 : loaded 2 times (x 74B)
Class kotlin.text.MatcherMatchResult$groupValues$1                                    : loaded 2 times (x 198B)
Class settings_conky7v08ynjg5aq0k2thxoxe$_run_closure1$_closure2                      : loaded 2 times (x 139B)
Class dagger.internal.codegen.writing.ProviderInstanceRequestRepresentation           : loaded 2 times (x 76B)
Class dagger.spi.internal.shaded.androidx.room.compiler.codegen.XTypeSpec$Builder     : loaded 2 times (x 70B)
Class com.squareup.kotlinpoet.FunSpec                                                 : loaded 2 times (x 89B)
Class com.squareup.kotlinpoet.Annotatable$Builder                                     : loaded 2 times (x 70B)
Class dagger.spi.internal.shaded.androidx.room.compiler.codegen.XParameterSpec$Companion: loaded 2 times (x 71B)
Class dagger.internal.codegen.writing.AssistedFactoryRequestRepresentation_Factory_Impl: loaded 2 times (x 75B)
Class dagger.spi.model.$AutoValue_ComponentPath                                       : loaded 2 times (x 74B)
Class org.apache.http.client.methods.HttpUriRequest                                   : loaded 2 times (x 70B)
Class dagger.internal.codegen.binding.AutoValue_AssistedInjectionBinding              : loaded 2 times (x 94B)
Class [Ldagger.spi.internal.shaded.kotlin.metadata.internal.metadata.ProtoBuf$Expression$ConstantValue;: loaded 2 times (x 69B)
Class com.google.common.collect.FilteredKeySetMultimap                                : loaded 2 times (x 202B)
Class com.google.common.collect.FilteredKeyMultimap                                   : loaded 2 times (x 154B)
Class dagger.internal.codegen.base.ComponentKind                                      : loaded 2 times (x 79B)
Class dagger.internal.codegen.base.FrameworkTypes                                     : loaded 2 times (x 71B)
Class dagger.spi.internal.shaded.androidx.room.compiler.processing.javac.kotlin.JvmDescriptorUtilsKt: loaded 2 times (x 71B)
Class com.google.common.collect.ImmutableSortedMapFauxverideShim                      : loaded 2 times (x 120B)
Class dagger.internal.codegen.validation.BindingElementValidator$ElementValidator     : loaded 2 times (x 77B)
Class dagger.spi.internal.shaded.androidx.room.compiler.processing.javac.JavacConstructorElement: loaded 2 times (x 254B)
Class com.google.common.io.ByteSource$ConcatenatedByteSource                          : loaded 2 times (x 85B)
Class dagger.spi.internal.shaded.kotlin.metadata.internal.extensions.KmTypeExtension  : loaded 2 times (x 70B)
Class dagger.spi.internal.shaded.kotlin.metadata.internal.extensions.KmExtensionType  : loaded 2 times (x 72B)
Class dagger.spi.internal.shaded.kotlin.metadata.internal.metadata.jvm.deserialization.JvmMetadataVersion: loaded 2 times (x 74B)
Class dagger.spi.internal.shaded.kotlin.metadata.jvm.internal.JvmReadUtils            : loaded 2 times (x 71B)
Class dagger.spi.internal.shaded.androidx.room.compiler.processing.XEquality          : loaded 2 times (x 70B)
Class dagger.hilt.processor.internal.root.RootType                                    : loaded 2 times (x 79B)
Class dagger.spi.internal.shaded.androidx.room.compiler.processing.javac.JavacProcessingEnv$Companion: loaded 2 times (x 71B)
Class com.amazon.ion.impl.bin.AbstractIonWriter$WriteValueOptimization                : loaded 2 times (x 79B)
Class com.google.common.collect.HashBiMap                                             : loaded 2 times (x 143B)
Class com.google.common.collect.MapMakerInternalMap                                   : loaded 2 times (x 161B)
Class com.android.builder.model.v2.ide.AaptOptions                                    : loaded 2 times (x 70B)
Class [Lcom.android.builder.model.v2.ide.BytecodeTransformation;                      : loaded 2 times (x 69B)
Class org.objectweb.asm.Handler                                                       : loaded 2 times (x 72B)
Class org.gradle.internal.agents.InstrumentingClassLoader                             : loaded 2 times (x 70B)
Class [Landroid.databinding.tool.processing.scopes.ScopeProvider;                     : loaded 2 times (x 69B)
Class com.sun.xml.bind.v2.runtime.unmarshaller.StructureLoader                        : loaded 2 times (x 78B)
Class com.sun.xml.bind.v2.runtime.reflect.Accessor$SetterOnlyReflection               : loaded 2 times (x 85B)
Class com.sun.xml.bind.v2.model.impl.ElementPropertyInfoImpl                          : loaded 2 times (x 123B)
Class com.sun.xml.bind.v2.model.impl.TypeInfoSetImpl$1                                : loaded 2 times (x 80B)
Class com.sun.xml.bind.v2.model.runtime.RuntimeArrayInfo                              : loaded 2 times (x 70B)
Class com.amazon.ion.impl.bin.IonManagedBinaryWriter$ImportedSymbolResolverMode$2     : loaded 2 times (x 80B)
Class com.google.gson.internal.LinkedTreeMap$EntrySet                                 : loaded 2 times (x 136B)
Class com.google.gson.internal.bind.TypeAdapters$20                                   : loaded 2 times (x 75B)
Class org.jetbrains.org.objectweb.asm.ClassVisitor                                    : loaded 2 times (x 87B)
Class dagger.spi.internal.shaded.androidx.room.compiler.processing.javac.JavacAnnotation$defaultValues$2: loaded 2 times (x 79B)
Class dagger.spi.internal.shaded.androidx.room.compiler.codegen.XMemberName           : loaded 2 times (x 72B)
Class dagger.spi.internal.shaded.androidx.room.compiler.processing.javac.kotlin.KmVisibility: loaded 2 times (x 70B)
Class dagger.internal.codegen.componentgenerator.CurrentImplementationSubcomponent_ChildComponentImplementationFactoryModule_ProvideChildComponentImplementationFactoryFactory: loaded 2 times (x 82B)
Class dagger.internal.codegen.writing.DelegatingFrameworkInstanceCreationExpression_Factory: loaded 2 times (x 72B)
Class dagger.internal.codegen.writing.DirectInstanceBindingRepresentation_Factory     : loaded 2 times (x 72B)
Class dagger.spi.internal.shaded.kotlin.metadata.internal.protobuf.GeneratedMessageLite: loaded 2 times (x 101B)
Class dagger.spi.internal.shaded.kotlin.metadata.internal.protobuf.BoundedByteString  : loaded 2 times (x 112B)
Class dagger.spi.internal.shaded.kotlin.metadata.internal.metadata.ProtoBuf$Function$1: loaded 2 times (x 144B)
Class com.google.common.graph.AbstractNetwork                                         : loaded 2 times (x 139B)
Class dagger.spi.internal.shaded.com.google.auto.common.AnnotationOutput$1            : loaded 2 times (x 107B)
Class dagger.internal.codegen.extension.DaggerCollectors$ToOptionalState              : loaded 2 times (x 72B)
Class dagger.internal.codegen.validation.DependencyRequestValidator$Validator         : loaded 2 times (x 72B)
Class dagger.spi.internal.shaded.kotlin.metadata.internal.extensions.MetadataExtensions: loaded 2 times (x 70B)
Class dagger.spi.internal.shaded.androidx.room.compiler.processing.javac.kotlin.KmFunctionContainer: loaded 2 times (x 70B)
Class dagger.internal.codegen.processingstep.MapKeyProcessingStep                     : loaded 2 times (x 86B)
Class androidx.room.Database                                                          : loaded 2 times (x 70B)
Class dagger.hilt.processor.internal.root.RootGenerator                               : loaded 2 times (x 72B)
Class dagger.spi.internal.shaded.kotlin.metadata.internal.extensions.KmExtension      : loaded 2 times (x 70B)
Class dagger.hilt.processor.internal.AutoValue_ComponentDescriptor$Builder            : loaded 2 times (x 80B)
Class com.google.common.graph.AbstractGraph                                           : loaded 2 times (x 135B)
Class dagger.spi.internal.shaded.androidx.room.compiler.processing.javac.JavacMethodElement$typeParameters$2: loaded 2 times (x 79B)
Class dagger.spi.internal.shaded.androidx.room.compiler.processing.XMethodElement     : loaded 2 times (x 70B)
Class com.google.common.graph.AbstractValueGraph                                      : loaded 2 times (x 145B)
Class dagger.spi.internal.shaded.androidx.room.compiler.processing.util.MemoizedSequence: loaded 2 times (x 75B)
Class dagger.spi.internal.shaded.androidx.room.compiler.processing.javac.JavacBasicAnnotationProcessor$2: loaded 2 times (x 79B)
Class com.amazon.ion.impl.bin.BlockAllocatorProvider                                  : loaded 2 times (x 72B)
Class org.jetbrains.plugins.gradle.tooling.serialization.internal.IdeaProjectSerializationService$WriteContext: loaded 2 times (x 72B)
Class com.intellij.gradle.toolingExtension.impl.model.sourceSetDependencyModel.GradleSourceSetDependencySerialisationService: loaded 2 times (x 77B)
Class org.jetbrains.plugins.gradle.model.GradleSourceSetModel                         : loaded 2 times (x 70B)
Class com.google.common.cache.RemovalCause$1                                          : loaded 2 times (x 80B)
Class com.android.builder.model.v2.models.ndk.NativeModelBuilderParameter             : loaded 2 times (x 70B)
Class kotlin.KotlinNothingValueException                                              : loaded 2 times (x 82B)
Class org.gradle.internal.classpath.DefaultClassPath$ImmutableUniqueList$Builder      : loaded 2 times (x 75B)
Class com.android.tools.build.jetifier.core.pom.PomRewriteRule                        : loaded 2 times (x 72B)
Class com.sun.xml.bind.v2.runtime.unmarshaller.Intercepter                            : loaded 2 times (x 70B)
Class android.databinding.internal.org.antlr.v4.runtime.tree.Tree                     : loaded 2 times (x 70B)
Class [Ljavax.xml.bind.annotation.XmlAccessOrder;                                     : loaded 2 times (x 69B)
Class javax.xml.bind.annotation.adapters.XmlJavaTypeAdapters                          : loaded 2 times (x 70B)
Class dagger.spi.model.BindingGraph$Node                                              : loaded 2 times (x 70B)
Class dagger.internal.codegen.model.AutoValue_DaggerType                              : loaded 2 times (x 75B)
Class com.google.gson.internal.bind.TypeAdapters$21                                   : loaded 2 times (x 75B)
Class com.google.gson.FieldNamingPolicy$1                                             : loaded 2 times (x 83B)
Class dagger.internal.codegen.binding.$AutoValue_MembersInjectionBinding_InjectionSite: loaded 2 times (x 77B)
Class dagger.internal.codegen.writing.SwitchingProviderInstanceSupplier               : loaded 2 times (x 75B)
Class dagger.internal.codegen.writing.ImmediateFutureRequestRepresentation            : loaded 2 times (x 74B)
Class dagger.internal.codegen.writing.RequestRepresentation                           : loaded 2 times (x 73B)
Class com.squareup.kotlinpoet.PropertySpec$Companion                                  : loaded 2 times (x 71B)
Class dagger.internal.codegen.writing.SimpleMethodRequestRepresentation_Factory       : loaded 2 times (x 72B)
Class dagger.internal.codegen.model.$AutoValue_ComponentPath                          : loaded 2 times (x 74B)
Class [Ldagger.spi.internal.shaded.kotlin.metadata.internal.metadata.ProtoBuf$VersionRequirement$Level;: loaded 2 times (x 69B)
Class dagger.spi.internal.shaded.kotlin.metadata.internal.metadata.deserialization.VersionRequirement: loaded 2 times (x 72B)
Class [Ldagger.spi.internal.shaded.kotlin.metadata.internal.metadata.ProtoBuf$Effect$InvocationKind;: loaded 2 times (x 69B)
Class dagger.spi.internal.shaded.androidx.room.compiler.codegen.XFunSpec              : loaded 2 times (x 70B)
Class dagger.internal.codegen.model.BindingGraph                                      : loaded 2 times (x 94B)
Class dagger.internal.codegen.binding.MembersInjectionBinding                         : loaded 2 times (x 83B)
Class dagger.hilt.android.processor.internal.androidentrypoint.Generators             : loaded 2 times (x 71B)
Class dagger.internal.codegen.writing.ProductionBindingRepresentation_Factory         : loaded 2 times (x 72B)
Class dagger.spi.internal.shaded.kotlin.metadata.internal.metadata.jvm.JvmProtoBuf$JvmMethodSignature$Builder: loaded 2 times (x 134B)
Class dagger.spi.internal.shaded.kotlin.metadata.internal.metadata.jvm.JvmProtoBuf$JvmFieldSignatureOrBuilder: loaded 2 times (x 70B)
Class dagger.internal.codegen.writing.SwitchingProviders                              : loaded 2 times (x 72B)
Class dagger.internal.codegen.writing.FrameworkFieldInitializer$FrameworkInstanceCreationExpression: loaded 2 times (x 70B)
Class dagger.internal.codegen.writing.ComponentCreatorImplementationFactory$Builder   : loaded 2 times (x 82B)
Class dagger.spi.internal.shaded.com.google.auto.common.MoreTypes$TypeEquivalence     : loaded 2 times (x 82B)
Class dagger.internal.codegen.DelegateComponentProcessor                              : loaded 2 times (x 72B)
Class dagger.hilt.processor.internal.root.ComponentTreeDepsProcessingStep             : loaded 2 times (x 86B)
Class com.android.ide.gradle.model.dependencies.Coordinates                           : loaded 2 times (x 70B)
Class com.amazon.ion.impl.lite.IonSequenceLite                                        : loaded 2 times (x 432B)
Class com.amazon.ion.impl._Private_Utils$1                                            : loaded 2 times (x 89B)
Class com.amazon.ion.impl.SymbolTableAsStruct                                         : loaded 2 times (x 70B)
Class com.google.common.cache.RemovalCause$2                                          : loaded 2 times (x 80B)
Class com.google.common.collect.MapMakerInternalMap$WeakValueReference                : loaded 2 times (x 70B)
Class com.squareup.kotlinpoet.TypeSpec$Builder                                        : loaded 2 times (x 103B)
Class org.gradle.tooling.internal.adapter.WeakIdentityHashMap$AbsentValueProvider     : loaded 2 times (x 70B)
Class dagger.internal.codegen.writing.DerivedFromFrameworkInstanceRequestRepresentation: loaded 2 times (x 74B)
Class com.android.tools.build.jetifier.core.utils.Log                                 : loaded 2 times (x 71B)
Class dagger.internal.codegen.writing.DelegateRequestRepresentation$1                 : loaded 2 times (x 71B)
Class [Lcom.sun.xml.bind.v2.runtime.property.PropertyImpl;                            : loaded 2 times (x 69B)
Class com.sun.xml.bind.v2.model.impl.RuntimeEnumLeafInfoImpl                          : loaded 2 times (x 149B)
Class javax.xml.bind.JAXBIntrospector                                                 : loaded 2 times (x 73B)
Class android.databinding.tool.store.GenClassInfoLog$GenClass                         : loaded 2 times (x 72B)
Class android.databinding.tool.LibTypes$typeRewriter$2                                : loaded 2 times (x 78B)
Class com.google.gson.internal.bind.TypeAdapters$32                                   : loaded 2 times (x 76B)
Class org.apache.commons.io.file.PathUtils                                            : loaded 2 times (x 71B)
Class com.sun.xml.bind.v2.runtime.JAXBContextImpl$1                                   : loaded 2 times (x 78B)
Class kotlin.collections.State                                                        : loaded 2 times (x 79B)
Class com.google.gson.internal.bind.TypeAdapters$22                                   : loaded 2 times (x 75B)
Class com.google.gson.TypeAdapter$1                                                   : loaded 2 times (x 74B)
Class com.google.gson.FieldNamingPolicy$2                                             : loaded 2 times (x 83B)
Class com.google.gson.internal.Excluder$1                                             : loaded 2 times (x 74B)
Class android.databinding.tool.LibTypes$dataBindingUtil$2                             : loaded 2 times (x 79B)
Class android.databinding.tool.LibTypes$mutableStateFlow$2                            : loaded 2 times (x 78B)
Class dagger.internal.codegen.writing.BindingRepresentations                          : loaded 2 times (x 71B)
Class dagger.internal.codegen.writing.ComponentImplementation$MethodSpecKind          : loaded 2 times (x 79B)
Class [Ldagger.spi.internal.shaded.androidx.room.compiler.codegen.XParameterSpec$Builder;: loaded 2 times (x 69B)
Class dagger.internal.codegen.xprocessing.XParameterSpecs$Builder                     : loaded 2 times (x 82B)
Class dagger.internal.codegen.writing.MembersInjectionRequestRepresentation_Factory   : loaded 2 times (x 72B)
Class dagger.spi.model.BindingGraph$SubcomponentCreatorBindingEdge                    : loaded 2 times (x 70B)
Class com.sun.xml.bind.v2.model.impl.TypeInfoImpl                                     : loaded 2 times (x 85B)
Class com.google.common.graph.MutableNetwork                                          : loaded 2 times (x 70B)
Class dagger.internal.codegen.binding.ComponentDescriptor                             : loaded 2 times (x 95B)
Class dagger.internal.codegen.processingstep.MultibindingAnnotationsProcessingStep_Factory: loaded 2 times (x 82B)
Class dagger.internal.codegen.writing.AnnotationCreatorGenerator_Factory              : loaded 2 times (x 82B)
Class [Ldagger.internal.codegen.compileroption.ValidationType;                        : loaded 2 times (x 69B)
Class dagger.internal.codegen.base.ElementFormatter_Factory$InstanceHolder            : loaded 2 times (x 71B)
Class [Landroidx.room.processor.Context$BooleanProcessorOptions;                      : loaded 2 times (x 69B)
Class dagger.spi.internal.shaded.androidx.room.compiler.processing.KClassExtKt        : loaded 2 times (x 71B)
Class [Ldagger.hilt.android.processor.internal.androidentrypoint.AndroidEntryPointMetadata$AndroidType;: loaded 2 times (x 69B)
Class dagger.spi.internal.shaded.kotlin.metadata.Attributes$visibility$6              : loaded 2 times (x 137B)
Class dagger.spi.internal.shaded.kotlin.metadata.internal.metadata.ProtoBuf$MemberKind: loaded 2 times (x 82B)
Class dagger.spi.internal.shaded.androidx.room.compiler.processing.javac.JavacProcessingEnv$WhenMappings: loaded 2 times (x 71B)
Class com.sun.xml.bind.v2.runtime.property.Utils$1                                    : loaded 2 times (x 77B)
Class com.sun.xml.bind.marshaller.XMLWriter                                           : loaded 2 times (x 167B)
Class com.android.tools.build.jetifier.core.pom.DependencyVersionsMap                 : loaded 2 times (x 72B)
Class org.gradle.internal.classloader.DefaultClassLoaderFactory                       : loaded 2 times (x 82B)
Class org.objectweb.asm.MethodTooLargeException                                       : loaded 2 times (x 83B)
Class kotlin.reflect.jvm.internal.ReflectProperties$LazyVal                           : loaded 2 times (x 75B)
Class dagger.spi.internal.shaded.com.google.auto.common.MoreTypes$ArrayTypeVisitor    : loaded 2 times (x 102B)
Class com.amazon.ion.impl.bin.AbstractIonWriter                                       : loaded 2 times (x 161B)
Class org.jetbrains.plugins.gradle.tooling.util.ObjectCollector$Processor             : loaded 2 times (x 70B)
Class com.google.common.cache.RemovalCause$3                                          : loaded 2 times (x 80B)
Class com.google.common.base.AbstractIterator$1                                       : loaded 2 times (x 71B)
Class com.google.common.base.CharMatcher$Digit                                        : loaded 2 times (x 112B)
Class com.google.common.collect.MapMakerInternalMap$Strength                          : loaded 2 times (x 80B)
Class org.gradle.internal.exceptions.NonGradleCauseExceptionsHolder                   : loaded 2 times (x 70B)
Class org.gradle.tooling.model.idea.IdeaModuleDependency                              : loaded 2 times (x 70B)
Class org.gradle.tooling.internal.adapter.ViewBuilder                                 : loaded 2 times (x 70B)
Class com.google.common.collect.MapMakerInternalMap$StrongKeyDummyValueEntry$LinkedStrongKeyDummyValueEntry: loaded 2 times (x 82B)
Class com.intellij.util.containers.IntObjectHashMap$ArrayProducer                     : loaded 2 times (x 70B)
Class javax.xml.bind.helpers.AbstractMarshallerImpl                                   : loaded 2 times (x 125B)
Class com.sun.xml.bind.v2.runtime.reflect.Accessor$ReadOnlyFieldReflection            : loaded 2 times (x 85B)
Class com.sun.xml.bind.v2.model.core.AttributePropertyInfo                            : loaded 2 times (x 70B)
Class com.sun.xml.bind.v2.model.impl.RuntimeReferencePropertyInfoImpl                 : loaded 2 times (x 141B)
Class javax.xml.bind.Binder                                                           : loaded 2 times (x 85B)
Class javax.xml.bind.JAXBContext                                                      : loaded 2 times (x 78B)
Class com.amazon.ion.impl.bin.IonManagedBinaryWriter$ImportedSymbolResolverMode$1     : loaded 2 times (x 80B)
Class org.jetbrains.kotlin.idea.gradleTooling.AndroidAwareGradleModelProvider$Companion: loaded 2 times (x 71B)
Class com.amazon.ion.impl.lite.IonSymbolLite                                          : loaded 2 times (x 246B)
Class com.google.gson.internal.bind.TypeAdapters$23                                   : loaded 2 times (x 75B)
Class com.google.gson.FieldNamingPolicy$3                                             : loaded 2 times (x 83B)
Class [Lcom.amazon.ion.impl.bin.IonRawBinaryWriter$StreamCloseMode;                   : loaded 2 times (x 69B)
Class build_2vgxwk05xzolhywd7eyqqr1s0$_run_closure1$_closure5$_closure16              : loaded 2 times (x 139B)
Class dagger.internal.codegen.writing.UnscopedFrameworkInstanceCreationExpressionFactory$1: loaded 2 times (x 71B)
Class dagger.spi.internal.shaded.androidx.room.compiler.codegen.XCodeBlock$Companion  : loaded 2 times (x 71B)
Class dagger.internal.codegen.xprocessing.XTypeSpecs$Builder$Kind                     : loaded 2 times (x 79B)
Class dagger.internal.codegen.validation.SpiModelBindingGraphConverter$BindingGraphImpl: loaded 2 times (x 96B)
Class com.google.common.collect.HashBasedTable                                        : loaded 2 times (x 124B)
Class [Ldagger.spi.internal.shaded.com.google.auto.common.Visibility;                 : loaded 2 times (x 69B)
Class dagger.internal.codegen.binding.Binding                                         : loaded 2 times (x 81B)
Class dagger.internal.codegen.binding.OptionalBindingDeclaration_Factory_Factory      : loaded 2 times (x 82B)
Class [Lcom.google.common.graph.Traverser$InsertionOrder;                             : loaded 2 times (x 69B)
Class com.google.common.graph.IncidentEdgeSet                                         : loaded 2 times (x 136B)
Class dagger.spi.internal.shaded.androidx.room.compiler.processing.javac.JavacDeclaredType$typeArguments$2: loaded 2 times (x 79B)
Class org.jetbrains.kotlin.name.FqNameUnsafe$1                                        : loaded 2 times (x 74B)
Class dagger.spi.internal.shaded.androidx.room.compiler.processing.InternalXAnnotationValue$Companion: loaded 2 times (x 71B)
Class dagger.hilt.processor.internal.originatingelement.OriginatingElementProcessor   : loaded 2 times (x 100B)
Class org.jetbrains.org.objectweb.asm.SymbolTable$Entry                               : loaded 2 times (x 74B)
Class com.amazon.ion.system.IonReaderBuilder                                          : loaded 2 times (x 93B)
Class org.jetbrains.plugins.gradle.model.AnnotationProcessingConfig                   : loaded 2 times (x 70B)
Class com.amazon.ion.IonReader                                                        : loaded 2 times (x 70B)
Class com.google.common.cache.RemovalCause$4                                          : loaded 2 times (x 80B)
Class com.android.builder.model.v2.ide.AndroidLibraryData                             : loaded 2 times (x 70B)
Class com.android.builder.model.v2.ide.ApiVersion                                     : loaded 2 times (x 70B)
Class com.google.common.collect.ForwardingMap                                         : loaded 2 times (x 132B)
Class com.google.common.base.CharMatcher$JavaIsoControl                               : loaded 2 times (x 112B)
Class com.sun.xml.bind.v2.runtime.reflect.PrimitiveArrayListerBoolean                 : loaded 2 times (x 76B)
Class com.sun.xml.bind.v2.runtime.property.Property                                   : loaded 2 times (x 70B)
Class com.sun.xml.bind.v2.model.impl.ClassInfoImpl$1                                  : loaded 2 times (x 71B)
Class com.sun.xml.bind.v2.runtime.reflect.Accessor$GetterOnlyReflection               : loaded 2 times (x 85B)
Class javax.xml.bind.annotation.XmlMixed                                              : loaded 2 times (x 70B)
Class com.sun.xml.bind.v2.model.nav.ReflectionNavigator                               : loaded 2 times (x 123B)
Class com.sun.xml.bind.v2.model.annotation.AnnotationReader                           : loaded 2 times (x 70B)
Class dagger.spi.internal.shaded.kotlin.metadata.Attributes$kind$11                   : loaded 2 times (x 137B)
Class org.apache.commons.io.file.Counters$NoopPathCounters                            : loaded 2 times (x 82B)
Class com.google.common.graph.PredecessorsFunction                                    : loaded 2 times (x 70B)
Class com.google.gson.internal.bind.TypeAdapters$34$1                                 : loaded 2 times (x 74B)
Class com.google.gson.internal.bind.TypeAdapters$24                                   : loaded 2 times (x 75B)
Class com.google.gson.FieldNamingPolicy$4                                             : loaded 2 times (x 83B)
Class android.databinding.tool.LibTypes$bindable$2                                    : loaded 2 times (x 79B)
Class androidx.room.util.SimpleJavaVersion$compareTo$$inlined$thenBy$2                : loaded 2 times (x 90B)
Class dagger.internal.codegen.compileroption.CompilerOptions                          : loaded 2 times (x 94B)
Class dagger.internal.codegen.processingstep.ModuleProcessingStep_Factory             : loaded 2 times (x 82B)
Class com.intellij.gradle.toolingExtension.impl.initScript.util.GradleDebuggerUtil    : loaded 2 times (x 71B)
Class com.google.common.collect.Lists$OnePlusArrayList                                : loaded 2 times (x 199B)
Class dagger.internal.codegen.writing.ComponentRequirementExpressions$ComponentParameterField: loaded 2 times (x 81B)
Class dagger.internal.codegen.writing.ComponentProvisionRequestRepresentation_Factory : loaded 2 times (x 72B)
Class dagger.internal.codegen.writing.MembersInjectionBindingRepresentation_Factory   : loaded 2 times (x 72B)
Class dagger.internal.codegen.validation.AutoValue_SpiModelBindingGraphConverter_DaggerExecutableElementImpl: loaded 2 times (x 76B)
Class dagger.spi.model.DependencyRequest                                              : loaded 2 times (x 75B)
Class dagger.internal.codegen.binding.$AutoValue_SubcomponentCreatorBinding$Builder   : loaded 2 times (x 93B)
Class dagger.internal.codegen.model.DaggerType                                        : loaded 2 times (x 74B)
Class dagger.spi.internal.shaded.androidx.room.compiler.processing.javac.kotlin.JvmDescriptorTypeVisitor$visitExecutable$parameterDescriptors$1: loaded 2 times (x 79B)
Class dagger.internal.codegen.validation.DiagnosticReporterFactory                    : loaded 2 times (x 72B)
Class dagger.internal.codegen.binding.LegacyBindingGraphConverter                     : loaded 2 times (x 71B)
Class dagger.internal.codegen.compileroption.ProcessingEnvironmentCompilerOptions     : loaded 2 times (x 95B)
Class dagger.hilt.android.processor.internal.androidentrypoint.ApplicationGenerator   : loaded 2 times (x 72B)
Class com.google.common.graph.EndpointPairIterator$Undirected                         : loaded 2 times (x 82B)
Class dagger.hilt.processor.internal.root.RootMetadata                                : loaded 2 times (x 72B)
Class dagger.hilt.processor.internal.definecomponent.AutoValue_DefineComponentBuilderMetadatas_DefineComponentBuilderMetadata: loaded 2 times (x 75B)
Class dagger.spi.internal.shaded.kotlin.metadata.internal.protobuf.FieldSet$1         : loaded 2 times (x 71B)
Class dagger.internal.codegen.processingstep.LazyClassKeyProcessingStep               : loaded 2 times (x 86B)
Class dagger.spi.internal.shaded.androidx.room.compiler.processing.javac.kotlin.KmValueParameterContainer: loaded 2 times (x 72B)
Class dagger.spi.internal.shaded.androidx.room.compiler.codegen.java.JavaFunSpecKt    : loaded 2 times (x 71B)
Class dagger.spi.internal.shaded.androidx.room.compiler.codegen.XTypeName             : loaded 2 times (x 75B)
Class dagger.hilt.processor.internal.generatesrootinput.GeneratesRootInputProcessingStep: loaded 2 times (x 86B)
Class com.amazon.ion.IonClob                                                          : loaded 2 times (x 70B)
Class org.jetbrains.plugins.gradle.tooling.ModelBuilderService$Parameter              : loaded 2 times (x 70B)
Class com.google.common.cache.RemovalCause$5                                          : loaded 2 times (x 80B)
Class [Lcom.google.common.collect.MapMakerInternalMap$Strength;                       : loaded 2 times (x 69B)
Class [Lcom.google.common.io.FileWriteMode;                                           : loaded 2 times (x 69B)
Class com.android.builder.model.v2.models.Versions$Version                            : loaded 2 times (x 70B)
Class org.apache.http.client.methods.HttpExecutionAware                               : loaded 2 times (x 70B)
Class com.google.common.base.CharMatcher$JavaLowerCase                                : loaded 2 times (x 111B)
Class javax.xml.bind.annotation.XmlInlineBinaryData                                   : loaded 2 times (x 70B)
Class com.sun.xml.bind.v2.runtime.Location                                            : loaded 2 times (x 70B)
Class com.google.gson.internal.LinkedTreeMap$EntrySet$1                               : loaded 2 times (x 81B)
Class com.google.gson.internal.bind.TypeAdapters$25                                   : loaded 2 times (x 75B)
Class com.google.gson.FieldNamingPolicy$5                                             : loaded 2 times (x 83B)
Class dagger.internal.codegen.xprocessing.XFunSpecs$Builder                           : loaded 2 times (x 114B)
Class dagger.spi.internal.shaded.androidx.room.compiler.codegen.impl.XTypeSpecImpl$name$2: loaded 2 times (x 79B)
Class dagger.spi.internal.shaded.androidx.room.compiler.codegen.kotlin.KotlinCodeBlock: loaded 2 times (x 72B)
Class dagger.spi.internal.shaded.androidx.room.compiler.codegen.impl.XCodeBlockImpl   : loaded 2 times (x 72B)
Class dagger.internal.codegen.writing.ComponentInstanceRequestRepresentation$Factory  : loaded 2 times (x 70B)
Class dagger.spi.internal.shaded.androidx.room.compiler.codegen.XAnnotationSpec$Builder$Companion: loaded 2 times (x 71B)
Class dagger.internal.codegen.binding.ContributionBinding$1                           : loaded 2 times (x 71B)
Class dagger.internal.codegen.binding.InjectionBinding$Builder                        : loaded 2 times (x 80B)
Class dagger.spi.internal.shaded.kotlin.metadata.internal.metadata.ProtoBuf$Type$Argument: loaded 2 times (x 110B)
Class dagger.spi.internal.shaded.kotlin.metadata.internal.metadata.ProtoBuf$Type$ArgumentOrBuilder: loaded 2 times (x 70B)
Class dagger.spi.internal.shaded.androidx.room.compiler.processing.DeclarationCollectorKt$collectAllMethods$1: loaded 2 times (x 95B)
Class dagger.internal.codegen.binding.DelegateBinding$Builder                         : loaded 2 times (x 82B)
Class [Ldagger.internal.codegen.model.RequestKind;                                    : loaded 2 times (x 69B)
Class dagger.internal.codegen.validation.BindsMethodValidator$Validator               : loaded 2 times (x 80B)
Class dagger.internal.codegen.bindinggraphvalidation.CompositeBindingGraphPlugin_Factory: loaded 2 times (x 72B)
Class dagger.internal.codegen.validation.MembersInjectionValidator_Factory            : loaded 2 times (x 82B)
Class dagger.hilt.processor.internal.definecomponent.DefineComponentMetadatas         : loaded 2 times (x 72B)
Class dagger.internal.Preconditions                                                   : loaded 2 times (x 71B)
Class dagger.spi.internal.shaded.kotlin.metadata.jvm.internal.JvmExtensionNodesKt     : loaded 2 times (x 71B)
Class dagger.spi.internal.shaded.kotlin.metadata.internal.metadata.ProtoBuf$PropertyOrBuilder: loaded 2 times (x 70B)
Class dagger.spi.internal.shaded.androidx.room.compiler.processing.javac.JavacExecutableElement$jvmDescriptor$2: loaded 2 times (x 79B)
Class dagger.internal.codegen.xprocessing.XParameterSpecs$1                           : loaded 2 times (x 71B)
Class build_2vgxwk05xzolhywd7eyqqr1s0$_run_closure1$_closure9                         : loaded 2 times (x 139B)
Class com.google.gson.JsonSyntaxException                                             : loaded 2 times (x 82B)
Class dagger.hilt.processor.internal.earlyentrypoint.EarlyEntryPointProcessor         : loaded 2 times (x 100B)
Class [Lorg.jetbrains.org.objectweb.asm.Symbol;                                       : loaded 2 times (x 69B)
Class com.amazon.ion.impl.lite.IonLobLite                                             : loaded 2 times (x 184B)
Class com.amazon.ion.impl.lite.IonTextLite                                            : loaded 2 times (x 181B)
Class com.amazon.ion.IonNumber                                                        : loaded 2 times (x 70B)
Class org.gradle.internal.impldep.gnu.trove.TObjectIntProcedure                       : loaded 2 times (x 70B)
Class com.google.common.collect.Iterables$4                                           : loaded 2 times (x 81B)
Class com.google.common.cache.LocalCache$HashIterator                                 : loaded 2 times (x 86B)
Class com.google.common.collect.MapMakerInternalMap$StrongKeyDummyValueSegment        : loaded 2 times (x 142B)
Class com.google.common.io.Files                                                      : loaded 2 times (x 71B)
Class org.gradle.tooling.internal.adapter.ProtocolToModelAdapter$ReflectionMethodInvoker: loaded 2 times (x 76B)
Class com.google.gson.internal.bind.TypeAdapters$31                                   : loaded 2 times (x 76B)
Class com.sun.xml.bind.v2.runtime.JaxBeanInfo$1                                       : loaded 2 times (x 77B)
Class javax.xml.bind.ValidationEvent                                                  : loaded 2 times (x 70B)
Class com.sun.xml.bind.v2.model.impl.Utils                                            : loaded 2 times (x 71B)
Class org.gradle.internal.operations.MultipleBuildOperationFailures                   : loaded 2 times (x 95B)
Class com.google.gson.internal.bind.ArrayTypeAdapter                                  : loaded 2 times (x 74B)
Class com.google.gson.internal.bind.TypeAdapters$26                                   : loaded 2 times (x 75B)
Class com.google.gson.FieldNamingPolicy$6                                             : loaded 2 times (x 83B)
Class org.gradle.tooling.internal.adapter.MethodInvocation                            : loaded 2 times (x 85B)
Class org.objectweb.asm.ClassVisitor                                                  : loaded 2 times (x 88B)
Class dagger.internal.codegen.binding.$AutoValue_AssistedInjectionAnnotations_AssistedFactoryMetadata: loaded 2 times (x 82B)
Class dagger.internal.codegen.writing.InjectionMethods$ProvisionMethod                : loaded 2 times (x 71B)
Class dagger.spi.internal.shaded.androidx.room.compiler.codegen.java.JavaAnnotationSpec$Builder: loaded 2 times (x 78B)
Class dagger.spi.internal.shaded.androidx.room.compiler.codegen.XName                 : loaded 2 times (x 72B)
Class com.squareup.kotlinpoet.ContextReceivers                                        : loaded 2 times (x 75B)
Class com.squareup.kotlinpoet.Documentable                                            : loaded 2 times (x 70B)
Class [Lorg.objectweb.asm.Symbol;                                                     : loaded 2 times (x 69B)
Class com.android.utils.FileUtils                                                     : loaded 2 times (x 71B)
Class com.android.builder.model.v2.ide.AaptOptions$Namespacing                        : loaded 2 times (x 79B)
Class com.google.common.cache.LocalCache$Values                                       : loaded 2 times (x 118B)
Class dagger.spi.internal.shaded.androidx.room.compiler.processing.XProcessingEnv$WhenMappings: loaded 2 times (x 71B)
Class com.google.common.reflect.TypeCapture                                           : loaded 2 times (x 71B)
Class dagger.internal.codegen.validation.MembersInjectionValidator                    : loaded 2 times (x 72B)
Class dagger.internal.codegen.binding.KeyFactory_Factory                              : loaded 2 times (x 82B)
Class androidx.room.processor.Context$ProcessorOptions                                : loaded 2 times (x 79B)
Class dagger.hilt.processor.internal.uninstallmodules.AutoValue_AggregatedUninstallModulesMetadata: loaded 2 times (x 75B)
Class [Lcom.google.common.graph.ElementOrder$Type;                                    : loaded 2 times (x 69B)
Class dagger.hilt.processor.internal.AutoValue_ComponentDescriptor                    : loaded 2 times (x 77B)
Class dagger.hilt.processor.internal.ComponentNames                                   : loaded 2 times (x 72B)
Class dagger.spi.internal.shaded.kotlin.metadata.jvm.internal.JvmPropertyExtension$Companion: loaded 2 times (x 71B)
Class dagger.spi.internal.shaded.kotlin.metadata.internal.metadata.ProtoBuf$TypeTable : loaded 2 times (x 109B)
Class com.intellij.util.ThrowableConsumer                                             : loaded 2 times (x 70B)
Class dagger.spi.internal.shaded.androidx.room.compiler.processing.javac.JavacTypeElement: loaded 2 times (x 298B)
Class com.squareup.kotlinpoet.TagMap                                                  : loaded 2 times (x 79B)
Class dagger.spi.internal.shaded.com.google.auto.common.Overrides$NativeOverrides     : loaded 2 times (x 74B)
Class [Lcom.amazon.ion.impl.bin.IonManagedBinaryWriter$UserState;                     : loaded 2 times (x 69B)
Class com.amazon.ion.impl.bin.utf8.Utf8StringEncoder                                  : loaded 2 times (x 80B)
Class com.amazon.ion.IonBool                                                          : loaded 2 times (x 70B)
Class com.google.common.reflect.Types$NativeTypeVariableEquals                        : loaded 2 times (x 71B)
Class com.google.common.reflect.TypeParameter                                         : loaded 2 times (x 72B)
Class [Lcom.google.common.collect.MapMaker$Dummy;                                     : loaded 2 times (x 69B)
Class org.jetbrains.kotlin.tooling.core.HasMutableExtras                              : loaded 2 times (x 70B)
Class com.google.common.cache.LocalCache$AbstractReferenceEntry                       : loaded 2 times (x 107B)
Class com.google.common.base.CharMatcher$Whitespace                                   : loaded 2 times (x 112B)
Class dagger.spi.internal.shaded.kotlin.metadata.internal.metadata.ProtoBuf$Contract$1: loaded 2 times (x 144B)
Class dagger.spi.internal.shaded.kotlin.metadata.internal.extensions.KmClassExtension : loaded 2 times (x 70B)
Class com.sun.xml.bind.v2.runtime.MarshallerImpl                                      : loaded 2 times (x 128B)
Class com.sun.xml.bind.v2.runtime.property.ArrayERProperty$ReceiverImpl               : loaded 2 times (x 75B)
Class com.sun.xml.bind.v2.runtime.reflect.Utils$1                                     : loaded 2 times (x 77B)
Class [Ljavax.xml.bind.annotation.XmlElement;                                         : loaded 2 times (x 69B)
Class javax.xml.bind.annotation.XmlType                                               : loaded 2 times (x 70B)
Class com.sun.xml.bind.v2.model.annotation.XmlEnumQuick                               : loaded 2 times (x 91B)
Class javax.xml.bind.annotation.XmlAccessType                                         : loaded 2 times (x 79B)
Class com.sun.xml.bind.v2.model.annotation.RuntimeInlineAnnotationReader              : loaded 2 times (x 106B)
Class org.apache.commons.io.filefilter.TrueFileFilter                                 : loaded 2 times (x 94B)
Class com.google.gson.internal.reflect.ReflectionHelper                               : loaded 2 times (x 71B)
Class com.google.gson.internal.bind.TypeAdapters$27                                   : loaded 2 times (x 75B)
Class com.google.gson.FieldNamingPolicy$7                                             : loaded 2 times (x 83B)
Class androidx.databinding.Untaggable                                                 : loaded 2 times (x 70B)
Class dagger.spi.internal.shaded.kotlin.metadata.internal.metadata.ProtoBuf$MemberKind$1: loaded 2 times (x 74B)
Class [Ldagger.spi.internal.shaded.kotlin.metadata.Visibility;                        : loaded 2 times (x 69B)
Class com.squareup.kotlinpoet.ParameterizedTypeName                                   : loaded 2 times (x 86B)
Class dagger.internal.codegen.writing.ComponentRequirementExpression                  : loaded 2 times (x 70B)
Class com.google.common.collect.CompactHashing                                        : loaded 2 times (x 71B)
Class dagger.internal.codegen.writing.FrameworkInstanceBindingRepresentation_Factory  : loaded 2 times (x 72B)
Class dagger.spi.model.Key                                                            : loaded 2 times (x 78B)
Class dagger.internal.codegen.validation.AutoValue_SpiModelBindingGraphConverter_BindingGraphImpl: loaded 2 times (x 97B)
Class androidx.room.compiler.processing.XProcessingEnv$Backend                        : loaded 2 times (x 79B)
Class androidx.room.compiler.processing.javac.XTypeElementStore                       : loaded 2 times (x 72B)
Class androidx.room.util.SimpleJavaVersion$compareTo$$inlined$thenBy$1                : loaded 2 times (x 90B)
Class dagger.internal.codegen.binding.SourceFiles$1                                   : loaded 2 times (x 71B)
Class dagger.internal.codegen.binding.ErrorMessages$ComponentCreatorMessages          : loaded 2 times (x 81B)
Class dagger.spi.internal.shaded.androidx.room.compiler.processing.javac.JavacFieldElement: loaded 2 times (x 225B)
Class dagger.internal.codegen.writing.InaccessibleMapKeyProxyGenerator_Factory        : loaded 2 times (x 82B)
Class dagger.internal.codegen.model.BindingGraph$Node                                 : loaded 2 times (x 70B)
Class dagger.spi.internal.shaded.kotlin.metadata.internal.metadata.ProtoBuf$VersionRequirementOrBuilder: loaded 2 times (x 70B)
Class dagger.internal.codegen.DelegateComponentProcessor$Injector$Factory             : loaded 2 times (x 70B)
Class androidx.room.processor.Context$Companion$ARG_OPTIONS$2                         : loaded 2 times (x 78B)
Class com.bumptech.glide.annotation.compiler.AppModuleGenerator                       : loaded 2 times (x 72B)
Class dagger.hilt.processor.internal.aggregateddeps.ComponentDependencies$Builder     : loaded 2 times (x 75B)
Class com.google.common.graph.EndpointPairIterator                                    : loaded 2 times (x 82B)
Class com.google.common.graph.MapIteratorCache$1                                      : loaded 2 times (x 137B)
Class com.google.common.graph.StandardMutableGraph                                    : loaded 2 times (x 160B)
Class dagger.spi.internal.shaded.androidx.room.compiler.processing.javac.JavacMethodParameter$kotlinMetadata$2: loaded 2 times (x 79B)
Class dagger.spi.internal.shaded.kotlin.metadata.internal.metadata.ProtoBuf$Class$1   : loaded 2 times (x 144B)
Class [Ldagger.spi.internal.shaded.kotlin.metadata.internal.protobuf.Internal$EnumLite;: loaded 2 times (x 69B)
Class dagger.spi.internal.shaded.kotlin.metadata.internal.protobuf.SmallSortedMap     : loaded 2 times (x 130B)
Class dagger.spi.internal.shaded.kotlin.metadata.internal.protobuf.FieldSet           : loaded 2 times (x 72B)
Class dagger.spi.internal.shaded.kotlin.metadata.internal.protobuf.ByteString$Output  : loaded 2 times (x 86B)
Class dagger.spi.model.AutoValue_Scope                                                : loaded 2 times (x 73B)
Class dagger.spi.internal.shaded.androidx.room.compiler.processing.javac.JavacType$rawType$2: loaded 2 times (x 79B)
Class dagger.internal.codegen.writing.PrivateMethodRequestRepresentation$Factory      : loaded 2 times (x 70B)
Class dagger.internal.codegen.writing.DelegateRequestRepresentation_Factory           : loaded 2 times (x 72B)
Class dagger.internal.codegen.writing.MapRequestRepresentation$Factory                : loaded 2 times (x 70B)
Class dagger.internal.codegen.writing.SetFactoryCreationExpression_Factory            : loaded 2 times (x 72B)
Class dagger.spi.internal.shaded.androidx.room.compiler.codegen.impl.XFunSpecImpl     : loaded 2 times (x 75B)
Class com.squareup.kotlinpoet.TypeNames                                               : loaded 2 times (x 71B)
Class com.google.devtools.ksp.symbol.KSAnnotated                                      : loaded 2 times (x 70B)
Class dagger.hilt.processor.internal.ProcessorErrorHandler                            : loaded 2 times (x 72B)
Class dagger.internal.codegen.writing.MemberSelect                                    : loaded 2 times (x 75B)
Class [Ldagger.spi.internal.shaded.androidx.room.compiler.processing.XProcessingEnv$Backend;: loaded 2 times (x 69B)
Class org.jetbrains.org.objectweb.asm.Attribute                                       : loaded 2 times (x 75B)
Class org.jetbrains.org.objectweb.asm.Label                                           : loaded 2 times (x 72B)
Class com.amazon.ion.IonLoader                                                        : loaded 2 times (x 70B)
Class org.jetbrains.plugins.gradle.model.GradleProperty                               : loaded 2 times (x 70B)
Class build_4qcyntbo68sxgvaj28s5at3xr                                                 : loaded 2 times (x 180B)
Class com.android.builder.model.v2.models.VariantDependencies                         : loaded 2 times (x 70B)
Class build_2vgxwk05xzolhywd7eyqqr1s0$_run_closure1$_closure8                         : loaded 2 times (x 139B)
Class org.apache.http.client.methods.HttpPut                                          : loaded 2 times (x 153B)
Class org.apache.http.client.methods.Configurable                                     : loaded 2 times (x 70B)
Class org.objectweb.asm.SymbolTable                                                   : loaded 2 times (x 72B)
Class com.google.common.base.CharMatcher$SingleWidth                                  : loaded 2 times (x 112B)
Class org.gradle.internal.classloader.SystemClassLoaderSpec                           : loaded 2 times (x 71B)
Class com.google.gson.TypeAdapterFactory                                              : loaded 2 times (x 70B)
Class com.google.gson.internal.bind.JsonTreeReader                                    : loaded 2 times (x 98B)
Class com.sun.xml.bind.v2.runtime.reflect.PrimitiveArrayListerFloat                   : loaded 2 times (x 76B)
Class com.sun.xml.bind.v2.util.FlattenIterator                                        : loaded 2 times (x 79B)
Class com.sun.xml.bind.v2.model.runtime.RuntimePropertyInfo                           : loaded 2 times (x 70B)
Class com.sun.xml.bind.v2.model.annotation.XmlElementRefsQuick                        : loaded 2 times (x 91B)
Class javax.xml.bind.annotation.XmlElementRef                                         : loaded 2 times (x 70B)
Class com.google.gson.internal.bind.TypeAdapters$EnumTypeAdapter                      : loaded 2 times (x 74B)
Class com.google.gson.internal.bind.TypeAdapters$28                                   : loaded 2 times (x 75B)
Class [Lcom.google.gson.LongSerializationPolicy;                                      : loaded 2 times (x 69B)
Class com.sun.xml.bind.api.Bridge                                                     : loaded 2 times (x 85B)
Class com.sun.xml.bind.v2.model.impl.RuntimeTypeInfoSetImpl                           : loaded 2 times (x 123B)
Class build_2vgxwk05xzolhywd7eyqqr1s0$_run_closure2                                   : loaded 2 times (x 140B)
Class dagger.internal.codegen.binding.FrameworkField                                  : loaded 2 times (x 72B)
Class com.squareup.kotlinpoet.ContextReceivable                                       : loaded 2 times (x 70B)
Class [Ldagger.spi.internal.shaded.androidx.room.compiler.codegen.VisibilityModifier; : loaded 2 times (x 69B)
Class com.sun.xml.bind.v2.model.impl.Utils$1                                          : loaded 2 times (x 77B)
Class dagger.internal.codegen.writing.ProductionBindingRepresentation_Factory_Impl    : loaded 2 times (x 75B)
Class dagger.internal.codegen.writing.OptionalRequestRepresentation_Factory           : loaded 2 times (x 72B)
Class javax.xml.bind.annotation.XmlMimeType                                           : loaded 2 times (x 70B)
Class com.sun.xml.bind.v2.runtime.unmarshaller.XmlVisitor                             : loaded 2 times (x 70B)
Class dagger.spi.internal.shaded.kotlin.metadata.KmVersionRequirementVersionKind      : loaded 2 times (x 79B)
Class javax.xml.bind.UnmarshalException                                               : loaded 2 times (x 85B)
Class dagger.internal.codegen.xprocessing.XMethodElements                             : loaded 2 times (x 71B)
Class dagger.spi.internal.shaded.androidx.room.compiler.processing.javac.JavacMethodType: loaded 2 times (x 91B)
Class dagger.internal.codegen.binding.AutoValue_MembersInjectionBinding               : loaded 2 times (x 84B)
Class dagger.spi.internal.shaded.androidx.room.compiler.processing.javac.kotlin.KmFunctionContainerImpl: loaded 2 times (x 100B)
Class org.gradle.tooling.internal.adapter.TargetTypeProvider                          : loaded 2 times (x 70B)
Class dagger.spi.internal.shaded.androidx.room.compiler.processing.javac.JavacFieldElement$setter$2: loaded 2 times (x 79B)
Class [Ldagger.spi.model.DaggerProcessingEnv$Backend;                                 : loaded 2 times (x 69B)
Class dagger.spi.model.DaggerProcessingEnv                                            : loaded 2 times (x 75B)
Class [Ldagger.internal.codegen.compileroption.ProcessingEnvironmentCompilerOptions$Feature;: loaded 2 times (x 69B)
Class dagger.internal.codegen.bindinggraphvalidation.ProvisionDependencyOnProducerBindingValidator_Factory: loaded 2 times (x 81B)
Class dagger.internal.codegen.DaggerDelegateComponentProcessor_Injector$InjectorImpl  : loaded 2 times (x 75B)
Class com.android.builder.model.v2.ide.AndroidArtifact                                : loaded 2 times (x 70B)
Class dagger.spi.internal.shaded.kotlin.metadata.Attributes$isReified$2               : loaded 2 times (x 137B)
Class [Ldagger.spi.internal.shaded.kotlin.metadata.Modality;                          : loaded 2 times (x 69B)
Class dagger.spi.internal.shaded.kotlin.metadata.internal.protobuf.GeneratedMessageLite$ExtendableMessage: loaded 2 times (x 113B)
Class dagger.spi.internal.shaded.androidx.room.compiler.processing.javac.kotlin.KmClassContainer: loaded 2 times (x 79B)
Class com.google.common.io.ByteArrayDataOutput                                        : loaded 2 times (x 70B)
Class org.jetbrains.plugins.gradle.model.AnnotationProcessingModel                    : loaded 2 times (x 70B)
Class com.squareup.kotlinpoet.WildcardTypeName$Companion                              : loaded 2 times (x 71B)
Class dagger.spi.internal.shaded.com.google.auto.common.MoreTypes$CastingTypeVisitor  : loaded 2 times (x 102B)
Class dagger.spi.internal.shaded.androidx.room.compiler.processing.CommonProcessorDelegate$processRound$currentElementsDeferredByStep$1$stepDeferredElementsByAnnotation$1: loaded 2 times (x 78B)
Class dagger.spi.internal.shaded.androidx.room.compiler.processing.javac.JavacProcessingEnv$messager$2: loaded 2 times (x 79B)
Class androidx.room.compiler.processing.javac.JavacBasicAnnotationProcessor$2         : loaded 2 times (x 79B)
Class org.jetbrains.org.objectweb.asm.Frame                                           : loaded 2 times (x 73B)
Class com.amazon.ion.impl._Private_Utils                                              : loaded 2 times (x 71B)
Class com.android.builder.model.v2.ide.TestedTargetVariant                            : loaded 2 times (x 70B)
Class com.google.common.cache.LocalCache$StrongEntry                                  : loaded 2 times (x 108B)
Class com.google.common.util.concurrent.AbstractFuture$TrustedFuture                  : loaded 2 times (x 114B)
Class kotlin.text.MatcherMatchResult$groups$1                                         : loaded 2 times (x 151B)
Class org.gradle.internal.exceptions.MultiCauseException                              : loaded 2 times (x 70B)
Class org.gradle.internal.time.CountdownTimer                                         : loaded 2 times (x 70B)
Class javax.xml.bind.annotation.W3CDomHandler                                         : loaded 2 times (x 85B)
Class com.sun.xml.bind.v2.runtime.reflect.TransducedAccessor$IDREFTransducedAccessorImpl: loaded 2 times (x 80B)
Class com.sun.xml.bind.v2.runtime.unmarshaller.WildcardLoader                         : loaded 2 times (x 79B)
Class com.sun.xml.bind.v2.runtime.unmarshaller.XsiTypeLoader                          : loaded 2 times (x 78B)
Class com.sun.xml.bind.v2.runtime.reflect.AdaptedAccessor                             : loaded 2 times (x 85B)
Class com.sun.xml.bind.v2.model.impl.LeafInfoImpl                                     : loaded 2 times (x 102B)
Class com.google.gson.internal.Streams$AppendableWriter                               : loaded 2 times (x 99B)
Class org.jetbrains.plugins.gradle.model.GradleExtensions                             : loaded 2 times (x 70B)
Class com.amazon.ion.system.IonBinaryWriterBuilder                                    : loaded 2 times (x 99B)
Class com.amazon.ion.impl.bin.IonManagedBinaryWriter$UserState$4                      : loaded 2 times (x 85B)
Class com.google.gson.internal.bind.MapTypeAdapterFactory                             : loaded 2 times (x 75B)
Class com.google.gson.internal.bind.TypeAdapters$29                                   : loaded 2 times (x 75B)
Class com.google.gson.JsonNull                                                        : loaded 2 times (x 92B)
Class org.jetbrains.plugins.gradle.model.UnresolvedExternalDependency                 : loaded 2 times (x 70B)
Class dagger.internal.codegen.writing.FrameworkInstanceBindingRepresentation$1        : loaded 2 times (x 71B)
Class dagger.internal.codegen.writing.DirectInstanceBindingRepresentation             : loaded 2 times (x 72B)
Class dagger.internal.codegen.writing.ComponentRequestRepresentations                 : loaded 2 times (x 72B)
Class [Ldagger.spi.internal.shaded.androidx.room.compiler.processing.XProcessingEnv$Platform;: loaded 2 times (x 69B)
Class dagger.internal.codegen.writing.StaticFactoryInstanceSupplier_Factory           : loaded 2 times (x 72B)
Class dagger.internal.codegen.writing.ImmediateFutureRequestRepresentation_Factory_Impl: loaded 2 times (x 75B)
Class dagger.spi.internal.shaded.kotlin.metadata.internal.metadata.jvm.JvmProtoBuf$JvmFieldSignature$1: loaded 2 times (x 144B)
Class com.google.common.collect.Iterables$8                                           : loaded 2 times (x 81B)
Class dagger.spi.internal.shaded.kotlin.metadata.internal.metadata.deserialization.VersionRequirement$Companion: loaded 2 times (x 71B)
Class dagger.spi.internal.shaded.kotlin.metadata.internal.metadata.ProtoBuf$Effect$EffectType$1: loaded 2 times (x 74B)
Class dagger.spi.internal.shaded.kotlin.metadata.internal.metadata.ProtoBuf$Type$Argument$Projection$1: loaded 2 times (x 74B)
Class dagger.spi.internal.shaded.androidx.room.compiler.processing.javac.TypeMirrorExtKt: loaded 2 times (x 71B)
Class dagger.spi.internal.shaded.kotlin.metadata.Modality                             : loaded 2 times (x 79B)
Class dagger.internal.codegen.kotlin.ClassMetadata$Companion                          : loaded 2 times (x 71B)
Class dagger.internal.codegen.binding.AutoValue_ComponentDescriptor                   : loaded 2 times (x 98B)
Class dagger.internal.codegen.validation.MapKeyValidator                              : loaded 2 times (x 72B)
Class dagger.internal.codegen.base.ElementFormatter_Factory                           : loaded 2 times (x 81B)
Class androidx.room.util.SimpleJavaVersion$Companion                                  : loaded 2 times (x 71B)
Class com.bumptech.glide.repackaged.com.google.common.collect.Hashing                 : loaded 2 times (x 71B)
Class com.google.common.graph.BaseGraph                                               : loaded 2 times (x 70B)
Class dagger.internal.DoubleCheck                                                     : loaded 2 times (x 83B)
Class dagger.spi.internal.shaded.kotlin.metadata.internal.metadata.ProtoBuf$Class$Kind$1: loaded 2 times (x 74B)
Class dagger.spi.internal.shaded.kotlin.metadata.internal.extensions.MetadataExtensions$Companion: loaded 2 times (x 71B)
Class dagger.spi.internal.shaded.kotlin.metadata.internal.protobuf.SmallSortedMap$Entry: loaded 2 times (x 88B)
Class dagger.spi.internal.shaded.androidx.room.compiler.processing.javac.JavacDeclaredType: loaded 2 times (x 185B)
Class dagger.hilt.processor.internal.root.AutoValue_AggregatedRootMetadata            : loaded 2 times (x 82B)
Class dagger.spi.internal.shaded.androidx.room.compiler.processing.javac.JavacAnnotation$annotationValues$2: loaded 2 times (x 79B)
Class dagger.hilt.processor.internal.root.ComponentTree                               : loaded 2 times (x 72B)
Class dagger.hilt.processor.internal.HiltCompilerOptions                              : loaded 2 times (x 71B)
Class androidx.room.compiler.processing.XProcessingEnvConfig$Companion                : loaded 2 times (x 71B)
Class androidx.room.compiler.processing.XProcessingEnvConfig                          : loaded 2 times (x 71B)
Class com.intellij.gradle.toolingExtension.impl.model.projectModel.GradleExternalProjectSerializationService$ReadContext: loaded 2 times (x 73B)
Class com.intellij.gradle.toolingExtension.impl.model.dependencyModel.DependencyWriteContext: loaded 2 times (x 72B)
Class com.google.common.io.ByteStreams$LimitedInputStream                             : loaded 2 times (x 92B)
Class org.objectweb.asm.MethodWriter                                                  : loaded 2 times (x 106B)
Class org.gradle.tooling.model.ProjectModel                                           : loaded 2 times (x 70B)
Class javax.xml.bind.ValidationEventLocator                                           : loaded 2 times (x 70B)
Class com.sun.xml.bind.v2.runtime.ElementBeanInfoImpl$IntercepterLoader               : loaded 2 times (x 81B)
Class com.sun.xml.bind.v2.model.annotation.XmlElementDeclQuick                        : loaded 2 times (x 96B)
Class dagger.internal.codegen.writing.MembersInjectorGenerator_Factory                : loaded 2 times (x 82B)
Class dagger.internal.codegen.validation.AnyBindingMethodValidator                    : loaded 2 times (x 75B)
Class android.databinding.tool.LibTypes$propertyChangedInverseListener$2              : loaded 2 times (x 79B)
Class android.databinding.tool.LibTypes$inverseBindingListener$2                      : loaded 2 times (x 79B)
Class dagger.internal.codegen.bindinggraphvalidation.InvalidProductionBindingScopeValidator: loaded 2 times (x 85B)
Class dagger.internal.codegen.extension.DaggerCollectors                              : loaded 2 times (x 71B)
Class dagger.internal.codegen.writing.SubcomponentCreatorRequestRepresentation        : loaded 2 times (x 74B)
Class dagger.internal.codegen.writing.ComponentRequestRepresentations$1               : loaded 2 times (x 71B)
Class com.squareup.kotlinpoet.TypeVariableName$Companion                              : loaded 2 times (x 71B)
Class dagger.internal.codegen.binding.AutoValue_SubcomponentDeclaration               : loaded 2 times (x 78B)
Class dagger.internal.codegen.writing.ProviderInstanceSupplier_Factory                : loaded 2 times (x 72B)
Class dagger.internal.codegen.model.BindingGraph$Edge                                 : loaded 2 times (x 70B)
Class dagger.spi.internal.shaded.kotlin.metadata.jvm.internal.JvmTypeParameterExtension: loaded 2 times (x 77B)
Class dagger.internal.codegen.base.OptionalType                                       : loaded 2 times (x 72B)
Class [Ldagger.internal.codegen.binding.ComponentRequirement$Kind;                    : loaded 2 times (x 69B)
Class com.google.common.collect.Multisets                                             : loaded 2 times (x 71B)
Class dagger.internal.codegen.validation.BindsInstanceParameterValidator              : loaded 2 times (x 78B)
Class [Ldagger.internal.codegen.validation.BindingElementValidator$AllowsMultibindings;: loaded 2 times (x 69B)
Class com.google.common.graph.EndpointPair$Ordered                                    : loaded 2 times (x 83B)
Class com.google.common.graph.Network                                                 : loaded 2 times (x 70B)
Class dagger.internal.codegen.binding.AutoValue_BindingGraph                          : loaded 2 times (x 82B)
Class dagger.spi.internal.shaded.kotlin.metadata.Attributes$visibility$22             : loaded 2 times (x 137B)
Class dagger.spi.internal.shaded.kotlin.metadata.internal.metadata.jvm.JvmProtoBuf$StringTableTypes$Record$Operation: loaded 2 times (x 82B)
Class dagger.internal.codegen.writing.OptionalFactories_PerGeneratedFileCache_Factory$InstanceHolder: loaded 2 times (x 71B)
Class dagger.spi.internal.shaded.androidx.room.compiler.processing.javac.JavacTypeElement$Companion$WhenMappings: loaded 2 times (x 71B)
Class dagger.spi.internal.shaded.androidx.room.compiler.processing.javac.JavacProcessingEnvMessager: loaded 2 times (x 73B)
Class org.jetbrains.plugins.gradle.model.GradleConfiguration                          : loaded 2 times (x 70B)
Class com.amazon.ion.impl.bin.utf8.Utf8StringEncoderPool                              : loaded 2 times (x 74B)
Class com.amazon.ion.impl._Private_IonSystem                                          : loaded 2 times (x 70B)
Class com.amazon.ion.BufferConfiguration$OversizedValueHandler                        : loaded 2 times (x 70B)
Class dagger.internal.codegen.xprocessing.XExpressionType                             : loaded 2 times (x 72B)
Class com.sun.xml.bind.v2.runtime.property.SingleMapNodeProperty$1                    : loaded 2 times (x 78B)
Class javax.xml.bind.annotation.XmlList                                               : loaded 2 times (x 70B)
Class com.sun.xml.bind.v2.model.core.EnumLeafInfo                                     : loaded 2 times (x 70B)
Class dagger.internal.codegen.xprocessing.XProcessingEnvs$1                           : loaded 2 times (x 71B)
Class android.databinding.tool.store.ResourceBundle$IncludedLayout$Builder            : loaded 2 times (x 76B)
Class dagger.internal.codegen.writing.ComponentRequirementExpressions$AbstractField   : loaded 2 times (x 81B)
Class build_2vgxwk05xzolhywd7eyqqr1s0$_run_closure1$_closure7                         : loaded 2 times (x 139B)
Class com.google.gson.internal.bind.DefaultDateTypeAdapter$DateType$1                 : loaded 2 times (x 73B)
Class android.databinding.tool.LibTypes$liveData$2                                    : loaded 2 times (x 79B)
Class org.apache.commons.io.FileSystem                                                : loaded 2 times (x 80B)
Class dagger.spi.internal.shaded.androidx.room.compiler.codegen.java.JavaFileSpec$Builder: loaded 2 times (x 78B)
Class dagger.spi.internal.shaded.androidx.room.compiler.processing.javac.JavacRawType : loaded 2 times (x 79B)
Class dagger.internal.codegen.writing.SetRequestRepresentation                        : loaded 2 times (x 74B)
Class org.apache.commons.io.file.Counters$NoopCounter                                 : loaded 2 times (x 80B)
Class dagger.spi.model.AutoValue_DependencyRequest                                    : loaded 2 times (x 76B)
Class com.sun.xml.bind.api.CompositeStructure                                         : loaded 2 times (x 72B)
Class dagger.internal.codegen.binding.AutoValue_SubcomponentCreatorBinding            : loaded 2 times (x 91B)
Class dagger.spi.internal.shaded.kotlin.metadata.internal.metadata.ProtoBuf$VersionRequirement$VersionKind: loaded 2 times (x 82B)
Class dagger.internal.codegen.model.AutoValue_ComponentPath                           : loaded 2 times (x 75B)
Class dagger.spi.internal.shaded.com.google.auto.common.AnnotationOutput              : loaded 2 times (x 71B)
Class dagger.spi.internal.shaded.androidx.room.compiler.processing.javac.JavacExecutableType$parameterTypes$2: loaded 2 times (x 79B)
Class dagger.spi.internal.shaded.androidx.room.compiler.processing.ksp.KSTypeJavaPoetExtKt$typeVarNameConstructor$2: loaded 2 times (x 78B)
Class dagger.internal.codegen.model.Binding                                           : loaded 2 times (x 70B)
Class dagger.internal.codegen.binding.InjectBindingRegistry                           : loaded 2 times (x 70B)
Class [Ldagger.internal.codegen.compileroption.FeatureStatus;                         : loaded 2 times (x 69B)
Class dagger.internal.codegen.binding.DeclarationFormatter_Factory                    : loaded 2 times (x 82B)
Class dagger.internal.codegen.validation.BindingMethodValidatorsModule_IndexValidatorsFactory: loaded 2 times (x 82B)
Class androidx.room.DatabaseProcessingStep                                            : loaded 2 times (x 79B)
Class androidx.room.compiler.processing.javac.JavacProcessingEnv$typeElementStore$1   : loaded 2 times (x 79B)
Class androidx.room.compiler.processing.XProcessingEnv$Companion                      : loaded 2 times (x 71B)
Class com.bumptech.glide.annotation.GlideModule                                       : loaded 2 times (x 70B)
Class dagger.hilt.processor.internal.ComponentDescriptor                              : loaded 2 times (x 76B)
Class javax.xml.bind.annotation.XmlValue                                              : loaded 2 times (x 70B)
Class com.sun.xml.bind.v2.runtime.reflect.Accessor$2                                  : loaded 2 times (x 87B)
Class dagger.spi.internal.shaded.kotlin.metadata.internal.protobuf.WireFormat$JavaType: loaded 2 times (x 79B)
Class com.sun.xml.bind.v2.runtime.unmarshaller.DefaultValueLoaderDecorator            : loaded 2 times (x 78B)
Class com.squareup.kotlinpoet.ClassName$special$$inlined$thenBy$1                     : loaded 2 times (x 90B)
Class dagger.hilt.processor.internal.definecomponent.DefineComponentProcessor         : loaded 2 times (x 100B)
Class com.amazon.ion.IonDecimal                                                       : loaded 2 times (x 70B)
Class org.jetbrains.plugins.gradle.model.tests.ExternalTestsModel                     : loaded 2 times (x 70B)
Class com.google.common.reflect.Types$JavaVersion$1                                   : loaded 2 times (x 83B)
Class com.android.ide.common.repository.AgpVersion$Companion$WhenMappings             : loaded 2 times (x 71B)
Class org.gradle.tooling.model.idea.IdeaLanguageLevel                                 : loaded 2 times (x 70B)
Class org.gradle.tooling.internal.adapter.ProtocolToModelAdapter$SafeMethodInvoker    : loaded 2 times (x 76B)
Class org.gradle.tooling.internal.adapter.WeakIdentityHashMap$WeakKey                 : loaded 2 times (x 79B)
Class org.gradle.internal.exceptions.DefaultMultiCauseException                       : loaded 2 times (x 95B)
Class android.databinding.tool.ext.ExtKt                                              : loaded 2 times (x 71B)
Class org.gradle.api.internal.classpath.ManifestUtil                                  : loaded 2 times (x 71B)
Class javax.xml.bind.helpers.AbstractUnmarshallerImpl                                 : loaded 2 times (x 130B)
Class com.sun.xml.bind.v2.runtime.property.SingleMapNodeProperty$2                    : loaded 2 times (x 78B)
Class com.sun.xml.bind.v2.model.core.ValuePropertyInfo                                : loaded 2 times (x 70B)
Class com.sun.xml.bind.v2.runtime.RuntimeUtil                                         : loaded 2 times (x 71B)
Class com.google.gson.internal.Streams                                                : loaded 2 times (x 71B)
Class org.gradle.tooling.internal.adapter.ProtocolToModelAdapter$InvocationHandlerImpl: loaded 2 times (x 77B)
Class org.gradle.tooling.model.build.GradleEnvironment                                : loaded 2 times (x 70B)
Class com.google.gson.internal.LazilyParsedNumber                                     : loaded 2 times (x 78B)
Class com.android.builder.model.v2.models.VariantDependenciesAdjacencyList            : loaded 2 times (x 70B)
Class com.google.common.collect.ImmutableBiMap$SerializedForm                         : loaded 2 times (x 75B)
Class dagger.internal.codegen.writing.ProviderInstanceRequestRepresentation$1         : loaded 2 times (x 71B)
Class dagger.internal.codegen.binding.AutoValue_MethodSignature                       : loaded 2 times (x 75B)
Class dagger.internal.codegen.writing.ComponentImplementation$CompilerMode            : loaded 2 times (x 79B)
Class dagger.spi.internal.shaded.androidx.room.compiler.codegen.java.JavaPropertySpec$Builder: loaded 2 times (x 77B)
Class [Lcom.google.common.cache.RemovalCause;                                         : loaded 2 times (x 69B)
Class dagger.spi.internal.shaded.androidx.room.compiler.codegen.kotlin.KotlinParameterSpec$Builder: loaded 2 times (x 78B)
Class dagger.spi.model.$AutoValue_Key                                                 : loaded 2 times (x 80B)
Class org.jetbrains.plugins.gradle.tooling.util.IntObjectMap$ObjectFactory            : loaded 2 times (x 70B)
Class dagger.spi.internal.shaded.androidx.room.compiler.processing.javac.kotlin.JvmDescriptorTypeVisitor$WhenMappings: loaded 2 times (x 71B)
Class dagger.internal.codegen.base.Keys                                               : loaded 2 times (x 71B)
Class dagger.internal.codegen.writing.LazyMapKeyProxyGenerator_Factory                : loaded 2 times (x 82B)
Class dagger.internal.codegen.validation.MapKeyValidator_Factory                      : loaded 2 times (x 82B)
Class dagger.internal.codegen.binding.ComponentDescriptor_Factory_Factory             : loaded 2 times (x 82B)
Class androidx.room.compiler.processing.javac.JavacProcessingEnv$typeElementStore$2   : loaded 2 times (x 78B)
Class dagger.spi.internal.shaded.kotlin.metadata.KmProperty                           : loaded 2 times (x 72B)
Class dagger.spi.internal.shaded.kotlin.metadata.internal.metadata.jvm.JvmProtoBuf$JvmMethodSignatureOrBuilder: loaded 2 times (x 70B)
Class dagger.spi.internal.shaded.kotlin.metadata.internal.protobuf.ByteString$ByteIterator: loaded 2 times (x 70B)
Class dagger.spi.internal.shaded.androidx.room.compiler.processing.javac.JavacMethodElement$propertyName$2: loaded 2 times (x 79B)
Class com.amazon.ion.IonException                                                     : loaded 2 times (x 84B)
Class [Lkotlin.reflect.jvm.internal.impl.builtins.functions.FunctionClassKind;        : loaded 2 times (x 69B)
Class com.amazon.ion.impl.bin.IonManagedBinaryWriter$UserState$3                      : loaded 2 times (x 85B)
Class com.squareup.kotlinpoet.ClassName$special$$inlined$thenBy$2                     : loaded 2 times (x 90B)
Class com.squareup.kotlinpoet.Taggable                                                : loaded 2 times (x 70B)
Class dagger.spi.internal.shaded.androidx.room.compiler.processing.javac.JavacRoundEnv: loaded 2 times (x 77B)
Class org.jetbrains.org.objectweb.asm.Opcodes                                         : loaded 2 times (x 70B)
Class [Lorg.jetbrains.org.objectweb.asm.AnnotationVisitor;                            : loaded 2 times (x 69B)
Class com.amazon.ion.impl.bin.IonRawBinaryWriter$StreamCloseMode                      : loaded 2 times (x 79B)
Class com.amazon.ion.impl._Private_IonBinaryWriterBuilder$Mutable                     : loaded 2 times (x 115B)
Class com.intellij.gradle.toolingExtension.impl.model.projectModel.GradleExternalProjectSerializationService: loaded 2 times (x 77B)
Class build_4qcyntbo68sxgvaj28s5at3xr$_run_closure1                                   : loaded 2 times (x 139B)
Class com.google.common.reflect.Types$JavaVersion$2                                   : loaded 2 times (x 83B)
Class com.google.common.reflect.Types                                                 : loaded 2 times (x 71B)
Class com.google.common.hash.PrimitiveSink                                            : loaded 2 times (x 70B)
Class com.android.builder.model.v2.ide.ProjectInfo                                    : loaded 2 times (x 70B)
Class com.google.common.util.concurrent.AbstractFuture$Failure                        : loaded 2 times (x 72B)
Class kotlin.collections.ArrayDeque$Companion                                         : loaded 2 times (x 71B)
Class org.gradle.tooling.model.HierarchicalElement                                    : loaded 2 times (x 70B)
Class dagger.hilt.android.processor.internal.customtestapplication.CustomTestApplicationProcessingStep: loaded 2 times (x 86B)
Class dagger.spi.internal.shaded.androidx.room.compiler.processing.XAnnotated         : loaded 2 times (x 70B)
Class com.sun.xml.bind.v2.runtime.unmarshaller.ChildLoader                            : loaded 2 times (x 72B)
Class javax.xml.bind.annotation.XmlSchemaTypes                                        : loaded 2 times (x 70B)
Class javax.xml.bind.annotation.XmlIDREF                                              : loaded 2 times (x 70B)
Class javax.xml.bind.annotation.XmlElement                                            : loaded 2 times (x 70B)
Class com.sun.xml.bind.v2.model.runtime.RuntimeLeafInfo                               : loaded 2 times (x 70B)
Class [Lorg.apache.commons.io.file.DeleteOption;                                      : loaded 2 times (x 69B)
Class dagger.spi.internal.shaded.androidx.room.compiler.processing.javac.JavacTypeElement$allMethods$1: loaded 2 times (x 79B)
Class dagger.spi.internal.shaded.kotlin.metadata.internal.metadata.ProtoBuf$ValueParameter$1: loaded 2 times (x 144B)
Class com.google.common.graph.EndpointPair                                            : loaded 2 times (x 83B)
Class com.google.common.graph.DirectedGraphConnections$PredAndSucc                    : loaded 2 times (x 72B)
Class build_2vgxwk05xzolhywd7eyqqr1s0$_run_closure1$_closure5$_closure16$_closure17   : loaded 2 times (x 139B)
Class dagger.internal.codegen.writing.SubcomponentCreatorRequestRepresentation_Factory: loaded 2 times (x 72B)
Class dagger.internal.codegen.writing.PrivateMethodRequestRepresentation_Factory_Impl : loaded 2 times (x 75B)
Class dagger.spi.model.AutoValue_ComponentPath                                        : loaded 2 times (x 75B)
Class com.bumptech.glide.repackaged.com.google.common.collect.RegularImmutableSet     : loaded 2 times (x 143B)
Class dagger.internal.codegen.model.AutoValue_DaggerTypeElement                       : loaded 2 times (x 74B)
Class dagger.internal.codegen.binding.SubcomponentDeclaration_Factory_Factory         : loaded 2 times (x 82B)
Class dagger.internal.codegen.binding.LegacyBindingGraphFactory_Factory               : loaded 2 times (x 82B)
Class [Ldagger.internal.codegen.binding.MembersInjectionBinding$InjectionSite$Kind;   : loaded 2 times (x 69B)
Class dagger.internal.codegen.binding.$AutoValue_MembersInjectionBinding$Builder      : loaded 2 times (x 80B)
Class dagger.spi.internal.shaded.androidx.room.compiler.processing.javac.kotlin.JvmDescriptorTypeVisitor: loaded 2 times (x 99B)
Class dagger.internal.codegen.binding.DelegateDeclaration$Factory                     : loaded 2 times (x 72B)
Class dagger.internal.codegen.binding.MonitoringModules                               : loaded 2 times (x 75B)
Class [Ldagger.internal.codegen.compileroption.ProcessingEnvironmentCompilerOptions$Validation;: loaded 2 times (x 69B)
Class dagger.internal.codegen.binding.DependencyRequestFactory_Factory                : loaded 2 times (x 82B)
Class dagger.internal.codegen.ProcessingEnvironmentModule_ProcessingOptionsFactory    : loaded 2 times (x 82B)
Class dagger.internal.codegen.kotlin.KotlinMetadataUtil_Factory                       : loaded 2 times (x 82B)
Class androidx.room.compiler.processing.javac.JavacProcessingEnv$typeElementStore$3   : loaded 2 times (x 79B)
Class dagger.internal.codegen.bindinggraphvalidation.DependencyCycleValidator_Factory : loaded 2 times (x 82B)
Class dagger.hilt.processor.internal.earlyentrypoint.AggregatedEarlyEntryPointMetadata: loaded 2 times (x 73B)
Class dagger.hilt.processor.internal.uninstallmodules.AggregatedUninstallModulesMetadata: loaded 2 times (x 74B)
Class dagger.spi.internal.shaded.androidx.room.compiler.processing.XVariableElement   : loaded 2 times (x 70B)
Class dagger.internal.codegen.model.AutoValue_DaggerProcessingEnv                     : loaded 2 times (x 75B)
Class dagger.spi.internal.shaded.kotlin.metadata.KmType                               : loaded 2 times (x 72B)
Class dagger.spi.internal.shaded.kotlin.metadata.jvm.internal.JvmClassExtension       : loaded 2 times (x 77B)
Class dagger.spi.internal.shaded.androidx.room.compiler.processing.javac.JavacAnnotationValueKt$UNWRAP_VISITOR$1: loaded 2 times (x 103B)
Class dagger.internal.codegen.model.AutoValue_Scope                                   : loaded 2 times (x 73B)
Class dagger.spi.internal.shaded.kotlin.metadata.internal.metadata.ProtoBuf$Expression$ConstantValue: loaded 2 times (x 82B)
Class com.amazon.ion.impl.bin.IonRawBinaryWriter$PatchPoint                           : loaded 2 times (x 73B)
Class com.amazon.ion.IonSequence                                                      : loaded 2 times (x 70B)
Class com.amazon.ion.IonBlob                                                          : loaded 2 times (x 70B)
Class com.amazon.ion.IonLob                                                           : loaded 2 times (x 70B)
Class org.jetbrains.plugins.gradle.tooling.serialization.ExternalTestsSerializationService: loaded 2 times (x 77B)
Class com.google.common.reflect.Types$JavaVersion$3                                   : loaded 2 times (x 83B)
Class com.google.common.io.CharSink                                                   : loaded 2 times (x 79B)
Class com.android.builder.model.v2.dsl.DependenciesInfo                               : loaded 2 times (x 70B)
Class org.objectweb.asm.Label                                                         : loaded 2 times (x 73B)
Class org.objectweb.asm.CurrentFrame                                                  : loaded 2 times (x 73B)
Class org.objectweb.asm.ClassTooLargeException                                        : loaded 2 times (x 83B)
Class org.gradle.internal.time.Time                                                   : loaded 2 times (x 71B)
Class com.sun.xml.bind.v2.runtime.property.TagAndType                                 : loaded 2 times (x 72B)
Class javax.xml.bind.annotation.XmlSchema                                             : loaded 2 times (x 70B)
Class dagger.internal.codegen.binding.$AutoValue_AssistedInjectionBinding             : loaded 2 times (x 93B)
Class com.google.gson.internal.reflect.ReflectionHelper$RecordSupportedHelper         : loaded 2 times (x 78B)
Class androidx.databinding.BindingConversion                                          : loaded 2 times (x 70B)
Class androidx.databinding.Bindable                                                   : loaded 2 times (x 70B)
Class dagger.internal.codegen.binding.BoundInstanceBinding$Builder                    : loaded 2 times (x 79B)
Class build_2vgxwk05xzolhywd7eyqqr1s0$_run_closure1$_closure10                        : loaded 2 times (x 139B)
Class [Ldagger.internal.codegen.xprocessing.XAnnotationSpecs$Suppression;             : loaded 2 times (x 69B)
Class dagger.internal.codegen.writing.SwitchingProviders$1                            : loaded 2 times (x 78B)
Class dagger.internal.codegen.writing.FrameworkInstanceRequestRepresentation          : loaded 2 times (x 76B)
Class dagger.internal.codegen.writing.ComponentRequirementExpressions                 : loaded 2 times (x 72B)
Class dagger.internal.codegen.xprocessing.XCodeBlocks$XCodeBlockJoiner                : loaded 2 times (x 72B)
Class [Ldagger.spi.internal.shaded.androidx.room.compiler.codegen.XCodeBlock$Builder; : loaded 2 times (x 69B)
Class dagger.internal.codegen.writing.InjectionOrProvisionProviderCreationExpression$Factory: loaded 2 times (x 70B)
Class dagger.internal.codegen.writing.ComponentRequirementRequestRepresentation_Factory: loaded 2 times (x 72B)
Class dagger.internal.codegen.validation.AutoValue_SpiModelBindingGraphConverter_DaggerElementImpl: loaded 2 times (x 76B)
Class com.google.common.collect.AbstractMapBasedMultiset$1                            : loaded 2 times (x 82B)
Class [Ldagger.spi.model.RequestKind;                                                 : loaded 2 times (x 69B)
Class dagger.spi.model.Scope$1                                                        : loaded 2 times (x 71B)
Class dagger.internal.codegen.binding.LegacyBindingGraphFactory$LegacyBindingGraph    : loaded 2 times (x 72B)
Class [Ldagger.spi.internal.shaded.kotlin.metadata.internal.metadata.ProtoBuf$Effect$EffectType;: loaded 2 times (x 69B)
Class dagger.internal.codegen.binding.ComponentCreatorDescriptor                      : loaded 2 times (x 79B)
Class dagger.internal.codegen.base.SetType                                            : loaded 2 times (x 72B)
Class [Ldagger.internal.codegen.base.ModuleKind;                                      : loaded 2 times (x 69B)
Class dagger.internal.codegen.writing.AssistedFactoryRequestRepresentation$Factory    : loaded 2 times (x 70B)
Class dagger.internal.codegen.base.DaggerSuperficialValidation$ValidationException    : loaded 2 times (x 84B)
Class dagger.internal.codegen.compileroption.ProcessingEnvironmentCompilerOptions$Feature: loaded 2 times (x 90B)
Class dagger.hilt.processor.internal.aggregateddeps.PkgPrivateMetadata                : loaded 2 times (x 75B)
Class com.google.common.graph.MapIteratorCache                                        : loaded 2 times (x 75B)
Class com.google.common.graph.MutableGraph                                            : loaded 2 times (x 70B)
Class dagger.internal.codegen.writing.SetRequestRepresentation$Factory                : loaded 2 times (x 70B)
Class com.squareup.kotlinpoet.CodeBlock$Companion                                     : loaded 2 times (x 71B)
Class dagger.spi.internal.shaded.kotlin.metadata.internal.FlagDelegatesImplKt$constructorBooleanFlag$1: loaded 2 times (x 137B)
Class dagger.spi.internal.shaded.androidx.room.compiler.processing.javac.kotlin.KmClassContainer$constructorList$2: loaded 2 times (x 79B)
Class dagger.spi.internal.shaded.kotlin.metadata.KmDeclarationContainer               : loaded 2 times (x 70B)
Class dagger.spi.internal.shaded.kotlin.metadata.internal.protobuf.RopeByteString$RopeInputStream: loaded 2 times (x 92B)
Class dagger.spi.internal.shaded.kotlin.metadata.internal.metadata.ProtoBuf$TypeParameter$1: loaded 2 times (x 144B)
Class dagger.spi.internal.shaded.androidx.room.compiler.processing.javac.JavacAnnotationValue$value$2: loaded 2 times (x 79B)
Class dagger.spi.internal.shaded.androidx.room.compiler.codegen.XClassName$Companion  : loaded 2 times (x 71B)
Class dagger.spi.internal.shaded.androidx.room.compiler.codegen.kotlin.KotlinParameterSpec: loaded 2 times (x 76B)
Class dagger.spi.internal.shaded.androidx.room.compiler.processing.javac.JavacElement$docComment$2: loaded 2 times (x 79B)
Class org.jetbrains.org.objectweb.asm.RecordComponentWriter                           : loaded 2 times (x 78B)
Class com.amazon.ion.system.IonTextWriterBuilder                                      : loaded 2 times (x 98B)
Class com.amazon.ion.impl.bin.IonManagedBinaryWriter$ImportedSymbolResolverMode$1$1$1 : loaded 2 times (x 76B)
Class com.amazon.ion.impl._Private_LocalSymbolTableFactory                            : loaded 2 times (x 70B)
Class org.jetbrains.plugins.gradle.tooling.serialization.AnnotationProcessingModelSerializationService: loaded 2 times (x 77B)
Class com.google.common.reflect.Types$JavaVersion$4                                   : loaded 2 times (x 83B)
Class com.google.common.io.ByteSource$AsCharSource                                    : loaded 2 times (x 86B)
Class com.google.common.collect.MapMakerInternalMap$InternalEntryHelper               : loaded 2 times (x 70B)
Class dagger.spi.internal.shaded.androidx.room.compiler.codegen.java.JavaPropertySpec : loaded 2 times (x 76B)
Class com.android.ide.common.repository.AgpVersion$PreviewKind                        : loaded 2 times (x 79B)
Class org.objectweb.asm.Frame                                                         : loaded 2 times (x 73B)
Class org.objectweb.asm.MethodVisitor                                                 : loaded 2 times (x 105B)
Class com.intellij.gradle.toolingExtension.impl.initScript.util.GradleLifecycleUtil   : loaded 2 times (x 71B)
Class com.sun.istack.SAXParseException2                                               : loaded 2 times (x 88B)
Class com.sun.xml.bind.v2.runtime.output.NamespaceContextImpl                         : loaded 2 times (x 81B)
Class com.sun.xml.bind.marshaller.CharacterEscapeHandler                              : loaded 2 times (x 70B)
Class com.sun.xml.bind.v2.runtime.unmarshaller.DomLoader                              : loaded 2 times (x 78B)
Class android.databinding.tool.util.RelativizableFile                                 : loaded 2 times (x 72B)
Class com.sun.xml.bind.v2.runtime.ValueListBeanInfoImpl                               : loaded 2 times (x 89B)
Class com.google.gson.internal.bind.JsonAdapterAnnotationTypeAdapterFactory           : loaded 2 times (x 75B)
Class android.databinding.tool.LibTypes$viewDataBinding$2                             : loaded 2 times (x 79B)
Class build_2vgxwk05xzolhywd7eyqqr1s0$_run_closure1$_closure6                         : loaded 2 times (x 139B)
Class build_2vgxwk05xzolhywd7eyqqr1s0$_run_closure1$_closure11                        : loaded 2 times (x 139B)
Class com.google.common.base.Joiner$3                                                 : loaded 2 times (x 199B)
Class dagger.internal.codegen.writing.MembersInjectionRequestRepresentation           : loaded 2 times (x 74B)
Class dagger.internal.codegen.writing.ComponentCreatorImplementationFactory$RequirementStatus: loaded 2 times (x 79B)
Class dagger.internal.codegen.writing.ProducerFromProviderCreationExpression$Factory  : loaded 2 times (x 70B)
Class dagger.spi.model.BindingGraph$DependencyEdge                                    : loaded 2 times (x 70B)
Class com.google.gson.JsonObject                                                      : loaded 2 times (x 93B)
Class dagger.spi.internal.shaded.kotlin.metadata.internal.metadata.ProtoBuf$VersionRequirement: loaded 2 times (x 116B)
Class dagger.internal.codegen.binding.AssistedFactoryBinding                          : loaded 2 times (x 91B)
Class dagger.internal.codegen.binding.ComponentDescriptor$ComponentMethodDescriptor   : loaded 2 times (x 74B)
Class dagger.spi.internal.shaded.androidx.room.compiler.processing.javac.JavacPackageElement: loaded 2 times (x 191B)
Class dagger.internal.codegen.model.AutoValue_DaggerElement                           : loaded 2 times (x 74B)
Class dagger.internal.codegen.kotlin.$AutoValue_KotlinMetadata                        : loaded 2 times (x 80B)
Class dagger.spi.internal.shaded.androidx.room.compiler.processing.javac.kotlin.KmPropertyContainer: loaded 2 times (x 79B)
Class dagger.spi.internal.shaded.androidx.room.compiler.processing.util.NamingUtilsKt : loaded 2 times (x 71B)
Class dagger.internal.codegen.base.DaggerSuperficialValidation$ValidationException$KnownErrorType: loaded 2 times (x 84B)
Class androidx.hilt.ClassNames                                                        : loaded 2 times (x 71B)
Class dagger.spi.internal.shaded.kotlin.metadata.jvm.JvmFieldSignature                : loaded 2 times (x 74B)
Class dagger.spi.internal.shaded.kotlin.metadata.internal.metadata.deserialization.NameResolver: loaded 2 times (x 70B)
Class dagger.spi.internal.shaded.kotlin.metadata.internal.metadata.ProtoBuf$Type$1    : loaded 2 times (x 144B)
Class com.sun.xml.bind.v2.runtime.reflect.Accessor$1                                  : loaded 2 times (x 85B)
Class com.sun.xml.bind.v2.runtime.property.SingleReferenceNodeProperty                : loaded 2 times (x 102B)
Class dagger.spi.internal.shaded.androidx.room.compiler.processing.XEquality$Companion: loaded 2 times (x 71B)
Class androidx.room.compiler.processing.javac.JavacBasicAnnotationProcessor$xEnv$2    : loaded 2 times (x 79B)
Class org.jetbrains.org.objectweb.asm.MethodWriter                                    : loaded 2 times (x 105B)
Class org.jetbrains.kotlin.idea.gradleTooling.model.kapt.KaptSourceSetModel           : loaded 2 times (x 70B)
Class com.amazon.ion.impl.lite.IonNullLite                                            : loaded 2 times (x 175B)
Class [Lcom.intellij.openapi.externalSystem.model.project.dependencies.ResolutionState;: loaded 2 times (x 69B)
Class org.gradle.internal.impldep.gnu.trove.TObjectHash                               : loaded 2 times (x 94B)
Class org.jetbrains.plugins.gradle.model.DependencyAccessorsModel                     : loaded 2 times (x 70B)
Class com.google.common.reflect.Types$JavaVersion$5                                   : loaded 2 times (x 71B)
Class [Lcom.google.common.reflect.Types$ClassOwnership;                               : loaded 2 times (x 69B)
Class com.sun.xml.bind.v2.runtime.unmarshaller.StructureLoader$1                      : loaded 2 times (x 71B)
Class [Lcom.android.tools.build.jetifier.core.utils.LogLevel;                         : loaded 2 times (x 69B)
Class com.android.tools.build.jetifier.core.utils.LogLevel                            : loaded 2 times (x 79B)
Class com.sun.xml.bind.v2.runtime.NamespaceContext2                                   : loaded 2 times (x 70B)
Class com.sun.xml.bind.v2.runtime.reflect.TransducedAccessor$CompositeTransducedAccessorImpl: loaded 2 times (x 79B)
Class com.sun.xml.bind.v2.runtime.unmarshaller.XsiNilLoader$Single                    : loaded 2 times (x 80B)
Class android.databinding.tool.store.ResourceBundle$BindingTargetBundle               : loaded 2 times (x 95B)
Class javax.xml.bind.annotation.XmlSchemaType                                         : loaded 2 times (x 70B)
Class com.sun.xml.bind.v2.model.impl.RuntimeBuiltinLeafInfoImpl                       : loaded 2 times (x 133B)
Class com.sun.xml.bind.v2.model.impl.BuiltinLeafInfoImpl                              : loaded 2 times (x 105B)
Class com.sun.xml.bind.v2.runtime.output.XmlOutputAbstractImpl                        : loaded 2 times (x 96B)
Class com.google.gson.internal.$Gson$Types$ParameterizedTypeImpl                      : loaded 2 times (x 81B)
Class com.google.gson.internal.bind.NumberTypeAdapter                                 : loaded 2 times (x 74B)
Class android.databinding.tool.LibTypes$observable$2                                  : loaded 2 times (x 79B)
Class com.android.tools.build.jetifier.core.PackageMap                                : loaded 2 times (x 72B)
Class org.gradle.internal.classloader.ClassLoaderHierarchy                            : loaded 2 times (x 70B)
Class [Lcom.google.common.base.AbstractIterator$State;                                : loaded 2 times (x 69B)
Class dagger.internal.codegen.binding.AutoValue_AssistedInjectionAnnotations_AssistedParameter: loaded 2 times (x 74B)
Class [Ldagger.spi.internal.shaded.androidx.room.compiler.codegen.CodeLanguage;       : loaded 2 times (x 69B)
Class [Ldagger.spi.internal.shaded.androidx.room.compiler.codegen.XPropertySpec$Builder;: loaded 2 times (x 69B)
Class com.squareup.kotlinpoet.ParameterSpec$Builder                                   : loaded 2 times (x 92B)
Class dagger.internal.codegen.bindinggraphvalidation.AutoValue_DuplicateBindingsValidator_BindingWithoutComponent: loaded 2 times (x 76B)
Class com.google.common.io.FileWriteMode                                              : loaded 2 times (x 79B)
Class [Lcom.google.common.collect.MapMakerInternalMap$Segment;                        : loaded 2 times (x 69B)
Class dagger.internal.codegen.binding.LegacyBindingGraphConverter$Converter           : loaded 2 times (x 72B)
Class com.google.common.cache.LocalCache$ValueIterator                                : loaded 2 times (x 86B)
Class dagger.hilt.android.processor.internal.viewmodel.ViewModelValidationPluginKt$WhenMappings: loaded 2 times (x 71B)
Class dagger.internal.codegen.processingstep.ProcessingStepsModule                    : loaded 2 times (x 70B)
Class dagger.internal.codegen.validation.ValidationBindingGraphPlugins                : loaded 2 times (x 72B)
Class dagger.internal.codegen.DelegateComponentProcessor_SourceFileGeneratorsModule_MembersInjectorGeneratorFactory: loaded 2 times (x 82B)
Class dagger.internal.codegen.base.DaggerSuperficialValidation                        : loaded 2 times (x 72B)
Class dagger.internal.codegen.binding.LegacyBindingGraphConverter_Factory$InstanceHolder: loaded 2 times (x 71B)
Class dagger.internal.codegen.binding.BindingFactory_Factory                          : loaded 2 times (x 82B)
Class com.bumptech.glide.repackaged.com.google.common.collect.SingletonImmutableSet   : loaded 2 times (x 143B)
Class [Lcom.google.common.graph.GraphConstants$Presence;                              : loaded 2 times (x 69B)
Class com.intellij.gradle.toolingExtension.impl.model.sourceSetModel.GradleSourceSetSerialisationService$Companion: loaded 2 times (x 71B)
Class dagger.hilt.android.processor.internal.androidentrypoint.$AutoValue_AndroidEntryPointMetadata: loaded 2 times (x 92B)
Class com.amazon.ion.impl._Private_IonValue                                           : loaded 2 times (x 70B)
Class com.amazon.ion.impl.bin.IonManagedBinaryWriter$UserState$2                      : loaded 2 times (x 85B)
Class androidx.room.compiler.processing.XProcessingStep                               : loaded 2 times (x 70B)
Class com.amazon.ion.impl.lite.IonClobLite                                            : loaded 2 times (x 220B)
Class com.amazon.ion.impl._Private_ValueFactory                                       : loaded 2 times (x 70B)
Class com.amazon.ion.impl.bin.IonRawBinaryWriter$PreallocationMode$1                  : loaded 2 times (x 82B)
Class [Lcom.amazon.ion.impl.bin._Private_IonManagedBinaryWriterBuilder$AllocatorMode; : loaded 2 times (x 69B)
Class org.jetbrains.kotlin.idea.gradleTooling.KotlinMPPGradleModel                    : loaded 2 times (x 70B)
Class com.intellij.gradle.toolingExtension.impl.model.dependencyDownloadPolicyModel.GradleDependencyDownloadPolicy: loaded 2 times (x 70B)
Class com.android.builder.model.v2.dsl.ClassField                                     : loaded 2 times (x 70B)
Class com.google.common.collect.CollectCollectors                                     : loaded 2 times (x 71B)
Class org.objectweb.asm.ModuleWriter                                                  : loaded 2 times (x 82B)
Class org.gradle.tooling.model.BuildIdentifier                                        : loaded 2 times (x 70B)
Class com.sun.xml.bind.v2.runtime.NameList                                            : loaded 2 times (x 72B)
Class com.sun.xml.bind.v2.runtime.reflect.TransducedAccessor                          : loaded 2 times (x 78B)
Class com.sun.xml.bind.v2.model.impl.RuntimeClassInfoImpl$RuntimePropertySeed         : loaded 2 times (x 84B)
Class javax.xml.bind.annotation.XmlAttachmentRef                                      : loaded 2 times (x 70B)
Class com.google.gson.ToNumberPolicy$1                                                : loaded 2 times (x 83B)
Class [Lcom.google.gson.FieldNamingStrategy;                                          : loaded 2 times (x 69B)
Class com.google.gson.internal.Excluder                                               : loaded 2 times (x 75B)
Class androidx.databinding.BindingAdapter                                             : loaded 2 times (x 70B)
Class dagger.spi.internal.shaded.androidx.room.compiler.codegen.XFileSpec$Builder     : loaded 2 times (x 70B)
Class dagger.internal.codegen.writing.FrameworkInstanceKind$1                         : loaded 2 times (x 71B)
Class org.jetbrains.org.objectweb.asm.TypeReference                                   : loaded 2 times (x 80B)
Class com.squareup.kotlinpoet.ParameterSpec$Companion                                 : loaded 2 times (x 71B)
Class dagger.internal.codegen.writing.ComponentMethodRequestRepresentation$Factory    : loaded 2 times (x 70B)
Class dagger.spi.internal.shaded.androidx.room.compiler.processing.javac.JavacTypeElement$allFieldsIncludingPrivateSupers$1: loaded 2 times (x 79B)
Class [Ldagger.spi.internal.shaded.kotlin.metadata.internal.metadata.ProtoBuf$VersionRequirement$VersionKind;: loaded 2 times (x 69B)
Class dagger.internal.codegen.binding.BindingNode                                     : loaded 2 times (x 109B)
Class dagger.internal.codegen.binding.ComponentRequirement$NullPolicy                 : loaded 2 times (x 79B)
Class dagger.internal.codegen.xprocessing.XTypeElements                               : loaded 2 times (x 71B)
Class dagger.spi.internal.shaded.androidx.room.compiler.processing.javac.JavacFieldElement$enclosingElement$2: loaded 2 times (x 79B)
Class dagger.internal.codegen.validation.ComponentCreatorValidator                    : loaded 2 times (x 75B)
Class dagger.internal.codegen.binding.OptionalBindingDeclaration                      : loaded 2 times (x 74B)
Class dagger.internal.codegen.binding.$AutoValue_MultibindingDeclaration              : loaded 2 times (x 79B)
Class dagger.internal.codegen.binding.BindsTypeChecker                                : loaded 2 times (x 72B)
Class dagger.internal.codegen.validation.BindingElementValidator                      : loaded 2 times (x 78B)
Class com.bumptech.glide.annotation.compiler.RequestOptionsOverrideGenerator          : loaded 2 times (x 72B)
Class dagger.spi.internal.shaded.androidx.room.compiler.processing.javac.JavacConstructorElement$typeParameters$2: loaded 2 times (x 79B)
Class dagger.spi.internal.shaded.androidx.room.compiler.processing.javac.kotlin.KmClassContainer$Companion: loaded 2 times (x 71B)
Class dagger.spi.internal.shaded.kotlin.metadata.internal.metadata.ProtoBuf$Modality  : loaded 2 times (x 82B)
Class dagger.spi.internal.shaded.kotlin.metadata.KmConstructor                        : loaded 2 times (x 72B)
Class dagger.spi.internal.shaded.kotlin.metadata.internal.metadata.ProtoBuf$TypeParameterOrBuilder: loaded 2 times (x 70B)
Class dagger.spi.internal.shaded.kotlin.metadata.internal.protobuf.SmallSortedMap$EmptySet$1: loaded 2 times (x 78B)
Class dagger.spi.internal.shaded.androidx.room.compiler.processing.javac.kotlin.KmData: loaded 2 times (x 70B)
Class dagger.spi.internal.shaded.kotlin.metadata.internal.metadata.ProtoBuf$TypeTableOrBuilder: loaded 2 times (x 70B)
Class dagger.spi.internal.shaded.kotlin.metadata.internal.metadata.ProtoBuf$Class$Kind: loaded 2 times (x 82B)
Class [Lkotlin.jvm.functions.Function1;                                               : loaded 2 times (x 69B)
Class org.jetbrains.org.objectweb.asm.RecordComponentVisitor                          : loaded 2 times (x 77B)
Class com.amazon.ion.IonInt                                                           : loaded 2 times (x 70B)
Class com.amazon.ion.impl.bin.IonRawBinaryWriter$PreallocationMode$2                  : loaded 2 times (x 82B)
Class org.jetbrains.kotlin.idea.gradleTooling.PrepareKotlinIdeImportTaskModel         : loaded 2 times (x 70B)
Class com.google.common.collect.CollectSpliterators$1                                 : loaded 2 times (x 90B)
Class com.android.builder.model.v2.ide.VectorDrawablesOptions                         : loaded 2 times (x 70B)
Class org.apache.http.auth.Credentials                                                : loaded 2 times (x 70B)
Class dagger.spi.internal.shaded.kotlin.metadata.Attributes$isNullCheckPredicate$2    : loaded 2 times (x 137B)
Class dagger.spi.internal.shaded.androidx.room.compiler.processing.javac.JavacMethodElement$parameters$2$1$1: loaded 2 times (x 79B)
Class com.android.tools.build.jetifier.core.type.TypesMap$JsonData                    : loaded 2 times (x 72B)
Class com.sun.xml.bind.v2.runtime.unmarshaller.LocatorExWrapper                       : loaded 2 times (x 86B)
Class com.sun.xml.bind.InternalAccessorFactory                                        : loaded 2 times (x 70B)
Class com.sun.xml.bind.v2.model.impl.SingleTypePropertyInfoImpl                       : loaded 2 times (x 113B)
Class com.sun.xml.bind.v2.model.core.LeafInfo                                         : loaded 2 times (x 70B)
Class dagger.internal.codegen.bindinggraphvalidation.NullableBindingValidator_Factory : loaded 2 times (x 82B)
Class com.google.gson.internal.reflect.ReflectionHelper$RecordHelper                  : loaded 2 times (x 75B)
Class com.google.gson.internal.ReflectionAccessFilterHelper                           : loaded 2 times (x 71B)
Class com.google.gson.ToNumberPolicy$2                                                : loaded 2 times (x 83B)
Class dagger.internal.codegen.writing.DirectInstanceBindingRepresentation$1           : loaded 2 times (x 71B)
Class dagger.internal.codegen.writing.ProducerEntryPointView                          : loaded 2 times (x 72B)
Class com.squareup.kotlinpoet.AnnotationSpec$Builder$Companion                        : loaded 2 times (x 71B)
Class [Lcom.squareup.kotlinpoet.TypeSpec$Kind;                                        : loaded 2 times (x 69B)
Class dagger.spi.internal.shaded.androidx.room.compiler.codegen.XName$Companion       : loaded 2 times (x 71B)
Class dagger.internal.codegen.compileroption.ProcessingEnvironmentCompilerOptions$EnumOption: loaded 2 times (x 70B)
Class dagger.internal.codegen.compileroption.ProcessingEnvironmentCompilerOptions$Validation$1: loaded 2 times (x 93B)
Class com.squareup.kotlinpoet.ParameterSpecKt                                         : loaded 2 times (x 71B)
Class dagger.spi.internal.shaded.androidx.room.compiler.codegen.XParameterSpec$Builder: loaded 2 times (x 70B)
Class dagger.internal.codegen.validation.BindingMethodValidator$ExceptionSuperclass   : loaded 2 times (x 81B)
Class dagger.internal.codegen.binding.$AutoValue_MultiboundSetBinding$Builder         : loaded 2 times (x 97B)
Class dagger.internal.codegen.model.DaggerExecutableElement                           : loaded 2 times (x 73B)
Class dagger.spi.internal.shaded.com.google.auto.common.AnnotationOutput$SourceFormVisitor: loaded 2 times (x 117B)
Class dagger.internal.codegen.validation.BindsInstanceParameterValidator$Validator    : loaded 2 times (x 77B)
Class dagger.internal.codegen.langmodel.Accessibility                                 : loaded 2 times (x 71B)
Class dagger.internal.codegen.validation.SpiModelBindingGraphConverter$DiagnosticReporterImpl: loaded 2 times (x 76B)
Class dagger.spi.internal.shaded.kotlin.metadata.jvm.JvmExtensionsKt                  : loaded 2 times (x 71B)
Class [Ldagger.spi.internal.shaded.kotlin.metadata.internal.metadata.ProtoBuf$MemberKind;: loaded 2 times (x 69B)
Class dagger.spi.internal.shaded.kotlin.metadata.internal.protobuf.RopeByteString     : loaded 2 times (x 110B)
Class dagger.spi.internal.shaded.kotlin.metadata.internal.metadata.ProtoBuf$PackageOrBuilder: loaded 2 times (x 70B)
Class dagger.spi.internal.shaded.kotlin.metadata.internal.metadata.jvm.JvmProtoBuf$JvmMethodSignature: loaded 2 times (x 108B)
Class dagger.spi.internal.shaded.kotlin.metadata.internal.protobuf.SmallSortedMap$EmptySet$2: loaded 2 times (x 78B)
Class dagger.spi.internal.shaded.androidx.room.compiler.processing.javac.JavacExecutableElement$thrownTypes$2: loaded 2 times (x 79B)
Class kotlin.reflect.jvm.internal.impl.builtins.functions.FunctionClassKind           : loaded 2 times (x 80B)
Class dagger.internal.codegen.binding.$AutoValue_OptionalBindingDeclaration           : loaded 2 times (x 75B)
Class [Ldagger.spi.internal.shaded.androidx.room.compiler.processing.XNullability;    : loaded 2 times (x 69B)
Class org.jetbrains.org.objectweb.asm.MethodTooLargeException                         : loaded 2 times (x 83B)
Class org.jetbrains.org.objectweb.asm.Context                                         : loaded 2 times (x 72B)
Class com.android.ide.gradle.model.GradlePluginModel                                  : loaded 2 times (x 70B)
Class com.amazon.ion.impl.bin.IonRawBinaryWriter$PreallocationMode$3                  : loaded 2 times (x 82B)
Class com.google.common.io.ByteStreams$1                                              : loaded 2 times (x 85B)
Class com.android.builder.model.v2.ide.Edge                                           : loaded 2 times (x 70B)
Class org.gradle.tooling.model.build.JavaEnvironment                                  : loaded 2 times (x 70B)
Class dagger.internal.codegen.bindinggraphvalidation.DuplicateBindingsValidator       : loaded 2 times (x 85B)
Class com.sun.xml.bind.IDResolver                                                     : loaded 2 times (x 75B)
Class com.sun.xml.bind.v2.runtime.output.NamespaceContextImpl$Element                 : loaded 2 times (x 72B)
Class com.sun.xml.bind.v2.model.impl.Util                                             : loaded 2 times (x 71B)
Class [Lcom.sun.xml.bind.v2.model.core.PropertyKind;                                  : loaded 2 times (x 69B)
Class [Lcom.sun.xml.bind.v2.runtime.Location;                                         : loaded 2 times (x 69B)
Class com.sun.xml.bind.api.JAXBRIContext                                              : loaded 2 times (x 89B)
Class dagger.internal.codegen.processingstep.ComponentProcessingStep                  : loaded 2 times (x 86B)
Class com.google.gson.ToNumberPolicy$3                                                : loaded 2 times (x 83B)
Class dagger.spi.internal.shaded.kotlin.metadata.KmTypeProjection                     : loaded 2 times (x 72B)
Class dagger.internal.codegen.xprocessing.XAnnotationSpecs                            : loaded 2 times (x 71B)
Class dagger.spi.internal.shaded.kotlin.metadata.internal.metadata.deserialization.VersionRequirement$Companion$WhenMappings: loaded 2 times (x 71B)
Class [Lcom.squareup.kotlinpoet.KModifier;                                            : loaded 2 times (x 69B)
Class com.squareup.kotlinpoet.KModifier                                               : loaded 2 times (x 79B)
Class dagger.internal.codegen.writing.SwitchingProviderInstanceSupplier$Factory       : loaded 2 times (x 70B)
Class dagger.internal.codegen.validation.SpiModelBindingGraphConverter$DaggerAnnotationImpl: loaded 2 times (x 76B)
Class dagger.internal.codegen.binding.MultiboundSetBinding                            : loaded 2 times (x 90B)
Class dagger.internal.codegen.binding.SubcomponentDeclaration                         : loaded 2 times (x 76B)
Class com.squareup.kotlinpoet.CodeBlock$Builder                                       : loaded 2 times (x 72B)
Class dagger.internal.codegen.validation.ComponentValidator$ElementValidator$ComponentMethodValidator: loaded 2 times (x 73B)
Class dagger.internal.codegen.xprocessing.Nullability                                 : loaded 2 times (x 75B)
Class dagger.internal.codegen.kotlin.KotlinMetadataFactory_Factory                    : loaded 2 times (x 81B)
Class dagger.internal.InstanceFactory                                                 : loaded 2 times (x 85B)
Class androidx.room.compiler.processing.javac.JavacProcessingEnv$Companion            : loaded 2 times (x 71B)
Class androidx.room.compiler.processing.XProcessingEnv                                : loaded 2 times (x 70B)
Class dagger.spi.internal.shaded.kotlin.metadata.internal.FlagDelegatesImplKt         : loaded 2 times (x 71B)
Class dagger.spi.internal.shaded.kotlin.metadata.KmFunction                           : loaded 2 times (x 72B)
Class dagger.spi.internal.shaded.kotlin.metadata.jvm.internal.JvmConstructorExtension$Companion: loaded 2 times (x 71B)
Class dagger.spi.internal.shaded.kotlin.metadata.internal.metadata.deserialization.VersionRequirementTable: loaded 2 times (x 72B)
Class dagger.spi.internal.shaded.androidx.room.compiler.codegen.impl.XParameterSpecImpl$Builder: loaded 2 times (x 78B)
Class com.squareup.kotlinpoet.OriginatingElementsHolder$Builder                       : loaded 2 times (x 70B)
Class dagger.hilt.processor.internal.ClassNames                                       : loaded 2 times (x 71B)
Class dagger.spi.internal.shaded.androidx.room.compiler.processing.XProcessingEnv$Backend: loaded 2 times (x 79B)
Class com.bumptech.glide.annotation.compiler.GlideAnnotationProcessor                 : loaded 2 times (x 87B)
Class org.jetbrains.org.objectweb.asm.CurrentFrame                                    : loaded 2 times (x 73B)
Class org.jetbrains.plugins.gradle.model.GradleExtension                              : loaded 2 times (x 70B)
Class com.amazon.ion.impl.lite.IonDecimalLite                                         : loaded 2 times (x 188B)
Class com.amazon.ion.IonBufferConfiguration$Builder                                   : loaded 2 times (x 78B)
Class com.android.builder.model.v2.ide.SourceSetContainer                             : loaded 2 times (x 70B)
Class org.gradle.internal.time.Timer                                                  : loaded 2 times (x 70B)
Class org.gradle.internal.installation.CurrentGradleInstallationLocator               : loaded 2 times (x 71B)
Class com.android.tools.build.jetifier.core.proguard.ProGuardTypesMap                 : loaded 2 times (x 72B)
Class com.sun.xml.bind.v2.util.XmlFactory$1                                           : loaded 2 times (x 76B)
Class android.databinding.internal.org.antlr.v4.runtime.tree.ParseTree                : loaded 2 times (x 70B)
Class [Ldagger.spi.internal.shaded.androidx.room.compiler.codegen.XFunSpec$Builder;   : loaded 2 times (x 69B)
Class org.apache.commons.io.file.SimplePathVisitor                                    : loaded 2 times (x 85B)
Class android.databinding.tool.store.GenClassInfoLog                                  : loaded 2 times (x 72B)
Class dagger.spi.internal.shaded.androidx.room.compiler.codegen.XCodeBlockKt          : loaded 2 times (x 71B)
Class dagger.internal.codegen.writing.FrameworkInstanceKind                           : loaded 2 times (x 79B)
Class com.squareup.kotlinpoet.FileSpec                                                : loaded 2 times (x 80B)
Class build_2vgxwk05xzolhywd7eyqqr1s0$_run_closure1$_closure5                         : loaded 2 times (x 139B)
Class com.google.gson.ToNumberPolicy$4                                                : loaded 2 times (x 83B)
Class dagger.spi.internal.shaded.androidx.room.compiler.codegen.kotlin.KotlinFileSpec : loaded 2 times (x 75B)
Class dagger.spi.internal.shaded.androidx.room.compiler.codegen.impl.XFileSpecImpl    : loaded 2 times (x 75B)
Class dagger.internal.codegen.writing.ProducerNodeInstanceRequestRepresentation       : loaded 2 times (x 76B)
Class android.databinding.tool.LibTypes$stateFlow$2                                   : loaded 2 times (x 78B)
Class dagger.internal.codegen.writing.SubcomponentCreatorRequestRepresentation_Factory_Impl: loaded 2 times (x 75B)
Class dagger.internal.codegen.writing.ImmediateFutureRequestRepresentation_Factory    : loaded 2 times (x 72B)
Class dagger.internal.codegen.writing.ComponentWrapperImplementation_Factory          : loaded 2 times (x 82B)
Class dagger.spi.model.DaggerExecutableElement                                        : loaded 2 times (x 74B)
Class android.databinding.tool.store.ResourceBundle$IncludedLayout                    : loaded 2 times (x 72B)
Class com.sun.xml.bind.v2.model.impl.ArrayInfoImpl                                    : loaded 2 times (x 98B)
Class [Ldagger.internal.codegen.binding.FrameworkType;                                : loaded 2 times (x 69B)
Class com.google.common.collect.FilteredEntrySetMultimap                              : loaded 2 times (x 203B)
Class dagger.spi.internal.shaded.androidx.room.compiler.processing.javac.DefaultJavacType$equalityItems$2: loaded 2 times (x 79B)
Class dagger.spi.internal.shaded.androidx.room.compiler.processing.XMethodType        : loaded 2 times (x 70B)
Class dagger.internal.codegen.model.AutoValue_DependencyRequest$Builder               : loaded 2 times (x 77B)
Class dagger.internal.codegen.validation.ComponentHierarchyValidator                  : loaded 2 times (x 72B)
Class dagger.internal.codegen.validation.BindsInstanceMethodValidator$Validator       : loaded 2 times (x 77B)
Class dagger.spi.internal.shaded.kotlin.metadata.internal.FlagDelegatesImplKt$functionBooleanFlag$1: loaded 2 times (x 137B)
Class dagger.spi.internal.shaded.kotlin.metadata.internal.metadata.deserialization.TypeTable: loaded 2 times (x 72B)
Class dagger.spi.internal.shaded.kotlin.metadata.internal.metadata.jvm.JvmProtoBuf$JvmPropertySignatureOrBuilder: loaded 2 times (x 70B)
Class dagger.spi.internal.shaded.kotlin.metadata.internal.metadata.ProtoBuf$TypeOrBuilder: loaded 2 times (x 70B)
Class dagger.spi.internal.shaded.androidx.room.compiler.processing.javac.JavacMethodElement: loaded 2 times (x 267B)
Class dagger.spi.internal.shaded.androidx.room.compiler.codegen.XTypeName$Companion   : loaded 2 times (x 71B)
Class dagger.spi.internal.shaded.com.google.auto.common.MoreElements$CastingElementVisitor: loaded 2 times (x 93B)
Class dagger.spi.internal.shaded.androidx.room.compiler.processing.javac.JavacTypeElement$qualifiedName$2: loaded 2 times (x 79B)
Class com.sun.xml.bind.v2.model.impl.ModelBuilder$1                                   : loaded 2 times (x 76B)
Class dagger.hilt.processor.internal.aggregateddeps.AggregatedDepsProcessingStep      : loaded 2 times (x 86B)
Class dagger.spi.internal.shaded.androidx.room.compiler.processing.XProcessingEnvConfig$Builder: loaded 2 times (x 72B)
Class [Lcom.amazon.ion.impl.bin.IonRawBinaryWriter$ContainerType;                     : loaded 2 times (x 69B)
Class com.google.common.io.ByteSource$SlicedByteSource                                : loaded 2 times (x 85B)
Class org.objectweb.asm.ClassReader                                                   : loaded 2 times (x 93B)
Class com.android.builder.model.v2.ide.LintOptions                                    : loaded 2 times (x 70B)
Class org.gradle.tooling.internal.adapter.ProtocolToModelAdapter$ViewGraphDetails     : loaded 2 times (x 72B)
Class org.gradle.tooling.model.idea.IdeaProject                                       : loaded 2 times (x 70B)
Class org.gradle.tooling.model.DomainObjectSet                                        : loaded 2 times (x 70B)
Class org.gradle.internal.service.DefaultServiceLocator                               : loaded 2 times (x 83B)
Class com.android.tools.build.jetifier.core.config.Config$Companion                   : loaded 2 times (x 71B)
Class com.sun.xml.bind.v2.runtime.property.Utils                                      : loaded 2 times (x 71B)
Class android.databinding.tool.processing.Scope                                       : loaded 2 times (x 71B)
Class [Lcom.sun.xml.bind.v2.model.core.ID;                                            : loaded 2 times (x 69B)
Class javax.xml.bind.annotation.XmlAttribute                                          : loaded 2 times (x 70B)
Class org.gradle.internal.classloader.FilteringClassLoader                            : loaded 2 times (x 105B)
Class kotlin.sequences.FlatteningSequence                                             : loaded 2 times (x 75B)
Class com.google.gson.internal.sql.SqlTypesSupport                                    : loaded 2 times (x 71B)
Class com.google.gson.Gson                                                            : loaded 2 times (x 72B)
Class dagger.spi.internal.shaded.androidx.room.compiler.codegen.impl.XFileSpecImpl$WhenMappings: loaded 2 times (x 71B)
Class com.squareup.kotlinpoet.ContextReceivableKt                                     : loaded 2 times (x 71B)
Class dagger.spi.internal.shaded.androidx.room.compiler.codegen.kotlin.KotlinPropertySpec: loaded 2 times (x 76B)
Class com.squareup.kotlinpoet.ParameterSpec                                           : loaded 2 times (x 83B)
Class dagger.internal.codegen.writing.AnonymousProviderCreationExpression_Factory     : loaded 2 times (x 72B)
Class kotlin.text.MatcherMatchResult                                                  : loaded 2 times (x 80B)
Class dagger.internal.codegen.binding.$AutoValue_BindingGraph_TopLevelBindingGraph    : loaded 2 times (x 101B)
Class dagger.spi.internal.shaded.kotlin.metadata.internal.metadata.deserialization.VersionRequirement$Version$Companion: loaded 2 times (x 71B)
Class [Ldagger.internal.codegen.binding.ComponentRequirement$NullPolicy;              : loaded 2 times (x 69B)
Class kotlin.text.MatchGroupCollection                                                : loaded 2 times (x 70B)
Class dagger.internal.codegen.binding.AutoValue_DelegateBinding                       : loaded 2 times (x 95B)
Class dagger.internal.codegen.xprocessing.XExecutableTypes                            : loaded 2 times (x 71B)
Class com.android.builder.model.v2.ide.ViewBindingOptions                             : loaded 2 times (x 70B)
Class dagger.internal.codegen.processingstep.ModuleProcessingStep                     : loaded 2 times (x 86B)
Class dagger.internal.codegen.bindinggraphvalidation.InjectBindingValidator           : loaded 2 times (x 85B)
Class dagger.internal.codegen.processingstep.AssistedProcessingStep                   : loaded 2 times (x 86B)
Class dagger.internal.codegen.componentgenerator.TopLevelImplementationComponent$Factory: loaded 2 times (x 70B)
Class com.google.common.graph.EndpointPair$Unordered                                  : loaded 2 times (x 83B)
Class dagger.spi.internal.shaded.androidx.room.compiler.processing.javac.JavacVariableElement: loaded 2 times (x 198B)
Class dagger.spi.internal.shaded.kotlin.metadata.internal.protobuf.GeneratedMessageLite$GeneratedExtension: loaded 2 times (x 79B)
Class dagger.spi.internal.shaded.kotlin.metadata.internal.metadata.jvm.deserialization.JvmProtoBufUtil: loaded 2 times (x 71B)
Class dagger.spi.internal.shaded.androidx.room.compiler.codegen.XTypeNameKt           : loaded 2 times (x 71B)
Class com.google.common.io.LineReader                                                 : loaded 2 times (x 72B)
Class org.jetbrains.org.objectweb.asm.SymbolTable                                     : loaded 2 times (x 72B)
Class com.amazon.ion.impl.bin.utf8.Utf8StringEncoder$Result                           : loaded 2 times (x 74B)
Class com.amazon.ion.impl.bin.utf8.Pool$Allocator                                     : loaded 2 times (x 70B)
Class com.amazon.ion.IonText                                                          : loaded 2 times (x 70B)
Class com.amazon.ion.impl.SymbolTokenImpl                                             : loaded 2 times (x 81B)
Class com.amazon.ion.SubstituteSymbolTableException                                   : loaded 2 times (x 84B)
Class com.google.common.cache.LocalCache$SoftValueReference                           : loaded 2 times (x 97B)
Class com.android.builder.model.v2.ide.BasicArtifact                                  : loaded 2 times (x 70B)
Class com.google.common.collect.ComparisonChain$InactiveComparisonChain               : loaded 2 times (x 80B)
Class org.gradle.util.GradleVersion                                                   : loaded 2 times (x 79B)
Class org.gradle.internal.installation.CurrentGradleInstallation                      : loaded 2 times (x 73B)
Class com.android.tools.build.jetifier.core.rule.RewriteRulesMap                      : loaded 2 times (x 72B)
Class org.jetbrains.plugins.gradle.tooling.serialization.internal.IdeaProjectSerializationService$ReadContext: loaded 2 times (x 72B)
Class com.sun.xml.bind.v2.model.impl.TypeRefImpl                                      : loaded 2 times (x 87B)
Class com.amazon.ion.impl.bin.IonManagedBinaryWriter$UserState$1                      : loaded 2 times (x 85B)
Class com.android.ide.gradle.model.dependencies.DeclaredDependencies                  : loaded 2 times (x 70B)
Class com.google.gson.internal.UnsafeAllocator                                        : loaded 2 times (x 72B)
Class [Lkotlin.collections.State;                                                     : loaded 2 times (x 69B)
Class com.google.gson.Gson$1                                                          : loaded 2 times (x 76B)
Class android.databinding.tool.LibTypes$lifecycleOwner$2                              : loaded 2 times (x 79B)
Class dagger.spi.internal.shaded.androidx.room.compiler.processing.javac.JavacRawType$typeName$2: loaded 2 times (x 79B)
Class dagger.internal.codegen.writing.ProvisionBindingRepresentation                  : loaded 2 times (x 75B)
Class dagger.hilt.processor.internal.uninstallmodules.UninstallModulesProcessor       : loaded 2 times (x 100B)
Class dagger.internal.codegen.binding.LegacyBindingGraphFactory$Resolver              : loaded 2 times (x 72B)
Class dagger.spi.internal.shaded.androidx.room.compiler.processing.javac.JavacMethodElement$name$2: loaded 2 times (x 79B)
Class dagger.spi.internal.shaded.kotlin.metadata.internal.protobuf.ExtensionRegistryLite$ObjectIntPair: loaded 2 times (x 72B)
Class dagger.internal.codegen.base.ComponentAnnotation                                : loaded 2 times (x 76B)
Class dagger.internal.codegen.componentgenerator.ComponentHjarGenerator               : loaded 2 times (x 77B)
Class com.google.common.graph.GraphConstants$Presence                                 : loaded 2 times (x 79B)
Class dagger.spi.internal.shaded.kotlin.metadata.KmTypeParameter                      : loaded 2 times (x 72B)
Class dagger.spi.internal.shaded.kotlin.metadata.Attributes$modality$10               : loaded 2 times (x 137B)
Class dagger.spi.internal.shaded.kotlin.metadata.internal.metadata.jvm.deserialization.JvmNameResolverBase$Companion: loaded 2 times (x 71B)
Class dagger.spi.internal.shaded.androidx.room.compiler.processing.InternalXAnnotationValue$Kind: loaded 2 times (x 79B)
Class org.jetbrains.org.objectweb.asm.ModuleWriter                                    : loaded 2 times (x 81B)
Class com.amazon.ion.impl.bin.IonManagedBinaryWriter$ImportDescriptor                 : loaded 2 times (x 76B)
Class com.amazon.ion.SymbolTable                                                      : loaded 2 times (x 70B)
Class org.jetbrains.plugins.gradle.tooling.serialization.GradleExtensionsSerializationService$WriteContext: loaded 2 times (x 72B)
Class com.intellij.gradle.toolingExtension.impl.model.taskModel.GradleTaskSerialisationService$Companion: loaded 2 times (x 71B)
Class org.jetbrains.plugins.gradle.javaModel.JavaGradleManifestModel                  : loaded 2 times (x 70B)
Class org.objectweb.asm.Opcodes                                                       : loaded 2 times (x 70B)
Class org.apache.http.HttpEntity                                                      : loaded 2 times (x 70B)
Class org.apache.http.HttpRequest                                                     : loaded 2 times (x 70B)
Class kotlin.jvm.internal.Ref$BooleanRef                                              : loaded 2 times (x 71B)
Class kotlin.jvm.internal.StringCompanionObject                                       : loaded 2 times (x 71B)
Class org.gradle.tooling.internal.adapter.ProtocolToModelAdapter$MethodInvocationCache$MethodInvocationKey: loaded 2 times (x 73B)
Class org.gradle.util.internal.GUtil                                                  : loaded 2 times (x 71B)
Class dagger.spi.internal.shaded.kotlin.metadata.internal.metadata.jvm.deserialization.JvmMemberSignature$Method: loaded 2 times (x 75B)
Class javax.xml.bind.UnmarshallerHandler                                              : loaded 2 times (x 70B)
Class com.sun.xml.bind.v2.runtime.XMLSerializer                                       : loaded 2 times (x 84B)
Class com.sun.xml.bind.v2.model.impl.ClassInfoImpl$DuplicateException                 : loaded 2 times (x 82B)
Class javax.xml.bind.annotation.XmlElementDecl                                        : loaded 2 times (x 70B)
Class [Ljavax.xml.bind.annotation.XmlAccessType;                                      : loaded 2 times (x 69B)
Class com.google.common.graph.GraphBuilder                                            : loaded 2 times (x 72B)
Class com.google.gson.internal.UnsafeAllocator$1                                      : loaded 2 times (x 73B)
Class com.bumptech.glide.repackaged.com.google.common.base.Predicate                  : loaded 2 times (x 70B)
Class com.google.gson.Gson$2                                                          : loaded 2 times (x 76B)
Class dagger.internal.codegen.writing.SimpleMethodRequestRepresentation$1             : loaded 2 times (x 71B)
Class dagger.spi.internal.shaded.androidx.room.compiler.codegen.XPropertySpec         : loaded 2 times (x 70B)
Class dagger.spi.internal.shaded.androidx.room.compiler.codegen.XParameterSpec        : loaded 2 times (x 70B)
Class dagger.internal.codegen.writing.ProviderInstanceSupplier_Factory_Impl           : loaded 2 times (x 75B)
Class dagger.internal.codegen.writing.OptionalFactoryInstanceCreationExpression_Factory_Impl: loaded 2 times (x 75B)
Class dagger.internal.codegen.writing.ComponentRequirementRequestRepresentation_Factory_Impl: loaded 2 times (x 73B)
Class dagger.internal.codegen.componentgenerator.CurrentImplementationSubcomponent    : loaded 2 times (x 70B)
Class dagger.internal.codegen.validation.ValidationBindingGraphPlugins_Factory        : loaded 2 times (x 82B)
Class dagger.spi.internal.shaded.kotlin.metadata.internal.metadata.ProtoBuf$VersionRequirement$Level: loaded 2 times (x 82B)
Class dagger.internal.codegen.binding.DependencyRequestFactory$1                      : loaded 2 times (x 71B)
Class dagger.internal.codegen.bindinggraphvalidation.SetMultibindingValidator         : loaded 2 times (x 85B)
Class dagger.internal.codegen.processingstep.MonitoringModuleGenerator                : loaded 2 times (x 77B)
Class dagger.internal.codegen.binding.ContributionBinding                             : loaded 2 times (x 89B)
Class androidx.room.compiler.processing.javac.JavacFiler                              : loaded 2 times (x 78B)
Class com.google.common.collect.CompactHashSet                                        : loaded 2 times (x 150B)
Class dagger.hilt.processor.internal.aggregateddeps.AutoValue_ComponentDependencies   : loaded 2 times (x 75B)
Class dagger.hilt.processor.internal.aggregateddeps.AggregatedDepsMetadata$DependencyType: loaded 2 times (x 79B)
Class [Lcom.google.common.graph.Graphs$NodeVisitState;                                : loaded 2 times (x 69B)
Class [Ldagger.spi.internal.shaded.kotlin.metadata.MemberKind;                        : loaded 2 times (x 69B)
Class dagger.spi.internal.shaded.kotlin.metadata.jvm.JvmMemberSignature               : loaded 2 times (x 73B)
Class dagger.spi.internal.shaded.kotlin.metadata.internal.metadata.jvm.JvmProtoBuf$StringTableTypes$RecordOrBuilder: loaded 2 times (x 70B)
Class dagger.spi.internal.shaded.androidx.room.compiler.processing.javac.JavacType    : loaded 2 times (x 185B)
Class dagger.spi.internal.shaded.androidx.room.compiler.processing.JavaPoetExtKt      : loaded 2 times (x 71B)
Class dagger.spi.internal.shaded.com.google.auto.common.MoreTypes                     : loaded 2 times (x 71B)
Class dagger.spi.internal.shaded.androidx.room.compiler.processing.javac.JavacFiler   : loaded 2 times (x 78B)
Class [Lorg.jetbrains.org.objectweb.asm.Label;                                        : loaded 2 times (x 69B)
Class [Lcom.amazon.ion.impl.bin.IonManagedBinaryWriter$SymbolState;                   : loaded 2 times (x 69B)
Class com.amazon.ion.impl._Private_IonWriterBase                                      : loaded 2 times (x 162B)
Class com.amazon.ion.system.IonSystemBuilder                                          : loaded 2 times (x 75B)
Class com.amazon.ion.IonCatalog                                                       : loaded 2 times (x 70B)
Class com.intellij.gradle.toolingExtension.impl.model.sourceSetModel.GradleSourceSetSerialisationService$SourceSetModelReadContext: loaded 2 times (x 72B)
Class com.intellij.gradle.toolingExtension.impl.model.utilTurnOffDefaultTasksModel.TurnOffDefaultTasks: loaded 2 times (x 70B)
Class com.google.common.io.ByteSource                                                 : loaded 2 times (x 84B)
Class com.google.common.util.concurrent.AbstractFuture$SetFuture                      : loaded 2 times (x 75B)
Class com.android.utils.StringHelper                                                  : loaded 2 times (x 71B)
Class dagger.internal.codegen.validation.InjectValidator                              : loaded 2 times (x 75B)
Class javax.xml.bind.annotation.DomHandler                                            : loaded 2 times (x 70B)
Class com.sun.xml.bind.v2.runtime.property.PropertyFactory                            : loaded 2 times (x 71B)
Class android.databinding.internal.org.antlr.v4.runtime.Token                         : loaded 2 times (x 70B)
Class javax.activation.DataSource                                                     : loaded 2 times (x 70B)
Class com.sun.xml.bind.v2.model.runtime.RuntimeBuiltinLeafInfo                        : loaded 2 times (x 70B)
Class dagger.internal.codegen.validation.InjectBindingRegistryImpl                    : loaded 2 times (x 81B)
Class android.databinding.tool.processing.scopes.ScopeProvider                        : loaded 2 times (x 70B)
Class com.google.gson.internal.UnsafeAllocator$2                                      : loaded 2 times (x 73B)
Class kotlin.collections.AbstractIterator$WhenMappings                                : loaded 2 times (x 71B)
Class com.google.gson.internal.bind.ReflectiveTypeAdapterFactory$BoundField           : loaded 2 times (x 75B)
Class com.google.gson.Gson$3                                                          : loaded 2 times (x 75B)
Class build_2vgxwk05xzolhywd7eyqqr1s0$_run_closure1$_closure6$_closure18              : loaded 2 times (x 139B)
Class dagger.spi.internal.shaded.androidx.room.compiler.codegen.java.JavaFileSpec     : loaded 2 times (x 75B)
Class dagger.spi.internal.shaded.androidx.room.compiler.codegen.XTypeSpec             : loaded 2 times (x 70B)
Class dagger.spi.internal.shaded.androidx.room.compiler.codegen.impl.XPropertySpecImpl$Builder: loaded 2 times (x 77B)
Class dagger.internal.codegen.writing.ComponentRequestRepresentations_Factory         : loaded 2 times (x 82B)
Class dagger.internal.codegen.writing.MapFactoryCreationExpression_Factory_Impl       : loaded 2 times (x 75B)
Class dagger.internal.codegen.writing.ProducerFactoryGenerator_Factory                : loaded 2 times (x 82B)
Class dagger.spi.internal.shaded.kotlin.metadata.KmVersionRequirementLevel            : loaded 2 times (x 79B)
Class dagger.internal.codegen.binding.ComponentDependencyProductionBinding            : loaded 2 times (x 90B)
Class dagger.internal.codegen.base.ModuleAnnotation                                   : loaded 2 times (x 76B)
Class dagger.spi.internal.shaded.androidx.room.compiler.processing.javac.TypeMirrorExtKt$extendsBound$1: loaded 2 times (x 101B)
Class dagger.internal.codegen.validation.ModuleValidator                              : loaded 2 times (x 72B)
Class dagger.internal.codegen.kotlin.KotlinMetadataFactory                            : loaded 2 times (x 75B)
Class dagger.hilt.processor.internal.aggregateddeps.AggregatedDepsMetadata            : loaded 2 times (x 78B)
Class com.google.common.graph.ElementOrder$Type                                       : loaded 2 times (x 79B)
Class dagger.spi.internal.shaded.kotlin.metadata.internal.protobuf.GeneratedMessageLite$Builder: loaded 2 times (x 128B)
Class dagger.internal.codegen.binding.AutoValue_ComponentDescriptor_ComponentMethodDescriptor: loaded 2 times (x 75B)
Class com.google.common.graph.AbstractDirectedNetworkConnections                      : loaded 2 times (x 98B)
Class com.intellij.gradle.toolingExtension.impl.model.sourceSetModel.GradleSourceSetSerialisationService$SourceSetModelWriteContext: loaded 2 times (x 72B)
Class sync_studio_tooling10_2uu6gx4putsr9ml9pdh4mbtej                                 : loaded 2 times (x 179B)
Class com.google.common.io.LineBuffer                                                 : loaded 2 times (x 75B)
Class com.google.common.reflect.Types$TypeVariableImpl                                : loaded 2 times (x 72B)
Class com.google.common.collect.MapMakerInternalMap$1                                 : loaded 2 times (x 83B)
Class org.objectweb.asm.Context                                                       : loaded 2 times (x 72B)
Class com.android.builder.model.v2.dsl.BuildType                                      : loaded 2 times (x 70B)
Class org.gradle.tooling.internal.adapter.WeakIdentityHashMap                         : loaded 2 times (x 76B)
Class org.gradle.tooling.GradleConnectionException                                    : loaded 2 times (x 83B)
Class org.gradle.tooling.internal.adapter.ProtocolToModelAdapter$1                    : loaded 2 times (x 75B)
Class org.gradle.tooling.internal.adapter.ProtocolToModelAdapter$ViewDecoration       : loaded 2 times (x 70B)
Class org.gradle.internal.installation.GradleInstallation                             : loaded 2 times (x 75B)
Class com.android.tools.build.jetifier.core.utils.StdOutLogConsumer                   : loaded 2 times (x 77B)
Class com.squareup.kotlinpoet.FunSpec$Companion                                       : loaded 2 times (x 71B)
Class com.google.common.collect.ForwardingMapEntry                                    : loaded 2 times (x 86B)
Class com.sun.xml.bind.v2.ClassFactory$1                                              : loaded 2 times (x 83B)
Class com.sun.xml.bind.v2.runtime.property.ArrayElementNodeProperty                   : loaded 2 times (x 105B)
Class com.sun.xml.bind.v2.model.annotation.XmlElementRefQuick                         : loaded 2 times (x 94B)
Class com.sun.xml.bind.v2.runtime.JaxBeanInfo                                         : loaded 2 times (x 89B)
Class dagger.spi.internal.shaded.androidx.room.compiler.codegen.XTypeSpec$Builder$Companion: loaded 2 times (x 71B)
Class com.google.gson.internal.UnsafeAllocator$3                                      : loaded 2 times (x 73B)
Class com.google.gson.Gson$4                                                          : loaded 2 times (x 76B)
Class com.google.gson.internal.ConstructorConstructor                                 : loaded 2 times (x 72B)
Class android.databinding.tool.LibTypes$mutableLiveData$2                             : loaded 2 times (x 79B)
Class build_2vgxwk05xzolhywd7eyqqr1s0$_run_closure1$_closure6$_closure19              : loaded 2 times (x 139B)
Class build_2vgxwk05xzolhywd7eyqqr1s0$_run_closure1$_closure4                         : loaded 2 times (x 139B)
Class dagger.spi.internal.shaded.androidx.room.compiler.codegen.impl.XPropertySpecImpl: loaded 2 times (x 76B)
Class android.databinding.tool.processing.ScopedException                             : loaded 2 times (x 86B)
Class dagger.internal.codegen.writing.DelegatingFrameworkInstanceCreationExpression_Factory_Impl: loaded 2 times (x 75B)
Class dagger.internal.codegen.writing.DirectInstanceBindingRepresentation_Factory_Impl: loaded 2 times (x 75B)
Class dagger.internal.codegen.binding.ComponentDependencyBinding                      : loaded 2 times (x 90B)
Class dagger.internal.codegen.writing.ComponentRequirementExpressions_Factory         : loaded 2 times (x 82B)
Class dagger.internal.codegen.writing.OptionalFactories_PerGeneratedFileCache_Factory : loaded 2 times (x 81B)
Class dagger.spi.model.Binding                                                        : loaded 2 times (x 70B)
Class com.google.common.collect.SortedMultisetBridge                                  : loaded 2 times (x 70B)
Class com.google.common.collect.Multiset$Entry                                        : loaded 2 times (x 70B)
Class dagger.internal.codegen.binding.AutoValue_MultiboundSetBinding                  : loaded 2 times (x 92B)
Class dagger.internal.codegen.binding.$AutoValue_ComponentCreatorDescriptor           : loaded 2 times (x 82B)
Class dagger.spi.internal.shaded.androidx.room.compiler.processing.javac.JavacExecutableType: loaded 2 times (x 81B)
Class com.google.gson.internal.bind.ObjectTypeAdapter$1                               : loaded 2 times (x 76B)
Class dagger.internal.codegen.compileroption.FeatureStatus                            : loaded 2 times (x 79B)
Class dagger.internal.codegen.DelegateComponentProcessor$Injector                     : loaded 2 times (x 70B)
Class com.bumptech.glide.annotation.compiler.GlideExtensionValidator                  : loaded 2 times (x 72B)
Class dagger.spi.internal.shaded.androidx.room.compiler.processing.javac.JavacAnnotationValueKt$UNWRAP_VISITOR$1$visitArray$1$1: loaded 2 times (x 79B)
Class dagger.hilt.processor.internal.kotlin.KotlinMetadataUtils$MetadataComponent     : loaded 2 times (x 70B)
Class dagger.spi.internal.shaded.kotlin.metadata.ClassKind                            : loaded 2 times (x 79B)
Class com.google.gson.Gson$FutureTypeAdapter                                          : loaded 2 times (x 76B)
Class dagger.spi.internal.shaded.kotlin.metadata.jvm.internal.JvmTypeExtension$Companion: loaded 2 times (x 71B)
Class dagger.spi.internal.shaded.kotlin.metadata.internal.metadata.ProtoBuf$VersionRequirementTable: loaded 2 times (x 107B)
Class dagger.spi.internal.shaded.kotlin.metadata.internal.protobuf.AbstractMessageLite$Builder$LimitedInputStream: loaded 2 times (x 92B)
Class dagger.spi.internal.shaded.kotlin.metadata.internal.protobuf.ExtensionRegistryLite: loaded 2 times (x 74B)
Class com.sun.xml.bind.api.RawAccessor                                                : loaded 2 times (x 73B)
Class dagger.spi.internal.shaded.com.google.auto.common.AnnotationMirrors$1           : loaded 2 times (x 84B)
Class com.squareup.kotlinpoet.ClassNames                                              : loaded 2 times (x 71B)
Class kotlin.collections.CollectionsKt__IteratorsJVMKt$iterator$1                     : loaded 2 times (x 79B)
Class com.amazon.ion.impl._Private_RecyclingQueue$Recycler                            : loaded 2 times (x 70B)
Class com.amazon.ion.impl.lite.ContainerlessContext                                   : loaded 2 times (x 80B)
Class org.jetbrains.plugins.gradle.tooling.serialization.GradleExtensionsSerializationService$ReadContext: loaded 2 times (x 72B)
Class com.google.common.collect.ElementTypesAreNonnullByDefault                       : loaded 2 times (x 70B)
Class org.gradle.tooling.internal.adapter.MethodInvoker                               : loaded 2 times (x 70B)
Class com.sun.xml.bind.v2.model.impl.ClassInfoImpl                                    : loaded 2 times (x 137B)
Class com.sun.xml.bind.v2.runtime.unmarshaller.LeafPropertyLoader                     : loaded 2 times (x 78B)
Class com.sun.xml.bind.v2.model.impl.RuntimeTypeRefImpl                               : loaded 2 times (x 96B)
Class com.sun.xml.bind.v2.model.core.ReferencePropertyInfo                            : loaded 2 times (x 70B)
Class com.sun.xml.bind.v2.model.annotation.XmlTypeQuick                               : loaded 2 times (x 95B)
Class com.google.gson.internal.UnsafeAllocator$4                                      : loaded 2 times (x 72B)
Class com.google.gson.ReflectionAccessFilter$FilterResult                             : loaded 2 times (x 79B)
Class com.sun.xml.bind.v2.model.impl.RuntimeBuiltinLeafInfoImpl$StringImpl            : loaded 2 times (x 134B)
Class com.google.gson.Gson$5                                                          : loaded 2 times (x 76B)
Class android.databinding.tool.LibTypes$observableMap$2                               : loaded 2 times (x 79B)
Class com.sun.xml.bind.v2.model.impl.PropertySeed                                     : loaded 2 times (x 70B)
Class build_2vgxwk05xzolhywd7eyqqr1s0$_run_closure1$_closure3                         : loaded 2 times (x 139B)
Class dagger.spi.internal.shaded.androidx.room.compiler.processing.javac.JavacRawType$xTypeName$2: loaded 2 times (x 79B)
Class dagger.internal.codegen.writing.OptionalFactoryInstanceCreationExpression$Factory: loaded 2 times (x 70B)
Class dagger.spi.internal.shaded.androidx.room.compiler.codegen.XSpec                 : loaded 2 times (x 71B)
Class dagger.spi.model.BindingGraph$ComponentNode                                     : loaded 2 times (x 70B)
Class dagger.internal.codegen.base.$AutoValue_ModuleAnnotation                        : loaded 2 times (x 76B)
Class dagger.internal.codegen.binding.$AutoValue_MembersInjectionBinding              : loaded 2 times (x 84B)
Class [Ldagger.internal.codegen.validation.BindingMethodValidator$ExceptionSuperclass;: loaded 2 times (x 69B)
Class dagger.internal.codegen.validation.BindsMethodValidator_Factory                 : loaded 2 times (x 82B)
Class com.google.common.graph.Traverser$Traversal                                     : loaded 2 times (x 73B)
Class dagger.spi.internal.shaded.kotlin.metadata.Attributes$modality$14               : loaded 2 times (x 137B)
Class dagger.spi.internal.shaded.androidx.room.compiler.processing.javac.kotlin.KmClassContainer$primaryConstructorSignature$2: loaded 2 times (x 79B)
Class [Ldagger.spi.internal.shaded.kotlin.metadata.internal.metadata.ProtoBuf$Visibility;: loaded 2 times (x 69B)
Class dagger.spi.internal.shaded.kotlin.metadata.internal.protobuf.GeneratedMessageLite$1: loaded 2 times (x 71B)
Class dagger.spi.internal.shaded.kotlin.metadata.internal.metadata.jvm.JvmProtoBuf$JvmPropertySignature: loaded 2 times (x 114B)
Class dagger.spi.internal.shaded.kotlin.metadata.internal.metadata.ProtoBuf$Property$1: loaded 2 times (x 144B)
Class kotlin.reflect.jvm.internal.impl.builtins.functions.FunctionClassKind$Companion : loaded 2 times (x 71B)
Class dagger.spi.internal.shaded.androidx.room.compiler.processing.javac.JavacTypeElement$superInterfaces$2: loaded 2 times (x 79B)
Class dagger.spi.internal.shaded.androidx.room.compiler.processing.javac.JavacTypeElement$packageName$2: loaded 2 times (x 79B)
Class dagger.hilt.processor.internal.root.ComponentTreeDepsProcessor                  : loaded 2 times (x 100B)
Class com.android.ide.gradle.model.LegacyAndroidGradlePluginProperties                : loaded 2 times (x 70B)
Class com.amazon.ion.UnexpectedEofException                                           : loaded 2 times (x 84B)
Class com.amazon.ion.IonSexp                                                          : loaded 2 times (x 70B)
Class com.amazon.ion.ReadOnlyValueException                                           : loaded 2 times (x 84B)
Class com.amazon.ion.impl._Private_LocalSymbolTable                                   : loaded 2 times (x 70B)
Class com.amazon.ion.BufferConfiguration$DataHandler                                  : loaded 2 times (x 70B)
Class com.amazon.ion.impl._Private_IonBinaryWriterBuilder                             : loaded 2 times (x 115B)
Class org.jetbrains.plugins.gradle.tooling.serialization.RepositoriesModelSerializationService$WriteContext: loaded 2 times (x 72B)
Class com.android.tools.build.jetifier.core.proguard.ProGuardType$Companion           : loaded 2 times (x 71B)
Class org.gradle.tooling.model.gradle.GradleScript                                    : loaded 2 times (x 70B)

---------------  S Y S T E M  ---------------

OS:
 Windows 11 , 64 bit Build 26100 (10.0.26100.5074)
OS uptime: 0 days 6:26 hours

CPU: total 8 (initial active 8) (4 cores per cpu, 2 threads per core) family 6 model 142 stepping 10 microcode 0xf6, cx8, cmov, fxsr, ht, mmx, 3dnowpref, sse, sse2, sse3, ssse3, sse4.1, sse4.2, popcnt, lzcnt, tsc, tscinvbit, avx, avx2, aes, erms, clmul, bmi1, bmi2, rtm, adx, fma, vzeroupper, clflush, clflushopt, rdtscp, f16c
Processor Information for processor 0
  Max Mhz: 1896, Current Mhz: 1696, Mhz Limit: 1687
Processor Information for processor 1
  Max Mhz: 1896, Current Mhz: 1496, Mhz Limit: 1687
Processor Information for processor 2
  Max Mhz: 1896, Current Mhz: 1696, Mhz Limit: 1687
Processor Information for processor 3
  Max Mhz: 1896, Current Mhz: 1496, Mhz Limit: 1687
Processor Information for processor 4
  Max Mhz: 1896, Current Mhz: 1496, Mhz Limit: 1687
Processor Information for processor 5
  Max Mhz: 1896, Current Mhz: 1496, Mhz Limit: 1687
Processor Information for processor 6
  Max Mhz: 1896, Current Mhz: 1496, Mhz Limit: 1687
Processor Information for processor 7
  Max Mhz: 1896, Current Mhz: 1496, Mhz Limit: 1687

Memory: 4k page, system-wide physical 8031M (300M free)
TotalPageFile size 20500M (AvailPageFile size 305M)
current process WorkingSet (physical memory assigned to process): 893M, peak: 1731M
current process commit charge ("private bytes"): 3696M, peak: 4290M

vm_info: OpenJDK 64-Bit Server VM (21.0.8+-14018985-b1038.68) for windows-amd64 JRE (21.0.8+-14018985-b1038.68), built on 2025-08-29T19:56:34Z by "builder" with MS VC++ 16.10 / 16.11 (VS2019)

END.
